eval_f1,eval_fn,eval_fp,eval_iou,eval_overall_accuracy,eval_precision,eval_recall,eval_tn,eval_tp,step,step_seconds,train_batch_oa,train_loss
,,,,,,,,,1,12.592880249023438,0.6644763946533203,0.6377975344657898
,,,,,,,,,2,0.11049699783325195,0.8369388580322266,0.5811505913734436
,,,,,,,,,3,0.08503079414367676,0.9191951751708984,0.4996209442615509
,,,,,,,,,4,0.08592343330383301,0.9688816070556641,0.40600821375846863
,,,,,,,,,5,0.08545565605163574,0.9600238800048828,0.37540847063064575
,,,,,,,,,6,0.08750534057617188,0.9789199829101562,0.321963369846344
,,,,,,,,,7,0.08507966995239258,0.9771690368652344,0.2809906303882599
,,,,,,,,,8,0.08514642715454102,0.9850692749023438,0.25411346554756165
,,,,,,,,,9,0.08801627159118652,0.9606666564941406,0.26896509528160095
,,,,,,,,,10,0.08513617515563965,0.9742774963378906,0.2499365508556366
,,,,,,,,,11,0.08814477920532227,0.9838142395019531,0.22812452912330627
,,,,,,,,,12,0.0852515697479248,0.9719638824462891,0.2243814766407013
,,,,,,,,,13,0.08676481246948242,0.9760532379150391,0.21808655560016632
,,,,,,,,,14,0.08522272109985352,0.9816837310791016,0.19511650502681732
,,,,,,,,,15,0.08516216278076172,0.9758243560791016,0.20073282718658447
,,,,,,,,,16,0.08495116233825684,0.9872303009033203,0.16751320660114288
,,,,,,,,,17,0.08506560325622559,0.9830150604248047,0.1780201941728592
,,,,,,,,,18,0.08586645126342773,0.9821987152099609,0.17065633833408356
,,,,,,,,,19,0.08536362648010254,0.9848670959472656,0.1575012058019638
,,,,,,,,,20,0.08674430847167969,0.9691448211669922,0.18391959369182587
,,,,,,,,,21,0.0899057388305664,0.9744396209716797,0.16973772644996643
,,,,,,,,,22,0.08503007888793945,0.9783000946044922,0.15428918600082397
,,,,,,,,,23,0.08521008491516113,0.9830417633056641,0.13718262314796448
,,,,,,,,,24,0.08513307571411133,0.9726181030273438,0.16610905528068542
,,,,,,,,,25,0.08591318130493164,0.9814987182617188,0.13797029852867126
,,,,,,,,,26,0.0851132869720459,0.9836997985839844,0.12497860193252563
,,,,,,,,,27,0.08675384521484375,0.9832553863525391,0.12729713320732117
,,,,,,,,,28,0.08544611930847168,0.9856948852539062,0.1168159767985344
,,,,,,,,,29,0.08509230613708496,0.9785823822021484,0.1252504289150238
,,,,,,,,,30,0.08518171310424805,0.9861831665039062,0.11363480985164642
,,,,,,,,,31,0.08977341651916504,0.9819221496582031,0.11532145738601685
,,,,,,,,,32,0.08659625053405762,0.9803123474121094,0.11587163060903549
,,,,,,,,,33,0.08525586128234863,0.9835968017578125,0.10854525119066238
,,,,,,,,,34,0.0863332748413086,0.9844131469726562,0.10354939848184586
,,,,,,,,,35,0.08517265319824219,0.9775218963623047,0.1092492938041687
,,,,,,,,,36,0.0855705738067627,0.9758968353271484,0.11259729415178299
,,,,,,,,,37,0.08502960205078125,0.9829387664794922,0.09645424783229828
,,,,,,,,,38,0.08500313758850098,0.9762763977050781,0.10862363874912262
,,,,,,,,,39,0.0878896713256836,0.9799461364746094,0.09954424947500229
,,,,,,,,,40,0.08516216278076172,0.9851150512695312,0.08813616633415222
,,,,,,,,,41,0.08788490295410156,0.9751377105712891,0.10540609061717987
,,,,,,,,,42,0.08530044555664062,0.9846096038818359,0.08637367933988571
,,,,,,,,,43,0.08518576622009277,0.9861507415771484,0.08675350993871689
,,,,,,,,,44,0.08514261245727539,0.98602294921875,0.0821685716509819
,,,,,,,,,45,0.08550834655761719,0.9927425384521484,0.07202017307281494
,,,,,,,,,46,0.09039545059204102,0.9868106842041016,0.09519780427217484
,,,,,,,,,47,0.08521032333374023,0.9824180603027344,0.08634691685438156
,,,,,,,,,48,0.0856013298034668,0.9759368896484375,0.09564349055290222
,,,,,,,,,49,0.08512544631958008,0.9812126159667969,0.08715004473924637
,,,,,,,,,50,0.08499288558959961,0.9814014434814453,0.08685094863176346
,,,,,,,,,51,0.0875401496887207,0.9830188751220703,0.08389453589916229
,,,,,,,,,52,0.08506417274475098,0.9763526916503906,0.09716713428497314
,,,,,,,,,53,0.08677935600280762,0.9789981842041016,0.08938930183649063
,,,,,,,,,54,0.08507418632507324,0.9839363098144531,0.08472955226898193
,,,,,,,,,55,0.08552145957946777,0.9717731475830078,0.11121947318315506
,,,,,,,,,56,0.08775639533996582,0.9824237823486328,0.0835585817694664
,,,,,,,,,57,0.08517956733703613,0.9862155914306641,0.07030422240495682
,,,,,,,,,58,0.08518552780151367,0.9836750030517578,0.08071528375148773
,,,,,,,,,59,0.08506512641906738,0.978179931640625,0.08782809972763062
,,,,,,,,,60,0.08687019348144531,0.9842166900634766,0.07549794763326645
,,,,,,,,,61,0.0904688835144043,0.9822998046875,0.07927893847227097
,,,,,,,,,62,0.08565902709960938,0.9802341461181641,0.08016479015350342
,,,,,,,,,63,0.0852515697479248,0.98980712890625,0.06222856789827347
,,,,,,,,,64,0.08527398109436035,0.9924716949462891,0.05510041490197182
,,,,,,,,,65,0.08527016639709473,0.9845104217529297,0.06863733381032944
,,,,,,,,,66,0.08767080307006836,0.9784126281738281,0.07840005308389664
,,,,,,,,,67,0.08758378028869629,0.9778785705566406,0.08666171133518219
,,,,,,,,,68,0.08521366119384766,0.9857177734375,0.06487111747264862
,,,,,,,,,69,0.08516860008239746,0.9861412048339844,0.06680087745189667
,,,,,,,,,70,0.08546996116638184,0.9848861694335938,0.06457097083330154
,,,,,,,,,71,0.09000873565673828,0.984466552734375,0.06613872200250626
,,,,,,,,,72,0.08687233924865723,0.9814777374267578,0.06902006268501282
,,,,,,,,,73,0.08538651466369629,0.9841537475585938,0.06385282427072525
,,,,,,,,,74,0.08706402778625488,0.990234375,0.05682000145316124
,,,,,,,,,75,0.08529376983642578,0.9798374176025391,0.07228627055883408
,,,,,,,,,76,0.08757543563842773,0.989166259765625,0.051963068544864655
,,,,,,,,,77,0.08521366119384766,0.9810047149658203,0.06682498008012772
,,,,,,,,,78,0.08550238609313965,0.9813880920410156,0.06519795954227448
,,,,,,,,,79,0.08664560317993164,0.9784717559814453,0.07477529346942902
,,,,,,,,,80,0.0852959156036377,0.98406982421875,0.06188571825623512
,,,,,,,,,81,0.09131169319152832,0.9834098815917969,0.06142223998904228
,,,,,,,,,82,0.0852203369140625,0.9811668395996094,0.06609640270471573
,,,,,,,,,83,0.08542943000793457,0.9880924224853516,0.05151984840631485
,,,,,,,,,84,0.08559727668762207,0.9827671051025391,0.06110045686364174
,,,,,,,,,85,0.08529996871948242,0.9823837280273438,0.0593208447098732
,,,,,,,,,86,0.08723998069763184,0.9873161315917969,0.05361216887831688
,,,,,,,,,87,0.08527636528015137,0.9673385620117188,0.09448811411857605
,,,,,,,,,88,0.08642458915710449,0.9818782806396484,0.06022435799241066
,,,,,,,,,89,0.08549094200134277,0.9867877960205078,0.05178546532988548
,,,,,,,,,90,0.08510637283325195,0.9839687347412109,0.05382881686091423
,,,,,,,,,91,0.08973550796508789,0.9850044250488281,0.05491427332162857
,,,,,,,,,92,0.08519530296325684,0.9822731018066406,0.05692686140537262
,,,,,,,,,93,0.08763408660888672,0.9879646301269531,0.04862680286169052
,,,,,,,,,94,0.08544111251831055,0.9865970611572266,0.050036344677209854
,,,,,,,,,95,0.08643531799316406,0.9954795837402344,0.03405914083123207
,,,,,,,,,96,0.08522605895996094,0.9767532348632812,0.07636195421218872
,,,,,,,,,97,0.08527660369873047,0.9870071411132812,0.04995085299015045
,,,,,,,,,98,0.08535432815551758,0.9856185913085938,0.04966549575328827
,,,,,,,,,99,0.08526039123535156,0.9883918762207031,0.045976221561431885
,,,,,,,,,100,0.08775544166564941,0.9858131408691406,0.053170714527368546
,,,,,,,,,101,0.09023213386535645,0.982513427734375,0.055235330015420914
,,,,,,,,,102,0.08698296546936035,0.9850215911865234,0.05086866021156311
,,,,,,,,,103,0.08539986610412598,0.9838657379150391,0.055037178099155426
,,,,,,,,,104,0.0854647159576416,0.9862327575683594,0.04756508022546768
,,,,,,,,,105,0.08556842803955078,0.9820899963378906,0.05747302621603012
,,,,,,,,,106,0.0853874683380127,0.9895000457763672,0.041458286345005035
,,,,,,,,,107,0.08671808242797852,0.9871234893798828,0.04967854917049408
,,,,,,,,,108,0.08569669723510742,0.9881706237792969,0.04382319748401642
,,,,,,,,,109,0.08557248115539551,0.9865970611572266,0.048283740878105164
,,,,,,,,,110,0.08540844917297363,0.979095458984375,0.06181764975190163
,,,,,,,,,111,0.08792519569396973,0.9793529510498047,0.06185765564441681
,,,,,,,,,112,0.08548116683959961,0.9878787994384766,0.045332182198762894
,,,,,,,,,113,0.08522200584411621,0.9865550994873047,0.04774387553334236
,,,,,,,,,114,0.08694243431091309,0.983673095703125,0.05527812987565994
,,,,,,,,,115,0.08625555038452148,0.9877185821533203,0.04401521757245064
,,,,,,,,,116,0.0855247974395752,0.9863357543945312,0.04510846734046936
,,,,,,,,,117,0.08553576469421387,0.9875221252441406,0.04373188689351082
,,,,,,,,,118,0.08735847473144531,0.986419677734375,0.04511512070894241
,,,,,,,,,119,0.08509492874145508,0.9874382019042969,0.045097433030605316
,,,,,,,,,120,0.08533525466918945,0.9875659942626953,0.04365287721157074
,,,,,,,,,121,0.09181070327758789,0.9829120635986328,0.05350837856531143
,,,,,,,,,122,0.08535623550415039,0.9827022552490234,0.053495846688747406
,,,,,,,,,123,0.08567333221435547,0.983184814453125,0.052724964916706085
,,,,,,,,,124,0.08508729934692383,0.9878292083740234,0.043498583137989044
,,,,,,,,,125,0.08538460731506348,0.9860916137695312,0.046821221709251404
,,,,,,,,,126,0.08522653579711914,0.9857368469238281,0.049057889729738235
,,,,,,,,,127,0.08538174629211426,0.9839878082275391,0.052575502544641495
,,,,,,,,,128,0.08936619758605957,0.9848575592041016,0.04708116501569748
,,,,,,,,,129,0.08513045310974121,0.9839668273925781,0.05054294317960739
,,,,,,,,,130,0.08532381057739258,0.9886131286621094,0.039637934416532516
,,,,,,,,,131,0.08992552757263184,0.9769172668457031,0.06408370286226273
,,,,,,,,,132,0.0853118896484375,0.9867038726806641,0.04448142647743225
,,,,,,,,,133,0.08529949188232422,0.9826393127441406,0.049838338047266006
,,,,,,,,,134,0.08534669876098633,0.9804706573486328,0.055131010711193085
,,,,,,,,,135,0.08679771423339844,0.9893836975097656,0.037824925035238266
,,,,,,,,,136,0.08518743515014648,0.9800434112548828,0.05394016206264496
,,,,,,,,,137,0.08548426628112793,0.9879398345947266,0.03801674023270607
,,,,,,,,,138,0.08779382705688477,0.9902591705322266,0.03503850847482681
,,,,,,,,,139,0.08541679382324219,0.9880161285400391,0.03744801878929138
,,,,,,,,,140,0.08533000946044922,0.9803485870361328,0.05577074736356735
,,,,,,,,,141,0.09068584442138672,0.9891700744628906,0.03963794186711311
,,,,,,,,,142,0.08814072608947754,0.9890327453613281,0.03595644608139992
,,,,,,,,,143,0.08530783653259277,0.9847202301025391,0.046562258154153824
,,,,,,,,,144,0.08542132377624512,0.9850711822509766,0.04725181683897972
,,,,,,,,,145,0.08554935455322266,0.974822998046875,0.06772509217262268
,,,,,,,,,146,0.08559226989746094,0.9773693084716797,0.06364081054925919
,,,,,,,,,147,0.08547711372375488,0.9838027954101562,0.04823100566864014
,,,,,,,,,148,0.08554720878601074,0.9858856201171875,0.04359934478998184
,,,,,,,,,149,0.08737993240356445,0.9865646362304688,0.038372188806533813
,,,,,,,,,150,0.08547806739807129,0.9855480194091797,0.04421316832304001
,,,,,,,,,151,0.08993339538574219,0.9876251220703125,0.04178672656416893
,,,,,,,,,152,0.08579087257385254,0.9841289520263672,0.04734077677130699
,,,,,,,,,153,0.08544039726257324,0.98773193359375,0.03946107253432274
,,,,,,,,,154,0.08574533462524414,0.9922351837158203,0.02996029332280159
,,,,,,,,,155,0.08615374565124512,0.990386962890625,0.03443405404686928
,,,,,,,,,156,0.08716487884521484,0.9828872680664062,0.050092630088329315
,,,,,,,,,157,0.08538341522216797,0.9890308380126953,0.03637178987264633
,,,,,,,,,158,0.08542871475219727,0.9776630401611328,0.06330215930938721
,,,,,,,,,159,0.085723876953125,0.9912014007568359,0.03155045583844185
,,,,,,,,,160,0.08566498756408691,0.9899463653564453,0.03278954327106476
,,,,,,,,,161,0.08998250961303711,0.9839382171630859,0.04485541582107544
,,,,,,,,,162,0.08539557456970215,0.9818515777587891,0.05668707191944122
,,,,,,,,,163,0.08808255195617676,0.9898662567138672,0.03491641953587532
,,,,,,,,,164,0.08567953109741211,0.9874057769775391,0.039010174572467804
,,,,,,,,,165,0.08631563186645508,0.990692138671875,0.03317229822278023
,,,,,,,,,166,0.08542013168334961,0.9873104095458984,0.037953931838274
,,,,,,,,,167,0.08529424667358398,0.9848175048828125,0.042645618319511414
,,,,,,,,,168,0.08534955978393555,0.9875869750976562,0.03775082528591156
,,,,,,,,,169,0.08538222312927246,0.9806652069091797,0.05383191257715225
,,,,,,,,,170,0.08975100517272949,0.975555419921875,0.06774156540632248
,,,,,,,,,171,0.09015059471130371,0.9884128570556641,0.03747636079788208
,,,,,,,,,172,0.08561420440673828,0.9877815246582031,0.037742845714092255
,,,,,,,,,173,0.08558917045593262,0.9831333160400391,0.04521201178431511
,,,,,,,,,174,0.08553934097290039,0.9855289459228516,0.04199626296758652
,,,,,,,,,175,0.08780217170715332,0.9888877868652344,0.03628084436058998
,,,,,,,,,176,0.08576774597167969,0.9786205291748047,0.060145117342472076
,,,,,,,,,177,0.08772110939025879,0.9913787841796875,0.030648788437247276
,,,,,,,,,178,0.08572983741760254,0.9861183166503906,0.04067349433898926
,,,,,,,,,179,0.08552980422973633,0.9929676055908203,0.026069752871990204
,,,,,,,,,180,0.08853483200073242,0.9866542816162109,0.0396089032292366
,,,,,,,,,181,0.09026098251342773,0.9842567443847656,0.04486509785056114
,,,,,,,,,182,0.08536553382873535,0.9869003295898438,0.03705083951354027
,,,,,,,,,183,0.0854940414428711,0.9876079559326172,0.0382191501557827
,,,,,,,,,184,0.08700704574584961,0.9802322387695312,0.05601518601179123
,,,,,,,,,185,0.0876474380493164,0.9903640747070312,0.03109823912382126
,,,,,,,,,186,0.08540010452270508,0.9889469146728516,0.034512218087911606
,,,,,,,,,187,0.08593010902404785,0.9880428314208984,0.03558450937271118
,,,,,,,,,188,0.08582425117492676,0.9883537292480469,0.03434833139181137
,,,,,,,,,189,0.0854191780090332,0.993682861328125,0.023790590465068817
,,,,,,,,,190,0.08832073211669922,0.9868068695068359,0.04088546708226204
,,,,,,,,,191,0.09231233596801758,0.9886550903320312,0.03568897768855095
,,,,,,,,,192,0.08613872528076172,0.9878063201904297,0.03575282171368599
,,,,,,,,,193,0.08544564247131348,0.9905185699462891,0.032856203615665436
,,,,,,,,,194,0.08537769317626953,0.9889984130859375,0.03462992608547211
,,,,,,,,,195,0.08784675598144531,0.9923820495605469,0.026134762912988663
,,,,,,,,,196,0.08539462089538574,0.9898815155029297,0.032139960676431656
,,,,,,,,,197,0.08557248115539551,0.9903774261474609,0.032884709537029266
,,,,,,,,,198,0.0878136157989502,0.9829616546630859,0.04883309453725815
,,,,,,,,,199,0.08541989326477051,0.9823627471923828,0.04927331209182739
,,,,,,,,,200,0.08687186241149902,0.9883022308349609,0.035311974585056305
,,,,,,,,,201,0.08963656425476074,0.9897804260253906,0.031954873353242874
,,,,,,,,,202,0.08535170555114746,0.9885692596435547,0.03437995910644531
,,,,,,,,,203,0.08556413650512695,0.9727973937988281,0.07166831940412521
,,,,,,,,,204,0.08556365966796875,0.9909381866455078,0.030618730932474136
,,,,,,,,,205,0.08734011650085449,0.9854583740234375,0.04405632242560387
,,,,,,,,,206,0.08569073677062988,0.991058349609375,0.02863404154777527
,,,,,,,,,207,0.08639860153198242,0.9857063293457031,0.041066788136959076
,,,,,,,,,208,0.0857706069946289,0.9884605407714844,0.0363365076482296
,,,,,,,,,209,0.0854499340057373,0.9851741790771484,0.04307544603943825
,,,,,,,,,210,0.08557724952697754,0.9880466461181641,0.03588727489113808
,,,,,,,,,211,0.09038257598876953,0.9894084930419922,0.03229381889104843
,,,,,,,,,212,0.08844900131225586,0.9918842315673828,0.02805206924676895
,,,,,,,,,213,0.08548307418823242,0.9891853332519531,0.03409073129296303
,,,,,,,,,214,0.08631777763366699,0.9794807434082031,0.05176873132586479
,,,,,,,,,215,0.085601806640625,0.9905891418457031,0.031057588756084442
,,,,,,,,,216,0.0853738784790039,0.9910659790039062,0.027106452733278275
,,,,,,,,,217,0.08793449401855469,0.9859809875488281,0.03999314829707146
,,,,,,,,,218,0.08545660972595215,0.9869041442871094,0.03842613846063614
,,,,,,,,,219,0.08740592002868652,0.9893474578857422,0.03184939920902252
,,,,,,,,,220,0.08571076393127441,0.9879379272460938,0.03348918259143829
,,,,,,,,,221,0.09026241302490234,0.98382568359375,0.0442676916718483
,,,,,,,,,222,0.08565640449523926,0.9923210144042969,0.027166256681084633
,,,,,,,,,223,0.08547282218933105,0.9704303741455078,0.08964227885007858
,,,,,,,,,224,0.08562445640563965,0.975830078125,0.06392873823642731
,,,,,,,,,225,0.08542847633361816,0.9802951812744141,0.05329199880361557
,,,,,,,,,226,0.08773136138916016,0.9889488220214844,0.03515541926026344
,,,,,,,,,227,0.08780217170715332,0.9862594604492188,0.03958610072731972
,,,,,,,,,228,0.08638453483581543,0.9850902557373047,0.04400813207030296
,,,,,,,,,229,0.08622407913208008,0.9852027893066406,0.03938824310898781
,,,,,,,,,230,0.08561301231384277,0.9846935272216797,0.04501637816429138
,,,,,,,,,231,0.09023189544677734,0.9845199584960938,0.04268931597471237
,,,,,,,,,232,0.08561038970947266,0.9899139404296875,0.03013181872665882
,,,,,,,,,233,0.08796882629394531,0.9860076904296875,0.04015164077281952
,,,,,,,,,234,0.08553051948547363,0.9907817840576172,0.02660786174237728
,,,,,,,,,235,0.08671259880065918,0.9887924194335938,0.032279811799526215
,,,,,,,,,236,0.0854642391204834,0.9871845245361328,0.0356912687420845
,,,,,,,,,237,0.08739304542541504,0.9767589569091797,0.05451071262359619
,,,,,,,,,238,0.08544635772705078,0.9879417419433594,0.03647932782769203
,,,,,,,,,239,0.0854651927947998,0.9835433959960938,0.04609571769833565
,,,,,,,,,240,0.08781814575195312,0.9734878540039062,0.07230347394943237
,,,,,,,,,241,0.09067201614379883,0.9856281280517578,0.03907683119177818
,,,,,,,,,242,0.08675885200500488,0.9822902679443359,0.04695597290992737
,,,,,,,,,243,0.08573627471923828,0.9787139892578125,0.055260661989450455
,,,,,,,,,244,0.08593630790710449,0.978057861328125,0.056910138577222824
,,,,,,,,,245,0.08537769317626953,0.9869174957275391,0.03767344728112221
,,,,,,,,,246,0.08555769920349121,0.9848232269287109,0.043428581207990646
,,,,,,,,,247,0.08829522132873535,0.9803905487060547,0.05441943183541298
,,,,,,,,,248,0.08557772636413574,0.9876422882080078,0.03539372608065605
,,,,,,,,,249,0.08681201934814453,0.9893779754638672,0.03263836354017258
,,,,,,,,,250,0.08565449714660645,0.9929676055908203,0.02522534690797329
,,,,,,,,,251,0.09066247940063477,0.9789409637451172,0.05707903206348419
,,,,,,,,,252,0.09636974334716797,0.9885215759277344,0.035048920661211014
,,,,,,,,,253,0.09618806838989258,0.9883785247802734,0.0340188629925251
,,,,,,,,,254,0.08996009826660156,0.9895763397216797,0.030359705910086632
,,,,,,,,,255,0.0858156681060791,0.9860191345214844,0.04045334458351135
,,,,,,,,,256,0.08850622177124023,0.9823684692382812,0.04794178903102875
,,,,,,,,,257,0.08791112899780273,0.9878387451171875,0.03720462694764137
,,,,,,,,,258,0.0863182544708252,0.9743461608886719,0.06374718993902206
,,,,,,,,,259,0.08558487892150879,0.9931602478027344,0.02465774677693844
,,,,,,,,,260,0.08541059494018555,0.9871940612792969,0.03750519081950188
,,,,,,,,,261,0.09035992622375488,0.9861583709716797,0.037578389048576355
,,,,,,,,,262,0.08552193641662598,0.9908580780029297,0.027945538982748985
,,,,,,,,,263,0.08810949325561523,0.9791851043701172,0.054029811173677444
,,,,,,,,,264,0.08564114570617676,0.9891815185546875,0.033479541540145874
,,,,,,,,,265,0.08649420738220215,0.9873828887939453,0.03692613169550896
,,,,,,,,,266,0.08801937103271484,0.9844493865966797,0.04435340315103531
,,,,,,,,,267,0.08553338050842285,0.9768009185791016,0.059538133442401886
,,,,,,,,,268,0.08566498756408691,0.988922119140625,0.03125671297311783
,,,,,,,,,269,0.08566451072692871,0.9890270233154297,0.032719265669584274
,,,,,,,,,270,0.08735775947570801,0.9839057922363281,0.042674675583839417
,,,,,,,,,271,0.0907745361328125,0.9848117828369141,0.03798094764351845
,,,,,,,,,272,0.08685827255249023,0.989410400390625,0.03012467920780182
,,,,,,,,,273,0.08565640449523926,0.9870395660400391,0.036614298820495605
,,,,,,,,,274,0.08544397354125977,0.9917736053466797,0.026182392612099648
,,,,,,,,,275,0.08579683303833008,0.9804878234863281,0.050978902727365494
,,,,,,,,,276,0.08771133422851562,0.9884395599365234,0.036676567047834396
,,,,,,,,,277,0.08722233772277832,0.9899444580078125,0.032756246626377106
,,,,,,,,,278,0.0856485366821289,0.9939289093017578,0.020975884050130844
,,,,,,,,,279,0.08688020706176758,0.9789962768554688,0.05218915268778801
,,,,,,,,,280,0.08600950241088867,0.9945240020751953,0.019896911457180977
,,,,,,,,,281,0.09047818183898926,0.9873085021972656,0.03582330420613289
,,,,,,,,,282,0.08583188056945801,0.9880256652832031,0.032610997557640076
,,,,,,,,,283,0.0858922004699707,0.9905529022216797,0.026897555217146873
,,,,,,,,,284,0.08624982833862305,0.9915523529052734,0.025812851265072823
,,,,,,,,,285,0.08573746681213379,0.9852104187011719,0.0406324602663517
,,,,,,,,,286,0.08892655372619629,0.9765338897705078,0.0599202997982502
,,,,,,,,,287,0.08568835258483887,0.9845542907714844,0.039102159440517426
,,,,,,,,,288,0.08611083030700684,0.9882125854492188,0.0328141488134861
,,,,,,,,,289,0.08587646484375,0.9873867034912109,0.03456827625632286
,,,,,,,,,290,0.08575248718261719,0.982879638671875,0.0442611388862133
,,,,,,,,,291,0.0903022289276123,0.9922008514404297,0.02807226963341236
,,,,,,,,,292,0.08583688735961914,0.988800048828125,0.03191617876291275
,,,,,,,,,293,0.08741521835327148,0.9839668273925781,0.0412391759455204
,,,,,,,,,294,0.08624982833862305,0.9906139373779297,0.02859097346663475
,,,,,,,,,295,0.0857241153717041,0.9820308685302734,0.04886744171380997
,,,,,,,,,296,0.08542633056640625,0.9805240631103516,0.04802537336945534
,,,,,,,,,297,0.08556842803955078,0.9846649169921875,0.0410727858543396
,,,,,,,,,298,0.08839011192321777,0.9803733825683594,0.05132529139518738
,,,,,,,,,299,0.08592057228088379,0.9879322052001953,0.033912137150764465
,,,,,,,,,300,0.08768939971923828,0.9856243133544922,0.04199966788291931
,,,,,,,,,301,0.08830380439758301,0.9824371337890625,0.04871354624629021
,,,,,,,,,302,0.0854794979095459,0.9870643615722656,0.03598253056406975
,,,,,,,,,303,0.08585357666015625,0.9878883361816406,0.033681392669677734
,,,,,,,,,304,0.08554458618164062,0.9851818084716797,0.03814026713371277
,,,,,,,,,305,0.0869760513305664,0.9870071411132812,0.037878699600696564
,,,,,,,,,306,0.08561515808105469,0.9904537200927734,0.028714550659060478
,,,,,,,,,307,0.08774828910827637,0.9847087860107422,0.04365570843219757
,,,,,,,,,308,0.08799552917480469,0.9854526519775391,0.038339804857969284
,,,,,,,,,309,0.08561134338378906,0.9905223846435547,0.0277776587754488
,,,,,,,,,310,0.08570170402526855,0.9704360961914062,0.07542023807764053
,,,,,,,,,311,0.08829855918884277,0.9927768707275391,0.02272717095911503
,,,,,,,,,312,0.08569884300231934,0.9896812438964844,0.030208062380552292
,,,,,,,,,313,0.08554673194885254,0.9893779754638672,0.03210368752479553
,,,,,,,,,314,0.08745741844177246,0.9872703552246094,0.03596152737736702
,,,,,,,,,315,0.08574962615966797,0.9848766326904297,0.04182866960763931
,,,,,,,,,316,0.08567500114440918,0.9833335876464844,0.041602589190006256
,,,,,,,,,317,0.08599448204040527,0.9919185638427734,0.02670082077383995
,,,,,,,,,318,0.08781123161315918,0.9824714660644531,0.044713202863931656
,,,,,,,,,319,0.0856785774230957,0.9824657440185547,0.04943433776497841
,,,,,,,,,320,0.08547520637512207,0.98681640625,0.038229867815971375
,,,,,,,,,321,0.0899345874786377,0.9891757965087891,0.0304374061524868
,,,,,,,,,322,0.08568692207336426,0.986968994140625,0.03413917496800423
,,,,,,,,,323,0.08569836616516113,0.9780921936035156,0.05420059338212013
,,,,,,,,,324,0.08563971519470215,0.9848709106445312,0.039742983877658844
,,,,,,,,,325,0.08612298965454102,0.9874248504638672,0.034198664128780365
,,,,,,,,,326,0.08560776710510254,0.9876918792724609,0.03467428684234619
,,,,,,,,,327,0.08594703674316406,0.9875717163085938,0.03500223159790039
,,,,,,,,,328,0.08823370933532715,0.9880809783935547,0.03175743669271469
,,,,,,,,,329,0.08559346199035645,0.9799137115478516,0.0518767274916172
,,,,,,,,,330,0.08594655990600586,0.9874706268310547,0.0329122394323349
,,,,,,,,,331,0.09063315391540527,0.9870967864990234,0.03394518792629242
,,,,,,,,,332,0.08580851554870605,0.9893550872802734,0.03182283043861389
,,,,,,,,,333,0.08568286895751953,0.987213134765625,0.034840963780879974
,,,,,,,,,334,0.0855259895324707,0.9883995056152344,0.03137028589844704
,,,,,,,,,335,0.08963894844055176,0.9894752502441406,0.028467271476984024
,,,,,,,,,336,0.08578610420227051,0.9814891815185547,0.05081336200237274
,,,,,,,,,337,0.08690428733825684,0.9856891632080078,0.0384422242641449
,,,,,,,,,338,0.08562779426574707,0.9866828918457031,0.036561910063028336
,,,,,,,,,339,0.08575630187988281,0.9900283813476562,0.028433864936232567
,,,,,,,,,340,0.08795976638793945,0.9848499298095703,0.041619785130023956
,,,,,,,,,341,0.09047842025756836,0.9885330200195312,0.031739458441734314
,,,,,,,,,342,0.08745527267456055,0.9797077178955078,0.052753377705812454
,,,,,,,,,343,0.08597493171691895,0.9900283813476562,0.031910914927721024
,,,,,,,,,344,0.08655166625976562,0.9857578277587891,0.03744085505604744
,,,,,,,,,345,0.08865475654602051,0.9884548187255859,0.0320112369954586
,,,,,,,,,346,0.08545947074890137,0.9829673767089844,0.04531453549861908
,,,,,,,,,347,0.08568143844604492,0.9875316619873047,0.03476804494857788
,,,,,,,,,348,0.0861213207244873,0.9914131164550781,0.024674545973539352
,,,,,,,,,349,0.08726000785827637,0.9880828857421875,0.03315922990441322
,,,,,,,,,350,0.08817148208618164,0.9886341094970703,0.030744832009077072
,,,,,,,,,351,0.09119367599487305,0.9896106719970703,0.028710179030895233
,,,,,,,,,352,0.0856468677520752,0.9871711730957031,0.03429315239191055
,,,,,,,,,353,0.08582258224487305,0.9948921203613281,0.017655273899435997
,,,,,,,,,354,0.08567047119140625,0.9889125823974609,0.03336413577198982
,,,,,,,,,355,0.08777880668640137,0.9802894592285156,0.050567127764225006
,,,,,,,,,356,0.0887603759765625,0.9837017059326172,0.045330680906772614
,,,,,,,,,357,0.0860745906829834,0.9825077056884766,0.04696858674287796
,,,,,,,,,358,0.0860753059387207,0.9850978851318359,0.0407414585351944
,,,,,,,,,359,0.08572053909301758,0.9845333099365234,0.04010719805955887
,,,,,,,,,360,0.08572697639465332,0.9880390167236328,0.031649746000766754
,,,,,,,,,361,0.0904233455657959,0.9815521240234375,0.05031842365860939
,,,,,,,,,362,0.08560442924499512,0.9863033294677734,0.0347570963203907
,,,,,,,,,363,0.08789300918579102,0.9951114654541016,0.017509697005152702
,,,,,,,,,364,0.08583784103393555,0.9903888702392578,0.027842717245221138
,,,,,,,,,365,0.08645772933959961,0.9876613616943359,0.03510197252035141
,,,,,,,,,366,0.08571863174438477,0.9881019592285156,0.030668994411826134
,,,,,,,,,367,0.08803796768188477,0.9885063171386719,0.033217012882232666
,,,,,,,,,368,0.08582520484924316,0.9904212951660156,0.027441635727882385
,,,,,,,,,369,0.08573722839355469,0.9810028076171875,0.05204668641090393
,,,,,,,,,370,0.08619213104248047,0.9856929779052734,0.03569478169083595
,,,,,,,,,371,0.0903940200805664,0.9830093383789062,0.042281344532966614
,,,,,,,,,372,0.08687186241149902,0.9861621856689453,0.034882597625255585
,,,,,,,,,373,0.08568644523620605,0.9927082061767578,0.021571319550275803
,,,,,,,,,374,0.08570146560668945,0.9921379089355469,0.027178939431905746
,,,,,,,,,375,0.08582782745361328,0.9784107208251953,0.05545555800199509
,,,,,,,,,376,0.08556342124938965,0.9869747161865234,0.037377290427684784
,,,,,,,,,377,0.08859801292419434,0.9878368377685547,0.034096796065568924
,,,,,,,,,378,0.08577632904052734,0.9848155975341797,0.040266428142786026
,,,,,,,,,379,0.08779430389404297,0.98406982421875,0.04127134755253792
,,,,,,,,,380,0.0857088565826416,0.9879627227783203,0.03496383875608444
,,,,,,,,,381,0.09065437316894531,0.9839229583740234,0.04006163775920868
,,,,,,,,,382,0.08578348159790039,0.9903984069824219,0.02747349627315998
,,,,,,,,,383,0.08560824394226074,0.9857292175292969,0.037688013166189194
,,,,,,,,,384,0.0863347053527832,0.9925174713134766,0.02186233177781105
,,,,,,,,,385,0.0856482982635498,0.9875335693359375,0.032215725630521774
,,,,,,,,,386,0.08765888214111328,0.9838275909423828,0.04301516339182854
,,,,,,,,,387,0.08796811103820801,0.9842777252197266,0.04022708162665367
,,,,,,,,,388,0.08569598197937012,0.9944610595703125,0.01827370561659336
,,,,,,,,,389,0.08610296249389648,0.9893379211425781,0.03052235022187233
,,,,,,,,,390,0.08671116828918457,0.9920711517333984,0.023161867633461952
,,,,,,,,,391,0.09052276611328125,0.9801540374755859,0.050891369581222534
,,,,,,,,,392,0.08563470840454102,0.9861717224121094,0.03770140931010246
,,,,,,,,,393,0.08670783042907715,0.9843692779541016,0.04366638511419296
,,,,,,,,,394,0.08592367172241211,0.9891185760498047,0.03180664777755737
,,,,,,,,,395,0.0855104923248291,0.9889907836914062,0.03158257156610489
,,,,,,,,,396,0.08597230911254883,0.985107421875,0.040048521012067795
,,,,,,,,,397,0.08579230308532715,0.9875297546386719,0.03303099796175957
,,,,,,,,,398,0.0858755111694336,0.9881935119628906,0.03469008952379227
,,,,,,,,,399,0.08806562423706055,0.988616943359375,0.030769385397434235
,,,,,,,,,400,0.08823752403259277,0.9913864135742188,0.025662895292043686
,,,,,,,,,401,0.0907902717590332,0.9783840179443359,0.0532863587141037
,,,,,,,,,402,0.0857086181640625,0.9887237548828125,0.03330715745687485
,,,,,,,,,403,0.08574151992797852,0.9916248321533203,0.02467043697834015
,,,,,,,,,404,0.08816909790039062,0.9909381866455078,0.027236854657530785
,,,,,,,,,405,0.0856478214263916,0.9808101654052734,0.047607894986867905
,,,,,,,,,406,0.08566594123840332,0.9889888763427734,0.028965512290596962
,,,,,,,,,407,0.08747196197509766,0.9879894256591797,0.031826090067625046
,,,,,,,,,408,0.08560395240783691,0.9867153167724609,0.034007128328084946
,,,,,,,,,409,0.08794927597045898,0.9856700897216797,0.03762199729681015
,,,,,,,,,410,0.0858304500579834,0.9761714935302734,0.06370020657777786
,,,,,,,,,411,0.09047293663024902,0.9839286804199219,0.03883488476276398
,,,,,,,,,412,0.08570551872253418,0.990081787109375,0.027758199721574783
,,,,,,,,,413,0.08562898635864258,0.9891777038574219,0.029136456549167633
,,,,,,,,,414,0.08935999870300293,0.9846057891845703,0.038713593035936356
,,,,,,,,,415,0.08588838577270508,0.9914379119873047,0.02462548017501831
,,,,,,,,,416,0.08596181869506836,0.9848384857177734,0.041263144463300705
,,,,,,,,,417,0.08572149276733398,0.9843578338623047,0.04022083804011345
,,,,,,,,,418,0.0857694149017334,0.9852390289306641,0.03959312662482262
,,,,,,,,,419,0.08569979667663574,0.9912014007568359,0.024700462818145752
,,,,,,,,,420,0.08574032783508301,0.9932117462158203,0.021331630647182465
,,,,,,,,,421,0.09172224998474121,0.9853954315185547,0.037126656621694565
,,,,,,,,,422,0.08562231063842773,0.9809741973876953,0.049209531396627426
,,,,,,,,,423,0.08623576164245605,0.9838714599609375,0.04029682278633118
,,,,,,,,,424,0.08602213859558105,0.9859085083007812,0.03530183807015419
,,,,,,,,,425,0.08561825752258301,0.9844570159912109,0.04095963388681412
,,,,,,,,,426,0.08783435821533203,0.9808788299560547,0.04923577234148979
,,,,,,,,,427,0.08596277236938477,0.9914131164550781,0.025164183229207993
,,,,,,,,,428,0.0871131420135498,0.9875144958496094,0.03265855461359024
,,,,,,,,,429,0.08608102798461914,0.9848785400390625,0.03756280243396759
,,,,,,,,,430,0.08685708045959473,0.9859580993652344,0.035954833030700684
,,,,,,,,,431,0.09027886390686035,0.9859371185302734,0.036820653825998306
,,,,,,,,,432,0.08609533309936523,0.9818534851074219,0.04735197871923447
,,,,,,,,,433,0.08579540252685547,0.9895401000976562,0.027598198503255844
,,,,,,,,,434,0.08577609062194824,0.9893665313720703,0.02877880074083805
,,,,,,,,,435,0.08722519874572754,0.988861083984375,0.029193783178925514
,,,,,,,,,436,0.08797097206115723,0.9884586334228516,0.03211072459816933
,,,,,,,,,437,0.08753228187561035,0.9852046966552734,0.037800949066877365
,,,,,,,,,438,0.08628106117248535,0.9901962280273438,0.02765442058444023
,,,,,,,,,439,0.08582019805908203,0.9903106689453125,0.029850825667381287
,,,,,,,,,440,0.08596539497375488,0.9861621856689453,0.037830501794815063
,,,,,,,,,441,0.09059643745422363,0.98651123046875,0.035020772367715836
,,,,,,,,,442,0.08727216720581055,0.9839820861816406,0.041219573467969894
,,,,,,,,,443,0.08610248565673828,0.9851284027099609,0.03661150485277176
,,,,,,,,,444,0.08784341812133789,0.9912128448486328,0.024507826194167137
,,,,,,,,,445,0.08588147163391113,0.9888248443603516,0.030915401875972748
,,,,,,,,,446,0.08828163146972656,0.9886569976806641,0.03365788236260414
,,,,,,,,,447,0.08628964424133301,0.9872264862060547,0.033085595816373825
,,,,,,,,,448,0.08589911460876465,0.98419189453125,0.04055258631706238
,,,,,,,,,449,0.08644556999206543,0.9822063446044922,0.04607075825333595
,,,,,,,,,450,0.0861520767211914,0.9824886322021484,0.04290851950645447
,,,,,,,,,451,0.0922696590423584,0.9858303070068359,0.03544282540678978
,,,,,,,,,452,0.08608675003051758,0.9852180480957031,0.04086669906973839
,,,,,,,,,453,0.0859370231628418,0.9767417907714844,0.0657886490225792
,,,,,,,,,454,0.08578014373779297,0.9815883636474609,0.04698784649372101
,,,,,,,,,455,0.08640599250793457,0.9906253814697266,0.027540555223822594
,,,,,,,,,456,0.08583521842956543,0.988037109375,0.03476852551102638
,,,,,,,,,457,0.08577704429626465,0.9872398376464844,0.033745259046554565
,,,,,,,,,458,0.08952450752258301,0.9912967681884766,0.02502863109111786
,,,,,,,,,459,0.08605003356933594,0.9875011444091797,0.033757586032152176
,,,,,,,,,460,0.08626532554626465,0.9816303253173828,0.04653727263212204
,,,,,,,,,461,0.09085488319396973,0.9871978759765625,0.03410046175122261
,,,,,,,,,462,0.08590817451477051,0.9896526336669922,0.02827579155564308
,,,,,,,,,463,0.08599996566772461,0.9847679138183594,0.04072614386677742
,,,,,,,,,464,0.08600163459777832,0.9898471832275391,0.0280148908495903
,,,,,,,,,465,0.08749246597290039,0.9895267486572266,0.02945226989686489
,,,,,,,,,466,0.08598613739013672,0.9886684417724609,0.0309574156999588
,,,,,,,,,467,0.08624625205993652,0.9905815124511719,0.02851780131459236
,,,,,,,,,468,0.08825111389160156,0.9796733856201172,0.05158114433288574
,,,,,,,,,469,0.08583664894104004,0.9900779724121094,0.02905980311334133
,,,,,,,,,470,0.08590579032897949,0.9865036010742188,0.03501825034618378
,,,,,,,,,471,0.09066534042358398,0.9780101776123047,0.05795395374298096
,,,,,,,,,472,0.08773112297058105,0.9848556518554688,0.0417904332280159
,,,,,,,,,473,0.08614802360534668,0.9826736450195312,0.043930452316999435
,,,,,,,,,474,0.0871126651763916,0.9874992370605469,0.0341147743165493
,,,,,,,,,475,0.08584332466125488,0.9857864379882812,0.03561156988143921
,,,,,,,,,476,0.08586263656616211,0.9855175018310547,0.03592506796121597
,,,,,,,,,477,0.08585143089294434,0.9822902679443359,0.04236617684364319
,,,,,,,,,478,0.0861501693725586,0.9867382049560547,0.03445218876004219
,,,,,,,,,479,0.08662676811218262,0.990081787109375,0.02868739143013954
,,,,,,,,,480,0.0867624282836914,0.9872779846191406,0.03425487130880356
,,,,,,,,,481,0.09214925765991211,0.9877738952636719,0.033817108720541
,,,,,,,,,482,0.08579468727111816,0.9860458374023438,0.0373976044356823
,,,,,,,,,483,0.08589005470275879,0.9900150299072266,0.02876274846494198
,,,,,,,,,484,0.08587050437927246,0.9873218536376953,0.033519454300403595
,,,,,,,,,485,0.088226318359375,0.9830570220947266,0.045824818313121796
,,,,,,,,,486,0.08744096755981445,0.9845676422119141,0.03911494091153145
,,,,,,,,,487,0.08597016334533691,0.9865036010742188,0.035084113478660583
,,,,,,,,,488,0.08778953552246094,0.9879112243652344,0.03228922188282013
,,,,,,,,,489,0.08611106872558594,0.9868087768554688,0.035475801676511765
,,,,,,,,,490,0.08801674842834473,0.9869308471679688,0.03537961095571518
,,,,,,,,,491,0.09058189392089844,0.9788990020751953,0.0529833547770977
,,,,,,,,,492,0.08584237098693848,0.9886341094970703,0.03257545828819275
,,,,,,,,,493,0.0864262580871582,0.9899997711181641,0.025502707809209824
,,,,,,,,,494,0.08595490455627441,0.989288330078125,0.028594689443707466
,,,,,,,,,495,0.09131288528442383,0.9872722625732422,0.03236248344182968
,,,,,,,,,496,0.08619284629821777,0.9874401092529297,0.03395973891019821
,,,,,,,,,497,0.08622360229492188,0.9903087615966797,0.02619911916553974
,,,,,,,,,498,0.08623290061950684,0.9877262115478516,0.03107627108693123
,,,,,,,,,499,0.08612537384033203,0.9844112396240234,0.04060674086213112
0.7099121441139354,495846,278044,0.55028201441859,0.9875665972439294,0.7730230826750956,0.6563283637951469,60521982,946944,500,0.08588314056396484,0.9918041229248047,0.0235134270042181
,,,,,,,,,501,0.09797263145446777,0.987396240234375,0.034257497638463974
,,,,,,,,,502,0.0867621898651123,0.9900150299072266,0.02640192210674286
,,,,,,,,,503,0.08614134788513184,0.9843387603759766,0.037837255746126175
,,,,,,,,,504,0.08857917785644531,0.9859428405761719,0.03519240394234657
,,,,,,,,,505,0.08607959747314453,0.9850273132324219,0.03866027295589447
,,,,,,,,,506,0.08576822280883789,0.9892063140869141,0.028157519176602364
,,,,,,,,,507,0.08587765693664551,0.9854412078857422,0.03643697872757912
,,,,,,,,,508,0.0883481502532959,0.9879169464111328,0.030919676646590233
,,,,,,,,,509,0.08801817893981934,0.9859333038330078,0.036329369992017746
,,,,,,,,,510,0.08733296394348145,0.99176025390625,0.023539820685982704
,,,,,,,,,511,0.08943867683410645,0.98443603515625,0.04521127790212631
,,,,,,,,,512,0.08614110946655273,0.9916439056396484,0.023860709741711617
,,,,,,,,,513,0.08589601516723633,0.9890937805175781,0.0294541884213686
,,,,,,,,,514,0.08607745170593262,0.9894981384277344,0.02750745788216591
,,,,,,,,,515,0.08860325813293457,0.9856910705566406,0.0363854318857193
,,,,,,,,,516,0.08674359321594238,0.9888782501220703,0.034320808947086334
,,,,,,,,,517,0.0863335132598877,0.9835453033447266,0.04284526780247688
,,,,,,,,,518,0.08655357360839844,0.9902858734130859,0.026558443903923035
,,,,,,,,,519,0.08635735511779785,0.9898033142089844,0.026739025488495827
,,,,,,,,,520,0.08598875999450684,0.9870738983154297,0.03499216213822365
,,,,,,,,,521,0.09077572822570801,0.9913921356201172,0.025566790252923965
,,,,,,,,,522,0.0876474380493164,0.9835681915283203,0.041445471346378326
,,,,,,,,,523,0.08608174324035645,0.9803237915039062,0.049416158348321915
,,,,,,,,,524,0.08694291114807129,0.9819507598876953,0.04576728492975235
,,,,,,,,,525,0.08604097366333008,0.9872531890869141,0.033518098294734955
,,,,,,,,,526,0.08832716941833496,0.9865283966064453,0.03244965896010399
,,,,,,,,,527,0.08598566055297852,0.9808998107910156,0.04465048760175705
,,,,,,,,,528,0.08611083030700684,0.9884052276611328,0.031110800802707672
,,,,,,,,,529,0.08669447898864746,0.9829425811767578,0.04257535934448242
,,,,,,,,,530,0.08623695373535156,0.9864997863769531,0.03559970483183861
,,,,,,,,,531,0.09254145622253418,0.9931602478027344,0.0225964542478323
,,,,,,,,,532,0.08686423301696777,0.9877853393554688,0.03180234134197235
,,,,,,,,,533,0.08591556549072266,0.980804443359375,0.04630421847105026
,,,,,,,,,534,0.08598613739013672,0.989776611328125,0.03199448063969612
,,,,,,,,,535,0.08717656135559082,0.9836883544921875,0.04445889592170715
,,,,,,,,,536,0.08912086486816406,0.9886798858642578,0.029715372249484062
,,,,,,,,,537,0.08662629127502441,0.9854049682617188,0.037662189453840256
,,,,,,,,,538,0.08781623840332031,0.9853439331054688,0.03664914891123772
,,,,,,,,,539,0.08608365058898926,0.9878730773925781,0.03023955225944519
,,,,,,,,,540,0.08620572090148926,0.9833126068115234,0.041841357946395874
,,,,,,,,,541,0.09080624580383301,0.9897270202636719,0.0338338240981102
,,,,,,,,,542,0.0859231948852539,0.9856376647949219,0.038565799593925476
,,,,,,,,,543,0.08594536781311035,0.9890022277832031,0.03546108305454254
,,,,,,,,,544,0.08631420135498047,0.9813480377197266,0.04643822833895683
,,,,,,,,,545,0.08869576454162598,0.9868717193603516,0.03392954543232918
,,,,,,,,,546,0.08608794212341309,0.9865913391113281,0.03763087838888168
,,,,,,,,,547,0.0862886905670166,0.9865818023681641,0.03610427677631378
,,,,,,,,,548,0.0865015983581543,0.9874916076660156,0.03753405064344406
,,,,,,,,,549,0.08614492416381836,0.9894828796386719,0.028926854953169823
,,,,,,,,,550,0.0859978199005127,0.9914894104003906,0.0243782177567482
,,,,,,,,,551,0.09051871299743652,0.9883575439453125,0.031037595123052597
,,,,,,,,,552,0.0887746810913086,0.9923210144042969,0.023200644180178642
,,,,,,,,,553,0.08611798286437988,0.9765281677246094,0.05682307854294777
,,,,,,,,,554,0.0864262580871582,0.988311767578125,0.03143398463726044
,,,,,,,,,555,0.08609771728515625,0.9830780029296875,0.04541897773742676
,,,,,,,,,556,0.08620929718017578,0.9852523803710938,0.03762664645910263
,,,,,,,,,557,0.08598470687866211,0.9878768920898438,0.03400382399559021
,,,,,,,,,558,0.08858132362365723,0.9805545806884766,0.04992000758647919
,,,,,,,,,559,0.08767485618591309,0.9854831695556641,0.03668498992919922
,,,,,,,,,560,0.08636808395385742,0.9828376770019531,0.04543212801218033
,,,,,,,,,561,0.09137821197509766,0.9877948760986328,0.03232559189200401
,,,,,,,,,562,0.08614015579223633,0.9897632598876953,0.02999657206237316
,,,,,,,,,563,0.08605790138244629,0.9845409393310547,0.038993608206510544
,,,,,,,,,564,0.08610820770263672,0.9898872375488281,0.030990075320005417
,,,,,,,,,565,0.08606815338134766,0.9830284118652344,0.042754583060741425
,,,,,,,,,566,0.08782839775085449,0.9870395660400391,0.031708456575870514
,,,,,,,,,567,0.08621811866760254,0.9890384674072266,0.030639002099633217
,,,,,,,,,568,0.08847475051879883,0.9874801635742188,0.033038266003131866
,,,,,,,,,569,0.08634805679321289,0.9937934875488281,0.018472516909241676
,,,,,,,,,570,0.08680486679077148,0.9894447326660156,0.028390513733029366
,,,,,,,,,571,0.08887314796447754,0.9864616394042969,0.037419650703668594
,,,,,,,,,572,0.08605003356933594,0.9902496337890625,0.02598067745566368
,,,,,,,,,573,0.08855700492858887,0.9898281097412109,0.03161051496863365
,,,,,,,,,574,0.08633184432983398,0.9819507598876953,0.04482942819595337
,,,,,,,,,575,0.08900880813598633,0.9825000762939453,0.04758961871266365
,,,,,,,,,576,0.0862581729888916,0.9913616180419922,0.027600478380918503
,,,,,,,,,577,0.08617115020751953,0.9854736328125,0.03934826701879501
,,,,,,,,,578,0.08599519729614258,0.9886608123779297,0.030431345105171204
,,,,,,,,,579,0.0860283374786377,0.981719970703125,0.04738691821694374
,,,,,,,,,580,0.09005069732666016,0.9883041381835938,0.030804621055722237
,,,,,,,,,581,0.09088826179504395,0.9894351959228516,0.02814573049545288
,,,,,,,,,582,0.08823585510253906,0.9918460845947266,0.025189338251948357
,,,,,,,,,583,0.0862278938293457,0.9837398529052734,0.0425955094397068
,,,,,,,,,584,0.08594465255737305,0.9872112274169922,0.034408293664455414
,,,,,,,,,585,0.08833599090576172,0.9876060485839844,0.03301621600985527
,,,,,,,,,586,0.0867311954498291,0.9839992523193359,0.038896992802619934
,,,,,,,,,587,0.08653950691223145,0.9836025238037109,0.042425647377967834
,,,,,,,,,588,0.08596944808959961,0.9854755401611328,0.03819738328456879
,,,,,,,,,589,0.08757328987121582,0.9859333038330078,0.03672662377357483
,,,,,,,,,590,0.08632159233093262,0.9819107055664062,0.04789599031209946
,,,,,,,,,591,0.08887982368469238,0.987213134765625,0.03604207932949066
,,,,,,,,,592,0.08624601364135742,0.9823417663574219,0.044988345354795456
,,,,,,,,,593,0.08611035346984863,0.9918079376220703,0.024837343022227287
,,,,,,,,,594,0.08633828163146973,0.9855976104736328,0.037350088357925415
,,,,,,,,,595,0.08608055114746094,0.9825973510742188,0.04381763935089111
,,,,,,,,,596,0.08870530128479004,0.9922466278076172,0.022377358749508858
,,,,,,,,,597,0.08604860305786133,0.9882907867431641,0.02977077290415764
,,,,,,,,,598,0.0862264633178711,0.9893093109130859,0.029292292892932892
,,,,,,,,,599,0.08593559265136719,0.9916343688964844,0.022969398647546768
,,,,,,,,,600,0.0860750675201416,0.9854202270507812,0.0369194895029068
,,,,,,,,,601,0.0907125473022461,0.9919719696044922,0.022663632407784462
,,,,,,,,,602,0.08619832992553711,0.9890270233154297,0.028367452323436737
,,,,,,,,,603,0.08942461013793945,0.9912738800048828,0.02513941563665867
,,,,,,,,,604,0.0863962173461914,0.9933128356933594,0.019171787425875664
,,,,,,,,,605,0.08631014823913574,0.9850559234619141,0.038271382451057434
,,,,,,,,,606,0.08625221252441406,0.9873199462890625,0.03458352014422417
,,,,,,,,,607,0.08847689628601074,0.9857215881347656,0.037644628435373306
,,,,,,,,,608,0.08604168891906738,0.990753173828125,0.027060534805059433
,,,,,,,,,609,0.08623838424682617,0.9849262237548828,0.04163997247815132
,,,,,,,,,610,0.08760571479797363,0.986358642578125,0.0339813157916069
,,,,,,,,,611,0.09157276153564453,0.9890594482421875,0.029387691989541054
,,,,,,,,,612,0.08671426773071289,0.9934215545654297,0.019440146163105965
,,,,,,,,,613,0.08641266822814941,0.9895210266113281,0.028221579268574715
,,,,,,,,,614,0.08601522445678711,0.9856071472167969,0.03456098213791847
,,,,,,,,,615,0.08616399765014648,0.98822021484375,0.03099733591079712
,,,,,,,,,616,0.0866556167602539,0.9825019836425781,0.04383799061179161
,,,,,,,,,617,0.0891408920288086,0.9857292175292969,0.03758388012647629
,,,,,,,,,618,0.08622121810913086,0.9843235015869141,0.04072371870279312
,,,,,,,,,619,0.0873572826385498,0.9884109497070312,0.029602933675050735
,,,,,,,,,620,0.0859670639038086,0.9871101379394531,0.0324966236948967
,,,,,,,,,621,0.09128522872924805,0.9829902648925781,0.040327269583940506
,,,,,,,,,622,0.08608460426330566,0.9890079498291016,0.028275614604353905
,,,,,,,,,623,0.08624029159545898,0.977874755859375,0.059145763516426086
,,,,,,,,,624,0.09007573127746582,0.982940673828125,0.04285389184951782
,,,,,,,,,625,0.08624792098999023,0.9845981597900391,0.040108777582645416
,,,,,,,,,626,0.08765745162963867,0.9870567321777344,0.035408299416303635
,,,,,,,,,627,0.08623290061950684,0.9873428344726562,0.031183969229459763
,,,,,,,,,628,0.08611321449279785,0.9836444854736328,0.046455018222332
,,,,,,,,,629,0.08847689628601074,0.9875679016113281,0.03158422186970711
,,,,,,,,,630,0.08600234985351562,0.9785785675048828,0.05556408688426018
,,,,,,,,,631,0.09098100662231445,0.9882621765136719,0.03153549134731293
,,,,,,,,,632,0.08633232116699219,0.9892616271972656,0.029181044548749924
,,,,,,,,,633,0.08811831474304199,0.9835567474365234,0.03980614244937897
,,,,,,,,,634,0.0891728401184082,0.9835643768310547,0.04137948900461197
,,,,,,,,,635,0.0861823558807373,0.9845123291015625,0.04207339882850647
,,,,,,,,,636,0.08627510070800781,0.9845981597900391,0.039001792669296265
,,,,,,,,,637,0.08608841896057129,0.978759765625,0.05250166729092598
,,,,,,,,,638,0.0861809253692627,0.9922885894775391,0.02205595374107361
,,,,,,,,,639,0.08623456954956055,0.988922119140625,0.02802843227982521
,,,,,,,,,640,0.08855128288269043,0.9829654693603516,0.04681309312582016
,,,,,,,,,641,0.09070539474487305,0.9875659942626953,0.03285806626081467
,,,,,,,,,642,0.08646202087402344,0.9888172149658203,0.029503781348466873
,,,,,,,,,643,0.08592486381530762,0.9906120300292969,0.026708796620368958
,,,,,,,,,644,0.08642983436584473,0.9933090209960938,0.020679311826825142
,,,,,,,,,645,0.08623909950256348,0.9867610931396484,0.03748977184295654
,,,,,,,,,646,0.08627009391784668,0.9841423034667969,0.04092060774564743
,,,,,,,,,647,0.0885317325592041,0.982086181640625,0.04399263486266136
,,,,,,,,,648,0.08615350723266602,0.990264892578125,0.029073253273963928
,,,,,,,,,649,0.08638668060302734,0.98895263671875,0.03041761927306652
,,,,,,,,,650,0.08595800399780273,0.9803619384765625,0.047441668808460236
,,,,,,,,,651,0.09039902687072754,0.9882850646972656,0.03359129652380943
,,,,,,,,,652,0.08598971366882324,0.9866104125976562,0.03301167115569115
,,,,,,,,,653,0.08591914176940918,0.9878864288330078,0.03611772879958153
,,,,,,,,,654,0.08905601501464844,0.9872035980224609,0.03619269281625748
,,,,,,,,,655,0.08608102798461914,0.9862556457519531,0.03524545207619667
,,,,,,,,,656,0.08893728256225586,0.9832382202148438,0.041291557252407074
,,,,,,,,,657,0.08626961708068848,0.9892559051513672,0.029511725530028343
,,,,,,,,,658,0.08622980117797852,0.9883766174316406,0.033073849976062775
,,,,,,,,,659,0.08609151840209961,0.9900531768798828,0.029639193788170815
,,,,,,,,,660,0.08609414100646973,0.9897136688232422,0.029934369027614594
,,,,,,,,,661,0.09244847297668457,0.9868583679199219,0.031100228428840637
,,,,,,,,,662,0.0860285758972168,0.9902896881103516,0.027893565595149994
,,,,,,,,,663,0.08722186088562012,0.9942035675048828,0.01738749071955681
,,,,,,,,,664,0.08614850044250488,0.9912700653076172,0.0251102726906538
,,,,,,,,,665,0.08608794212341309,0.9820194244384766,0.04808496683835983
,,,,,,,,,666,0.08787226676940918,0.9831504821777344,0.0469432957470417
,,,,,,,,,667,0.08593249320983887,0.9914913177490234,0.024438107386231422
,,,,,,,,,668,0.08831954002380371,0.9770832061767578,0.060614343732595444
,,,,,,,,,669,0.0863492488861084,0.9879627227783203,0.03616969287395477
,,,,,,,,,670,0.08793926239013672,0.991424560546875,0.02864919602870941
,,,,,,,,,671,0.09073996543884277,0.987548828125,0.03361789137125015
,,,,,,,,,672,0.08608269691467285,0.9861583709716797,0.03623970225453377
,,,,,,,,,673,0.08592605590820312,0.9811210632324219,0.048014067113399506
,,,,,,,,,674,0.08619117736816406,0.9822502136230469,0.04726583883166313
,,,,,,,,,675,0.08614349365234375,0.9838447570800781,0.041748903691768646
,,,,,,,,,676,0.08601927757263184,0.9885234832763672,0.030853766947984695
,,,,,,,,,677,0.0889582633972168,0.9835205078125,0.03973744064569473
,,,,,,,,,678,0.08833169937133789,0.9820270538330078,0.04257238283753395
,,,,,,,,,679,0.08627676963806152,0.98638916015625,0.0353267602622509
,,,,,,,,,680,0.0862419605255127,0.9880027770996094,0.031838830560445786
,,,,,,,,,681,0.09098386764526367,0.9886188507080078,0.031454555690288544
,,,,,,,,,682,0.08607244491577148,0.9892520904541016,0.027442704886198044
,,,,,,,,,683,0.08645153045654297,0.9893054962158203,0.02816641889512539
,,,,,,,,,684,0.08811306953430176,0.9849967956542969,0.04041298106312752
,,,,,,,,,685,0.08622980117797852,0.9949417114257812,0.016907626762986183
,,,,,,,,,686,0.0863645076751709,0.9859848022460938,0.03569486364722252
,,,,,,,,,687,0.08642864227294922,0.9938907623291016,0.01742125116288662
,,,,,,,,,688,0.08845233917236328,0.9834613800048828,0.041721899062395096
,,,,,,,,,689,0.08612513542175293,0.9915885925292969,0.022635385394096375
,,,,,,,,,690,0.08642411231994629,0.9910144805908203,0.02393503114581108
,,,,,,,,,691,0.09055757522583008,0.9858341217041016,0.039650898426771164
,,,,,,,,,692,0.08617854118347168,0.987091064453125,0.03461974486708641
,,,,,,,,,693,0.08626770973205566,0.9853019714355469,0.036113105714321136
,,,,,,,,,694,0.0861368179321289,0.9879570007324219,0.031296052038669586
,,,,,,,,,695,0.08631658554077148,0.9885120391845703,0.03104354813694954
,,,,,,,,,696,0.08606672286987305,0.9855995178222656,0.03672958165407181
,,,,,,,,,697,0.08612847328186035,0.9863433837890625,0.03595965355634689
,,,,,,,,,698,0.0876321792602539,0.9865512847900391,0.03408176451921463
,,,,,,,,,699,0.0863180160522461,0.9885044097900391,0.0308094285428524
,,,,,,,,,700,0.08908486366271973,0.9882869720458984,0.031139446422457695
,,,,,,,,,701,0.09059572219848633,0.9904537200927734,0.02683449722826481
,,,,,,,,,702,0.08607268333435059,0.9899158477783203,0.026996459811925888
,,,,,,,,,703,0.08628153800964355,0.9879379272460938,0.031714100390672684
,,,,,,,,,704,0.08625555038452148,0.9811115264892578,0.049533694982528687
,,,,,,,,,705,0.09027481079101562,0.9896984100341797,0.02757193334400654
,,,,,,,,,706,0.08605265617370605,0.9900531768798828,0.027941159904003143
,,,,,,,,,707,0.09727287292480469,0.9887943267822266,0.030261041596531868
,,,,,,,,,708,0.0962979793548584,0.9856529235839844,0.03571300208568573
,,,,,,,,,709,0.09705758094787598,0.9929466247558594,0.020037366077303886
,,,,,,,,,710,0.08598136901855469,0.9896507263183594,0.028208883479237556
,,,,,,,,,711,0.09102177619934082,0.9922027587890625,0.023713231086730957
,,,,,,,,,712,0.08656549453735352,0.9907360076904297,0.025261852890253067
,,,,,,,,,713,0.08616518974304199,0.9908428192138672,0.02431996539235115
,,,,,,,,,714,0.08613991737365723,0.9863929748535156,0.03450107201933861
,,,,,,,,,715,0.08606147766113281,0.9930496215820312,0.020719025284051895
,,,,,,,,,716,0.08788442611694336,0.9856929779052734,0.04092559218406677
,,,,,,,,,717,0.08852934837341309,0.9910869598388672,0.024092307314276695
,,,,,,,,,718,0.08628463745117188,0.9917545318603516,0.026025239378213882
,,,,,,,,,719,0.08632349967956543,0.9928550720214844,0.019852159544825554
,,,,,,,,,720,0.08609819412231445,0.9890327453613281,0.030660182237625122
,,,,,,,,,721,0.09078383445739746,0.9868526458740234,0.038508787751197815
,,,,,,,,,722,0.08602428436279297,0.9790725708007812,0.05188383162021637
,,,,,,,,,723,0.08879637718200684,0.9849014282226562,0.04004935175180435
,,,,,,,,,724,0.08647346496582031,0.9884757995605469,0.03010503761470318
,,,,,,,,,725,0.08636116981506348,0.9883575439453125,0.03022747114300728
,,,,,,,,,726,0.0861365795135498,0.9862060546875,0.03336406871676445
,,,,,,,,,727,0.08608627319335938,0.9864101409912109,0.036149755120277405
,,,,,,,,,728,0.0861198902130127,0.9850444793701172,0.03660421445965767
,,,,,,,,,729,0.08883476257324219,0.9872074127197266,0.03283856809139252
,,,,,,,,,730,0.08901810646057129,0.9887027740478516,0.03060092031955719
,,,,,,,,,731,0.08881044387817383,0.9892368316650391,0.029975900426506996
,,,,,,,,,732,0.08728623390197754,0.9819545745849609,0.04389314353466034
,,,,,,,,,733,0.08643078804016113,0.9900913238525391,0.027522031217813492
,,,,,,,,,734,0.08874893188476562,0.9863414764404297,0.03463466465473175
,,,,,,,,,735,0.08621358871459961,0.98150634765625,0.047520712018013
,,,,,,,,,736,0.08615899085998535,0.9889698028564453,0.029799966141581535
,,,,,,,,,737,0.08727002143859863,0.9910888671875,0.025049854069948196
,,,,,,,,,738,0.08627080917358398,0.9883651733398438,0.031704869121313095
,,,,,,,,,739,0.08951616287231445,0.9852619171142578,0.03836594894528389
,,,,,,,,,740,0.08625054359436035,0.9883518218994141,0.03035242110490799
,,,,,,,,,741,0.09109115600585938,0.9894428253173828,0.03159391134977341
,,,,,,,,,742,0.08614563941955566,0.9912910461425781,0.024968942627310753
,,,,,,,,,743,0.08601570129394531,0.9886417388916016,0.029789980500936508
,,,,,,,,,744,0.08828902244567871,0.9915847778320312,0.023023102432489395
,,,,,,,,,745,0.08614826202392578,0.9725055694580078,0.06636112928390503
,,,,,,,,,746,0.08861756324768066,0.9916477203369141,0.023337900638580322
,,,,,,,,,747,0.08611822128295898,0.9887371063232422,0.02936309576034546
,,,,,,,,,748,0.086669921875,0.9890575408935547,0.028104886412620544
,,,,,,,,,749,0.08619213104248047,0.9889183044433594,0.029830345883965492
,,,,,,,,,750,0.08622908592224121,0.9845409393310547,0.03982541710138321
,,,,,,,,,751,0.09118366241455078,0.9889202117919922,0.027920586988329887
,,,,,,,,,752,0.08614063262939453,0.9843482971191406,0.040182337164878845
,,,,,,,,,753,0.08879685401916504,0.9862556457519531,0.03503282740712166
,,,,,,,,,754,0.08631610870361328,0.9870262145996094,0.032839372754096985
,,,,,,,,,755,0.08618283271789551,0.9879798889160156,0.031267307698726654
,,,,,,,,,756,0.08855700492858887,0.9900836944580078,0.028190497308969498
,,,,,,,,,757,0.08651375770568848,0.9774818420410156,0.05554234981536865
,,,,,,,,,758,0.08629345893859863,0.98089599609375,0.04835166037082672
,,,,,,,,,759,0.08602333068847656,0.9873771667480469,0.03241083025932312
,,,,,,,,,760,0.08807039260864258,0.9805412292480469,0.04657205194234848
,,,,,,,,,761,0.0911860466003418,0.9905586242675781,0.025762440636754036
,,,,,,,,,762,0.0867002010345459,0.9842605590820312,0.03802596777677536
,,,,,,,,,763,0.08621072769165039,0.9901962280273438,0.025929447263479233
,,,,,,,,,764,0.0863194465637207,0.9839210510253906,0.03967905044555664
,,,,,,,,,765,0.0861518383026123,0.9850749969482422,0.03787097707390785
,,,,,,,,,766,0.08882379531860352,0.9896030426025391,0.029010992497205734
,,,,,,,,,767,0.08765673637390137,0.9896163940429688,0.028133327141404152
,,,,,,,,,768,0.08647346496582031,0.9871883392333984,0.0325620174407959
,,,,,,,,,769,0.08729004859924316,0.9892768859863281,0.03018013946712017
,,,,,,,,,770,0.08607339859008789,0.9847526550292969,0.037446483969688416
,,,,,,,,,771,0.09116220474243164,0.9868736267089844,0.035109568387269974
,,,,,,,,,772,0.08627891540527344,0.9869728088378906,0.03331746160984039
,,,,,,,,,773,0.08623266220092773,0.9874229431152344,0.032897211611270905
,,,,,,,,,774,0.08686208724975586,0.9857807159423828,0.035678476095199585
,,,,,,,,,775,0.08616018295288086,0.9888916015625,0.028615456074476242
,,,,,,,,,776,0.08800506591796875,0.9871025085449219,0.03416932001709938
,,,,,,,,,777,0.0865473747253418,0.9822540283203125,0.04680128023028374
,,,,,,,,,778,0.08874201774597168,0.9836025238037109,0.04088372737169266
,,,,,,,,,779,0.08618307113647461,0.9846439361572266,0.037791334092617035
,,,,,,,,,780,0.08619308471679688,0.9888038635253906,0.028628187254071236
,,,,,,,,,781,0.08906006813049316,0.9877796173095703,0.03148277476429939
,,,,,,,,,782,0.08618664741516113,0.9880142211914062,0.03086887300014496
,,,,,,,,,783,0.08858203887939453,0.9872989654541016,0.03287371248006821
,,,,,,,,,784,0.08610105514526367,0.9801921844482422,0.04891737923026085
,,,,,,,,,785,0.08623480796813965,0.9910926818847656,0.02550468221306801
,,,,,,,,,786,0.08618688583374023,0.987274169921875,0.0338713601231575
,,,,,,,,,787,0.08642148971557617,0.9868297576904297,0.032492734491825104
,,,,,,,,,788,0.08859825134277344,0.9820098876953125,0.04616696015000343
,,,,,,,,,789,0.08617329597473145,0.9795436859130859,0.05124275013804436
,,,,,,,,,790,0.08883547782897949,0.9908561706542969,0.026077289134263992
,,,,,,,,,791,0.08837246894836426,0.9872684478759766,0.03357936069369316
,,,,,,,,,792,0.08696794509887695,0.9891262054443359,0.027746234089136124
,,,,,,,,,793,0.08614778518676758,0.9836273193359375,0.04189565032720566
,,,,,,,,,794,0.08642292022705078,0.9811573028564453,0.044870853424072266
,,,,,,,,,795,0.08662271499633789,0.9842090606689453,0.042353443801403046
,,,,,,,,,796,0.08619546890258789,0.9845409393310547,0.04056334123015404
,,,,,,,,,797,0.08767414093017578,0.9899311065673828,0.026235155761241913
,,,,,,,,,798,0.08698225021362305,0.9891605377197266,0.027865124866366386
,,,,,,,,,799,0.08754277229309082,0.9851875305175781,0.03790930286049843
,,,,,,,,,800,0.08888101577758789,0.9859580993652344,0.03620180860161781
,,,,,,,,,801,0.09101700782775879,0.9921474456787109,0.021416597068309784
,,,,,,,,,802,0.08623242378234863,0.9871749877929688,0.03456495702266693
,,,,,,,,,803,0.08621644973754883,0.9860744476318359,0.036544546484947205
,,,,,,,,,804,0.08757829666137695,0.9915924072265625,0.02544424869120121
,,,,,,,,,805,0.0884251594543457,0.9863300323486328,0.03662969172000885
,,,,,,,,,806,0.08811211585998535,0.9873580932617188,0.03202665224671364
,,,,,,,,,807,0.08708810806274414,0.9880218505859375,0.029521338641643524
,,,,,,,,,808,0.08603239059448242,0.9922008514404297,0.020438050851225853
,,,,,,,,,809,0.08667254447937012,0.9801864624023438,0.051427409052848816
,,,,,,,,,810,0.08854031562805176,0.9888687133789062,0.029676415026187897
,,,,,,,,,811,0.09104657173156738,0.9884490966796875,0.029479095712304115
,,,,,,,,,812,0.08634591102600098,0.9868373870849609,0.033791668713092804
,,,,,,,,,813,0.08837532997131348,0.9883441925048828,0.03159615397453308
,,,,,,,,,814,0.08654022216796875,0.9887866973876953,0.03130072355270386
,,,,,,,,,815,0.08626842498779297,0.9892368316650391,0.028299231082201004
,,,,,,,,,816,0.08640623092651367,0.9886112213134766,0.0332634337246418
,,,,,,,,,817,0.08668947219848633,0.9846916198730469,0.03869452327489853
,,,,,,,,,818,0.0863957405090332,0.9865016937255859,0.035907745361328125
,,,,,,,,,819,0.0867757797241211,0.9906272888183594,0.026258813217282295
,,,,,,,,,820,0.08864879608154297,0.9859027862548828,0.03655201196670532
,,,,,,,,,821,0.09084200859069824,0.9899959564208984,0.026045171543955803
,,,,,,,,,822,0.08675050735473633,0.9875221252441406,0.03321314975619316
,,,,,,,,,823,0.08624458312988281,0.9833946228027344,0.0408896878361702
,,,,,,,,,824,0.08652663230895996,0.9888267517089844,0.028468234464526176
,,,,,,,,,825,0.08618378639221191,0.9880561828613281,0.03203444182872772
,,,,,,,,,826,0.08629393577575684,0.9851264953613281,0.03834962099790573
,,,,,,,,,827,0.09017539024353027,0.9900989532470703,0.026113102212548256
,,,,,,,,,828,0.08637738227844238,0.9880962371826172,0.03095041774213314
,,,,,,,,,829,0.08757567405700684,0.9806499481201172,0.049833204597234726
,,,,,,,,,830,0.0866386890411377,0.9865264892578125,0.03475299850106239
,,,,,,,,,831,0.08913254737854004,0.9762916564941406,0.060548409819602966
,,,,,,,,,832,0.08643555641174316,0.9893512725830078,0.02922777086496353
,,,,,,,,,833,0.08640766143798828,0.9875621795654297,0.033938005566596985
,,,,,,,,,834,0.08795666694641113,0.9858245849609375,0.035636644810438156
,,,,,,,,,835,0.08644890785217285,0.9827232360839844,0.042868588119745255
,,,,,,,,,836,0.0883791446685791,0.9860897064208984,0.034771114587783813
,,,,,,,,,837,0.08675003051757812,0.9849319458007812,0.03928878903388977
,,,,,,,,,838,0.08632349967956543,0.9924354553222656,0.02231105975806713
,,,,,,,,,839,0.08632421493530273,0.9827861785888672,0.04431479424238205
,,,,,,,,,840,0.0864260196685791,0.985076904296875,0.03702520951628685
,,,,,,,,,841,0.09071588516235352,0.9885654449462891,0.028746193274855614
,,,,,,,,,842,0.08632016181945801,0.9933681488037109,0.020514504984021187
,,,,,,,,,843,0.08905482292175293,0.9860687255859375,0.03819989413022995
,,,,,,,,,844,0.08888101577758789,0.9886989593505859,0.028987331315875053
,,,,,,,,,845,0.08643031120300293,0.9878177642822266,0.0314994677901268
,,,,,,,,,846,0.08632588386535645,0.9843883514404297,0.03814777359366417
,,,,,,,,,847,0.08637261390686035,0.9886627197265625,0.030933238565921783
,,,,,,,,,848,0.08618569374084473,0.9839153289794922,0.04161481931805611
,,,,,,,,,849,0.08868527412414551,0.9881057739257812,0.03045855462551117
,,,,,,,,,850,0.08800768852233887,0.9912490844726562,0.025692440569400787
,,,,,,,,,851,0.08881521224975586,0.9865837097167969,0.033813755959272385
,,,,,,,,,852,0.08666396141052246,0.9838275909423828,0.044241681694984436
,,,,,,,,,853,0.08629631996154785,0.9878730773925781,0.03187756985425949
,,,,,,,,,854,0.08870625495910645,0.9919776916503906,0.022113461047410965
,,,,,,,,,855,0.0866551399230957,0.9878730773925781,0.03097742237150669
,,,,,,,,,856,0.08644461631774902,0.9790439605712891,0.0554204136133194
,,,,,,,,,857,0.08889508247375488,0.9820709228515625,0.048100411891937256
,,,,,,,,,858,0.08656883239746094,0.9843826293945312,0.040307190269231796
,,,,,,,,,859,0.0892786979675293,0.9814090728759766,0.041983988136053085
,,,,,,,,,860,0.08676791191101074,0.9882888793945312,0.03032572939991951
,,,,,,,,,861,0.09055089950561523,0.9924201965332031,0.022631390020251274
,,,,,,,,,862,0.08647608757019043,0.9892864227294922,0.0258322823792696
,,,,,,,,,863,0.0861654281616211,0.9857521057128906,0.036370664834976196
,,,,,,,,,864,0.08622598648071289,0.9858036041259766,0.03496677428483963
,,,,,,,,,865,0.08645749092102051,0.9939823150634766,0.018568608909845352
,,,,,,,,,866,0.08965706825256348,0.9880657196044922,0.03231162577867508
,,,,,,,,,867,0.0860743522644043,0.9828357696533203,0.04220147058367729
,,,,,,,,,868,0.08658981323242188,0.9861221313476562,0.03695021569728851
,,,,,,,,,869,0.08629298210144043,0.9881000518798828,0.03032730333507061
,,,,,,,,,870,0.08664274215698242,0.9882087707519531,0.029986897483468056
,,,,,,,,,871,0.09077930450439453,0.9865303039550781,0.033341098576784134
,,,,,,,,,872,0.08602333068847656,0.9860706329345703,0.03775398060679436
,,,,,,,,,873,0.08798766136169434,0.9880275726318359,0.03223744034767151
,,,,,,,,,874,0.08634614944458008,0.98822021484375,0.031353794038295746
,,,,,,,,,875,0.08643674850463867,0.9882755279541016,0.031234323978424072
,,,,,,,,,876,0.08868741989135742,0.9848003387451172,0.03909482806921005
,,,,,,,,,877,0.08642315864562988,0.9825611114501953,0.04667801782488823
,,,,,,,,,878,0.08617901802062988,0.9935264587402344,0.02077650837600231
,,,,,,,,,879,0.08630657196044922,0.9827632904052734,0.04630345106124878
,,,,,,,,,880,0.0879521369934082,0.9832324981689453,0.04211002588272095
,,,,,,,,,881,0.09081459045410156,0.9877052307128906,0.031671423465013504
,,,,,,,,,882,0.0867152214050293,0.9857521057128906,0.038172993808984756
,,,,,,,,,883,0.08626389503479004,0.9848270416259766,0.03862510621547699
,,,,,,,,,884,0.08683514595031738,0.9835910797119141,0.041666217148303986
,,,,,,,,,885,0.08664679527282715,0.9901504516601562,0.025965901091694832
,,,,,,,,,886,0.08751296997070312,0.9804248809814453,0.0605941005051136
,,,,,,,,,887,0.08689165115356445,0.9910259246826172,0.023457622155547142
,,,,,,,,,888,0.08868098258972168,0.9900646209716797,0.026621013879776
,,,,,,,,,889,0.08845663070678711,0.99066162109375,0.025631757453083992
,,,,,,,,,890,0.0862269401550293,0.9815635681152344,0.04899529740214348
,,,,,,,,,891,0.09110665321350098,0.9906768798828125,0.02777082473039627
,,,,,,,,,892,0.0864248275756836,0.9916667938232422,0.02305510826408863
,,,,,,,,,893,0.08641362190246582,0.9879226684570312,0.032417166978120804
,,,,,,,,,894,0.086822509765625,0.9839820861816406,0.0406501330435276
,,,,,,,,,895,0.0866701602935791,0.9871368408203125,0.03510826453566551
,,,,,,,,,896,0.08788633346557617,0.9876155853271484,0.03090912289917469
,,,,,,,,,897,0.08642148971557617,0.9921474456787109,0.021949417889118195
,,,,,,,,,898,0.08893847465515137,0.9910697937011719,0.02362501621246338
,,,,,,,,,899,0.08678054809570312,0.9722309112548828,0.0709909051656723
,,,,,,,,,900,0.08607125282287598,0.9886322021484375,0.03204203397035599
,,,,,,,,,901,0.0913534164428711,0.9883251190185547,0.028697794303297997
,,,,,,,,,902,0.08662676811218262,0.9637928009033203,0.08610715717077255
,,,,,,,,,903,0.08836817741394043,0.986419677734375,0.036384467035532
,,,,,,,,,904,0.08607721328735352,0.976806640625,0.04988682270050049
,,,,,,,,,905,0.0866842269897461,0.9849472045898438,0.034834954887628555
,,,,,,,,,906,0.08641529083251953,0.9906158447265625,0.027415143325924873
,,,,,,,,,907,0.08628249168395996,0.9864997863769531,0.037192195653915405
,,,,,,,,,908,0.08627772331237793,0.9824695587158203,0.04442020133137703
,,,,,,,,,909,0.08666825294494629,0.9936447143554688,0.020471811294555664
,,,,,,,,,910,0.0901038646697998,0.9786834716796875,0.054982949048280716
,,,,,,,,,911,0.09127092361450195,0.9911708831787109,0.026023058220744133
,,,,,,,,,912,0.08843183517456055,0.9874076843261719,0.03316528722643852
,,,,,,,,,913,0.08637475967407227,0.9859600067138672,0.03490828350186348
,,,,,,,,,914,0.08637666702270508,0.9848289489746094,0.03754551336169243
,,,,,,,,,915,0.08889460563659668,0.9829635620117188,0.04054379463195801
,,,,,,,,,916,0.0863640308380127,0.9915485382080078,0.02441362664103508
,,,,,,,,,917,0.0878303050994873,0.9870319366455078,0.03309380263090134
,,,,,,,,,918,0.0867002010345459,0.9877281188964844,0.03153344988822937
,,,,,,,,,919,0.08786153793334961,0.9888057708740234,0.029435861855745316
,,,,,,,,,920,0.08886408805847168,0.9887065887451172,0.029250573366880417
,,,,,,,,,921,0.09141206741333008,0.9857769012451172,0.03911963477730751
,,,,,,,,,922,0.08630537986755371,0.9915065765380859,0.022258974611759186
,,,,,,,,,923,0.08625245094299316,0.9802131652832031,0.05252508074045181
,,,,,,,,,924,0.0863344669342041,0.9918746948242188,0.022300058975815773
,,,,,,,,,925,0.08620524406433105,0.9884300231933594,0.02953682467341423
,,,,,,,,,926,0.08892154693603516,0.9899959564208984,0.025457359850406647
,,,,,,,,,927,0.08625054359436035,0.9899425506591797,0.02642291784286499
,,,,,,,,,928,0.08650422096252441,0.986663818359375,0.03737207129597664
,,,,,,,,,929,0.08653831481933594,0.9875869750976562,0.03376946970820427
,,,,,,,,,930,0.08626890182495117,0.9890613555908203,0.02718988247215748
,,,,,,,,,931,0.08886528015136719,0.9887657165527344,0.03069666400551796
,,,,,,,,,932,0.08631157875061035,0.9896354675292969,0.02946210466325283
,,,,,,,,,933,0.08911395072937012,0.9896469116210938,0.028301572427153587
,,,,,,,,,934,0.08629512786865234,0.9903316497802734,0.027591625228524208
,,,,,,,,,935,0.08662843704223633,0.98272705078125,0.04118487611413002
,,,,,,,,,936,0.08621788024902344,0.9876937866210938,0.03014524094760418
,,,,,,,,,937,0.08884620666503906,0.9896316528320312,0.027873646467924118
,,,,,,,,,938,0.0870051383972168,0.9884071350097656,0.029493987560272217
,,,,,,,,,939,0.08636784553527832,0.9835643768310547,0.04208816960453987
,,,,,,,,,940,0.08920741081237793,0.9895610809326172,0.02661932446062565
,,,,,,,,,941,0.09116673469543457,0.9841880798339844,0.0393124558031559
,,,,,,,,,942,0.08731746673583984,0.9899349212646484,0.02594299428164959
,,,,,,,,,943,0.08650970458984375,0.9844684600830078,0.043031852692365646
,,,,,,,,,944,0.0862579345703125,0.9851779937744141,0.04085450991988182
,,,,,,,,,945,0.08626484870910645,0.9781532287597656,0.052005019038915634
,,,,,,,,,946,0.08652186393737793,0.9848518371582031,0.038476284593343735
,,,,,,,,,947,0.0863654613494873,0.9796867370605469,0.05004284530878067
,,,,,,,,,948,0.0872812271118164,0.9904212951660156,0.024436885491013527
,,,,,,,,,949,0.08847427368164062,0.9843044281005859,0.04099074378609657
,,,,,,,,,950,0.08613276481628418,0.9917526245117188,0.023426370695233345
,,,,,,,,,951,0.09145808219909668,0.9830722808837891,0.044234536588191986
,,,,,,,,,952,0.08654212951660156,0.9896602630615234,0.026307199150323868
,,,,,,,,,953,0.08629155158996582,0.990447998046875,0.024075394496321678
,,,,,,,,,954,0.0887136459350586,0.9889278411865234,0.030680760741233826
,,,,,,,,,955,0.08641695976257324,0.9906291961669922,0.025712594389915466
,,,,,,,,,956,0.08897018432617188,0.9895915985107422,0.02850278653204441
,,,,,,,,,957,0.08675718307495117,0.9865550994873047,0.03407197818160057
,,,,,,,,,958,0.08656573295593262,0.9930629730224609,0.01821461133658886
,,,,,,,,,959,0.08841156959533691,0.9866771697998047,0.0359732024371624
,,,,,,,,,960,0.08802294731140137,0.983978271484375,0.04071083664894104
,,,,,,,,,961,0.09073448181152344,0.991058349609375,0.024092698469758034
,,,,,,,,,962,0.08635425567626953,0.9856796264648438,0.03566369414329529
,,,,,,,,,963,0.08890223503112793,0.9889945983886719,0.02946787141263485
,,,,,,,,,964,0.08853292465209961,0.9842929840087891,0.039671219885349274
,,,,,,,,,965,0.08672213554382324,0.9870853424072266,0.03359510377049446
,,,,,,,,,966,0.08634805679321289,0.9850902557373047,0.03999806195497513
,,,,,,,,,967,0.08633685111999512,0.9821605682373047,0.04280462861061096
,,,,,,,,,968,0.08629083633422852,0.9890556335449219,0.0274114478379488
,,,,,,,,,969,0.08640623092651367,0.98583984375,0.03519943356513977
,,,,,,,,,970,0.08699727058410645,0.9856681823730469,0.03556844964623451
,,,,,,,,,971,0.09125208854675293,0.9776191711425781,0.052119843661785126
,,,,,,,,,972,0.08806419372558594,0.9854927062988281,0.036660682410001755
,,,,,,,,,973,0.08629322052001953,0.9897689819335938,0.0294624175876379
,,,,,,,,,974,0.0865478515625,0.98736572265625,0.03547285497188568
,,,,,,,,,975,0.0864865779876709,0.9887561798095703,0.02860919013619423
,,,,,,,,,976,0.08860158920288086,0.9793357849121094,0.044470131397247314
,,,,,,,,,977,0.08640909194946289,0.9785442352294922,0.0508568212389946
,,,,,,,,,978,0.08635067939758301,0.9869289398193359,0.03331293538212776
,,,,,,,,,979,0.08876681327819824,0.9877357482910156,0.03109021857380867
,,,,,,,,,980,0.08656024932861328,0.9884185791015625,0.029435349628329277
,,,,,,,,,981,0.0889890193939209,0.9914455413818359,0.024420756846666336
,,,,,,,,,982,0.0863492488861084,0.9797840118408203,0.050178222358226776
,,,,,,,,,983,0.08631610870361328,0.9814853668212891,0.047767724841833115
,,,,,,,,,984,0.0872645378112793,0.9867763519287109,0.03424735739827156
,,,,,,,,,985,0.08639049530029297,0.9882564544677734,0.029263464733958244
,,,,,,,,,986,0.09057092666625977,0.9886665344238281,0.030001826584339142
,,,,,,,,,987,0.08695673942565918,0.9919605255126953,0.02241886593401432
,,,,,,,,,988,0.08643269538879395,0.9888076782226562,0.029857847839593887
,,,,,,,,,989,0.08657455444335938,0.9872817993164062,0.03500610217452049
,,,,,,,,,990,0.08647346496582031,0.9914665222167969,0.023841790854930878
,,,,,,,,,991,0.0911555290222168,0.9912109375,0.02648918889462948
,,,,,,,,,992,0.08646893501281738,0.9900798797607422,0.029316453263163567
,,,,,,,,,993,0.08913111686706543,0.9915657043457031,0.026204384863376617
,,,,,,,,,994,0.0863046646118164,0.9789218902587891,0.05420217663049698
,,,,,,,,,995,0.0868527889251709,0.9902400970458984,0.024856530129909515
,,,,,,,,,996,0.08624482154846191,0.9867496490478516,0.030984558165073395
,,,,,,,,,997,0.09671926498413086,0.9914951324462891,0.020817678421735764
,,,,,,,,,998,0.09720015525817871,0.9893436431884766,0.028383534401655197
,,,,,,,,,999,0.09698200225830078,0.9880275726318359,0.03401632606983185
0.7138107892019179,493755,267241,0.5549811670080835,0.9877737536810673,0.7802793116036163,0.6577776391574658,60532785,949035,1000,0.08855843544006348,0.9846458435058594,0.040400244295597076
,,,,,,,,,1001,0.09085297584533691,0.986846923828125,0.03370141610503197
,,,,,,,,,1002,0.08767318725585938,0.9904956817626953,0.023656565696001053
,,,,,,,,,1003,0.0884709358215332,0.9905681610107422,0.02522031031548977
,,,,,,,,,1004,0.09383916854858398,0.9846324920654297,0.039727889001369476
,,,,,,,,,1005,0.09130454063415527,0.9882736206054688,0.03118337318301201
,,,,,,,,,1006,0.08902144432067871,0.9876232147216797,0.03398407995700836
,,,,,,,,,1007,0.08823561668395996,0.9835395812988281,0.04325350001454353
,,,,,,,,,1008,0.08929800987243652,0.9875125885009766,0.03251718357205391
,,,,,,,,,1009,0.09212255477905273,0.9910392761230469,0.023908091709017754
,,,,,,,,,1010,0.08878827095031738,0.9909305572509766,0.02462674118578434
,,,,,,,,,1011,0.09074616432189941,0.9858474731445312,0.03553670644760132
,,,,,,,,,1012,0.08621358871459961,0.983673095703125,0.04104740545153618
,,,,,,,,,1013,0.0871269702911377,0.9882011413574219,0.029804622754454613
,,,,,,,,,1014,0.08636212348937988,0.9904136657714844,0.025132916867733
,,,,,,,,,1015,0.08623170852661133,0.9847145080566406,0.03771786764264107
,,,,,,,,,1016,0.08615422248840332,0.9830684661865234,0.04344784468412399
,,,,,,,,,1017,0.08739066123962402,0.9831352233886719,0.042718131095170975
,,,,,,,,,1018,0.08856320381164551,0.9909420013427734,0.023535490036010742
,,,,,,,,,1019,0.08672571182250977,0.9845542907714844,0.038092635571956635
,,,,,,,,,1020,0.08717823028564453,0.9798660278320312,0.0470040887594223
,,,,,,,,,1021,0.0885469913482666,0.98736572265625,0.029724113643169403
,,,,,,,,,1022,0.08622264862060547,0.98944091796875,0.027907367795705795
,,,,,,,,,1023,0.0865015983581543,0.9879646301269531,0.03176628425717354
,,,,,,,,,1024,0.08627700805664062,0.9837760925292969,0.04065721854567528
,,,,,,,,,1025,0.08671331405639648,0.9794864654541016,0.04991889372467995
,,,,,,,,,1026,0.09134531021118164,0.9902858734130859,0.02598663605749607
,,,,,,,,,1027,0.08971095085144043,0.9828872680664062,0.04372471198439598
,,,,,,,,,1028,0.08621764183044434,0.9889621734619141,0.028644908219575882
,,,,,,,,,1029,0.08648133277893066,0.9845600128173828,0.04133794829249382
,,,,,,,,,1030,0.0861506462097168,0.9952621459960938,0.015498361550271511
,,,,,,,,,1031,0.08873414993286133,0.9854259490966797,0.03508896753191948
,,,,,,,,,1032,0.08609843254089355,0.9874362945556641,0.032089412212371826
,,,,,,,,,1033,0.09735989570617676,0.9909152984619141,0.023800954222679138
,,,,,,,,,1034,0.08998894691467285,0.9879150390625,0.03151562064886093
,,,,,,,,,1035,0.08618927001953125,0.9896640777587891,0.02831501141190529
,,,,,,,,,1036,0.08709979057312012,0.9859485626220703,0.03730558976531029
,,,,,,,,,1037,0.08637499809265137,0.9881248474121094,0.03172222524881363
,,,,,,,,,1038,0.08620619773864746,0.9803905487060547,0.04724518582224846
,,,,,,,,,1039,0.08857870101928711,0.9857311248779297,0.03795351833105087
,,,,,,,,,1040,0.08613395690917969,0.9897117614746094,0.02493637055158615
,,,,,,,,,1041,0.08899307250976562,0.9876499176025391,0.030462535098195076
,,,,,,,,,1042,0.08628559112548828,0.98809814453125,0.03165136277675629
,,,,,,,,,1043,0.08728575706481934,0.9828033447265625,0.04435092210769653
,,,,,,,,,1044,0.08807182312011719,0.9896373748779297,0.02615409530699253
,,,,,,,,,1045,0.0861504077911377,0.9828910827636719,0.044609423726797104
,,,,,,,,,1046,0.0862419605255127,0.98974609375,0.02616729587316513
,,,,,,,,,1047,0.08614802360534668,0.9931793212890625,0.020733973011374474
,,,,,,,,,1048,0.08699631690979004,0.9836082458496094,0.04387536644935608
,,,,,,,,,1049,0.08834266662597656,0.989837646484375,0.027305619791150093
,,,,,,,,,1050,0.08743929862976074,0.9854106903076172,0.03823845461010933
,,,,,,,,,1051,0.0911552906036377,0.9899711608886719,0.027215249836444855
,,,,,,,,,1052,0.08607959747314453,0.9908523559570312,0.025019915774464607
,,,,,,,,,1053,0.08626747131347656,0.9908256530761719,0.02355319820344448
,,,,,,,,,1054,0.0876314640045166,0.9930171966552734,0.02030891552567482
,,,,,,,,,1055,0.08671808242797852,0.9871730804443359,0.032501835376024246
,,,,,,,,,1056,0.08862137794494629,0.9898605346679688,0.026750633493065834
,,,,,,,,,1057,0.08825349807739258,0.9809722900390625,0.04626094549894333
,,,,,,,,,1058,0.08620667457580566,0.9893627166748047,0.03099919483065605
,,,,,,,,,1059,0.08648109436035156,0.9918174743652344,0.022987404838204384
,,,,,,,,,1060,0.08640909194946289,0.9838085174560547,0.040169890969991684
,,,,,,,,,1061,0.09134364128112793,0.9896583557128906,0.02677246183156967
,,,,,,,,,1062,0.0863490104675293,0.985443115234375,0.03463192656636238
,,,,,,,,,1063,0.08629322052001953,0.9897975921630859,0.027117041870951653
,,,,,,,,,1064,0.08844947814941406,0.9915542602539062,0.023302726447582245
,,,,,,,,,1065,0.08672571182250977,0.9890270233154297,0.03010217659175396
,,,,,,,,,1066,0.08845806121826172,0.9865741729736328,0.03382065147161484
,,,,,,,,,1067,0.08648681640625,0.993499755859375,0.01825065352022648
,,,,,,,,,1068,0.08669042587280273,0.9800930023193359,0.05659874901175499
,,,,,,,,,1069,0.08632326126098633,0.9882736206054688,0.030519654974341393
,,,,,,,,,1070,0.08630633354187012,0.9802188873291016,0.04730696976184845
,,,,,,,,,1071,0.09340739250183105,0.9871883392333984,0.03180123493075371
,,,,,,,,,1072,0.08634185791015625,0.9887218475341797,0.03126741200685501
,,,,,,,,,1073,0.08673620223999023,0.9852294921875,0.035222478210926056
,,,,,,,,,1074,0.08633947372436523,0.9910469055175781,0.02490650862455368
,,,,,,,,,1075,0.08646464347839355,0.9885444641113281,0.029595449566841125
,,,,,,,,,1076,0.08635067939758301,0.9889869689941406,0.02875530533492565
,,,,,,,,,1077,0.0863029956817627,0.9843406677246094,0.041150908917188644
,,,,,,,,,1078,0.09046435356140137,0.9854373931884766,0.036340802907943726
,,,,,,,,,1079,0.08638978004455566,0.9763660430908203,0.06092941761016846
,,,,,,,,,1080,0.08767294883728027,0.9916267395019531,0.02538498118519783
,,,,,,,,,1081,0.09082293510437012,0.9841442108154297,0.03728543967008591
,,,,,,,,,1082,0.08615946769714355,0.9834957122802734,0.04164237156510353
,,,,,,,,,1083,0.08666396141052246,0.9902935028076172,0.02616388536989689
,,,,,,,,,1084,0.08626151084899902,0.9880447387695312,0.029262330383062363
,,,,,,,,,1085,0.08723235130310059,0.9889106750488281,0.026524659246206284
,,,,,,,,,1086,0.08643031120300293,0.9834442138671875,0.042245350778102875
,,,,,,,,,1087,0.08765506744384766,0.9909038543701172,0.026609590277075768
,,,,,,,,,1088,0.08868217468261719,0.98797607421875,0.030619343742728233
,,,,,,,,,1089,0.08631372451782227,0.9906978607177734,0.02574601024389267
,,,,,,,,,1090,0.08647346496582031,0.9902744293212891,0.026742149144411087
,,,,,,,,,1091,0.08879256248474121,0.9822540283203125,0.044316183775663376
,,,,,,,,,1092,0.08622312545776367,0.9911346435546875,0.02362450771033764
,,,,,,,,,1093,0.08662247657775879,0.9870929718017578,0.03223557025194168
,,,,,,,,,1094,0.08835744857788086,0.9873924255371094,0.03241982311010361
,,,,,,,,,1095,0.08672475814819336,0.9872093200683594,0.03269512206315994
,,,,,,,,,1096,0.08622360229492188,0.9879989624023438,0.03135603666305542
,,,,,,,,,1097,0.0864870548248291,0.9863166809082031,0.03594661131501198
,,,,,,,,,1098,0.08628034591674805,0.9871788024902344,0.03312409296631813
,,,,,,,,,1099,0.08640599250793457,0.9886932373046875,0.031289827078580856
,,,,,,,,,1100,0.08852291107177734,0.9896183013916016,0.02680106833577156
,,,,,,,,,1101,0.0906517505645752,0.9845466613769531,0.039449870586395264
,,,,,,,,,1102,0.08624053001403809,0.9898910522460938,0.025776436552405357
,,,,,,,,,1103,0.08656859397888184,0.9837398529052734,0.045316167175769806
,,,,,,,,,1104,0.08645367622375488,0.9889183044433594,0.02914300560951233
,,,,,,,,,1105,0.08854174613952637,0.9927444458007812,0.020012302324175835
,,,,,,,,,1106,0.0863959789276123,0.9927234649658203,0.021469734609127045
,,,,,,,,,1107,0.08637213706970215,0.9784564971923828,0.05486272647976875
,,,,,,,,,1108,0.08762598037719727,0.9856433868408203,0.034806251525878906
,,,,,,,,,1109,0.08620619773864746,0.9893016815185547,0.027575097978115082
,,,,,,,,,1110,0.08876228332519531,0.9887886047363281,0.028022481128573418
,,,,,,,,,1111,0.09118795394897461,0.984375,0.03815068304538727
,,,,,,,,,1112,0.08625531196594238,0.9879550933837891,0.030898740515112877
,,,,,,,,,1113,0.08638882637023926,0.9887256622314453,0.029913397505879402
,,,,,,,,,1114,0.08637642860412598,0.9851360321044922,0.03758620098233223
,,,,,,,,,1115,0.08764290809631348,0.9903964996337891,0.024911122396588326
,,,,,,,,,1116,0.08616209030151367,0.9891109466552734,0.02886800840497017
,,,,,,,,,1117,0.08918976783752441,0.9857139587402344,0.034034255892038345
,,,,,,,,,1118,0.08634781837463379,0.9852581024169922,0.039467353373765945
,,,,,,,,,1119,0.08623266220092773,0.9821147918701172,0.04587571695446968
,,,,,,,,,1120,0.08652114868164062,0.9885654449462891,0.029408695176243782
,,,,,,,,,1121,0.09091639518737793,0.9875545501708984,0.032581135630607605
,,,,,,,,,1122,0.08656740188598633,0.9856071472167969,0.038283150643110275
,,,,,,,,,1123,0.0862126350402832,0.9902782440185547,0.026717757806181908
,,,,,,,,,1124,0.08916687965393066,0.9909572601318359,0.02377297729253769
,,,,,,,,,1125,0.08650541305541992,0.9901256561279297,0.02755940705537796
,,,,,,,,,1126,0.08647847175598145,0.9906997680664062,0.024043789133429527
,,,,,,,,,1127,0.08876395225524902,0.9939556121826172,0.01880597323179245
,,,,,,,,,1128,0.08615517616271973,0.9821529388427734,0.04715440422296524
,,,,,,,,,1129,0.08624434471130371,0.9904727935791016,0.025751054286956787
,,,,,,,,,1130,0.08646821975708008,0.9919013977050781,0.02151433192193508
,,,,,,,,,1131,0.09309220314025879,0.9829025268554688,0.042173825204372406
,,,,,,,,,1132,0.0863804817199707,0.9925632476806641,0.020972024649381638
,,,,,,,,,1133,0.08694720268249512,0.9903888702392578,0.024978071451187134
,,,,,,,,,1134,0.08646392822265625,0.9862537384033203,0.033235132694244385
,,,,,,,,,1135,0.08641767501831055,0.9911231994628906,0.02378944493830204
,,,,,,,,,1136,0.08639359474182129,0.9919605255126953,0.021714413538575172
,,,,,,,,,1137,0.08620524406433105,0.9883365631103516,0.030656294897198677
,,,,,,,,,1138,0.08887910842895508,0.9887714385986328,0.02923237532377243
,,,,,,,,,1139,0.08676886558532715,0.9878406524658203,0.030234582722187042
,,,,,,,,,1140,0.0876319408416748,0.9877033233642578,0.030522044748067856
,,,,,,,,,1141,0.09093475341796875,0.9909439086914062,0.0230637788772583
,,,,,,,,,1142,0.08660221099853516,0.9814186096191406,0.04873715713620186
,,,,,,,,,1143,0.0864875316619873,0.9891414642333984,0.027726776897907257
,,,,,,,,,1144,0.08834433555603027,0.9896697998046875,0.025059599429368973
,,,,,,,,,1145,0.08638787269592285,0.9891090393066406,0.02965483069419861
,,,,,,,,,1146,0.0863046646118164,0.9825801849365234,0.045076917856931686
,,,,,,,,,1147,0.08820486068725586,0.9841136932373047,0.04385901242494583
,,,,,,,,,1148,0.08659672737121582,0.98870849609375,0.029617076739668846
,,,,,,,,,1149,0.08881664276123047,0.9896659851074219,0.027745945379137993
,,,,,,,,,1150,0.08616495132446289,0.9837837219238281,0.04022938013076782
,,,,,,,,,1151,0.09095144271850586,0.9883460998535156,0.030950913205742836
,,,,,,,,,1152,0.08630490303039551,0.9853496551513672,0.03723808005452156
,,,,,,,,,1153,0.08628988265991211,0.9861888885498047,0.03375256806612015
,,,,,,,,,1154,0.09053301811218262,0.9881114959716797,0.0315597839653492
,,,,,,,,,1155,0.08631682395935059,0.9863471984863281,0.031749118119478226
,,,,,,,,,1156,0.08681988716125488,0.9751930236816406,0.07409439235925674
,,,,,,,,,1157,0.08652353286743164,0.9795036315917969,0.04960368946194649
,,,,,,,,,1158,0.08642148971557617,0.9841327667236328,0.039441466331481934
,,,,,,,,,1159,0.08630013465881348,0.9851627349853516,0.037116438150405884
,,,,,,,,,1160,0.08626985549926758,0.9900951385498047,0.029601283371448517
,,,,,,,,,1161,0.09033536911010742,0.9899730682373047,0.02627216838300228
,,,,,,,,,1162,0.0863349437713623,0.9841766357421875,0.03749626874923706
,,,,,,,,,1163,0.08725118637084961,0.98834228515625,0.03368443623185158
,,,,,,,,,1164,0.08623528480529785,0.9854717254638672,0.03649365156888962
,,,,,,,,,1165,0.09827971458435059,0.9901847839355469,0.02689269743859768
,,,,,,,,,1166,0.09689760208129883,0.9856433868408203,0.0359467938542366
,,,,,,,,,1167,0.09427666664123535,0.9898815155029297,0.02637425996363163
,,,,,,,,,1168,0.08872556686401367,0.9858970642089844,0.0365632101893425
,,,,,,,,,1169,0.08667230606079102,0.9917659759521484,0.023883255198597908
,,,,,,,,,1170,0.08678269386291504,0.9911937713623047,0.022583002224564552
,,,,,,,,,1171,0.0909113883972168,0.9877414703369141,0.03128020465373993
,,,,,,,,,1172,0.08846545219421387,0.9825458526611328,0.04636640101671219
,,,,,,,,,1173,0.08649873733520508,0.9858684539794922,0.03490501642227173
,,,,,,,,,1174,0.08629584312438965,0.9880352020263672,0.028754500672221184
,,,,,,,,,1175,0.08653497695922852,0.9882049560546875,0.03229617327451706
,,,,,,,,,1176,0.08631300926208496,0.9852542877197266,0.03842258080840111
,,,,,,,,,1177,0.08632254600524902,0.9905681610107422,0.02422669157385826
,,,,,,,,,1178,0.08878040313720703,0.9898700714111328,0.02719902992248535
,,,,,,,,,1179,0.0886695384979248,0.9925537109375,0.021871570497751236
,,,,,,,,,1180,0.08636474609375,0.9879875183105469,0.03243409842252731
,,,,,,,,,1181,0.09133696556091309,0.9871482849121094,0.03163519874215126
,,,,,,,,,1182,0.08650970458984375,0.9852199554443359,0.03735354542732239
,,,,,,,,,1183,0.08637404441833496,0.9920463562011719,0.022260772064328194
,,,,,,,,,1184,0.08650517463684082,0.9804801940917969,0.05873582512140274
,,,,,,,,,1185,0.08671426773071289,0.9846725463867188,0.03860795870423317
,,,,,,,,,1186,0.08794689178466797,0.9907627105712891,0.025456836447119713
,,,,,,,,,1187,0.08611083030700684,0.9842548370361328,0.041277140378952026
,,,,,,,,,1188,0.08742475509643555,0.9857254028320312,0.035676807165145874
,,,,,,,,,1189,0.08678221702575684,0.9905128479003906,0.02617759257555008
,,,,,,,,,1190,0.0888361930847168,0.9891033172607422,0.02826123870909214
,,,,,,,,,1191,0.0909583568572998,0.9851036071777344,0.03861481696367264
,,,,,,,,,1192,0.0866234302520752,0.9828834533691406,0.041228946298360825
,,,,,,,,,1193,0.08807992935180664,0.9935626983642578,0.017855379730463028
,,,,,,,,,1194,0.08640837669372559,0.9853706359863281,0.035929203033447266
,,,,,,,,,1195,0.0906519889831543,0.986175537109375,0.03540030121803284
,,,,,,,,,1196,0.08650493621826172,0.9883880615234375,0.03433994576334953
,,,,,,,,,1197,0.08633065223693848,0.98577880859375,0.03857951983809471
,,,,,,,,,1198,0.0867164134979248,0.9897556304931641,0.02670702151954174
,,,,,,,,,1199,0.08647394180297852,0.989837646484375,0.02754667028784752
,,,,,,,,,1200,0.08938407897949219,0.9872989654541016,0.033302467316389084
,,,,,,,,,1201,0.08929109573364258,0.9879837036132812,0.031861498951911926
,,,,,,,,,1202,0.08800148963928223,0.988525390625,0.029758615419268608
,,,,,,,,,1203,0.08706140518188477,0.9882736206054688,0.032106902450323105
,,,,,,,,,1204,0.08630180358886719,0.9877433776855469,0.030714750289916992
,,,,,,,,,1205,0.08667850494384766,0.98687744140625,0.0328960195183754
,,,,,,,,,1206,0.08692812919616699,0.9883346557617188,0.030603360384702682
,,,,,,,,,1207,0.08634710311889648,0.9884777069091797,0.028385190293192863
,,,,,,,,,1208,0.08636283874511719,0.9828910827636719,0.0475882925093174
,,,,,,,,,1209,0.08842730522155762,0.9928607940673828,0.020331252366304398
,,,,,,,,,1210,0.0864555835723877,0.988494873046875,0.027703098952770233
,,,,,,,,,1211,0.0915369987487793,0.9891185760498047,0.029856648296117783
,,,,,,,,,1212,0.0865774154663086,0.9864978790283203,0.035474807024002075
,,,,,,,,,1213,0.08666205406188965,0.9833583831787109,0.03728479892015457
,,,,,,,,,1214,0.08640193939208984,0.9867172241210938,0.03417108952999115
,,,,,,,,,1215,0.08623719215393066,0.9825859069824219,0.04290212318301201
,,,,,,,,,1216,0.08912158012390137,0.9766311645507812,0.05938723310828209
,,,,,,,,,1217,0.0888667106628418,0.9831829071044922,0.04286084324121475
,,,,,,,,,1218,0.08711528778076172,0.9884586334228516,0.031092040240764618
,,,,,,,,,1219,0.08631014823913574,0.9841938018798828,0.0396173857152462
,,,,,,,,,1220,0.08694887161254883,0.9903144836425781,0.03032316453754902
,,,,,,,,,1221,0.0897367000579834,0.9896278381347656,0.0297293271869421
,,,,,,,,,1222,0.08612394332885742,0.9873943328857422,0.037807758897542953
,,,,,,,,,1223,0.08696699142456055,0.9913825988769531,0.02401316538453102
,,,,,,,,,1224,0.08651590347290039,0.9899635314941406,0.03057950921356678
,,,,,,,,,1225,0.08768320083618164,0.9812088012695312,0.04677838832139969
,,,,,,,,,1226,0.08646035194396973,0.9844722747802734,0.040530283004045486
,,,,,,,,,1227,0.08773350715637207,0.9900894165039062,0.025653483346104622
,,,,,,,,,1228,0.08626389503479004,0.9907798767089844,0.025872133672237396
,,,,,,,,,1229,0.08666157722473145,0.9873332977294922,0.03276825696229935
,,,,,,,,,1230,0.08631396293640137,0.9843730926513672,0.038104310631752014
,,,,,,,,,1231,0.0912172794342041,0.9876728057861328,0.0373341329395771
,,,,,,,,,1232,0.08847427368164062,0.9884796142578125,0.032111309468746185
,,,,,,,,,1233,0.08640193939208984,0.9832324981689453,0.04867760092020035
,,,,,,,,,1234,0.08867073059082031,0.9783515930175781,0.054046835750341415
,,,,,,,,,1235,0.08652997016906738,0.9869518280029297,0.03340848907828331
,,,,,,,,,1236,0.08672213554382324,0.9865760803222656,0.035980354994535446
,,,,,,,,,1237,0.08642196655273438,0.9857254028320312,0.035275716334581375
,,,,,,,,,1238,0.08712315559387207,0.9889793395996094,0.0282591562718153
,,,,,,,,,1239,0.09005594253540039,0.9840984344482422,0.04122591018676758
,,,,,,,,,1240,0.08681583404541016,0.9895420074462891,0.02864101715385914
,,,,,,,,,1241,0.09138131141662598,0.9904346466064453,0.02756798453629017
,,,,,,,,,1242,0.08658647537231445,0.9890403747558594,0.030871262773871422
,,,,,,,,,1243,0.08655166625976562,0.9797477722167969,0.049203138798475266
,,,,,,,,,1244,0.08782720565795898,0.9867115020751953,0.032175324857234955
,,,,,,,,,1245,0.08611607551574707,0.9879379272460938,0.030516456812620163
,,,,,,,,,1246,0.08785820007324219,0.9862136840820312,0.03569810837507248
,,,,,,,,,1247,0.08644437789916992,0.9869251251220703,0.034095849841833115
,,,,,,,,,1248,0.08772802352905273,0.9926738739013672,0.020847488194704056
,,,,,,,,,1249,0.08663439750671387,0.9899387359619141,0.026464048773050308
,,,,,,,,,1250,0.08640289306640625,0.9820899963378906,0.046973664313554764
,,,,,,,,,1251,0.08937644958496094,0.9899520874023438,0.027211448177695274
,,,,,,,,,1252,0.08630704879760742,0.9852447509765625,0.040636077523231506
,,,,,,,,,1253,0.08634805679321289,0.9832134246826172,0.04289993643760681
,,,,,,,,,1254,0.08648538589477539,0.9825878143310547,0.04497126489877701
,,,,,,,,,1255,0.08825135231018066,0.9854850769042969,0.036574721336364746
,,,,,,,,,1256,0.08840680122375488,0.9835662841796875,0.04052238538861275
,,,,,,,,,1257,0.08666396141052246,0.9875411987304688,0.03328840062022209
,,,,,,,,,1258,0.08634829521179199,0.9855365753173828,0.03641137853264809
,,,,,,,,,1259,0.08621978759765625,0.9879169464111328,0.032001372426748276
,,,,,,,,,1260,0.08661293983459473,0.9797134399414062,0.04946526139974594
,,,,,,,,,1261,0.09093356132507324,0.9875869750976562,0.031001416966319084
,,,,,,,,,1262,0.08867001533508301,0.9864406585693359,0.03427816182374954
,,,,,,,,,1263,0.08643293380737305,0.9789047241210938,0.050430379807949066
,,,,,,,,,1264,0.08653450012207031,0.9811210632324219,0.04439461603760719
,,,,,,,,,1265,0.08638739585876465,0.9878349304199219,0.03213080018758774
,,,,,,,,,1266,0.08673214912414551,0.9837970733642578,0.03894251585006714
,,,,,,,,,1267,0.0865321159362793,0.9888401031494141,0.029192930087447166
,,,,,,,,,1268,0.08631515502929688,0.9884700775146484,0.02842804230749607
,,,,,,,,,1269,0.08923149108886719,0.9860343933105469,0.03504705801606178
,,,,,,,,,1270,0.08632779121398926,0.9869670867919922,0.03213298320770264
,,,,,,,,,1271,0.09159493446350098,0.9882545471191406,0.032241642475128174
,,,,,,,,,1272,0.08637547492980957,0.9860553741455078,0.03578077256679535
,,,,,,,,,1273,0.08640027046203613,0.9907207489013672,0.023040510714054108
,,,,,,,,,1274,0.08632564544677734,0.9862117767333984,0.03198949247598648
,,,,,,,,,1275,0.08633995056152344,0.9857559204101562,0.03519953787326813
,,,,,,,,,1276,0.0867919921875,0.9866657257080078,0.035127636045217514
,,,,,,,,,1277,0.08632636070251465,0.9876651763916016,0.03115381859242916
,,,,,,,,,1278,0.08988094329833984,0.9851932525634766,0.03766439110040665
,,,,,,,,,1279,0.08635115623474121,0.9811840057373047,0.052567824721336365
,,,,,,,,,1280,0.08633732795715332,0.9845924377441406,0.03819240257143974
,,,,,,,,,1281,0.0910038948059082,0.9808197021484375,0.04611706733703613
,,,,,,,,,1282,0.0865468978881836,0.988494873046875,0.031566597521305084
,,,,,,,,,1283,0.08690929412841797,0.9880485534667969,0.032406192272901535
,,,,,,,,,1284,0.08635807037353516,0.9818401336669922,0.04676862806081772
,,,,,,,,,1285,0.08840584754943848,0.9899158477783203,0.026991141960024834
,,,,,,,,,1286,0.08646345138549805,0.9782752990722656,0.05697266757488251
,,,,,,,,,1287,0.08643317222595215,0.9905128479003906,0.027995221316814423
,,,,,,,,,1288,0.08844876289367676,0.9896984100341797,0.028476350009441376
,,,,,,,,,1289,0.08653402328491211,0.9852142333984375,0.039166029542684555
,,,,,,,,,1290,0.08684635162353516,0.9837665557861328,0.039525337517261505
,,,,,,,,,1291,0.09131455421447754,0.9851551055908203,0.037145230919122696
,,,,,,,,,1292,0.08947134017944336,0.9890003204345703,0.029108168557286263
,,,,,,,,,1293,0.08629226684570312,0.9859848022460938,0.0374937430024147
,,,,,,,,,1294,0.0866849422454834,0.9875717163085938,0.03449556231498718
,,,,,,,,,1295,0.08866119384765625,0.9883403778076172,0.029776448383927345
,,,,,,,,,1296,0.08630037307739258,0.9829082489013672,0.04806697741150856
,,,,,,,,,1297,0.08655118942260742,0.9851646423339844,0.03876958042383194
,,,,,,,,,1298,0.08631324768066406,0.9888744354248047,0.028726695105433464
,,,,,,,,,1299,0.08644318580627441,0.9926471710205078,0.020910849794745445
,,,,,,,,,1300,0.0888829231262207,0.9894790649414062,0.028942225500941277
,,,,,,,,,1301,0.09297418594360352,0.9850044250488281,0.03543824702501297
,,,,,,,,,1302,0.08607959747314453,0.9928188323974609,0.019901929423213005
,,,,,,,,,1303,0.0865929126739502,0.9888668060302734,0.02856539376080036
,,,,,,,,,1304,0.08661460876464844,0.9875030517578125,0.0311912652105093
,,,,,,,,,1305,0.08882570266723633,0.9917201995849609,0.023826856166124344
,,,,,,,,,1306,0.08629941940307617,0.9918251037597656,0.02425675094127655
,,,,,,,,,1307,0.08648037910461426,0.9859180450439453,0.03931514173746109
,,,,,,,,,1308,0.08815765380859375,0.9807910919189453,0.04745771363377571
,,,,,,,,,1309,0.08643317222595215,0.9916248321533203,0.024730486795306206
,,,,,,,,,1310,0.086517333984375,0.9881820678710938,0.02969355322420597
,,,,,,,,,1311,0.08863091468811035,0.9921016693115234,0.022046126425266266
,,,,,,,,,1312,0.08644986152648926,0.9902858734130859,0.02863392047584057
,,,,,,,,,1313,0.08624720573425293,0.9852561950683594,0.0364706888794899
,,,,,,,,,1314,0.08634042739868164,0.9872379302978516,0.03252929076552391
,,,,,,,,,1315,0.08824014663696289,0.9897518157958984,0.03010544367134571
,,,,,,,,,1316,0.08626842498779297,0.9860630035400391,0.035300564020872116
,,,,,,,,,1317,0.09020757675170898,0.9809761047363281,0.045787081122398376
,,,,,,,,,1318,0.08639693260192871,0.9878654479980469,0.03324694558978081
,,,,,,,,,1319,0.08652997016906738,0.9899864196777344,0.027607327327132225
,,,,,,,,,1320,0.08635139465332031,0.9886970520019531,0.02866397053003311
,,,,,,,,,1321,0.08901143074035645,0.9821853637695312,0.04328088462352753
,,,,,,,,,1322,0.08787727355957031,0.98297119140625,0.04082467034459114
,,,,,,,,,1323,0.08644318580627441,0.9885158538818359,0.029997367411851883
,,,,,,,,,1324,0.08760237693786621,0.9821338653564453,0.04495329409837723
,,,,,,,,,1325,0.0862436294555664,0.9906063079833984,0.025246931239962578
,,,,,,,,,1326,0.08640074729919434,0.9902935028076172,0.026044446974992752
,,,,,,,,,1327,0.0865774154663086,0.9905738830566406,0.025504320859909058
,,,,,,,,,1328,0.0864264965057373,0.980316162109375,0.05226835235953331
,,,,,,,,,1329,0.08690977096557617,0.9864273071289062,0.03568900749087334
,,,,,,,,,1330,0.08633804321289062,0.9854869842529297,0.035584449768066406
,,,,,,,,,1331,0.09308934211730957,0.98992919921875,0.026618797332048416
,,,,,,,,,1332,0.08643054962158203,0.9912395477294922,0.022616274654865265
,,,,,,,,,1333,0.0862741470336914,0.9863605499267578,0.03487000986933708
,,,,,,,,,1334,0.08684873580932617,0.9869499206542969,0.03354707360267639
,,,,,,,,,1335,0.08635926246643066,0.9862174987792969,0.03494973108172417
,,,,,,,,,1336,0.08648014068603516,0.9897136688232422,0.02804696187376976
,,,,,,,,,1337,0.08656048774719238,0.9834728240966797,0.042050693184137344
,,,,,,,,,1338,0.08912968635559082,0.9841861724853516,0.037647612392902374
,,,,,,,,,1339,0.08862900733947754,0.9843082427978516,0.03746791183948517
,,,,,,,,,1340,0.08671784400939941,0.9830646514892578,0.040701571851968765
,,,,,,,,,1341,0.09139013290405273,0.9917469024658203,0.023460907861590385
,,,,,,,,,1342,0.08646631240844727,0.9853630065917969,0.03672126308083534
,,,,,,,,,1343,0.08633041381835938,0.9859352111816406,0.03431762009859085
,,,,,,,,,1344,0.0887613296508789,0.9807395935058594,0.046205248683691025
,,,,,,,,,1345,0.08801841735839844,0.9858951568603516,0.03840241581201553
,,,,,,,,,1346,0.08647656440734863,0.9892520904541016,0.026421761140227318
,,,,,,,,,1347,0.08774971961975098,0.9892349243164062,0.026782961562275887
,,,,,,,,,1348,0.08623600006103516,0.9861660003662109,0.03444330021739006
,,,,,,,,,1349,0.08886313438415527,0.9898757934570312,0.028525803238153458
,,,,,,,,,1350,0.08661627769470215,0.9917068481445312,0.023550793528556824
,,,,,,,,,1351,0.09095263481140137,0.9899501800537109,0.025760846212506294
,,,,,,,,,1352,0.08633565902709961,0.9862079620361328,0.03837627172470093
,,,,,,,,,1353,0.08647680282592773,0.9897670745849609,0.02583063393831253
,,,,,,,,,1354,0.08801388740539551,0.9893016815185547,0.028417404741048813
,,,,,,,,,1355,0.08643603324890137,0.9887866973876953,0.028951503336429596
,,,,,,,,,1356,0.0893239974975586,0.9785251617431641,0.05594247207045555
,,,,,,,,,1357,0.08638834953308105,0.9897403717041016,0.02843032032251358
,,,,,,,,,1358,0.08661007881164551,0.978759765625,0.05154255032539368
,,,,,,,,,1359,0.08625936508178711,0.9889945983886719,0.030324671417474747
,,,,,,,,,1360,0.08638572692871094,0.9865474700927734,0.03484957292675972
,,,,,,,,,1361,0.09234404563903809,0.9862136840820312,0.03625542297959328
,,,,,,,,,1362,0.08645820617675781,0.9900569915771484,0.028725765645503998
,,,,,,,,,1363,0.08650755882263184,0.9920120239257812,0.022894959896802902
,,,,,,,,,1364,0.08683085441589355,0.9872455596923828,0.03557857125997543
,,,,,,,,,1365,0.08634543418884277,0.9865970611572266,0.03362201154232025
,,,,,,,,,1366,0.08858752250671387,0.990478515625,0.024175157770514488
,,,,,,,,,1367,0.0865483283996582,0.9867401123046875,0.03614681214094162
,,,,,,,,,1368,0.08789443969726562,0.9901008605957031,0.026453515514731407
,,,,,,,,,1369,0.08654236793518066,0.9823856353759766,0.04566366225481033
,,,,,,,,,1370,0.08829736709594727,0.9849414825439453,0.03754979744553566
,,,,,,,,,1371,0.09117364883422852,0.9820461273193359,0.0469837486743927
,,,,,,,,,1372,0.08654594421386719,0.9830036163330078,0.048734210431575775
,,,,,,,,,1373,0.0864558219909668,0.9882659912109375,0.03238007798790932
,,,,,,,,,1374,0.0862267017364502,0.9841442108154297,0.03707109019160271
,,,,,,,,,1375,0.08652448654174805,0.9883880615234375,0.0305589959025383
,,,,,,,,,1376,0.08630204200744629,0.9861640930175781,0.0329633466899395
,,,,,,,,,1377,0.08822345733642578,0.9910316467285156,0.023412372916936874
,,,,,,,,,1378,0.0890653133392334,0.9809532165527344,0.04982632026076317
,,,,,,,,,1379,0.08643865585327148,0.9893131256103516,0.02979540079832077
,,,,,,,,,1380,0.08644247055053711,0.9902877807617188,0.02477414906024933
,,,,,,,,,1381,0.08870196342468262,0.9869937896728516,0.03704366087913513
,,,,,,,,,1382,0.08630681037902832,0.9892501831054688,0.028168287128210068
,,,,,,,,,1383,0.08659648895263672,0.9872474670410156,0.03373851627111435
,,,,,,,,,1384,0.08793830871582031,0.9822826385498047,0.045329999178647995
,,,,,,,,,1385,0.0864560604095459,0.9870376586914062,0.03421800211071968
,,,,,,,,,1386,0.08703351020812988,0.9880771636962891,0.03285263478755951
,,,,,,,,,1387,0.08634424209594727,0.9903793334960938,0.02436175011098385
,,,,,,,,,1388,0.08827781677246094,0.9741172790527344,0.061446499079465866
,,,,,,,,,1389,0.08644270896911621,0.9864044189453125,0.03470583260059357
,,,,,,,,,1390,0.08668208122253418,0.9872989654541016,0.03341945633292198
,,,,,,,,,1391,0.09355854988098145,0.9885292053222656,0.030710820108652115
,,,,,,,,,1392,0.08640623092651367,0.9867191314697266,0.035235293209552765
,,,,,,,,,1393,0.08762979507446289,0.9840564727783203,0.04050659388303757
,,,,,,,,,1394,0.0864408016204834,0.9900074005126953,0.027404075488448143
,,,,,,,,,1395,0.08884954452514648,0.9916305541992188,0.023189354687929153
,,,,,,,,,1396,0.0863802433013916,0.9913272857666016,0.024486225098371506
,,,,,,,,,1397,0.08623671531677246,0.9910030364990234,0.027550499886274338
,,,,,,,,,1398,0.08712077140808105,0.9852199554443359,0.037093982100486755
,,,,,,,,,1399,0.08664798736572266,0.9900321960449219,0.027045059949159622
,,,,,,,,,1400,0.09006142616271973,0.9934425354003906,0.01905137114226818
,,,,,,,,,1401,0.08952999114990234,0.9891014099121094,0.02888060361146927
,,,,,,,,,1402,0.08659911155700684,0.9908027648925781,0.0256924107670784
,,,,,,,,,1403,0.08621644973754883,0.9868412017822266,0.039858706295490265
,,,,,,,,,1404,0.08649063110351562,0.9823265075683594,0.04308610409498215
,,,,,,,,,1405,0.08870220184326172,0.9890403747558594,0.030020879581570625
,,,,,,,,,1406,0.08637452125549316,0.9893913269042969,0.02728157490491867
,,,,,,,,,1407,0.08794617652893066,0.9872055053710938,0.03405887633562088
,,,,,,,,,1408,0.08645033836364746,0.9867210388183594,0.033594612032175064
,,,,,,,,,1409,0.08641409873962402,0.9838676452636719,0.039563219994306564
,,,,,,,,,1410,0.08643794059753418,0.9801712036132812,0.04666198790073395
,,,,,,,,,1411,0.09117674827575684,0.9908351898193359,0.026161715388298035
,,,,,,,,,1412,0.08647751808166504,0.9882774353027344,0.030779333785176277
,,,,,,,,,1413,0.08650755882263184,0.9848003387451172,0.039296966046094894
,,,,,,,,,1414,0.08796429634094238,0.9865245819091797,0.03798981010913849
,,,,,,,,,1415,0.08628129959106445,0.9877796173095703,0.03106987103819847
,,,,,,,,,1416,0.08620691299438477,0.9831905364990234,0.04080687835812569
,,,,,,,,,1417,0.08871126174926758,0.9916038513183594,0.0226435586810112
,,,,,,,,,1418,0.08628678321838379,0.9865493774414062,0.034467242658138275
,,,,,,,,,1419,0.08648467063903809,0.9663925170898438,0.0865330770611763
,,,,,,,,,1420,0.08627748489379883,0.9893627166748047,0.029896758496761322
,,,,,,,,,1421,0.09276199340820312,0.9876346588134766,0.030786782503128052
,,,,,,,,,1422,0.0863349437713623,0.9814567565917969,0.04651283100247383
,,,,,,,,,1423,0.08765554428100586,0.9879264831542969,0.030859636142849922
,,,,,,,,,1424,0.08664751052856445,0.9867591857910156,0.030698208138346672
,,,,,,,,,1425,0.08658385276794434,0.9880008697509766,0.029332328587770462
,,,,,,,,,1426,0.08658885955810547,0.9846038818359375,0.03901926055550575
,,,,,,,,,1427,0.08882308006286621,0.9943332672119141,0.017181264236569405
,,,,,,,,,1428,0.0878744125366211,0.9823951721191406,0.0414397269487381
,,,,,,,,,1429,0.0872049331665039,0.9908943176269531,0.024792907759547234
,,,,,,,,,1430,0.08745479583740234,0.9855575561523438,0.03571993112564087
,,,,,,,,,1431,0.09101271629333496,0.9898929595947266,0.027410222217440605
,,,,,,,,,1432,0.08623504638671875,0.9931735992431641,0.017974140122532845
,,,,,,,,,1433,0.0866851806640625,0.9911270141601562,0.026930322870612144
,,,,,,,,,1434,0.08656430244445801,0.9789257049560547,0.055992599576711655
,,,,,,,,,1435,0.08630585670471191,0.9874210357666016,0.0342339463531971
,,,,,,,,,1436,0.08641815185546875,0.9880828857421875,0.029477400705218315
,,,,,,,,,1437,0.08781599998474121,0.9841384887695312,0.0381571426987648
,,,,,,,,,1438,0.08623790740966797,0.9884090423583984,0.03016391023993492
,,,,,,,,,1439,0.08927011489868164,0.9881591796875,0.030753569677472115
,,,,,,,,,1440,0.08624124526977539,0.9824256896972656,0.04335266724228859
,,,,,,,,,1441,0.0906679630279541,0.9872264862060547,0.03260762244462967
,,,,,,,,,1442,0.08643889427185059,0.9829673767089844,0.04176105931401253
,,,,,,,,,1443,0.08640718460083008,0.9871883392333984,0.031876903027296066
,,,,,,,,,1444,0.09066653251647949,0.9904975891113281,0.025664059445261955
,,,,,,,,,1445,0.08660650253295898,0.9844722747802734,0.04163971543312073
,,,,,,,,,1446,0.08663368225097656,0.9914722442626953,0.021488938480615616
,,,,,,,,,1447,0.08656144142150879,0.9849433898925781,0.03965771943330765
,,,,,,,,,1448,0.08635568618774414,0.9924774169921875,0.021080991253256798
,,,,,,,,,1449,0.08848428726196289,0.9871006011962891,0.03259701281785965
,,,,,,,,,1450,0.08619356155395508,0.9907207489013672,0.02524774894118309
,,,,,,,,,1451,0.08987689018249512,0.9867496490478516,0.03556371480226517
,,,,,,,,,1452,0.08616447448730469,0.9932994842529297,0.019176866859197617
,,,,,,,,,1453,0.08692240715026855,0.9852619171142578,0.039366260170936584
,,,,,,,,,1454,0.08915138244628906,0.9862899780273438,0.0384100005030632
,,,,,,,,,1455,0.09656381607055664,0.9860115051269531,0.03385398909449577
,,,,,,,,,1456,0.09715771675109863,0.9871501922607422,0.03327253460884094
,,,,,,,,,1457,0.0883331298828125,0.9893341064453125,0.02762637846171856
,,,,,,,,,1458,0.08629345893859863,0.9828758239746094,0.04333832114934921
,,,,,,,,,1459,0.08626723289489746,0.9870815277099609,0.036115288734436035
,,,,,,,,,1460,0.08682131767272949,0.9929676055908203,0.020326802507042885
,,,,,,,,,1461,0.09119248390197754,0.9908638000488281,0.02629699930548668
,,,,,,,,,1462,0.08888506889343262,0.9919681549072266,0.022629257291555405
,,,,,,,,,1463,0.08638834953308105,0.9863395690917969,0.03517360985279083
,,,,,,,,,1464,0.0864861011505127,0.9888706207275391,0.028800655156373978
,,,,,,,,,1465,0.08632683753967285,0.9776363372802734,0.05725422501564026
,,,,,,,,,1466,0.0864248275756836,0.9891929626464844,0.027586214244365692
,,,,,,,,,1467,0.08635497093200684,0.9876480102539062,0.03234595060348511
,,,,,,,,,1468,0.08875632286071777,0.9816417694091797,0.04790767282247543
,,,,,,,,,1469,0.08794140815734863,0.9862613677978516,0.034182410687208176
,,,,,,,,,1470,0.08632874488830566,0.9881553649902344,0.03158039599657059
,,,,,,,,,1471,0.09147071838378906,0.9893150329589844,0.02721700444817543
,,,,,,,,,1472,0.08637833595275879,0.9879932403564453,0.029189493507146835
,,,,,,,,,1473,0.08626699447631836,0.9898872375488281,0.028956258669495583
,,,,,,,,,1474,0.08642578125,0.9747829437255859,0.06400267034769058
,,,,,,,,,1475,0.08665132522583008,0.9841938018798828,0.03985116258263588
,,,,,,,,,1476,0.08773970603942871,0.9852752685546875,0.036242127418518066
,,,,,,,,,1477,0.0865790843963623,0.9780864715576172,0.05378822609782219
,,,,,,,,,1478,0.08853507041931152,0.9885005950927734,0.02853820100426674
,,,,,,,,,1479,0.08658170700073242,0.9895706176757812,0.02836380898952484
,,,,,,,,,1480,0.08688712120056152,0.9889755249023438,0.02853233925998211
,,,,,,,,,1481,0.09100770950317383,0.9854335784912109,0.03654046356678009
,,,,,,,,,1482,0.0875239372253418,0.9924278259277344,0.021631527692079544
,,,,,,,,,1483,0.0865781307220459,0.9867973327636719,0.03520069271326065
,,,,,,,,,1484,0.08636975288391113,0.9836063385009766,0.039761289954185486
,,,,,,,,,1485,0.08990788459777832,0.9900836944580078,0.02852683514356613
,,,,,,,,,1486,0.08649134635925293,0.9870414733886719,0.033710263669490814
,,,,,,,,,1487,0.08640551567077637,0.9845790863037109,0.03711208328604698
,,,,,,,,,1488,0.08634114265441895,0.9896259307861328,0.02765662968158722
,,,,,,,,,1489,0.08650922775268555,0.9923057556152344,0.02288619801402092
,,,,,,,,,1490,0.0885322093963623,0.9933223724365234,0.019187508150935173
,,,,,,,,,1491,0.0909111499786377,0.9946918487548828,0.015502086840569973
,,,,,,,,,1492,0.08890509605407715,0.9787769317626953,0.05241594836115837
,,,,,,,,,1493,0.08631038665771484,0.9872360229492188,0.030558353289961815
,,,,,,,,,1494,0.08753657341003418,0.9866542816162109,0.03149176016449928
,,,,,,,,,1495,0.08852481842041016,0.9867458343505859,0.03542708978056908
,,,,,,,,,1496,0.08648371696472168,0.9895057678222656,0.026552608236670494
,,,,,,,,,1497,0.08697843551635742,0.9881076812744141,0.029587265104055405
,,,,,,,,,1498,0.08644771575927734,0.9883232116699219,0.031163960695266724
,,,,,,,,,1499,0.08899402618408203,0.9911003112792969,0.02466573379933834
0.6961153254985473,559420,211839,0.5338779871499895,0.9876088671823589,0.8065766442752023,0.6122651252087968,60588187,883370,1500,0.08635091781616211,0.9850921630859375,0.03517283499240875
,,,,,,,,,1501,0.08918285369873047,0.9889087677001953,0.028832226991653442
,,,,,,,,,1502,0.08637499809265137,0.9879436492919922,0.030649196356534958
,,,,,,,,,1503,0.08641314506530762,0.9826793670654297,0.042774926871061325
,,,,,,,,,1504,0.08639073371887207,0.9897937774658203,0.028836023062467575
,,,,,,,,,1505,0.08788156509399414,0.9876556396484375,0.030426980927586555
,,,,,,,,,1506,0.08891415596008301,0.9892559051513672,0.02694489061832428
,,,,,,,,,1507,0.08683395385742188,0.9908390045166016,0.023621203377842903
,,,,,,,,,1508,0.08642983436584473,0.99041748046875,0.02568734437227249
,,,,,,,,,1509,0.08642864227294922,0.9933185577392578,0.0187868382781744
,,,,,,,,,1510,0.08618450164794922,0.9895915985107422,0.027794908732175827
,,,,,,,,,1511,0.09140944480895996,0.9848575592041016,0.03731551766395569
,,,,,,,,,1512,0.08699321746826172,0.9864883422851562,0.035330839455127716
,,,,,,,,,1513,0.08628201484680176,0.9876308441162109,0.032112814486026764
,,,,,,,,,1514,0.08802938461303711,0.9914798736572266,0.022656651213765144
,,,,,,,,,1515,0.08659243583679199,0.9894008636474609,0.02711041457951069
,,,,,,,,,1516,0.08637332916259766,0.9918479919433594,0.020885972306132317
,,,,,,,,,1517,0.08642148971557617,0.9834671020507812,0.04515096917748451
,,,,,,,,,1518,0.08876776695251465,0.9859390258789062,0.03475485369563103
,,,,,,,,,1519,0.08683371543884277,0.9890708923339844,0.02817666344344616
,,,,,,,,,1520,0.08648920059204102,0.9888172149658203,0.030246181413531303
,,,,,,,,,1521,0.09274506568908691,0.9911994934082031,0.023625094443559647
,,,,,,,,,1522,0.08617496490478516,0.9809017181396484,0.04920791834592819
,,,,,,,,,1523,0.08644294738769531,0.9879837036132812,0.02939581498503685
,,,,,,,,,1524,0.08631443977355957,0.9857997894287109,0.03936003893613815
,,,,,,,,,1525,0.08650469779968262,0.9860553741455078,0.03371298313140869
,,,,,,,,,1526,0.08643412590026855,0.9918918609619141,0.022126097232103348
,,,,,,,,,1527,0.08633184432983398,0.9789352416992188,0.05397386476397514
,,,,,,,,,1528,0.09123444557189941,0.9786376953125,0.05397815257310867
,,,,,,,,,1529,0.08654189109802246,0.9896507263183594,0.026555271819233894
,,,,,,,,,1530,0.08646321296691895,0.9818248748779297,0.04576651006937027
,,,,,,,,,1531,0.09101057052612305,0.9880886077880859,0.029728109017014503
,,,,,,,,,1532,0.08639097213745117,0.979248046875,0.04765509068965912
,,,,,,,,,1533,0.08612394332885742,0.9904899597167969,0.025194214656949043
,,,,,,,,,1534,0.08639955520629883,0.9938030242919922,0.01955121010541916
,,,,,,,,,1535,0.08887910842895508,0.9888496398925781,0.028065301477909088
,,,,,,,,,1536,0.08635497093200684,0.9880790710449219,0.030316589400172234
,,,,,,,,,1537,0.08741927146911621,0.9862995147705078,0.03451018035411835
,,,,,,,,,1538,0.08657431602478027,0.9863014221191406,0.03477990999817848
,,,,,,,,,1539,0.08637213706970215,0.9903469085693359,0.025172263383865356
,,,,,,,,,1540,0.08820915222167969,0.9889583587646484,0.029718467965722084
,,,,,,,,,1541,0.09144258499145508,0.9864253997802734,0.035895876586437225
,,,,,,,,,1542,0.08687114715576172,0.9887866973876953,0.02999836765229702
,,,,,,,,,1543,0.08700370788574219,0.9915275573730469,0.0243989210575819
,,,,,,,,,1544,0.08785748481750488,0.9858551025390625,0.03210924565792084
,,,,,,,,,1545,0.0886833667755127,0.9830608367919922,0.04105493053793907
,,,,,,,,,1546,0.08634591102600098,0.9878864288330078,0.028101231902837753
,,,,,,,,,1547,0.0862569808959961,0.9870033264160156,0.03149174526333809
,,,,,,,,,1548,0.08664178848266602,0.9874935150146484,0.03239518031477928
,,,,,,,,,1549,0.08646678924560547,0.98968505859375,0.027293676510453224
,,,,,,,,,1550,0.08615541458129883,0.9886283874511719,0.028403514996170998
,,,,,,,,,1551,0.09165430068969727,0.9885845184326172,0.028840087354183197
,,,,,,,,,1552,0.08657217025756836,0.9874248504638672,0.03126838058233261
,,,,,,,,,1553,0.08620500564575195,0.9840030670166016,0.04018894582986832
,,,,,,,,,1554,0.08646345138549805,0.9894275665283203,0.02834300883114338
,,,,,,,,,1555,0.08646082878112793,0.9857673645019531,0.03405618667602539
,,,,,,,,,1556,0.0863039493560791,0.9894027709960938,0.02828853763639927
,,,,,,,,,1557,0.08869528770446777,0.9872303009033203,0.03209108114242554
,,,,,,,,,1558,0.08781242370605469,0.9864749908447266,0.03400583937764168
,,,,,,,,,1559,0.08638620376586914,0.9909725189208984,0.022866953164339066
,,,,,,,,,1560,0.08612442016601562,0.9881534576416016,0.028362955898046494
,,,,,,,,,1561,0.09113454818725586,0.9904651641845703,0.022948240861296654
,,,,,,,,,1562,0.08662819862365723,0.9876937866210938,0.03143781051039696
,,,,,,,,,1563,0.08627820014953613,0.9917564392089844,0.02321242168545723
,,,,,,,,,1564,0.08736991882324219,0.9915924072265625,0.021595345810055733
,,,,,,,,,1565,0.08790874481201172,0.9907779693603516,0.024691293016076088
,,,,,,,,,1566,0.08671903610229492,0.9868335723876953,0.033389829099178314
,,,,,,,,,1567,0.0899040699005127,0.9883499145507812,0.030320528894662857
,,,,,,,,,1568,0.08637523651123047,0.988433837890625,0.029825691133737564
,,,,,,,,,1569,0.08659005165100098,0.985748291015625,0.03528596833348274
,,,,,,,,,1570,0.08646726608276367,0.9853401184082031,0.03869985044002533
,,,,,,,,,1571,0.09077215194702148,0.9849643707275391,0.03916696459054947
,,,,,,,,,1572,0.08677077293395996,0.9885940551757812,0.027097467333078384
,,,,,,,,,1573,0.08628606796264648,0.9881649017333984,0.029653344303369522
,,,,,,,,,1574,0.09032535552978516,0.9870128631591797,0.036196932196617126
,,,,,,,,,1575,0.08651423454284668,0.989013671875,0.02942635677754879
,,,,,,,,,1576,0.0864100456237793,0.9841823577880859,0.04069476202130318
,,,,,,,,,1577,0.0865316390991211,0.9863510131835938,0.034924767911434174
,,,,,,,,,1578,0.08619332313537598,0.9853019714355469,0.0385623425245285
,,,,,,,,,1579,0.08693480491638184,0.9895954132080078,0.027742817997932434
,,,,,,,,,1580,0.08663201332092285,0.9837245941162109,0.03973371908068657
,,,,,,,,,1581,0.09369897842407227,0.9863567352294922,0.0339423231780529
,,,,,,,,,1582,0.08624124526977539,0.9892482757568359,0.026945339515805244
,,,,,,,,,1583,0.08680510520935059,0.9913787841796875,0.02279653586447239
,,,,,,,,,1584,0.08901071548461914,0.9894657135009766,0.02678268402814865
,,,,,,,,,1585,0.0862576961517334,0.9895458221435547,0.026795100420713425
,,,,,,,,,1586,0.08632731437683105,0.9944171905517578,0.016084592789411545
,,,,,,,,,1587,0.08739471435546875,0.9907131195068359,0.02435995638370514
,,,,,,,,,1588,0.08902096748352051,0.9836750030517578,0.04524025321006775
,,,,,,,,,1589,0.08926177024841309,0.9873905181884766,0.033401042222976685
,,,,,,,,,1590,0.08685493469238281,0.9819831848144531,0.04692230373620987
,,,,,,,,,1591,0.09106588363647461,0.9876232147216797,0.03020632639527321
,,,,,,,,,1592,0.0865781307220459,0.9939842224121094,0.017966998741030693
,,,,,,,,,1593,0.08617258071899414,0.9861507415771484,0.04001691937446594
,,,,,,,,,1594,0.08625531196594238,0.9815673828125,0.04520519822835922
,,,,,,,,,1595,0.08718395233154297,0.9861526489257812,0.036278847604990005
,,,,,,,,,1596,0.08672475814819336,0.9833259582519531,0.03879346325993538
,,,,,,,,,1597,0.0874185562133789,0.9860343933105469,0.033572837710380554
,,,,,,,,,1598,0.08645367622375488,0.9908504486083984,0.02429421991109848
,,,,,,,,,1599,0.08644866943359375,0.9837226867675781,0.03849317505955696
,,,,,,,,,1600,0.08616900444030762,0.9937782287597656,0.018573377281427383
,,,,,,,,,1601,0.09116458892822266,0.9888763427734375,0.02791135199368
,,,,,,,,,1602,0.08642292022705078,0.9932842254638672,0.01883424073457718
,,,,,,,,,1603,0.08632040023803711,0.9838123321533203,0.039852455258369446
,,,,,,,,,1604,0.08807015419006348,0.9881019592285156,0.03258729726076126
,,,,,,,,,1605,0.08627510070800781,0.9890518188476562,0.029837656766176224
,,,,,,,,,1606,0.08895635604858398,0.9886379241943359,0.0301657747477293
,,,,,,,,,1607,0.0867319107055664,0.9861984252929688,0.03460000455379486
,,,,,,,,,1608,0.08639192581176758,0.9886951446533203,0.03084789775311947
,,,,,,,,,1609,0.08636832237243652,0.9809379577636719,0.053544048219919205
,,,,,,,,,1610,0.08636307716369629,0.9792041778564453,0.051418788731098175
,,,,,,,,,1611,0.09206199645996094,0.9908885955810547,0.027029788121581078
,,,,,,,,,1612,0.08709573745727539,0.9869461059570312,0.03281042352318764
,,,,,,,,,1613,0.08732104301452637,0.9818477630615234,0.0457705482840538
,,,,,,,,,1614,0.08642220497131348,0.9842338562011719,0.0396062396466732
,,,,,,,,,1615,0.08635973930358887,0.9883213043212891,0.03249109908938408
,,,,,,,,,1616,0.08625984191894531,0.9841175079345703,0.04089336097240448
,,,,,,,,,1617,0.0865623950958252,0.9821338653564453,0.04556970298290253
,,,,,,,,,1618,0.09024620056152344,0.9791431427001953,0.052596814930438995
,,,,,,,,,1619,0.08628678321838379,0.9890041351318359,0.029225777834653854
,,,,,,,,,1620,0.08750009536743164,0.9919853210449219,0.022897174581885338
,,,,,,,,,1621,0.0911707878112793,0.9887523651123047,0.03024035319685936
,,,,,,,,,1622,0.0863955020904541,0.9891262054443359,0.02863762527704239
,,,,,,,,,1623,0.09287357330322266,0.9807510375976562,0.04964626953005791
,,,,,,,,,1624,0.0964207649230957,0.9892406463623047,0.026768362149596214
,,,,,,,,,1625,0.09683752059936523,0.9852027893066406,0.038036078214645386
,,,,,,,,,1626,0.08626437187194824,0.9877548217773438,0.030641915276646614
,,,,,,,,,1627,0.08635878562927246,0.9905281066894531,0.026362737640738487
,,,,,,,,,1628,0.08640837669372559,0.9913272857666016,0.023439036682248116
,,,,,,,,,1629,0.08803343772888184,0.9871749877929688,0.03273802250623703
,,,,,,,,,1630,0.08918285369873047,0.9866046905517578,0.032868243753910065
,,,,,,,,,1631,0.09170961380004883,0.9893341064453125,0.026871200650930405
,,,,,,,,,1632,0.08615946769714355,0.9848690032958984,0.03596344217658043
,,,,,,,,,1633,0.0861368179321289,0.9892082214355469,0.02715858817100525
,,,,,,,,,1634,0.08643484115600586,0.9865951538085938,0.03614210709929466
,,,,,,,,,1635,0.08873820304870605,0.9886722564697266,0.029002703726291656
,,,,,,,,,1636,0.08702874183654785,0.9856472015380859,0.03498579561710358
,,,,,,,,,1637,0.08649325370788574,0.9889354705810547,0.027170168235898018
,,,,,,,,,1638,0.08678722381591797,0.9885616302490234,0.02640308439731598
,,,,,,,,,1639,0.08647942543029785,0.9841575622558594,0.036624882370233536
,,,,,,,,,1640,0.08626580238342285,0.9889144897460938,0.028272468596696854
,,,,,,,,,1641,0.0907907485961914,0.9696388244628906,0.07154558598995209
,,,,,,,,,1642,0.08638787269592285,0.9863662719726562,0.03319280967116356
,,,,,,,,,1643,0.08685064315795898,0.9867439270019531,0.03310833498835564
,,,,,,,,,1644,0.08634233474731445,0.9906883239746094,0.024356648325920105
,,,,,,,,,1645,0.08883404731750488,0.9896144866943359,0.02650708518922329
,,,,,,,,,1646,0.0866539478302002,0.9910678863525391,0.023853445425629616
,,,,,,,,,1647,0.0888831615447998,0.9835720062255859,0.040810082107782364
,,,,,,,,,1648,0.08636355400085449,0.9880218505859375,0.03025796450674534
,,,,,,,,,1649,0.08630776405334473,0.9887180328369141,0.02794606238603592
,,,,,,,,,1650,0.08641481399536133,0.9913711547851562,0.022839613258838654
,,,,,,,,,1651,0.09147453308105469,0.9857120513916016,0.0379205197095871
,,,,,,,,,1652,0.08961725234985352,0.9874725341796875,0.03204189985990524
,,,,,,,,,1653,0.0869436264038086,0.9896354675292969,0.025407759472727776
,,,,,,,,,1654,0.08719515800476074,0.9895439147949219,0.027500947937369347
,,,,,,,,,1655,0.08630895614624023,0.9909610748291016,0.02182646282017231
,,,,,,,,,1656,0.08648395538330078,0.9858818054199219,0.037195511162281036
,,,,,,,,,1657,0.08841347694396973,0.9927291870117188,0.020083721727132797
,,,,,,,,,1658,0.08649420738220215,0.9903831481933594,0.027073195204138756
,,,,,,,,,1659,0.08896493911743164,0.9874439239501953,0.03357060253620148
,,,,,,,,,1660,0.08645033836364746,0.9860954284667969,0.03477797284722328
,,,,,,,,,1661,0.09204673767089844,0.9847297668457031,0.03760502487421036
,,,,,,,,,1662,0.08638191223144531,0.9899215698242188,0.025961505249142647
,,,,,,,,,1663,0.08647632598876953,0.9884777069091797,0.030568357557058334
,,,,,,,,,1664,0.08861112594604492,0.9873313903808594,0.03254252299666405
,,,,,,,,,1665,0.0863640308380127,0.9801044464111328,0.05136731639504433
,,,,,,,,,1666,0.08685874938964844,0.9893894195556641,0.030772175639867783
,,,,,,,,,1667,0.0866081714630127,0.9843959808349609,0.039422694593667984
,,,,,,,,,1668,0.08788895606994629,0.9882431030273438,0.03135134279727936
,,,,,,,,,1669,0.08879470825195312,0.9914665222167969,0.02576168067753315
,,,,,,,,,1670,0.08642745018005371,0.9888210296630859,0.028613122180104256
,,,,,,,,,1671,0.09113430976867676,0.9906902313232422,0.026041796430945396
,,,,,,,,,1672,0.08635449409484863,0.9909000396728516,0.026218362152576447
,,,,,,,,,1673,0.08630657196044922,0.9900760650634766,0.029103931039571762
,,,,,,,,,1674,0.08877682685852051,0.9833297729492188,0.04304756224155426
,,,,,,,,,1675,0.08791661262512207,0.9915390014648438,0.02229665033519268
,,,,,,,,,1676,0.08700442314147949,0.9864845275878906,0.03539742901921272
,,,,,,,,,1677,0.08667755126953125,0.9915237426757812,0.022843703627586365
,,,,,,,,,1678,0.08674454689025879,0.9846897125244141,0.039120741188526154
,,,,,,,,,1679,0.08665990829467773,0.9875755310058594,0.03355209529399872
,,,,,,,,,1680,0.08632516860961914,0.9896469116210938,0.026066720485687256
,,,,,,,,,1681,0.0919797420501709,0.9893074035644531,0.027893563732504845
,,,,,,,,,1682,0.08812642097473145,0.9907474517822266,0.024520691484212875
,,,,,,,,,1683,0.08627629280090332,0.9771823883056641,0.0572332963347435
,,,,,,,,,1684,0.08657622337341309,0.9886837005615234,0.026530247181653976
,,,,,,,,,1685,0.08655166625976562,0.9756584167480469,0.06244528666138649
,,,,,,,,,1686,0.08849000930786133,0.9893417358398438,0.026571474969387054
,,,,,,,,,1687,0.0862894058227539,0.9850482940673828,0.03651219606399536
,,,,,,,,,1688,0.08629012107849121,0.9878635406494141,0.03525689244270325
,,,,,,,,,1689,0.08687925338745117,0.9847240447998047,0.03889398276805878
,,,,,,,,,1690,0.08665657043457031,0.9825897216796875,0.045395154505968094
,,,,,,,,,1691,0.0923013687133789,0.9909725189208984,0.024565596133470535
,,,,,,,,,1692,0.08639001846313477,0.9887504577636719,0.029099630191922188
,,,,,,,,,1693,0.0865330696105957,0.9878101348876953,0.03273242339491844
,,,,,,,,,1694,0.08633971214294434,0.9920253753662109,0.028224050998687744
,,,,,,,,,1695,0.08635878562927246,0.9864673614501953,0.035661619156599045
,,,,,,,,,1696,0.08673882484436035,0.9850902557373047,0.040271151810884476
,,,,,,,,,1697,0.08641386032104492,0.9859256744384766,0.03722774609923363
,,,,,,,,,1698,0.08819842338562012,0.9915847778320312,0.023946639150381088
,,,,,,,,,1699,0.08652710914611816,0.9892215728759766,0.029250072315335274
,,,,,,,,,1700,0.08644247055053711,0.9873714447021484,0.03288516402244568
,,,,,,,,,1701,0.09067726135253906,0.9890270233154297,0.0282606054097414
,,,,,,,,,1702,0.0866391658782959,0.9812068939208984,0.048380590975284576
,,,,,,,,,1703,0.08636617660522461,0.9791450500488281,0.05173492059111595
,,,,,,,,,1704,0.0867757797241211,0.9903335571289062,0.02586178667843342
,,,,,,,,,1705,0.08956336975097656,0.9899177551269531,0.027468664571642876
,,,,,,,,,1706,0.08744645118713379,0.9875583648681641,0.03377546742558479
,,,,,,,,,1707,0.08669137954711914,0.9885501861572266,0.03016524203121662
,,,,,,,,,1708,0.08899164199829102,0.9898834228515625,0.02750909887254238
,,,,,,,,,1709,0.08658528327941895,0.9833793640136719,0.04133187606930733
,,,,,,,,,1710,0.08643674850463867,0.9834365844726562,0.04166940972208977
,,,,,,,,,1711,0.09113621711730957,0.99371337890625,0.018292274326086044
,,,,,,,,,1712,0.08780050277709961,0.9891681671142578,0.026165511459112167
,,,,,,,,,1713,0.08678746223449707,0.9891471862792969,0.028959309682250023
,,,,,,,,,1714,0.08858489990234375,0.9898395538330078,0.026446528732776642
,,,,,,,,,1715,0.08647704124450684,0.9882450103759766,0.030637148767709732
,,,,,,,,,1716,0.08645081520080566,0.9896564483642578,0.0291356910020113
,,,,,,,,,1717,0.08623647689819336,0.9907512664794922,0.02578057534992695
,,,,,,,,,1718,0.08845400810241699,0.9827136993408203,0.04495074972510338
,,,,,,,,,1719,0.0866541862487793,0.9920177459716797,0.021361101418733597
,,,,,,,,,1720,0.08696556091308594,0.9874019622802734,0.035977061837911606
,,,,,,,,,1721,0.09261822700500488,0.9797267913818359,0.050777822732925415
,,,,,,,,,1722,0.08656835556030273,0.9845237731933594,0.03841544687747955
,,,,,,,,,1723,0.08643054962158203,0.9836254119873047,0.04124732315540314
,,,,,,,,,1724,0.08624601364135742,0.9881362915039062,0.030232582241296768
,,,,,,,,,1725,0.08699464797973633,0.9869747161865234,0.033113621175289154
,,,,,,,,,1726,0.08635210990905762,0.9865665435791016,0.03474128246307373
,,,,,,,,,1727,0.0873267650604248,0.9875736236572266,0.03168186545372009
,,,,,,,,,1728,0.08822774887084961,0.9902305603027344,0.02530457265675068
,,,,,,,,,1729,0.08635568618774414,0.9879302978515625,0.0321359820663929
,,,,,,,,,1730,0.08894228935241699,0.9894828796386719,0.025283250957727432
,,,,,,,,,1731,0.09129881858825684,0.9835262298583984,0.04067346081137657
,,,,,,,,,1732,0.08639097213745117,0.9849910736083984,0.04003932699561119
,,,,,,,,,1733,0.0864415168762207,0.9887104034423828,0.02851671539247036
,,,,,,,,,1734,0.08655071258544922,0.9877395629882812,0.03257114812731743
,,,,,,,,,1735,0.08916401863098145,0.9862785339355469,0.0354059599339962
,,,,,,,,,1736,0.0864400863647461,0.9845695495605469,0.040730733424425125
,,,,,,,,,1737,0.08771634101867676,0.9861583709716797,0.03331434354186058
,,,,,,,,,1738,0.08655762672424316,0.992034912109375,0.021161338314414024
,,,,,,,,,1739,0.08632230758666992,0.9840354919433594,0.0395866334438324
,,,,,,,,,1740,0.0863487720489502,0.990692138671875,0.025730084627866745
,,,,,,,,,1741,0.09125685691833496,0.9893054962158203,0.02682376280426979
,,,,,,,,,1742,0.08829784393310547,0.9838409423828125,0.042246263474226
,,,,,,,,,1743,0.08651351928710938,0.9893665313720703,0.027662890031933784
,,,,,,,,,1744,0.08813738822937012,0.9866466522216797,0.0346059650182724
,,,,,,,,,1745,0.08632206916809082,0.9848423004150391,0.037518762052059174
,,,,,,,,,1746,0.08698320388793945,0.9922351837158203,0.020895950496196747
,,,,,,,,,1747,0.08863973617553711,0.9906349182128906,0.02358100935816765
,,,,,,,,,1748,0.08707976341247559,0.9885444641113281,0.028892407193779945
,,,,,,,,,1749,0.0864553451538086,0.9929542541503906,0.019919782876968384
,,,,,,,,,1750,0.0866692066192627,0.9890918731689453,0.028423333540558815
,,,,,,,,,1751,0.09131479263305664,0.9917678833007812,0.022275488823652267
,,,,,,,,,1752,0.08622026443481445,0.9852371215820312,0.037823956459760666
,,,,,,,,,1753,0.08773231506347656,0.9927654266357422,0.01914098858833313
,,,,,,,,,1754,0.08644914627075195,0.9922943115234375,0.02090948075056076
,,,,,,,,,1755,0.08641576766967773,0.9863262176513672,0.03438020125031471
,,,,,,,,,1756,0.08642697334289551,0.9839878082275391,0.04224421828985214
,,,,,,,,,1757,0.08649587631225586,0.9879245758056641,0.031521812081336975
,,,,,,,,,1758,0.0876779556274414,0.9866085052490234,0.033141929656267166
,,,,,,,,,1759,0.08781576156616211,0.9889507293701172,0.025278668850660324
,,,,,,,,,1760,0.08862900733947754,0.9861831665039062,0.037044502794742584
,,,,,,,,,1761,0.09107375144958496,0.9865245819091797,0.03540860116481781
,,,,,,,,,1762,0.08634757995605469,0.9883022308349609,0.028187904506921768
,,,,,,,,,1763,0.08670663833618164,0.9862232208251953,0.035147517919540405
,,,,,,,,,1764,0.08871316909790039,0.9898853302001953,0.02399951033294201
,,,,,,,,,1765,0.08645915985107422,0.9846038818359375,0.03831876069307327
,,,,,,,,,1766,0.08634519577026367,0.98590087890625,0.034452907741069794
,,,,,,,,,1767,0.08805561065673828,0.9913101196289062,0.024978157132864
,,,,,,,,,1768,0.08700776100158691,0.9842891693115234,0.04179907217621803
,,,,,,,,,1769,0.0889286994934082,0.9837417602539062,0.04318318888545036
,,,,,,,,,1770,0.08619070053100586,0.9878444671630859,0.029870685189962387
,,,,,,,,,1771,0.09103608131408691,0.9874210357666016,0.03259984031319618
,,,,,,,,,1772,0.08647537231445312,0.9859657287597656,0.033689115196466446
,,,,,,,,,1773,0.08719325065612793,0.9873275756835938,0.03239622339606285
,,,,,,,,,1774,0.09054136276245117,0.9874458312988281,0.03228875994682312
,,,,,,,,,1775,0.08616828918457031,0.9865932464599609,0.0358407199382782
,,,,,,,,,1776,0.08680272102355957,0.9880161285400391,0.02984258532524109
,,,,,,,,,1777,0.08657646179199219,0.9818534851074219,0.0422087162733078
,,,,,,,,,1778,0.08620691299438477,0.9892024993896484,0.028548825532197952
,,,,,,,,,1779,0.08632493019104004,0.9904670715332031,0.024183543398976326
,,,,,,,,,1780,0.08634591102600098,0.9896984100341797,0.027857530862092972
,,,,,,,,,1781,0.09085345268249512,0.9901847839355469,0.025480609387159348
,,,,,,,,,1782,0.08644843101501465,0.9911708831787109,0.02395019493997097
,,,,,,,,,1783,0.08741927146911621,0.9822616577148438,0.048009902238845825
,,,,,,,,,1784,0.08632397651672363,0.9765777587890625,0.05914638191461563
,,,,,,,,,1785,0.08666682243347168,0.9907779693603516,0.025738097727298737
,,,,,,,,,1786,0.08883285522460938,0.9877796173095703,0.031113021075725555
,,,,,,,,,1787,0.08635592460632324,0.9816074371337891,0.04619260132312775
,,,,,,,,,1788,0.08640313148498535,0.9864730834960938,0.03460903838276863
,,,,,,,,,1789,0.08605456352233887,0.9883136749267578,0.02849701978266239
,,,,,,,,,1790,0.08884215354919434,0.9903411865234375,0.024782072752714157
,,,,,,,,,1791,0.09170961380004883,0.9838371276855469,0.03969080001115799
,,,,,,,,,1792,0.08697843551635742,0.9913501739501953,0.02401190996170044
,,,,,,,,,1793,0.08662676811218262,0.9884185791015625,0.030882947146892548
,,,,,,,,,1794,0.08629751205444336,0.9847736358642578,0.03806768357753754
,,,,,,,,,1795,0.08637619018554688,0.9827213287353516,0.042376261204481125
,,,,,,,,,1796,0.08858132362365723,0.9917793273925781,0.02472328394651413
,,,,,,,,,1797,0.08943367004394531,0.9845466613769531,0.03908461704850197
,,,,,,,,,1798,0.08664321899414062,0.9860820770263672,0.03502931073307991
,,,,,,,,,1799,0.08758115768432617,0.9888896942138672,0.028073985129594803
,,,,,,,,,1800,0.08672809600830078,0.9911842346191406,0.024205315858125687
,,,,,,,,,1801,0.09106945991516113,0.9858570098876953,0.038188740611076355
,,,,,,,,,1802,0.08626842498779297,0.9914169311523438,0.023248329758644104
,,,,,,,,,1803,0.08626174926757812,0.9906883239746094,0.022928288206458092
,,,,,,,,,1804,0.08688235282897949,0.9864311218261719,0.03389944136142731
,,,,,,,,,1805,0.08634161949157715,0.9874134063720703,0.031762201339006424
,,,,,,,,,1806,0.08790755271911621,0.9901962280273438,0.025853920727968216
,,,,,,,,,1807,0.08687758445739746,0.9882068634033203,0.030648959800601006
,,,,,,,,,1808,0.08881950378417969,0.9894142150878906,0.028809519484639168
,,,,,,,,,1809,0.08646941184997559,0.9901180267333984,0.024193190038204193
,,,,,,,,,1810,0.08624601364135742,0.9905223846435547,0.023882854729890823
,,,,,,,,,1811,0.09080171585083008,0.9891757965087891,0.027400633320212364
,,,,,,,,,1812,0.08639025688171387,0.9919033050537109,0.02159767597913742
,,,,,,,,,1813,0.08899474143981934,0.9907417297363281,0.023159965872764587
,,,,,,,,,1814,0.08664703369140625,0.9914379119873047,0.023181628435850143
,,,,,,,,,1815,0.08659005165100098,0.9846706390380859,0.038993578404188156
,,,,,,,,,1816,0.08643817901611328,0.9868679046630859,0.03401288017630577
,,,,,,,,,1817,0.08688116073608398,0.9926528930664062,0.02110099606215954
,,,,,,,,,1818,0.08642387390136719,0.9872722625732422,0.03227928653359413
,,,,,,,,,1819,0.08657407760620117,0.9844303131103516,0.040816545486450195
,,,,,,,,,1820,0.09180736541748047,0.9905529022216797,0.025484204292297363
,,,,,,,,,1821,0.08955097198486328,0.9900093078613281,0.026152729988098145
,,,,,,,,,1822,0.08952116966247559,0.9887905120849609,0.02980184555053711
,,,,,,,,,1823,0.08637070655822754,0.9916114807128906,0.022662445902824402
,,,,,,,,,1824,0.08629465103149414,0.9836406707763672,0.0404353030025959
,,,,,,,,,1825,0.08871674537658691,0.9882106781005859,0.029795262962579727
,,,,,,,,,1826,0.08621335029602051,0.9918155670166016,0.02096799947321415
,,,,,,,,,1827,0.08706402778625488,0.989471435546875,0.031991008669137955
,,,,,,,,,1828,0.08640146255493164,0.9883079528808594,0.030609536916017532
,,,,,,,,,1829,0.08825063705444336,0.99029541015625,0.026118405163288116
,,,,,,,,,1830,0.08856821060180664,0.9889278411865234,0.030199509114027023
,,,,,,,,,1831,0.09145784378051758,0.9857978820800781,0.033950529992580414
,,,,,,,,,1832,0.08639311790466309,0.9867534637451172,0.03379097953438759
,,,,,,,,,1833,0.08673501014709473,0.9886817932128906,0.02999988943338394
,,,,,,,,,1834,0.08638501167297363,0.9806632995605469,0.048435378819704056
,,,,,,,,,1835,0.08649230003356934,0.9892024993896484,0.027964597567915916
,,,,,,,,,1836,0.08777141571044922,0.9907150268554688,0.024686165153980255
,,,,,,,,,1837,0.08682417869567871,0.9881877899169922,0.030766747891902924
,,,,,,,,,1838,0.08668923377990723,0.9886360168457031,0.029440542683005333
,,,,,,,,,1839,0.08621883392333984,0.9899692535400391,0.02584366872906685
,,,,,,,,,1840,0.08635187149047852,0.9837779998779297,0.04026384279131889
,,,,,,,,,1841,0.09110474586486816,0.9892063140869141,0.02708348073065281
,,,,,,,,,1842,0.08649516105651855,0.9834613800048828,0.03708238899707794
,,,,,,,,,1843,0.0881037712097168,0.9901046752929688,0.025622013956308365
,,,,,,,,,1844,0.08649349212646484,0.9852180480957031,0.03595351055264473
,,,,,,,,,1845,0.08753776550292969,0.9854526519775391,0.03749243915081024
,,,,,,,,,1846,0.08649301528930664,0.990264892578125,0.025242488831281662
,,,,,,,,,1847,0.08914566040039062,0.9895114898681641,0.028083795681595802
,,,,,,,,,1848,0.08631515502929688,0.9881954193115234,0.02927250973880291
,,,,,,,,,1849,0.08634567260742188,0.9917163848876953,0.02120071090757847
,,,,,,,,,1850,0.08785629272460938,0.9856395721435547,0.03673604875802994
,,,,,,,,,1851,0.09133744239807129,0.9859695434570312,0.03452972322702408
,,,,,,,,,1852,0.08793997764587402,0.9919490814208984,0.022186705842614174
,,,,,,,,,1853,0.08652973175048828,0.9899692535400391,0.02542615681886673
,,,,,,,,,1854,0.08660769462585449,0.9766273498535156,0.053204022347927094
,,,,,,,,,1855,0.08659672737121582,0.9869422912597656,0.032526880502700806
,,,,,,,,,1856,0.08663296699523926,0.9884090423583984,0.03063342161476612
,,,,,,,,,1857,0.08841061592102051,0.9828548431396484,0.04603096470236778
,,,,,,,,,1858,0.08625435829162598,0.9872684478759766,0.03135419264435768
,,,,,,,,,1859,0.08843302726745605,0.9907588958740234,0.02537328377366066
,,,,,,,,,1860,0.08661389350891113,0.9734153747558594,0.0648447573184967
,,,,,,,,,1861,0.09100031852722168,0.9865379333496094,0.034062713384628296
,,,,,,,,,1862,0.08659744262695312,0.9867000579833984,0.03302086889743805
,,,,,,,,,1863,0.08634090423583984,0.9871540069580078,0.03364495933055878
,,,,,,,,,1864,0.08854079246520996,0.9871425628662109,0.03192850202322006
,,,,,,,,,1865,0.08663654327392578,0.9884815216064453,0.03197372704744339
,,,,,,,,,1866,0.0887594223022461,0.9922809600830078,0.02070450782775879
,,,,,,,,,1867,0.08632588386535645,0.9895095825195312,0.025432894006371498
,,,,,,,,,1868,0.08734965324401855,0.9846553802490234,0.03830651938915253
,,,,,,,,,1869,0.0886237621307373,0.9907817840576172,0.02312745526432991
,,,,,,,,,1870,0.08654975891113281,0.9900169372558594,0.024949107319116592
,,,,,,,,,1871,0.09091758728027344,0.9831867218017578,0.04439861699938774
,,,,,,,,,1872,0.08658003807067871,0.9874172210693359,0.03187151625752449
,,,,,,,,,1873,0.08785128593444824,0.9865264892578125,0.033455751836299896
,,,,,,,,,1874,0.08860206604003906,0.9879798889160156,0.02886473573744297
,,,,,,,,,1875,0.0875704288482666,0.9852294921875,0.037608977407217026
,,,,,,,,,1876,0.08643221855163574,0.9895687103271484,0.02729785442352295
,,,,,,,,,1877,0.08724761009216309,0.9807357788085938,0.04822331666946411
,,,,,,,,,1878,0.08647990226745605,0.9846363067626953,0.03456825762987137
,,,,,,,,,1879,0.0863642692565918,0.9864482879638672,0.033788010478019714
,,,,,,,,,1880,0.08683657646179199,0.9868450164794922,0.03385554254055023
,,,,,,,,,1881,0.09128761291503906,0.9850406646728516,0.03787361830472946
,,,,,,,,,1882,0.08785820007324219,0.9895038604736328,0.02605126053094864
,,,,,,,,,1883,0.08649754524230957,0.9918117523193359,0.021680418401956558
,,,,,,,,,1884,0.087066650390625,0.9823074340820312,0.04073445498943329
,,,,,,,,,1885,0.08619451522827148,0.9869346618652344,0.034571100026369095
,,,,,,,,,1886,0.08916783332824707,0.9800949096679688,0.04677436873316765
,,,,,,,,,1887,0.08636760711669922,0.9929313659667969,0.019829366356134415
,,,,,,,,,1888,0.08728909492492676,0.9902553558349609,0.026810960844159126
,,,,,,,,,1889,0.08817625045776367,0.9838409423828125,0.03952664136886597
,,,,,,,,,1890,0.08620929718017578,0.98260498046875,0.03933125361800194
,,,,,,,,,1891,0.09194684028625488,0.9774513244628906,0.054380908608436584
,,,,,,,,,1892,0.08629155158996582,0.9899921417236328,0.027252495288848877
,,,,,,,,,1893,0.08663058280944824,0.9857444763183594,0.03422944247722626
,,,,,,,,,1894,0.08638763427734375,0.9864368438720703,0.032714664936065674
,,,,,,,,,1895,0.08622527122497559,0.9844379425048828,0.04116227850317955
,,,,,,,,,1896,0.09033966064453125,0.9850540161132812,0.035036250948905945
,,,,,,,,,1897,0.08652758598327637,0.9870471954345703,0.03595153987407684
,,,,,,,,,1898,0.0867617130279541,0.9859657287597656,0.03479411453008652
,,,,,,,,,1899,0.0865790843963623,0.9829635620117188,0.040401168167591095
,,,,,,,,,1900,0.08637046813964844,0.9855518341064453,0.0370522141456604
,,,,,,,,,1901,0.09117937088012695,0.9908943176269531,0.023822039365768433
,,,,,,,,,1902,0.08640384674072266,0.9881687164306641,0.02993941120803356
,,,,,,,,,1903,0.08712935447692871,0.9860439300537109,0.038971904665231705
,,,,,,,,,1904,0.08641576766967773,0.9858341217041016,0.03643947094678879
,,,,,,,,,1905,0.08847355842590332,0.9907989501953125,0.023827996104955673
,,,,,,,,,1906,0.08641648292541504,0.991973876953125,0.023169975727796555
,,,,,,,,,1907,0.08629202842712402,0.97955322265625,0.052310243248939514
,,,,,,,,,1908,0.08863115310668945,0.9879951477050781,0.03053431399166584
,,,,,,,,,1909,0.08648920059204102,0.9807167053222656,0.04984581097960472
,,,,,,,,,1910,0.08690357208251953,0.9890117645263672,0.030369117856025696
,,,,,,,,,1911,0.09133410453796387,0.9835109710693359,0.04090356081724167
,,,,,,,,,1912,0.0883185863494873,0.9848995208740234,0.03693762421607971
,,,,,,,,,1913,0.09692621231079102,0.9885787963867188,0.03365365415811539
,,,,,,,,,1914,0.09722709655761719,0.9839839935302734,0.04111078754067421
,,,,,,,,,1915,0.09779644012451172,0.9909343719482422,0.02373874932527542
,,,,,,,,,1916,0.08651137351989746,0.9814701080322266,0.0458952896296978
,,,,,,,,,1917,0.08631515502929688,0.9913711547851562,0.02314171940088272
,,,,,,,,,1918,0.08629655838012695,0.990234375,0.02601969800889492
,,,,,,,,,1919,0.08665084838867188,0.9931468963623047,0.019864853471517563
,,,,,,,,,1920,0.08865189552307129,0.9877986907958984,0.031191250309348106
,,,,,,,,,1921,0.0906836986541748,0.9841766357421875,0.04005593806505203
,,,,,,,,,1922,0.08628177642822266,0.9929580688476562,0.019413985311985016
,,,,,,,,,1923,0.08655285835266113,0.9858570098876953,0.03873145207762718
,,,,,,,,,1924,0.08644318580627441,0.9876899719238281,0.02937925234436989
,,,,,,,,,1925,0.08674955368041992,0.9865264892578125,0.035326290875673294
,,,,,,,,,1926,0.0861349105834961,0.9831352233886719,0.04430704936385155
,,,,,,,,,1927,0.08673477172851562,0.9937648773193359,0.02030249498784542
,,,,,,,,,1928,0.08707070350646973,0.9884986877441406,0.028856035321950912
,,,,,,,,,1929,0.08649945259094238,0.9935264587402344,0.017565932124853134
,,,,,,,,,1930,0.08860015869140625,0.9836292266845703,0.04351905733346939
,,,,,,,,,1931,0.0913083553314209,0.9938850402832031,0.01704324223101139
,,,,,,,,,1932,0.08637213706970215,0.9909877777099609,0.02394041419029236
,,,,,,,,,1933,0.08644223213195801,0.9870281219482422,0.03317085653543472
,,,,,,,,,1934,0.08653402328491211,0.9881629943847656,0.03102407045662403
,,,,,,,,,1935,0.0862886905670166,0.9819087982177734,0.04413985833525658
,,,,,,,,,1936,0.08634710311889648,0.9871463775634766,0.032038696110248566
,,,,,,,,,1937,0.0898435115814209,0.9896812438964844,0.025682276114821434
,,,,,,,,,1938,0.08646011352539062,0.9867782592773438,0.032174497842788696
,,,,,,,,,1939,0.08612489700317383,0.9884586334228516,0.028211325407028198
,,,,,,,,,1940,0.08643364906311035,0.9891757965087891,0.029491491615772247
,,,,,,,,,1941,0.09112787246704102,0.9905300140380859,0.022983012720942497
,,,,,,,,,1942,0.08642840385437012,0.9875659942626953,0.03326702117919922
,,,,,,,,,1943,0.08651113510131836,0.9843502044677734,0.03990210220217705
,,,,,,,,,1944,0.08812165260314941,0.9887466430664062,0.02867792174220085
,,,,,,,,,1945,0.08653998374938965,0.9875965118408203,0.03252299129962921
,,,,,,,,,1946,0.08757662773132324,0.9883613586425781,0.0294036827981472
,,,,,,,,,1947,0.08645749092102051,0.9830951690673828,0.03896652162075043
,,,,,,,,,1948,0.08633661270141602,0.988861083984375,0.02921842224895954
,,,,,,,,,1949,0.08861494064331055,0.9880771636962891,0.02779332548379898
,,,,,,,,,1950,0.08669233322143555,0.9903049468994141,0.02333572693169117
,,,,,,,,,1951,0.09184098243713379,0.9900493621826172,0.029250293970108032
,,,,,,,,,1952,0.08647036552429199,0.9805068969726562,0.042685914784669876
,,,,,,,,,1953,0.08766508102416992,0.9895305633544922,0.02928929775953293
,,,,,,,,,1954,0.0888979434967041,0.9847774505615234,0.036899179220199585
,,,,,,,,,1955,0.0862724781036377,0.9895896911621094,0.028442833572626114
,,,,,,,,,1956,0.08630061149597168,0.9888496398925781,0.03178119659423828
,,,,,,,,,1957,0.08635783195495605,0.9840908050537109,0.04577687382698059
,,,,,,,,,1958,0.08693909645080566,0.9886512756347656,0.029096830636262894
,,,,,,,,,1959,0.08847856521606445,0.9899387359619141,0.02573520876467228
,,,,,,,,,1960,0.08821487426757812,0.9876842498779297,0.03303933143615723
,,,,,,,,,1961,0.09085202217102051,0.9920024871826172,0.02384014241397381
,,,,,,,,,1962,0.08621835708618164,0.9850425720214844,0.04315629228949547
,,,,,,,,,1963,0.08627533912658691,0.9839878082275391,0.04006098210811615
,,,,,,,,,1964,0.0887293815612793,0.9851760864257812,0.03570220246911049
,,,,,,,,,1965,0.08615326881408691,0.9825553894042969,0.04012000188231468
,,,,,,,,,1966,0.08658671379089355,0.9841461181640625,0.04027663916349411
,,,,,,,,,1967,0.08838200569152832,0.9894351959228516,0.026951361447572708
,,,,,,,,,1968,0.08633255958557129,0.9824371337890625,0.04475346952676773
,,,,,,,,,1969,0.0888519287109375,0.9866123199462891,0.036266960203647614
,,,,,,,,,1970,0.08674454689025879,0.9887485504150391,0.03378184139728546
,,,,,,,,,1971,0.08939528465270996,0.9840621948242188,0.04317828640341759
,,,,,,,,,1972,0.08666872978210449,0.9894371032714844,0.027987422421574593
,,,,,,,,,1973,0.08634328842163086,0.990264892578125,0.027064666152000427
,,,,,,,,,1974,0.08827090263366699,0.9868202209472656,0.030587367713451385
,,,,,,,,,1975,0.08667373657226562,0.9900894165039062,0.027783159166574478
,,,,,,,,,1976,0.08979678153991699,0.9873409271240234,0.03297979757189751
,,,,,,,,,1977,0.08646321296691895,0.9731674194335938,0.07207046449184418
,,,,,,,,,1978,0.08629727363586426,0.9890785217285156,0.02944851666688919
,,,,,,,,,1979,0.08623027801513672,0.9896068572998047,0.02730473130941391
,,,,,,,,,1980,0.08624482154846191,0.9907989501953125,0.02527511678636074
,,,,,,,,,1981,0.09106230735778809,0.9878864288330078,0.031066235154867172
,,,,,,,,,1982,0.08659529685974121,0.9899158477783203,0.026273949071764946
,,,,,,,,,1983,0.08842802047729492,0.9871501922607422,0.03227459639310837
,,,,,,,,,1984,0.08649492263793945,0.9901332855224609,0.02660391665995121
,,,,,,,,,1985,0.08633184432983398,0.9907073974609375,0.025627203285694122
,,,,,,,,,1986,0.08858656883239746,0.9862995147705078,0.03572184965014458
,,,,,,,,,1987,0.08643174171447754,0.9862194061279297,0.03363842889666557
,,,,,,,,,1988,0.08636093139648438,0.98236083984375,0.046329692006111145
,,,,,,,,,1989,0.08649063110351562,0.9891128540039062,0.027662213891744614
,,,,,,,,,1990,0.0888361930847168,0.9839725494384766,0.043275732547044754
,,,,,,,,,1991,0.09093761444091797,0.9880466461181641,0.030132243409752846
,,,,,,,,,1992,0.08661508560180664,0.9877395629882812,0.02941003255546093
,,,,,,,,,1993,0.08627843856811523,0.9837837219238281,0.03982430323958397
,,,,,,,,,1994,0.08642077445983887,0.9903297424316406,0.025329655036330223
,,,,,,,,,1995,0.08629989624023438,0.9872493743896484,0.03261132165789604
,,,,,,,,,1996,0.0864408016204834,0.9836349487304688,0.040665093809366226
,,,,,,,,,1997,0.08874726295471191,0.9885845184326172,0.029028091579675674
,,,,,,,,,1998,0.08885908126831055,0.9846572875976562,0.037519022822380066
,,,,,,,,,1999,0.08672451972961426,0.9856719970703125,0.036333706229925156
0.7132458801133208,501998,254476,0.5542985012366948,0.9878464046356772,0.7870971196417874,0.6520644029969711,60545550,940792,2000,0.08628726005554199,0.9855194091796875,0.03682247921824455
,,,,,,,,,2001,0.09071922302246094,0.9793872833251953,0.051442839205265045
,,,,,,,,,2002,0.08667397499084473,0.9921131134033203,0.02300122007727623
,,,,,,,,,2003,0.08628487586975098,0.9897670745849609,0.02483522519469261
,,,,,,,,,2004,0.08910393714904785,0.9861888885498047,0.03214511275291443
,,,,,,,,,2005,0.08783626556396484,0.9871883392333984,0.03430519998073578
,,,,,,,,,2006,0.08648300170898438,0.9915370941162109,0.021830687299370766
,,,,,,,,,2007,0.08620095252990723,0.9867095947265625,0.03287486359477043
,,,,,,,,,2008,0.08610153198242188,0.9839191436767578,0.04082241654396057
,,,,,,,,,2009,0.08880162239074707,0.9904537200927734,0.024347547441720963
,,,,,,,,,2010,0.08606648445129395,0.9897422790527344,0.025646455585956573
,,,,,,,,,2011,0.08942079544067383,0.981719970703125,0.04708397760987282
,,,,,,,,,2012,0.08836889266967773,0.9871253967285156,0.03417230024933815
,,,,,,,,,2013,0.08623838424682617,0.9898662567138672,0.02727171964943409
,,,,,,,,,2014,0.0889730453491211,0.9862213134765625,0.03448544815182686
,,,,,,,,,2015,0.08635139465332031,0.9818344116210938,0.045003846287727356
,,,,,,,,,2016,0.08649563789367676,0.9843177795410156,0.040491845458745956
,,,,,,,,,2017,0.08615922927856445,0.9895381927490234,0.028522877022624016
,,,,,,,,,2018,0.08618712425231934,0.9865436553955078,0.03288804367184639
,,,,,,,,,2019,0.08696293830871582,0.9847698211669922,0.039125025272369385
,,,,,,,,,2020,0.08640003204345703,0.9881877899169922,0.03256494551897049
,,,,,,,,,2021,0.0936279296875,0.989532470703125,0.029459796845912933
,,,,,,,,,2022,0.08627724647521973,0.9831161499023438,0.041434649378061295
,,,,,,,,,2023,0.08720612525939941,0.9905910491943359,0.024702217429876328
,,,,,,,,,2024,0.08633732795715332,0.992919921875,0.020746618509292603
,,,,,,,,,2025,0.08631086349487305,0.9888591766357422,0.028839539736509323
,,,,,,,,,2026,0.08859515190124512,0.9878463745117188,0.03319931775331497
,,,,,,,,,2027,0.08629631996154785,0.9871482849121094,0.033666688948869705
,,,,,,,,,2028,0.08798861503601074,0.9894237518310547,0.025835800915956497
,,,,,,,,,2029,0.08630084991455078,0.9812850952148438,0.044221553951501846
,,,,,,,,,2030,0.08693337440490723,0.9887447357177734,0.028614386916160583
,,,,,,,,,2031,0.09127473831176758,0.9790267944335938,0.05416840314865112
,,,,,,,,,2032,0.08626198768615723,0.98974609375,0.026580078527331352
,,,,,,,,,2033,0.08609867095947266,0.9804210662841797,0.05157884582877159
,,,,,,,,,2034,0.08627533912658691,0.9877357482910156,0.02931763418018818
,,,,,,,,,2035,0.08825445175170898,0.9880180358886719,0.029304251074790955
,,,,,,,,,2036,0.08822774887084961,0.988433837890625,0.028422439470887184
,,,,,,,,,2037,0.08678555488586426,0.9870815277099609,0.03511541709303856
,,,,,,,,,2038,0.08662080764770508,0.9878349304199219,0.031170791015028954
,,,,,,,,,2039,0.08612251281738281,0.9859447479248047,0.03656666353344917
,,,,,,,,,2040,0.08623790740966797,0.9833526611328125,0.03709758073091507
,,,,,,,,,2041,0.09107232093811035,0.9884624481201172,0.0314648374915123
,,,,,,,,,2042,0.08697199821472168,0.9910469055175781,0.02358379401266575
,,,,,,,,,2043,0.08647537231445312,0.9918346405029297,0.02282717078924179
,,,,,,,,,2044,0.08758950233459473,0.977752685546875,0.06185572221875191
,,,,,,,,,2045,0.08640503883361816,0.9812774658203125,0.0477411113679409
,,,,,,,,,2046,0.0860145092010498,0.9914741516113281,0.02177141234278679
,,,,,,,,,2047,0.08647823333740234,0.978851318359375,0.05285558104515076
,,,,,,,,,2048,0.08857846260070801,0.9864978790283203,0.033580366522073746
,,,,,,,,,2049,0.08674049377441406,0.9818286895751953,0.0448196604847908
,,,,,,,,,2050,0.08627152442932129,0.9850921630859375,0.03611350804567337
,,,,,,,,,2051,0.09289145469665527,0.9867324829101562,0.032143086194992065
,,,,,,,,,2052,0.08646607398986816,0.987030029296875,0.03485843911767006
,,,,,,,,,2053,0.08632516860961914,0.9895286560058594,0.028660599142313004
,,,,,,,,,2054,0.08625507354736328,0.9851779937744141,0.036411136388778687
,,,,,,,,,2055,0.08621788024902344,0.9933891296386719,0.019789598882198334
,,,,,,,,,2056,0.0865929126739502,0.9917850494384766,0.022463662549853325
,,,,,,,,,2057,0.08663749694824219,0.9898185729980469,0.028473924845457077
,,,,,,,,,2058,0.09006619453430176,0.97088623046875,0.06543686985969543
,,,,,,,,,2059,0.08613348007202148,0.9893932342529297,0.02878539077937603
,,,,,,,,,2060,0.0865182876586914,0.9858779907226562,0.039089590311050415
,,,,,,,,,2061,0.09166598320007324,0.9916591644287109,0.02302902564406395
,,,,,,,,,2062,0.08609843254089355,0.9876976013183594,0.03240925446152687
,,,,,,,,,2063,0.0862722396850586,0.985992431640625,0.04065850377082825
,,,,,,,,,2064,0.08616828918457031,0.9880962371826172,0.029737001284956932
,,,,,,,,,2065,0.08853864669799805,0.9882526397705078,0.03136195242404938
,,,,,,,,,2066,0.08622932434082031,0.9882926940917969,0.028520110994577408
,,,,,,,,,2067,0.08669304847717285,0.9821834564208984,0.04400446265935898
,,,,,,,,,2068,0.08616018295288086,0.9892768859863281,0.028229789808392525
,,,,,,,,,2069,0.08646583557128906,0.9841690063476562,0.0400315560400486
,,,,,,,,,2070,0.08845877647399902,0.9873085021972656,0.032696254551410675
,,,,,,,,,2071,0.09078192710876465,0.9767913818359375,0.05519648268818855
,,,,,,,,,2072,0.08687734603881836,0.9878005981445312,0.03093259036540985
,,,,,,,,,2073,0.08604145050048828,0.9918804168701172,0.020029667764902115
,,,,,,,,,2074,0.0879366397857666,0.9860000610351562,0.03506868705153465
,,,,,,,,,2075,0.08905768394470215,0.9870796203613281,0.030533695593476295
,,,,,,,,,2076,0.08626055717468262,0.9882164001464844,0.028290746733546257
,,,,,,,,,2077,0.08595085144042969,0.9885845184326172,0.02864726446568966
,,,,,,,,,2078,0.08646941184997559,0.9827384948730469,0.04150755703449249
,,,,,,,,,2079,0.08641910552978516,0.9907169342041016,0.023771192878484726
,,,,,,,,,2080,0.08835339546203613,0.9873943328857422,0.03262084349989891
,,,,,,,,,2081,0.09191679954528809,0.9939346313476562,0.017330056056380272
,,,,,,,,,2082,0.09621858596801758,0.9828586578369141,0.04176091402769089
,,,,,,,,,2083,0.09847903251647949,0.9870281219482422,0.03284180536866188
,,,,,,,,,2084,0.09682989120483398,0.9872207641601562,0.03239322081208229
,,,,,,,,,2085,0.08633613586425781,0.9856758117675781,0.03591785952448845
,,,,,,,,,2086,0.08618450164794922,0.9878559112548828,0.0300768855959177
,,,,,,,,,2087,0.08825159072875977,0.9766120910644531,0.053742993623018265
,,,,,,,,,2088,0.08663129806518555,0.9851741790771484,0.038480646908283234
,,,,,,,,,2089,0.08653759956359863,0.9868087768554688,0.035530757158994675
,,,,,,,,,2090,0.08800292015075684,0.9880008697509766,0.030509309843182564
,,,,,,,,,2091,0.09109759330749512,0.9908924102783203,0.02542504481971264
,,,,,,,,,2092,0.08709263801574707,0.9888210296630859,0.027486059814691544
,,,,,,,,,2093,0.08643102645874023,0.9854965209960938,0.03600422292947769
,,,,,,,,,2094,0.08864641189575195,0.9887809753417969,0.025280766189098358
,,,,,,,,,2095,0.08637166023254395,0.991912841796875,0.022905007004737854
,,,,,,,,,2096,0.08628010749816895,0.9808635711669922,0.050317179411649704
,,,,,,,,,2097,0.08843398094177246,0.9900856018066406,0.028915267437696457
,,,,,,,,,2098,0.0863645076751709,0.9829540252685547,0.04662559926509857
,,,,,,,,,2099,0.09043574333190918,0.9812049865722656,0.04989251494407654
,,,,,,,,,2100,0.08613705635070801,0.9857997894287109,0.03684936463832855
,,,,,,,,,2101,0.09081625938415527,0.9865646362304688,0.03706861659884453
,,,,,,,,,2102,0.08620953559875488,0.9881534576416016,0.03184167668223381
,,,,,,,,,2103,0.08626389503479004,0.9875106811523438,0.03315681964159012
,,,,,,,,,2104,0.08919048309326172,0.9878692626953125,0.033845897763967514
,,,,,,,,,2105,0.08662033081054688,0.9899787902832031,0.02785342000424862
,,,,,,,,,2106,0.0877692699432373,0.9872474670410156,0.032648537307977676
,,,,,,,,,2107,0.08624839782714844,0.9922504425048828,0.02259852923452854
,,,,,,,,,2108,0.08620500564575195,0.9907970428466797,0.023978665471076965
,,,,,,,,,2109,0.08815693855285645,0.9891948699951172,0.0298443753272295
,,,,,,,,,2110,0.08620500564575195,0.9893360137939453,0.029109617695212364
,,,,,,,,,2111,0.08949780464172363,0.9887485504150391,0.029302002862095833
,,,,,,,,,2112,0.0862884521484375,0.9886341094970703,0.030566811561584473
,,,,,,,,,2113,0.08820533752441406,0.9825305938720703,0.04392898455262184
,,,,,,,,,2114,0.08605480194091797,0.985992431640625,0.03452105075120926
,,,,,,,,,2115,0.08630013465881348,0.9869861602783203,0.03287748992443085
,,,,,,,,,2116,0.08626961708068848,0.9897041320800781,0.02707061730325222
,,,,,,,,,2117,0.08636808395385742,0.9922523498535156,0.02076439931988716
,,,,,,,,,2118,0.08613777160644531,0.9881668090820312,0.03220401704311371
,,,,,,,,,2119,0.08635306358337402,0.9851665496826172,0.03704502433538437
,,,,,,,,,2120,0.08800840377807617,0.9886550903320312,0.028761304914951324
,,,,,,,,,2121,0.09176492691040039,0.9861412048339844,0.035866618156433105
,,,,,,,,,2122,0.0866708755493164,0.9773044586181641,0.05410537123680115
,,,,,,,,,2123,0.08619856834411621,0.9878349304199219,0.033325470983982086
,,,,,,,,,2124,0.08663225173950195,0.9923076629638672,0.021308105438947678
,,,,,,,,,2125,0.08622288703918457,0.9906635284423828,0.02689865231513977
,,,,,,,,,2126,0.08860135078430176,0.9810237884521484,0.04733022302389145
,,,,,,,,,2127,0.08771467208862305,0.98046875,0.04709431156516075
,,,,,,,,,2128,0.08609390258789062,0.9798202514648438,0.05364034324884415
,,,,,,,,,2129,0.08719587326049805,0.9911556243896484,0.023387914523482323
,,,,,,,,,2130,0.0861809253692627,0.9919319152832031,0.022463835775852203
,,,,,,,,,2131,0.0910792350769043,0.9871788024902344,0.03142204135656357
,,,,,,,,,2132,0.08627152442932129,0.9877414703369141,0.03076881170272827
,,,,,,,,,2133,0.08638334274291992,0.9891262054443359,0.027655480429530144
,,,,,,,,,2134,0.08807897567749023,0.9889144897460938,0.02948526106774807
,,,,,,,,,2135,0.08625674247741699,0.9865798950195312,0.03261246532201767
,,,,,,,,,2136,0.08945083618164062,0.9845695495605469,0.03954008221626282
,,,,,,,,,2137,0.08599615097045898,0.9912776947021484,0.024285584688186646
,,,,,,,,,2138,0.08655524253845215,0.9870491027832031,0.03385677933692932
,,,,,,,,,2139,0.08623552322387695,0.976318359375,0.05502765625715256
,,,,,,,,,2140,0.08666849136352539,0.9878063201904297,0.03132062032818794
,,,,,,,,,2141,0.09114599227905273,0.9846897125244141,0.03806525841355324
,,,,,,,,,2142,0.08616852760314941,0.9921588897705078,0.02156788483262062
,,,,,,,,,2143,0.08738565444946289,0.9876499176025391,0.03185264393687248
,,,,,,,,,2144,0.08622217178344727,0.9856204986572266,0.03445235639810562
,,,,,,,,,2145,0.08618021011352539,0.9893856048583984,0.029264137148857117
,,,,,,,,,2146,0.08618307113647461,0.9888191223144531,0.028269683942198753
,,,,,,,,,2147,0.08673596382141113,0.9872894287109375,0.03403336554765701
,,,,,,,,,2148,0.08788108825683594,0.9868373870849609,0.035925209522247314
,,,,,,,,,2149,0.08638429641723633,0.9872512817382812,0.03379065543413162
,,,,,,,,,2150,0.08762145042419434,0.9905738830566406,0.023567525669932365
,,,,,,,,,2151,0.08997368812561035,0.98809814453125,0.029534677043557167
,,,,,,,,,2152,0.08609533309936523,0.9875583648681641,0.03383920341730118
,,,,,,,,,2153,0.08622574806213379,0.9834117889404297,0.04199356213212013
,,,,,,,,,2154,0.0863337516784668,0.9892024993896484,0.02815743163228035
,,,,,,,,,2155,0.08667612075805664,0.9910411834716797,0.02279987931251526
,,,,,,,,,2156,0.08648800849914551,0.9917526245117188,0.023549897596240044
,,,,,,,,,2157,0.08787894248962402,0.9813899993896484,0.04692107439041138
,,,,,,,,,2158,0.08876490592956543,0.9869976043701172,0.03155539557337761
,,,,,,,,,2159,0.08621740341186523,0.9867916107177734,0.03432204946875572
,,,,,,,,,2160,0.08607983589172363,0.9911708831787109,0.02322666347026825
,,,,,,,,,2161,0.09088969230651855,0.9844703674316406,0.039554253220558167
,,,,,,,,,2162,0.08616089820861816,0.9834575653076172,0.04021432623267174
,,,,,,,,,2163,0.08654618263244629,0.9864654541015625,0.032386183738708496
,,,,,,,,,2164,0.08809137344360352,0.9907989501953125,0.025000467896461487
,,,,,,,,,2165,0.08605313301086426,0.989593505859375,0.027282316237688065
,,,,,,,,,2166,0.08703112602233887,0.9890460968017578,0.028500722721219063
,,,,,,,,,2167,0.08621597290039062,0.9884605407714844,0.02957025170326233
,,,,,,,,,2168,0.08610343933105469,0.9885387420654297,0.030369345098733902
,,,,,,,,,2169,0.0861208438873291,0.9908084869384766,0.025322681292891502
,,,,,,,,,2170,0.08602285385131836,0.9875450134277344,0.033280860632658005
,,,,,,,,,2171,0.09092950820922852,0.9809055328369141,0.04826759919524193
,,,,,,,,,2172,0.08626222610473633,0.9852771759033203,0.03717561811208725
,,,,,,,,,2173,0.08802199363708496,0.9856586456298828,0.04034578427672386
,,,,,,,,,2174,0.08613920211791992,0.9879055023193359,0.02948925830423832
,,,,,,,,,2175,0.08655524253845215,0.9793262481689453,0.05223211273550987
,,,,,,,,,2176,0.0861196517944336,0.9877872467041016,0.03075576014816761
,,,,,,,,,2177,0.08631777763366699,0.9888648986816406,0.0292374137789011
,,,,,,,,,2178,0.08845758438110352,0.9855079650878906,0.03613400459289551
,,,,,,,,,2179,0.08612227439880371,0.9862136840820312,0.03776838257908821
,,,,,,,,,2180,0.09045147895812988,0.9854526519775391,0.035725969821214676
,,,,,,,,,2181,0.09100079536437988,0.9911155700683594,0.023469749838113785
,,,,,,,,,2182,0.08659696578979492,0.9879932403564453,0.03164425864815712
,,,,,,,,,2183,0.08607864379882812,0.9865684509277344,0.03362276777625084
,,,,,,,,,2184,0.08620548248291016,0.9853458404541016,0.03673162683844566
,,,,,,,,,2185,0.08935022354125977,0.9929904937744141,0.01960391364991665
,,,,,,,,,2186,0.08626556396484375,0.9943599700927734,0.016920853406190872
,,,,,,,,,2187,0.08728718757629395,0.9884891510009766,0.029192833229899406
,,,,,,,,,2188,0.08603429794311523,0.9890193939208984,0.026734769344329834
,,,,,,,,,2189,0.08657264709472656,0.9835910797119141,0.04319734126329422
,,,,,,,,,2190,0.08803606033325195,0.9839935302734375,0.038214199244976044
,,,,,,,,,2191,0.09112882614135742,0.9872531890869141,0.03375385329127312
,,,,,,,,,2192,0.08754992485046387,0.9920825958251953,0.02221345156431198
,,,,,,,,,2193,0.0862116813659668,0.9887428283691406,0.02924186736345291
,,,,,,,,,2194,0.08833527565002441,0.9930686950683594,0.019583342596888542
,,,,,,,,,2195,0.08650565147399902,0.9862880706787109,0.03415427356958389
,,,,,,,,,2196,0.08605146408081055,0.9887886047363281,0.0287933312356472
,,,,,,,,,2197,0.08627009391784668,0.989776611328125,0.026273882016539574
,,,,,,,,,2198,0.08606481552124023,0.9892749786376953,0.02672690339386463
,,,,,,,,,2199,0.08673739433288574,0.9921054840087891,0.023707536980509758
,,,,,,,,,2200,0.08613944053649902,0.9890937805175781,0.030922668054699898
,,,,,,,,,2201,0.09260940551757812,0.9905834197998047,0.02513897977769375
,,,,,,,,,2202,0.08714509010314941,0.9887466430664062,0.02992197871208191
,,,,,,,,,2203,0.0859990119934082,0.9877719879150391,0.03047013096511364
,,,,,,,,,2204,0.08604860305786133,0.9905357360839844,0.025643927976489067
,,,,,,,,,2205,0.08627438545227051,0.9881839752197266,0.028327079489827156
,,,,,,,,,2206,0.08610725402832031,0.9916477203369141,0.021834896877408028
,,,,,,,,,2207,0.08844518661499023,0.9843711853027344,0.043093763291835785
,,,,,,,,,2208,0.08885431289672852,0.9809589385986328,0.049372587352991104
,,,,,,,,,2209,0.08616089820861816,0.9877109527587891,0.03117489069700241
,,,,,,,,,2210,0.08615422248840332,0.9875335693359375,0.03174450993537903
,,,,,,,,,2211,0.09086441993713379,0.9893550872802734,0.02886892855167389
,,,,,,,,,2212,0.08606934547424316,0.9878883361816406,0.03276355564594269
,,,,,,,,,2213,0.08600068092346191,0.9934539794921875,0.01951930858194828
,,,,,,,,,2214,0.08655333518981934,0.9888134002685547,0.026094406843185425
,,,,,,,,,2215,0.08772397041320801,0.9886627197265625,0.028210703283548355
,,,,,,,,,2216,0.08591771125793457,0.9892520904541016,0.029404593631625175
,,,,,,,,,2217,0.08891606330871582,0.9856147766113281,0.036992643028497696
,,,,,,,,,2218,0.0859520435333252,0.9884681701660156,0.03456786647439003
,,,,,,,,,2219,0.08621573448181152,0.9748516082763672,0.06372164189815521
,,,,,,,,,2220,0.08612608909606934,0.9919319152832031,0.0217107143253088
,,,,,,,,,2221,0.0909273624420166,0.9915924072265625,0.022776449099183083
,,,,,,,,,2222,0.08787941932678223,0.9893398284912109,0.0261932834982872
,,,,,,,,,2223,0.08624863624572754,0.9849090576171875,0.036803390830755234
,,,,,,,,,2224,0.08696818351745605,0.9884433746337891,0.032229140400886536
,,,,,,,,,2225,0.08620953559875488,0.9861907958984375,0.0377933531999588
,,,,,,,,,2226,0.08594369888305664,0.9901103973388672,0.02344588190317154
,,,,,,,,,2227,0.08629536628723145,0.9904994964599609,0.025332756340503693
,,,,,,,,,2228,0.0862278938293457,0.9841766357421875,0.03850782662630081
,,,,,,,,,2229,0.08952069282531738,0.9898757934570312,0.026885828003287315
,,,,,,,,,2230,0.08602333068847656,0.9871940612792969,0.03085405007004738
,,,,,,,,,2231,0.0919187068939209,0.9907989501953125,0.02561936154961586
,,,,,,,,,2232,0.08628964424133301,0.9838848114013672,0.04034588485956192
,,,,,,,,,2233,0.08595967292785645,0.9844722747802734,0.04152043163776398
,,,,,,,,,2234,0.0885629653930664,0.9890022277832031,0.02928279899060726
,,,,,,,,,2235,0.0859065055847168,0.9900684356689453,0.024568254128098488
,,,,,,,,,2236,0.08726191520690918,0.9867954254150391,0.032890647649765015
,,,,,,,,,2237,0.08625507354736328,0.9850635528564453,0.03860136494040489
,,,,,,,,,2238,0.08726668357849121,0.988128662109375,0.02979089692234993
,,,,,,,,,2239,0.08841586112976074,0.9894866943359375,0.02637234516441822
,,,,,,,,,2240,0.08603119850158691,0.9922313690185547,0.021747814491391182
,,,,,,,,,2241,0.08852195739746094,0.9883613586425781,0.029244279488921165
,,,,,,,,,2242,0.08603429794311523,0.9915847778320312,0.020912889391183853
,,,,,,,,,2243,0.08753752708435059,0.9898567199707031,0.027706816792488098
,,,,,,,,,2244,0.08890199661254883,0.9851188659667969,0.04224946349859238
,,,,,,,,,2245,0.08886528015136719,0.9916000366210938,0.021957939490675926
,,,,,,,,,2246,0.08628368377685547,0.9865207672119141,0.03630682826042175
,,,,,,,,,2247,0.08624076843261719,0.9894351959228516,0.027641672641038895
,,,,,,,,,2248,0.08608460426330566,0.98272705078125,0.042398013174533844
,,,,,,,,,2249,0.08626556396484375,0.9872703552246094,0.031482525169849396
,,,,,,,,,2250,0.08621668815612793,0.9899387359619141,0.024891456589102745
,,,,,,,,,2251,0.09111642837524414,0.9865703582763672,0.03342068940401077
,,,,,,,,,2252,0.08833956718444824,0.9910392761230469,0.024780062958598137
,,,,,,,,,2253,0.08599019050598145,0.9842281341552734,0.036496758460998535
,,,,,,,,,2254,0.08945226669311523,0.9894351959228516,0.027325084432959557
,,,,,,,,,2255,0.08609938621520996,0.9923095703125,0.02217765711247921
,,,,,,,,,2256,0.08687138557434082,0.9907360076904297,0.029978357255458832
,,,,,,,,,2257,0.08600163459777832,0.9864177703857422,0.03353531286120415
,,,,,,,,,2258,0.08601117134094238,0.9888648986816406,0.028143029659986496
,,,,,,,,,2259,0.08788156509399414,0.9911079406738281,0.02442241832613945
,,,,,,,,,2260,0.08615684509277344,0.9848289489746094,0.03922773897647858
,,,,,,,,,2261,0.09190535545349121,0.9911403656005859,0.024860423058271408
,,,,,,,,,2262,0.08615779876708984,0.9905109405517578,0.02519265003502369
,,,,,,,,,2263,0.08606076240539551,0.9848423004150391,0.03715182840824127
,,,,,,,,,2264,0.08601689338684082,0.9926300048828125,0.02007981389760971
,,,,,,,,,2265,0.08629751205444336,0.9850826263427734,0.03917958587408066
,,,,,,,,,2266,0.08926272392272949,0.9767227172851562,0.05816267058253288
,,,,,,,,,2267,0.08621931076049805,0.9900074005126953,0.024195007979869843
,,,,,,,,,2268,0.08725666999816895,0.9834728240966797,0.04184819757938385
,,,,,,,,,2269,0.0863184928894043,0.9839134216308594,0.0385788232088089
,,,,,,,,,2270,0.08598685264587402,0.9876346588134766,0.03328560292720795
,,,,,,,,,2271,0.0911245346069336,0.9819774627685547,0.04367411136627197
,,,,,,,,,2272,0.0859217643737793,0.9827232360839844,0.0425383634865284
,,,,,,,,,2273,0.08788943290710449,0.9917030334472656,0.023466408252716064
,,,,,,,,,2274,0.08632922172546387,0.9848651885986328,0.03844224661588669
,,,,,,,,,2275,0.08715105056762695,0.9871387481689453,0.03250819072127342
,,,,,,,,,2276,0.08819413185119629,0.9935798645019531,0.018029192462563515
,,,,,,,,,2277,0.08614611625671387,0.9845829010009766,0.038082148879766464
,,,,,,,,,2278,0.08658838272094727,0.986053466796875,0.034812863916158676
,,,,,,,,,2279,0.08617019653320312,0.9882984161376953,0.03034464456140995
,,,,,,,,,2280,0.08659148216247559,0.9876613616943359,0.0303933247923851
,,,,,,,,,2281,0.0907902717590332,0.9860725402832031,0.03367093577980995
,,,,,,,,,2282,0.0886538028717041,0.9882183074951172,0.029695170000195503
,,,,,,,,,2283,0.08618617057800293,0.9798183441162109,0.04551863297820091
,,,,,,,,,2284,0.08599734306335449,0.9826164245605469,0.04148072376847267
,,,,,,,,,2285,0.08613419532775879,0.9891414642333984,0.03149506449699402
,,,,,,,,,2286,0.08604574203491211,0.9867324829101562,0.03491249307990074
,,,,,,,,,2287,0.08655929565429688,0.9820213317871094,0.04512541741132736
,,,,,,,,,2288,0.08880233764648438,0.9841670989990234,0.03926520049571991
,,,,,,,,,2289,0.08777618408203125,0.9849262237548828,0.03800391033291817
,,,,,,,,,2290,0.08632254600524902,0.9879570007324219,0.029838811606168747
,,,,,,,,,2291,0.09116268157958984,0.9836635589599609,0.03839263319969177
,,,,,,,,,2292,0.08612394332885742,0.9889411926269531,0.028444327414035797
,,,,,,,,,2293,0.08645939826965332,0.9862251281738281,0.029722001403570175
,,,,,,,,,2294,0.08622241020202637,0.9884872436523438,0.028105581179261208
,,,,,,,,,2295,0.08617115020751953,0.9832553863525391,0.039675451815128326
,,,,,,,,,2296,0.08861517906188965,0.9790878295898438,0.05124750733375549
,,,,,,,,,2297,0.08629417419433594,0.9820537567138672,0.044092945754528046
,,,,,,,,,2298,0.0883491039276123,0.9914474487304688,0.02334076166152954
,,,,,,,,,2299,0.08610367774963379,0.9884681701660156,0.02902538888156414
,,,,,,,,,2300,0.08614802360534668,0.9862823486328125,0.033325519412755966
,,,,,,,,,2301,0.0912930965423584,0.9881267547607422,0.0288147684186697
,,,,,,,,,2302,0.08614993095397949,0.9898700714111328,0.0254148468375206
,,,,,,,,,2303,0.08845663070678711,0.987518310546875,0.03350342810153961
,,,,,,,,,2304,0.08629107475280762,0.9871768951416016,0.03180303797125816
,,,,,,,,,2305,0.0861825942993164,0.9880123138427734,0.02960396744310856
,,,,,,,,,2306,0.08596420288085938,0.9863224029541016,0.03451294079422951
,,,,,,,,,2307,0.0860440731048584,0.9904289245605469,0.02511107549071312
,,,,,,,,,2308,0.08586001396179199,0.9867382049560547,0.03416607156395912
,,,,,,,,,2309,0.08642172813415527,0.9862499237060547,0.036570705473423004
,,,,,,,,,2310,0.0912315845489502,0.98687744140625,0.03285594284534454
,,,,,,,,,2311,0.09104776382446289,0.9905872344970703,0.02252259850502014
,,,,,,,,,2312,0.087158203125,0.9921245574951172,0.021090343594551086
,,,,,,,,,2313,0.08612370491027832,0.9766483306884766,0.05409914255142212
,,,,,,,,,2314,0.08588409423828125,0.9867515563964844,0.03228725492954254
,,,,,,,,,2315,0.08841443061828613,0.9867420196533203,0.033884525299072266
,,,,,,,,,2316,0.08613896369934082,0.9873046875,0.03138699382543564
,,,,,,,,,2317,0.08741998672485352,0.9900360107421875,0.02714150957763195
,,,,,,,,,2318,0.08617401123046875,0.97882080078125,0.05161410570144653
,,,,,,,,,2319,0.0866847038269043,0.9844417572021484,0.036616772413253784
,,,,,,,,,2320,0.08834433555603027,0.9868984222412109,0.03328988328576088
,,,,,,,,,2321,0.09074044227600098,0.9836559295654297,0.04070983827114105
,,,,,,,,,2322,0.08612561225891113,0.9828395843505859,0.04400203749537468
,,,,,,,,,2323,0.08610033988952637,0.9867172241210938,0.03698710352182388
,,,,,,,,,2324,0.08738255500793457,0.9872913360595703,0.0335819274187088
,,,,,,,,,2325,0.0884859561920166,0.9824390411376953,0.04327554255723953
,,,,,,,,,2326,0.087554931640625,0.9929180145263672,0.020407836884260178
,,,,,,,,,2327,0.08623671531677246,0.9849643707275391,0.03845486789941788
,,,,,,,,,2328,0.0862433910369873,0.9874725341796875,0.03204861283302307
,,,,,,,,,2329,0.08620309829711914,0.9813556671142578,0.04696817696094513
,,,,,,,,,2330,0.08825874328613281,0.9855251312255859,0.03619210794568062
,,,,,,,,,2331,0.09104156494140625,0.991058349609375,0.025119220837950706
,,,,,,,,,2332,0.08620142936706543,0.9818344116210938,0.0451817661523819
,,,,,,,,,2333,0.08806252479553223,0.9901561737060547,0.028099386021494865
,,,,,,,,,2334,0.0862264633178711,0.9899463653564453,0.026271991431713104
,,,,,,,,,2335,0.08600115776062012,0.9877204895019531,0.029766764491796494
,,,,,,,,,2336,0.08611249923706055,0.9793930053710938,0.049782644957304
,,,,,,,,,2337,0.08623266220092773,0.9903354644775391,0.028507180511951447
,,,,,,,,,2338,0.08671903610229492,0.9897384643554688,0.029212526977062225
,,,,,,,,,2339,0.08623385429382324,0.9906845092773438,0.02486780285835266
,,,,,,,,,2340,0.08800911903381348,0.9918060302734375,0.022420870140194893
,,,,,,,,,2341,0.09130120277404785,0.9855117797851562,0.0359150655567646
,,,,,,,,,2342,0.08600831031799316,0.9814205169677734,0.04588421434164047
,,,,,,,,,2343,0.08611702919006348,0.9921131134033203,0.021420761942863464
,,,,,,,,,2344,0.08595824241638184,0.9865951538085938,0.03417544811964035
,,,,,,,,,2345,0.08621454238891602,0.9881324768066406,0.030202727764844894
,,,,,,,,,2346,0.0864553451538086,0.9856491088867188,0.037973951548337936
,,,,,,,,,2347,0.09059429168701172,0.9883193969726562,0.031470853835344315
,,,,,,,,,2348,0.08634233474731445,0.9849681854248047,0.04072027653455734
,,,,,,,,,2349,0.08617043495178223,0.9892387390136719,0.026218505576252937
,,,,,,,,,2350,0.08618879318237305,0.9888134002685547,0.028866173699498177
,,,,,,,,,2351,0.0903935432434082,0.9827709197998047,0.041917040944099426
,,,,,,,,,2352,0.08600282669067383,0.9849033355712891,0.03819642215967178
,,,,,,,,,2353,0.08619093894958496,0.9930801391601562,0.019376344978809357
,,,,,,,,,2354,0.0879659652709961,0.9866256713867188,0.035404205322265625
,,,,,,,,,2355,0.08608078956604004,0.9950637817382812,0.01607854850590229
,,,,,,,,,2356,0.08603453636169434,0.9904117584228516,0.025419341400265694
,,,,,,,,,2357,0.08819985389709473,0.9830417633056641,0.04153013974428177
,,,,,,,,,2358,0.08619332313537598,0.9907360076904297,0.022940073162317276
,,,,,,,,,2359,0.08603119850158691,0.9771785736083984,0.06242266297340393
,,,,,,,,,2360,0.08607959747314453,0.9886131286621094,0.02856478840112686
,,,,,,,,,2361,0.09113144874572754,0.9869613647460938,0.03222266957163811
,,,,,,,,,2362,0.08627200126647949,0.9909992218017578,0.02457415871322155
,,,,,,,,,2363,0.08635306358337402,0.9851741790771484,0.03610813617706299
,,,,,,,,,2364,0.08601689338684082,0.9911346435546875,0.024585429579019547
,,,,,,,,,2365,0.08594560623168945,0.9887771606445312,0.028266549110412598
,,,,,,,,,2366,0.08603358268737793,0.9864635467529297,0.03339293599128723
,,,,,,,,,2367,0.08637881278991699,0.9924583435058594,0.019750535488128662
,,,,,,,,,2368,0.08764219284057617,0.9876232147216797,0.029658323153853416
,,,,,,,,,2369,0.08616900444030762,0.9869899749755859,0.03282645344734192
,,,,,,,,,2370,0.08768391609191895,0.9942913055419922,0.01812470518052578
,,,,,,,,,2371,0.0890645980834961,0.9868602752685547,0.03263841196894646
,,,,,,,,,2372,0.08587527275085449,0.991973876953125,0.020375147461891174
,,,,,,,,,2373,0.0859520435333252,0.9902553558349609,0.02688661962747574
,,,,,,,,,2374,0.09682273864746094,0.9838809967041016,0.0420573428273201
,,,,,,,,,2375,0.09621024131774902,0.9878616333007812,0.02934095822274685
,,,,,,,,,2376,0.09415984153747559,0.9866676330566406,0.03360148146748543
,,,,,,,,,2377,0.08641362190246582,0.9820079803466797,0.04290993511676788
,,,,,,,,,2378,0.08577871322631836,0.9902362823486328,0.0251312255859375
,,,,,,,,,2379,0.08714556694030762,0.9859676361083984,0.03538208454847336
,,,,,,,,,2380,0.08629631996154785,0.9866256713867188,0.03227459639310837
,,,,,,,,,2381,0.0909278392791748,0.9857254028320312,0.0376446470618248
,,,,,,,,,2382,0.08614611625671387,0.9863071441650391,0.034932978451251984
,,,,,,,,,2383,0.08584237098693848,0.9913768768310547,0.021147871389985085
,,,,,,,,,2384,0.08649730682373047,0.9796504974365234,0.04784518480300903
,,,,,,,,,2385,0.08626866340637207,0.9912662506103516,0.023792689666152
,,,,,,,,,2386,0.09073185920715332,0.9911251068115234,0.023846037685871124
,,,,,,,,,2387,0.08593392372131348,0.9894523620605469,0.027555672451853752
,,,,,,,,,2388,0.08615994453430176,0.9929885864257812,0.020036105066537857
,,,,,,,,,2389,0.08642077445983887,0.9913959503173828,0.02086659148335457
,,,,,,,,,2390,0.08608031272888184,0.9878387451171875,0.031233418732881546
,,,,,,,,,2391,0.09068036079406738,0.9921455383300781,0.02115716226398945
,,,,,,,,,2392,0.08585047721862793,0.9850292205810547,0.038818009197711945
,,,,,,,,,2393,0.08831906318664551,0.9904403686523438,0.026856625452637672
,,,,,,,,,2394,0.08608698844909668,0.9858570098876953,0.034473124891519547
,,,,,,,,,2395,0.08614540100097656,0.98736572265625,0.032955896109342575
,,,,,,,,,2396,0.08832693099975586,0.9918708801269531,0.02253020741045475
,,,,,,,,,2397,0.08624267578125,0.9910621643066406,0.023480335250496864
,,,,,,,,,2398,0.08605098724365234,0.9889068603515625,0.029053611680865288
,,,,,,,,,2399,0.08629322052001953,0.9851837158203125,0.037717465311288834
,,,,,,,,,2400,0.0888223648071289,0.9826164245605469,0.04447702318429947
,,,,,,,,,2401,0.09091019630432129,0.9880447387695312,0.02931794710457325
,,,,,,,,,2402,0.08618044853210449,0.9899978637695312,0.024844156578183174
,,,,,,,,,2403,0.08604621887207031,0.9922580718994141,0.02072872966527939
,,,,,,,,,2404,0.0861656665802002,0.9855728149414062,0.036093734204769135
,,,,,,,,,2405,0.08591842651367188,0.9850749969482422,0.037391312420368195
,,,,,,,,,2406,0.08609533309936523,0.9858837127685547,0.035654254257678986
,,,,,,,,,2407,0.08780169486999512,0.9884777069091797,0.03094051592051983
,,,,,,,,,2408,0.08648037910461426,0.9897823333740234,0.02860426902770996
,,,,,,,,,2409,0.08610391616821289,0.9920902252197266,0.021617962047457695
,,,,,,,,,2410,0.08582782745361328,0.9927768707275391,0.020196257159113884
,,,,,,,,,2411,0.09041547775268555,0.989471435546875,0.027914172038435936
,,,,,,,,,2412,0.08582711219787598,0.9855136871337891,0.0364687442779541
,,,,,,,,,2413,0.0860292911529541,0.9921340942382812,0.020708180963993073
,,,,,,,,,2414,0.08914375305175781,0.9908847808837891,0.023873765021562576
,,,,,,,,,2415,0.08618879318237305,0.9913558959960938,0.022333795204758644
,,,,,,,,,2416,0.08708429336547852,0.9883460998535156,0.028982719406485558
,,,,,,,,,2417,0.08636212348937988,0.9882545471191406,0.02938276343047619
,,,,,,,,,2418,0.08819103240966797,0.9907722473144531,0.024733200669288635
,,,,,,,,,2419,0.08612942695617676,0.9878826141357422,0.031457915902137756
,,,,,,,,,2420,0.08605146408081055,0.9945926666259766,0.014835190027952194
,,,,,,,,,2421,0.09198737144470215,0.9931583404541016,0.017034484073519707
,,,,,,,,,2422,0.08614826202392578,0.9830665588378906,0.044042423367500305
,,,,,,,,,2423,0.08727908134460449,0.9882755279541016,0.033705614507198334
,,,,,,,,,2424,0.08589959144592285,0.9776134490966797,0.05690068006515503
,,,,,,,,,2425,0.08615875244140625,0.9886951446533203,0.02676749788224697
,,,,,,,,,2426,0.08586001396179199,0.9923362731933594,0.02052750624716282
,,,,,,,,,2427,0.08634543418884277,0.9857883453369141,0.03451572358608246
,,,,,,,,,2428,0.0888972282409668,0.9871158599853516,0.03450288251042366
,,,,,,,,,2429,0.08621692657470703,0.9907741546630859,0.025035372003912926
,,,,,,,,,2430,0.0883169174194336,0.9853248596191406,0.03592391312122345
,,,,,,,,,2431,0.09085845947265625,0.9893512725830078,0.030060753226280212
,,,,,,,,,2432,0.08635091781616211,0.9873371124267578,0.031441137194633484
,,,,,,,,,2433,0.08602237701416016,0.9871730804443359,0.03343714028596878
,,,,,,,,,2434,0.0859673023223877,0.9896049499511719,0.027199147269129753
,,,,,,,,,2435,0.08762645721435547,0.9851245880126953,0.03728786110877991
,,,,,,,,,2436,0.0866086483001709,0.987213134765625,0.03491314500570297
,,,,,,,,,2437,0.08787202835083008,0.9902095794677734,0.025379829108715057
,,,,,,,,,2438,0.08613038063049316,0.9909534454345703,0.024964377284049988
,,,,,,,,,2439,0.08608293533325195,0.9925003051757812,0.02262592688202858
,,,,,,,,,2440,0.08826446533203125,0.9880771636962891,0.03062351793050766
,,,,,,,,,2441,0.09051728248596191,0.985748291015625,0.03695640340447426
,,,,,,,,,2442,0.08605575561523438,0.9910469055175781,0.02395252324640751
,,,,,,,,,2443,0.08611369132995605,0.9895401000976562,0.02594502456486225
,,,,,,,,,2444,0.08863091468811035,0.9865818023681641,0.035497672855854034
,,,,,,,,,2445,0.08857226371765137,0.9825515747070312,0.04496045783162117
,,,,,,,,,2446,0.08586525917053223,0.9892768859863281,0.02442052587866783
,,,,,,,,,2447,0.08595871925354004,0.9884090423583984,0.027858193963766098
,,,,,,,,,2448,0.08608412742614746,0.9896945953369141,0.0258565042167902
,,,,,,,,,2449,0.08638310432434082,0.9875907897949219,0.02965589426457882
,,,,,,,,,2450,0.08842635154724121,0.9836101531982422,0.043158531188964844
,,,,,,,,,2451,0.09312033653259277,0.9873790740966797,0.029348332434892654
,,,,,,,,,2452,0.08600783348083496,0.9871501922607422,0.03429926186800003
,,,,,,,,,2453,0.08608555793762207,0.9887638092041016,0.027508031576871872
,,,,,,,,,2454,0.08602380752563477,0.9891166687011719,0.027742808684706688
,,,,,,,,,2455,0.08823585510253906,0.9893932342529297,0.027804214507341385
,,,,,,,,,2456,0.08609628677368164,0.9939289093017578,0.015503485687077045
,,,,,,,,,2457,0.08630013465881348,0.9893741607666016,0.025987327098846436
,,,,,,,,,2458,0.08777165412902832,0.9869346618652344,0.03269217535853386
,,,,,,,,,2459,0.08610296249389648,0.9907436370849609,0.02485700510442257
,,,,,,,,,2460,0.08880925178527832,0.980224609375,0.04830504208803177
,,,,,,,,,2461,0.09100794792175293,0.9831676483154297,0.036093153059482574
,,,,,,,,,2462,0.0860896110534668,0.9887828826904297,0.028115689754486084
,,,,,,,,,2463,0.0866849422454834,0.9915103912353516,0.022626589983701706
,,,,,,,,,2464,0.08638262748718262,0.9883098602294922,0.030156167224049568
,,,,,,,,,2465,0.08794283866882324,0.9909477233886719,0.026507409289479256
,,,,,,,,,2466,0.08596611022949219,0.9882755279541016,0.029187927022576332
,,,,,,,,,2467,0.0866537094116211,0.9868488311767578,0.033742476254701614
,,,,,,,,,2468,0.08632707595825195,0.9906826019287109,0.023662852123379707
,,,,,,,,,2469,0.08873367309570312,0.9861164093017578,0.034647926688194275
,,,,,,,,,2470,0.08570289611816406,0.9910087585449219,0.02342071570456028
,,,,,,,,,2471,0.09054303169250488,0.9831733703613281,0.04111659526824951
,,,,,,,,,2472,0.08735823631286621,0.9895534515380859,0.02543957531452179
,,,,,,,,,2473,0.08749818801879883,0.9885768890380859,0.028804365545511246
,,,,,,,,,2474,0.08705592155456543,0.9889144897460938,0.02912614680826664
,,,,,,,,,2475,0.08611297607421875,0.9843502044677734,0.0409177765250206
,,,,,,,,,2476,0.08597540855407715,0.9777870178222656,0.05570689216256142
,,,,,,,,,2477,0.08825039863586426,0.9883289337158203,0.03043315000832081
,,,,,,,,,2478,0.09331679344177246,0.9912261962890625,0.024396724998950958
,,,,,,,,,2479,0.09851765632629395,0.9804344177246094,0.047857675701379776
,,,,,,,,,2480,0.09752154350280762,0.9863700866699219,0.03583682328462601
,,,,,,,,,2481,0.09243535995483398,0.9891948699951172,0.027146929875016212
,,,,,,,,,2482,0.08779096603393555,0.9879226684570312,0.029284052550792694
,,,,,,,,,2483,0.08684015274047852,0.9919281005859375,0.022414764389395714
,,,,,,,,,2484,0.08910059928894043,0.9867324829101562,0.03714890405535698
,,,,,,,,,2485,0.08666062355041504,0.9890651702880859,0.02919778972864151
,,,,,,,,,2486,0.08672380447387695,0.9893417358398438,0.029278555884957314
,,,,,,,,,2487,0.08589410781860352,0.9859218597412109,0.03440069407224655
,,,,,,,,,2488,0.0876913070678711,0.9886932373046875,0.030039984732866287
,,,,,,,,,2489,0.08841538429260254,0.9863758087158203,0.03603512421250343
,,,,,,,,,2490,0.08818602561950684,0.9910964965820312,0.02269638516008854
,,,,,,,,,2491,0.0886082649230957,0.9853000640869141,0.03748930245637894
,,,,,,,,,2492,0.0859990119934082,0.9922237396240234,0.020953577011823654
,,,,,,,,,2493,0.0859982967376709,0.9828662872314453,0.04263647645711899
,,,,,,,,,2494,0.08835649490356445,0.9882965087890625,0.029870081692934036
,,,,,,,,,2495,0.08612513542175293,0.9861564636230469,0.033445168286561966
,,,,,,,,,2496,0.08716917037963867,0.9897880554199219,0.026264876127243042
,,,,,,,,,2497,0.08789849281311035,0.9876441955566406,0.03113849274814129
,,,,,,,,,2498,0.0862421989440918,0.9885826110839844,0.02856372855603695
,,,,,,,,,2499,0.08593344688415527,0.9887046813964844,0.027548715472221375
0.42548587767087476,1046358,24210,0.27023312883435585,0.9828001355208608,0.9424451196028927,0.27476763770195245,60775816,396432,2500,0.08586978912353516,0.9914588928222656,0.021497273817658424
,,,,,,,,,2501,0.09026861190795898,0.9881610870361328,0.030607372522354126
,,,,,,,,,2502,0.08616042137145996,0.9880123138427734,0.03191583603620529
,,,,,,,,,2503,0.08670687675476074,0.98187255859375,0.04524516686797142
,,,,,,,,,2504,0.08628416061401367,0.98809814453125,0.03266211226582527
,,,,,,,,,2505,0.08788776397705078,0.9891738891601562,0.027453431859612465
,,,,,,,,,2506,0.08599996566772461,0.9896640777587891,0.02720651403069496
,,,,,,,,,2507,0.08614754676818848,0.9881954193115234,0.029392056167125702
,,,,,,,,,2508,0.08587646484375,0.9923000335693359,0.020840488374233246
,,,,,,,,,2509,0.08596181869506836,0.9837856292724609,0.040775831788778305
,,,,,,,,,2510,0.08585548400878906,0.9877090454101562,0.03227830305695534
,,,,,,,,,2511,0.09007716178894043,0.9911403656005859,0.02284831926226616
,,,,,,,,,2512,0.08714747428894043,0.9870223999023438,0.033424265682697296
,,,,,,,,,2513,0.08598017692565918,0.9830951690673828,0.04142697900533676
,,,,,,,,,2514,0.08620429039001465,0.9920024871826172,0.021093493327498436
,,,,,,,,,2515,0.08600783348083496,0.9905776977539062,0.0256484467536211
,,,,,,,,,2516,0.0859215259552002,0.9883155822753906,0.03154196962714195
,,,,,,,,,2517,0.08823513984680176,0.9883956909179688,0.030922414734959602
,,,,,,,,,2518,0.08612918853759766,0.9912528991699219,0.02367679588496685
,,,,,,,,,2519,0.08779287338256836,0.9843082427978516,0.03872605413198471
,,,,,,,,,2520,0.08584737777709961,0.9900341033935547,0.025615205988287926
,,,,,,,,,2521,0.09024381637573242,0.9870891571044922,0.031532786786556244
,,,,,,,,,2522,0.0860738754272461,0.9862957000732422,0.03395303711295128
,,,,,,,,,2523,0.08581376075744629,0.9897613525390625,0.02501632086932659
,,,,,,,,,2524,0.08613228797912598,0.9917469024658203,0.023089364171028137
,,,,,,,,,2525,0.08579468727111816,0.9890022277832031,0.03011663258075714
,,,,,,,,,2526,0.08884692192077637,0.9912204742431641,0.024110550060868263
,,,,,,,,,2527,0.08846044540405273,0.9832954406738281,0.04263559356331825
,,,,,,,,,2528,0.08592820167541504,0.9889678955078125,0.027913222089409828
,,,,,,,,,2529,0.08617186546325684,0.9866771697998047,0.03243250027298927
,,,,,,,,,2530,0.08597159385681152,0.9905910491943359,0.02512877807021141
,,,,,,,,,2531,0.09061217308044434,0.9917392730712891,0.021658698096871376
,,,,,,,,,2532,0.08632016181945801,0.9924373626708984,0.019231297075748444
,,,,,,,,,2533,0.08789277076721191,0.9845790863037109,0.0392872579395771
,,,,,,,,,2534,0.08629703521728516,0.9888343811035156,0.02940259501338005
,,,,,,,,,2535,0.08694911003112793,0.9883384704589844,0.029346555471420288
,,,,,,,,,2536,0.08575057983398438,0.9908905029296875,0.024054689332842827
,,,,,,,,,2537,0.08593249320983887,0.989349365234375,0.027626944705843925
,,,,,,,,,2538,0.0858316421508789,0.9890670776367188,0.026103097945451736
,,,,,,,,,2539,0.08615851402282715,0.9914131164550781,0.02392418496310711
,,,,,,,,,2540,0.08793377876281738,0.9780311584472656,0.05409129336476326
,,,,,,,,,2541,0.09091806411743164,0.9899616241455078,0.024919839575886726
,,,,,,,,,2542,0.08680391311645508,0.9923782348632812,0.019836926832795143
,,,,,,,,,2543,0.08608841896057129,0.9883022308349609,0.030326800420880318
,,,,,,,,,2544,0.08822417259216309,0.9920196533203125,0.021528420969843864
,,,,,,,,,2545,0.08593249320983887,0.98681640625,0.033404164016246796
,,,,,,,,,2546,0.08593440055847168,0.9837417602539062,0.03800332546234131
,,,,,,,,,2547,0.0868070125579834,0.9934368133544922,0.01633467711508274
,,,,,,,,,2548,0.08627510070800781,0.9904747009277344,0.02603401429951191
,,,,,,,,,2549,0.08871197700500488,0.9875431060791016,0.03234139084815979
,,,,,,,,,2550,0.08580613136291504,0.9852371215820312,0.03519294410943985
,,,,,,,,,2551,0.09041476249694824,0.9868850708007812,0.02972225286066532
,,,,,,,,,2552,0.08584403991699219,0.9896755218505859,0.028136324137449265
,,,,,,,,,2553,0.08584141731262207,0.9887504577636719,0.030817529186606407
,,,,,,,,,2554,0.08965730667114258,0.9845352172851562,0.03983389213681221
,,,,,,,,,2555,0.08609580993652344,0.9908542633056641,0.023992735892534256
,,,,,,,,,2556,0.08723759651184082,0.988739013671875,0.027358345687389374
,,,,,,,,,2557,0.08579206466674805,0.9899768829345703,0.02393321320414543
,,,,,,,,,2558,0.08582210540771484,0.9892978668212891,0.028765806928277016
,,,,,,,,,2559,0.08825159072875977,0.9919357299804688,0.021292012184858322
,,,,,,,,,2560,0.08589577674865723,0.9906215667724609,0.022752191871404648
,,,,,,,,,2561,0.08880352973937988,0.9845027923583984,0.039124250411987305
,,,,,,,,,2562,0.08593511581420898,0.9869461059570312,0.03150975704193115
,,,,,,,,,2563,0.08722543716430664,0.9861602783203125,0.034423116594552994
,,,,,,,,,2564,0.08620071411132812,0.9905261993408203,0.023430272936820984
,,,,,,,,,2565,0.08582234382629395,0.9908962249755859,0.022431833669543266
,,,,,,,,,2566,0.08577895164489746,0.9884357452392578,0.029375934973359108
,,,,,,,,,2567,0.08613944053649902,0.9849071502685547,0.0376073494553566
,,,,,,,,,2568,0.08659172058105469,0.9800853729248047,0.05273144692182541
,,,,,,,,,2569,0.08584189414978027,0.9869098663330078,0.03237798064947128
,,,,,,,,,2570,0.08803105354309082,0.9859504699707031,0.03667508810758591
,,,,,,,,,2571,0.09090185165405273,0.9838981628417969,0.04100031778216362
,,,,,,,,,2572,0.08603286743164062,0.9807357788085938,0.04573925584554672
,,,,,,,,,2573,0.0858461856842041,0.9856891632080078,0.036831047385931015
,,,,,,,,,2574,0.0860292911529541,0.9927215576171875,0.02098536305129528
,,,,,,,,,2575,0.08688068389892578,0.9890670776367188,0.028602294623851776
,,,,,,,,,2576,0.08658027648925781,0.98248291015625,0.04343688488006592
,,,,,,,,,2577,0.0876157283782959,0.9862957000732422,0.03437603637576103
,,,,,,,,,2578,0.08604621887207031,0.9840259552001953,0.03956769034266472
,,,,,,,,,2579,0.08594036102294922,0.9849395751953125,0.03790367767214775
,,,,,,,,,2580,0.0858759880065918,0.9858283996582031,0.03662937879562378
,,,,,,,,,2581,0.09122848510742188,0.9896411895751953,0.02711648866534233
,,,,,,,,,2582,0.08599519729614258,0.9878616333007812,0.03089245967566967
,,,,,,,,,2583,0.08597111701965332,0.9785976409912109,0.05193987861275673
,,,,,,,,,2584,0.08775615692138672,0.9835472106933594,0.03785905987024307
,,,,,,,,,2585,0.08591341972351074,0.9882450103759766,0.029524020850658417
,,,,,,,,,2586,0.08849930763244629,0.9914131164550781,0.023100053891539574
,,,,,,,,,2587,0.08581256866455078,0.9904594421386719,0.02446391060948372
,,,,,,,,,2588,0.08600950241088867,0.9870815277099609,0.03444825857877731
,,,,,,,,,2589,0.08588647842407227,0.9871006011962891,0.032486945390701294
,,,,,,,,,2590,0.08623552322387695,0.9885787963867188,0.02858860045671463
,,,,,,,,,2591,0.0948641300201416,0.9817047119140625,0.04562142491340637
,,,,,,,,,2592,0.0861968994140625,0.9833660125732422,0.04170887917280197
,,,,,,,,,2593,0.08625411987304688,0.9823551177978516,0.0470869205892086
,,,,,,,,,2594,0.08604788780212402,0.9836807250976562,0.040506619960069656
,,,,,,,,,2595,0.0861196517944336,0.984222412109375,0.03993173688650131
,,,,,,,,,2596,0.08835244178771973,0.9905338287353516,0.02452852390706539
,,,,,,,,,2597,0.08614158630371094,0.9746990203857422,0.05218255892395973
,,,,,,,,,2598,0.08859515190124512,0.9874210357666016,0.030771933495998383
,,,,,,,,,2599,0.08561587333679199,0.9875469207763672,0.02966880612075329
,,,,,,,,,2600,0.08638596534729004,0.9938564300537109,0.01850125752389431
,,,,,,,,,2601,0.09069609642028809,0.9897232055664062,0.026875872164964676
,,,,,,,,,2602,0.08600997924804688,0.9924449920654297,0.020427053794264793
,,,,,,,,,2603,0.08583474159240723,0.9817409515380859,0.04438639432191849
,,,,,,,,,2604,0.08592772483825684,0.9918537139892578,0.02205444872379303
,,,,,,,,,2605,0.08849740028381348,0.9942073822021484,0.014929459430277348
,,,,,,,,,2606,0.0861048698425293,0.9784374237060547,0.05294976383447647
,,,,,,,,,2607,0.08754205703735352,0.9915237426757812,0.022421732544898987
,,,,,,,,,2608,0.0882112979888916,0.9834022521972656,0.041890114545822144
,,,,,,,,,2609,0.08593273162841797,0.9877433776855469,0.03093588352203369
,,,,,,,,,2610,0.08585691452026367,0.9890232086181641,0.028565624728798866
,,,,,,,,,2611,0.09046578407287598,0.9841690063476562,0.03922401741147041
,,,,,,,,,2612,0.08923959732055664,0.9904823303222656,0.023732220754027367
,,,,,,,,,2613,0.08618497848510742,0.9879169464111328,0.030226195231080055
,,,,,,,,,2614,0.08641743659973145,0.9884147644042969,0.029392220079898834
,,,,,,,,,2615,0.08607935905456543,0.9909706115722656,0.025406330823898315
,,,,,,,,,2616,0.08588790893554688,0.9866275787353516,0.03546448051929474
,,,,,,,,,2617,0.08600950241088867,0.9899959564208984,0.025357456877827644
,,,,,,,,,2618,0.0882418155670166,0.9790611267089844,0.049864333122968674
,,,,,,,,,2619,0.08754754066467285,0.988067626953125,0.03029770217835903
,,,,,,,,,2620,0.08594083786010742,0.9894351959228516,0.02740633301436901
,,,,,,,,,2621,0.09163022041320801,0.9919910430908203,0.022358613088726997
,,,,,,,,,2622,0.08575296401977539,0.9828567504882812,0.041441019624471664
,,,,,,,,,2623,0.0857553482055664,0.9893779754638672,0.02730562537908554
,,,,,,,,,2624,0.08577966690063477,0.9886951446533203,0.027149386703968048
,,,,,,,,,2625,0.08611798286437988,0.9916286468505859,0.02114555798470974
,,,,,,,,,2626,0.08670639991760254,0.9913806915283203,0.02296680398285389
,,,,,,,,,2627,0.08611845970153809,0.9899673461914062,0.025329899042844772
,,,,,,,,,2628,0.09004616737365723,0.9904689788818359,0.023468848317861557
,,,,,,,,,2629,0.08619904518127441,0.9847564697265625,0.03599269688129425
,,,,,,,,,2630,0.08605670928955078,0.9858322143554688,0.03642607480287552
,,,,,,,,,2631,0.08840465545654297,0.9893703460693359,0.028111524879932404
,,,,,,,,,2632,0.08610916137695312,0.9798984527587891,0.05046835169196129
,,,,,,,,,2633,0.08650994300842285,0.9877796173095703,0.029205018654465675
,,,,,,,,,2634,0.0864717960357666,0.9915390014648438,0.022550400346517563
,,,,,,,,,2635,0.08748936653137207,0.9859180450439453,0.03191167116165161
,,,,,,,,,2636,0.08576273918151855,0.9887142181396484,0.028123224154114723
,,,,,,,,,2637,0.08604550361633301,0.9885959625244141,0.029549187049269676
,,,,,,,,,2638,0.08588266372680664,0.9909400939941406,0.024103550240397453
,,,,,,,,,2639,0.08609938621520996,0.9772224426269531,0.0582464337348938
,,,,,,,,,2640,0.08876800537109375,0.9894695281982422,0.02822590060532093
,,,,,,,,,2641,0.09046554565429688,0.9879512786865234,0.03041560761630535
,,,,,,,,,2642,0.08727908134460449,0.9901924133300781,0.027542179450392723
,,,,,,,,,2643,0.08622145652770996,0.9921474456787109,0.020744850859045982
,,,,,,,,,2644,0.0858461856842041,0.9870853424072266,0.031994327902793884
,,,,,,,,,2645,0.08821702003479004,0.9895439147949219,0.026432495564222336
,,,,,,,,,2646,0.08613967895507812,0.9882888793945312,0.029270850121974945
,,,,,,,,,2647,0.08582854270935059,0.9915199279785156,0.02210884913802147
,,,,,,,,,2648,0.08596277236938477,0.9919452667236328,0.022422419860959053
,,,,,,,,,2649,0.09694671630859375,0.9880599975585938,0.030957842245697975
,,,,,,,,,2650,0.0957491397857666,0.9857311248779297,0.03653422370553017
,,,,,,,,,2651,0.09921455383300781,0.9843463897705078,0.03935077041387558
,,,,,,,,,2652,0.09672927856445312,0.9851646423339844,0.04055239260196686
,,,,,,,,,2653,0.09708833694458008,0.9891986846923828,0.02676575630903244
,,,,,,,,,2654,0.08575248718261719,0.9863834381103516,0.03333009406924248
,,,,,,,,,2655,0.08599638938903809,0.9864387512207031,0.03363634645938873
,,,,,,,,,2656,0.08573269844055176,0.9857120513916016,0.03380084037780762
,,,,,,,,,2657,0.08584427833557129,0.9836921691894531,0.03442878648638725
,,,,,,,,,2658,0.08631157875061035,0.9859886169433594,0.03494630008935928
,,,,,,,,,2659,0.08674478530883789,0.9878940582275391,0.03268042579293251
,,,,,,,,,2660,0.08759355545043945,0.9852714538574219,0.03552484139800072
,,,,,,,,,2661,0.09074044227600098,0.9839248657226562,0.041418056935071945
,,,,,,,,,2662,0.0866079330444336,0.9894371032714844,0.027503658086061478
,,,,,,,,,2663,0.08592987060546875,0.9907398223876953,0.023953361436724663
,,,,,,,,,2664,0.08842134475708008,0.9873600006103516,0.031375207006931305
,,,,,,,,,2665,0.08572697639465332,0.9876861572265625,0.030562127009034157
,,,,,,,,,2666,0.08604264259338379,0.9887599945068359,0.03089483082294464
,,,,,,,,,2667,0.08855986595153809,0.9781341552734375,0.051817718893289566
,,,,,,,,,2668,0.08605718612670898,0.9867610931396484,0.0325518473982811
,,,,,,,,,2669,0.08847618103027344,0.9827938079833984,0.040837470442056656
,,,,,,,,,2670,0.08571577072143555,0.9905261993408203,0.023190854117274284
,,,,,,,,,2671,0.09050631523132324,0.9883689880371094,0.029204394668340683
,,,,,,,,,2672,0.08641910552978516,0.9910240173339844,0.023661576211452484
,,,,,,,,,2673,0.08563446998596191,0.9801959991455078,0.04522572457790375
,,,,,,,,,2674,0.0901496410369873,0.9922695159912109,0.019058555364608765
,,,,,,,,,2675,0.08599114418029785,0.9897499084472656,0.026974784210324287
,,,,,,,,,2676,0.08643817901611328,0.9902439117431641,0.02536185458302498
,,,,,,,,,2677,0.08588981628417969,0.9853630065917969,0.038026362657547
,,,,,,,,,2678,0.08603405952453613,0.9906044006347656,0.024465780705213547
,,,,,,,,,2679,0.08829092979431152,0.9896125793457031,0.029971040785312653
,,,,,,,,,2680,0.08614373207092285,0.9809360504150391,0.046547673642635345
,,,,,,,,,2681,0.09281396865844727,0.9868412017822266,0.030771786347031593
,,,,,,,,,2682,0.08584189414978027,0.9846992492675781,0.037920933216810226
,,,,,,,,,2683,0.08604049682617188,0.9808750152587891,0.046100880950689316
,,,,,,,,,2684,0.0879507064819336,0.9807796478271484,0.04612893611192703
,,,,,,,,,2685,0.08817219734191895,0.98907470703125,0.02794840559363365
,,,,,,,,,2686,0.08645200729370117,0.9916763305664062,0.022991357371211052
,,,,,,,,,2687,0.08590173721313477,0.9869422912597656,0.03349825367331505
,,,,,,,,,2688,0.08787131309509277,0.9862804412841797,0.033198222517967224
,,,,,,,,,2689,0.08588385581970215,0.9888267517089844,0.02852373942732811
,,,,,,,,,2690,0.08634376525878906,0.9932117462158203,0.02060461789369583
,,,,,,,,,2691,0.09050440788269043,0.9878597259521484,0.030835457146167755
,,,,,,,,,2692,0.0857076644897461,0.9795742034912109,0.053477540612220764
,,,,,,,,,2693,0.08590960502624512,0.9882774353027344,0.03077726997435093
,,,,,,,,,2694,0.0863029956817627,0.9827003479003906,0.04450758174061775
,,,,,,,,,2695,0.08849191665649414,0.9867534637451172,0.030365437269210815
,,,,,,,,,2696,0.0862274169921875,0.9897327423095703,0.028662720695137978
,,,,,,,,,2697,0.0866858959197998,0.9811592102050781,0.04271416738629341
,,,,,,,,,2698,0.08594608306884766,0.9872760772705078,0.03627340868115425
,,,,,,,,,2699,0.08595824241638184,0.9894981384277344,0.02640782669186592
,,,,,,,,,2700,0.08589386940002441,0.9929962158203125,0.019492974504828453
,,,,,,,,,2701,0.09057950973510742,0.9916858673095703,0.02346200682222843
,,,,,,,,,2702,0.0879817008972168,0.9919223785400391,0.022562455385923386
,,,,,,,,,2703,0.08595466613769531,0.9902553558349609,0.026069622486829758
,,,,,,,,,2704,0.08608317375183105,0.9885406494140625,0.028446288779377937
,,,,,,,,,2705,0.08579015731811523,0.9900245666503906,0.02365374006330967
,,,,,,,,,2706,0.08855986595153809,0.9858016967773438,0.035014644265174866
,,,,,,,,,2707,0.0859677791595459,0.9907360076904297,0.02359645813703537
,,,,,,,,,2708,0.08611011505126953,0.9879226684570312,0.031304534524679184
,,,,,,,,,2709,0.08821964263916016,0.9795246124267578,0.05329933390021324
,,,,,,,,,2710,0.08595466613769531,0.9868564605712891,0.03361152112483978
,,,,,,,,,2711,0.0918729305267334,0.9901466369628906,0.025697190314531326
,,,,,,,,,2712,0.0860292911529541,0.9914817810058594,0.021121539175510406
,,,,,,,,,2713,0.0858774185180664,0.98779296875,0.031124964356422424
,,,,,,,,,2714,0.08585929870605469,0.9879684448242188,0.029940633103251457
,,,,,,,,,2715,0.08593559265136719,0.9913692474365234,0.023393811658024788
,,,,,,,,,2716,0.08831787109375,0.9829521179199219,0.044024694710969925
,,,,,,,,,2717,0.08599352836608887,0.9862136840820312,0.03356660529971123
,,,,,,,,,2718,0.0873875617980957,0.991912841796875,0.02361319586634636
,,,,,,,,,2719,0.08611464500427246,0.9848346710205078,0.03725185617804527
,,,,,,,,,2720,0.08629846572875977,0.9848442077636719,0.03824644163250923
,,,,,,,,,2721,0.09044456481933594,0.9908103942871094,0.024244239553809166
,,,,,,,,,2722,0.08619952201843262,0.9888343811035156,0.029392585158348083
,,,,,,,,,2723,0.08743524551391602,0.9929580688476562,0.019716773182153702
,,,,,,,,,2724,0.08585762977600098,0.989471435546875,0.028977643698453903
,,,,,,,,,2725,0.08725738525390625,0.9887008666992188,0.029076341539621353
,,,,,,,,,2726,0.0857686996459961,0.9933490753173828,0.019316423684358597
,,,,,,,,,2727,0.08585381507873535,0.9915771484375,0.023333581164479256
,,,,,,,,,2728,0.0860755443572998,0.9848251342773438,0.039839159697294235
,,,,,,,,,2729,0.08574819564819336,0.9855194091796875,0.037374354898929596
,,,,,,,,,2730,0.08644604682922363,0.9875068664550781,0.03043425641953945
,,,,,,,,,2731,0.09064698219299316,0.9873409271240234,0.03258489817380905
,,,,,,,,,2732,0.08704447746276855,0.9905452728271484,0.024877190589904785
,,,,,,,,,2733,0.08597254753112793,0.9841423034667969,0.03860906884074211
,,,,,,,,,2734,0.08584952354431152,0.9885120391845703,0.02988610602915287
,,,,,,,,,2735,0.08620095252990723,0.9906044006347656,0.026726989075541496
,,,,,,,,,2736,0.08602166175842285,0.9888038635253906,0.029544120654463768
,,,,,,,,,2737,0.08646011352539062,0.9864711761474609,0.034116242080926895
,,,,,,,,,2738,0.08875250816345215,0.9720840454101562,0.06970252096652985
,,,,,,,,,2739,0.08755350112915039,0.9877300262451172,0.0297634769231081
,,,,,,,,,2740,0.08577418327331543,0.989776611328125,0.026720186695456505
,,,,,,,,,2741,0.09013247489929199,0.9904460906982422,0.025899847969412804
,,,,,,,,,2742,0.08595466613769531,0.98699951171875,0.03266222029924393
,,,,,,,,,2743,0.08582305908203125,0.9815578460693359,0.04827135056257248
,,,,,,,,,2744,0.08721208572387695,0.9887580871582031,0.028029514476656914
,,,,,,,,,2745,0.08619856834411621,0.9865360260009766,0.03376074880361557
,,,,,,,,,2746,0.08747649192810059,0.9947319030761719,0.016579100862145424
,,,,,,,,,2747,0.08612489700317383,0.9888648986816406,0.029063057154417038
,,,,,,,,,2748,0.08817386627197266,0.9878387451171875,0.03250553458929062
,,,,,,,,,2749,0.0860905647277832,0.9930076599121094,0.02073492854833603
,,,,,,,,,2750,0.08601665496826172,0.9913158416748047,0.022473031654953957
,,,,,,,,,2751,0.09038996696472168,0.9873943328857422,0.031101232394576073
,,,,,,,,,2752,0.08583807945251465,0.9849281311035156,0.03640329837799072
,,,,,,,,,2753,0.08815860748291016,0.9850540161132812,0.036938078701496124
,,,,,,,,,2754,0.08585405349731445,0.9882869720458984,0.029911724850535393
,,,,,,,,,2755,0.08614063262939453,0.9893817901611328,0.029197098687291145
,,,,,,,,,2756,0.08578276634216309,0.9876022338867188,0.03149722144007683
,,,,,,,,,2757,0.08605337142944336,0.9854545593261719,0.03736014664173126
,,,,,,,,,2758,0.08793473243713379,0.98486328125,0.038414593786001205
,,,,,,,,,2759,0.0861666202545166,0.9866199493408203,0.03377651795744896
,,,,,,,,,2760,0.0881807804107666,0.9892292022705078,0.027179351076483727
,,,,,,,,,2761,0.09033942222595215,0.9909133911132812,0.02365720272064209
,,,,,,,,,2762,0.08626747131347656,0.9905681610107422,0.02667892910540104
,,,,,,,,,2763,0.08606958389282227,0.9840316772460938,0.03751588240265846
,,,,,,,,,2764,0.08580732345581055,0.989715576171875,0.026599818840622902
,,,,,,,,,2765,0.08613204956054688,0.9884033203125,0.029478440061211586
,,,,,,,,,2766,0.08575272560119629,0.9776458740234375,0.05570279806852341
,,,,,,,,,2767,0.08829522132873535,0.9891242980957031,0.026562899351119995
,,,,,,,,,2768,0.08606839179992676,0.9948310852050781,0.01619322970509529
,,,,,,,,,2769,0.08587074279785156,0.9833793640136719,0.04243042320013046
,,,,,,,,,2770,0.08827614784240723,0.9805145263671875,0.044957153499126434
,,,,,,,,,2771,0.09067392349243164,0.9853591918945312,0.034990016371011734
,,,,,,,,,2772,0.08596277236938477,0.9888896942138672,0.027628490701317787
,,,,,,,,,2773,0.0864109992980957,0.9767971038818359,0.05219347029924393
,,,,,,,,,2774,0.08748745918273926,0.9913311004638672,0.023937836289405823
,,,,,,,,,2775,0.08800387382507324,0.9860191345214844,0.03348749876022339
,,,,,,,,,2776,0.08603644371032715,0.9920005798339844,0.02379434183239937
,,,,,,,,,2777,0.08587145805358887,0.9876823425292969,0.03183279559016228
,,,,,,,,,2778,0.08588910102844238,0.9789085388183594,0.049899280071258545
,,,,,,,,,2779,0.08614397048950195,0.9887142181396484,0.028883643448352814
,,,,,,,,,2780,0.08835911750793457,0.9852180480957031,0.036769747734069824
,,,,,,,,,2781,0.09270954132080078,0.9870166778564453,0.03314568102359772
,,,,,,,,,2782,0.08619189262390137,0.9796199798583984,0.050847139209508896
,,,,,,,,,2783,0.08746838569641113,0.9888134002685547,0.027817556634545326
,,,,,,,,,2784,0.08581161499023438,0.9896106719970703,0.026871472597122192
,,,,,,,,,2785,0.09477806091308594,0.9909515380859375,0.021795576438307762
,,,,,,,,,2786,0.08585596084594727,0.9896259307861328,0.027491364628076553
,,,,,,,,,2787,0.08601069450378418,0.9943256378173828,0.016478218138217926
,,,,,,,,,2788,0.08664870262145996,0.9930992126464844,0.019623132422566414
,,,,,,,,,2789,0.0857689380645752,0.9862804412841797,0.035274703055620193
,,,,,,,,,2790,0.08713197708129883,0.9833812713623047,0.03954828530550003
,,,,,,,,,2791,0.09007740020751953,0.9894809722900391,0.026488324627280235
,,,,,,,,,2792,0.08589482307434082,0.9813575744628906,0.048274457454681396
,,,,,,,,,2793,0.0858316421508789,0.9848251342773438,0.03538458049297333
,,,,,,,,,2794,0.08600163459777832,0.9932918548583984,0.019458983093500137
,,,,,,,,,2795,0.08727288246154785,0.9891719818115234,0.02720918133854866
,,,,,,,,,2796,0.08596420288085938,0.9905776977539062,0.02545839175581932
,,,,,,,,,2797,0.08904314041137695,0.9852809906005859,0.03510849177837372
,,,,,,,,,2798,0.08565974235534668,0.9892520904541016,0.028049515560269356
,,,,,,,,,2799,0.08585786819458008,0.9858646392822266,0.03408274054527283
,,,,,,,,,2800,0.0856781005859375,0.9838981628417969,0.04490883648395538
,,,,,,,,,2801,0.0914926528930664,0.9858455657958984,0.03299304470419884
,,,,,,,,,2802,0.09647536277770996,0.9900951385498047,0.02527088113129139
,,,,,,,,,2803,0.08844876289367676,0.9890785217285156,0.027416951954364777
,,,,,,,,,2804,0.09194803237915039,0.9837741851806641,0.04339069500565529
,,,,,,,,,2805,0.08815622329711914,0.9890174865722656,0.028894759714603424
,,,,,,,,,2806,0.09028983116149902,0.9878063201904297,0.032580338418483734
,,,,,,,,,2807,0.08845686912536621,0.9878807067871094,0.030006760731339455
,,,,,,,,,2808,0.09502077102661133,0.9839439392089844,0.04036999121308327
,,,,,,,,,2809,0.08809876441955566,0.9956951141357422,0.01382899284362793
,,,,,,,,,2810,0.08593964576721191,0.9885082244873047,0.028025126084685326
,,,,,,,,,2811,0.0906367301940918,0.9822025299072266,0.04399500787258148
,,,,,,,,,2812,0.08599734306335449,0.9874019622802734,0.031103266403079033
,,,,,,,,,2813,0.08767938613891602,0.9905529022216797,0.02397255040705204
,,,,,,,,,2814,0.08855319023132324,0.9883804321289062,0.02917720377445221
,,,,,,,,,2815,0.08587145805358887,0.9901828765869141,0.026165980845689774
,,,,,,,,,2816,0.08582496643066406,0.9863567352294922,0.03368052840232849
,,,,,,,,,2817,0.08619022369384766,0.9901561737060547,0.02579755336046219
,,,,,,,,,2818,0.0859060287475586,0.9836616516113281,0.03670106455683708
,,,,,,,,,2819,0.08826684951782227,0.9900360107421875,0.02697589434683323
,,,,,,,,,2820,0.08764529228210449,0.9883441925048828,0.030271172523498535
,,,,,,,,,2821,0.09046339988708496,0.9902324676513672,0.023753002285957336
,,,,,,,,,2822,0.08612394332885742,0.9906902313232422,0.024182939901947975
,,,,,,,,,2823,0.08578610420227051,0.9896488189697266,0.02789084054529667
,,,,,,,,,2824,0.08794879913330078,0.9933414459228516,0.018548522144556046
,,,,,,,,,2825,0.0859682559967041,0.9899005889892578,0.023689396679401398
,,,,,,,,,2826,0.08595609664916992,0.9859657287597656,0.03427257388830185
,,,,,,,,,2827,0.08786392211914062,0.9863491058349609,0.03391001373529434
,,,,,,,,,2828,0.08609294891357422,0.9823646545410156,0.04367916285991669
,,,,,,,,,2829,0.0878300666809082,0.9860095977783203,0.03466513752937317
,,,,,,,,,2830,0.08602452278137207,0.9915676116943359,0.02182604745030403
,,,,,,,,,2831,0.08830761909484863,0.9872589111328125,0.03171134367585182
,,,,,,,,,2832,0.08613085746765137,0.9892845153808594,0.02629910781979561
,,,,,,,,,2833,0.08591771125793457,0.9901943206787109,0.02583024837076664
,,,,,,,,,2834,0.0883018970489502,0.9887332916259766,0.027744153514504433
,,,,,,,,,2835,0.08597493171691895,0.9901885986328125,0.02567490004003048
,,,,,,,,,2836,0.08678793907165527,0.9865837097167969,0.03539862111210823
,,,,,,,,,2837,0.08582115173339844,0.9863643646240234,0.03567683696746826
,,,,,,,,,2838,0.08584952354431152,0.9928321838378906,0.019306477159261703
,,,,,,,,,2839,0.08590054512023926,0.9883460998535156,0.030741088092327118
,,,,,,,,,2840,0.0861976146697998,0.9813079833984375,0.04456854611635208
,,,,,,,,,2841,0.09263348579406738,0.9855384826660156,0.036585528403520584
,,,,,,,,,2842,0.0860438346862793,0.9892311096191406,0.02907644771039486
,,,,,,,,,2843,0.08612990379333496,0.987396240234375,0.030595464631915092
,,,,,,,,,2844,0.08579349517822266,0.9855308532714844,0.03559315949678421
,,,,,,,,,2845,0.08592867851257324,0.9841518402099609,0.041982501745224
,,,,,,,,,2846,0.08821940422058105,0.9874858856201172,0.031694196164608
,,,,,,,,,2847,0.08598804473876953,0.9918041229248047,0.022468768060207367
,,,,,,,,,2848,0.08851146697998047,0.9883270263671875,0.03237242251634598
,,,,,,,,,2849,0.0859532356262207,0.9906291961669922,0.02523637004196644
,,,,,,,,,2850,0.08599042892456055,0.9821205139160156,0.04220033064484596
,,,,,,,,,2851,0.0882883071899414,0.9908504486083984,0.025719881057739258
,,,,,,,,,2852,0.08586931228637695,0.9892978668212891,0.02696775086224079
,,,,,,,,,2853,0.08591628074645996,0.9859561920166016,0.035460133105516434
,,,,,,,,,2854,0.08597421646118164,0.988525390625,0.030135640874505043
,,,,,,,,,2855,0.08783841133117676,0.9948329925537109,0.014783551916480064
,,,,,,,,,2856,0.08848857879638672,0.9877643585205078,0.03165827691555023
,,,,,,,,,2857,0.08610153198242188,0.9869823455810547,0.03343094885349274
,,,,,,,,,2858,0.08595919609069824,0.985809326171875,0.036757942289114
,,,,,,,,,2859,0.0858924388885498,0.9938220977783203,0.01687648333609104
,,,,,,,,,2860,0.08574271202087402,0.9858245849609375,0.035235483199357986
,,,,,,,,,2861,0.09097123146057129,0.9877910614013672,0.03098355047404766
,,,,,,,,,2862,0.08827447891235352,0.9853363037109375,0.03729666396975517
,,,,,,,,,2863,0.08579182624816895,0.9906826019287109,0.02453678473830223
,,,,,,,,,2864,0.08590245246887207,0.9876689910888672,0.03228721767663956
,,,,,,,,,2865,0.0859365463256836,0.9886856079101562,0.028787434101104736
,,,,,,,,,2866,0.08584237098693848,0.9847850799560547,0.044787704944610596
,,,,,,,,,2867,0.08582496643066406,0.9847316741943359,0.0379914715886116
,,,,,,,,,2868,0.08592891693115234,0.9844398498535156,0.03823571652173996
,,,,,,,,,2869,0.08701729774475098,0.9857921600341797,0.03679503872990608
,,,,,,,,,2870,0.08588123321533203,0.9868221282958984,0.03218451142311096
,,,,,,,,,2871,0.09169554710388184,0.9877052307128906,0.03274230286478996
,,,,,,,,,2872,0.08585858345031738,0.9850387573242188,0.03592219576239586
,,,,,,,,,2873,0.08590030670166016,0.9873714447021484,0.031074166297912598
,,,,,,,,,2874,0.08583927154541016,0.9853305816650391,0.036852918565273285
,,,,,,,,,2875,0.0863637924194336,0.9906387329101562,0.026897737756371498
,,,,,,,,,2876,0.08742570877075195,0.98797607421875,0.030782386660575867
,,,,,,,,,2877,0.08598637580871582,0.9876136779785156,0.03489287942647934
,,,,,,,,,2878,0.08655214309692383,0.9853267669677734,0.03578215092420578
,,,,,,,,,2879,0.08586788177490234,0.9794979095458984,0.048946429044008255
,,,,,,,,,2880,0.08585286140441895,0.9908237457275391,0.023931197822093964
,,,,,,,,,2881,0.08824634552001953,0.9855136871337891,0.03577353432774544
,,,,,,,,,2882,0.0859992504119873,0.9927177429199219,0.01931939460337162
,,,,,,,,,2883,0.08715534210205078,0.9767131805419922,0.05860373005270958
,,,,,,,,,2884,0.08600425720214844,0.9937953948974609,0.01727301813662052
,,,,,,,,,2885,0.0861210823059082,0.9849586486816406,0.03477152809500694
,,,,,,,,,2886,0.08584785461425781,0.9848918914794922,0.03864101693034172
,,,,,,,,,2887,0.08671903610229492,0.9889698028564453,0.02785594016313553
,,,,,,,,,2888,0.08840084075927734,0.991180419921875,0.02452332153916359
,,,,,,,,,2889,0.08593606948852539,0.9889373779296875,0.027026914060115814
,,,,,,,,,2890,0.08792471885681152,0.9861125946044922,0.034548524767160416
,,,,,,,,,2891,0.08837151527404785,0.9884815216064453,0.027548450976610184
,,,,,,,,,2892,0.08691072463989258,0.9890022277832031,0.029190601781010628
,,,,,,,,,2893,0.08599424362182617,0.9861354827880859,0.03665721043944359
,,,,,,,,,2894,0.0858149528503418,0.98919677734375,0.027486737817525864
,,,,,,,,,2895,0.08594369888305664,0.9887523651123047,0.028237832710146904
,,,,,,,,,2896,0.08608055114746094,0.9897613525390625,0.02613801322877407
,,,,,,,,,2897,0.08694052696228027,0.9917793273925781,0.022961080074310303
,,,,,,,,,2898,0.08812284469604492,0.9837589263916016,0.038442742079496384
,,,,,,,,,2899,0.0868072509765625,0.9865531921386719,0.03379427641630173
,,,,,,,,,2900,0.08606958389282227,0.9859180450439453,0.036764975637197495
,,,,,,,,,2901,0.08816695213317871,0.9869632720947266,0.031064527109265327
,,,,,,,,,2902,0.08584070205688477,0.9858131408691406,0.03621772676706314
,,,,,,,,,2903,0.08571219444274902,0.9863471984863281,0.03048735484480858
,,,,,,,,,2904,0.08716320991516113,0.9894542694091797,0.026304813101887703
,,,,,,,,,2905,0.08599543571472168,0.9885673522949219,0.03136326000094414
,,,,,,,,,2906,0.08775687217712402,0.9900646209716797,0.024935387074947357
,,,,,,,,,2907,0.08590435981750488,0.9880256652832031,0.02960791066288948
,,,,,,,,,2908,0.08568596839904785,0.9893207550048828,0.02728840336203575
,,,,,,,,,2909,0.08578252792358398,0.9885139465332031,0.02828608825802803
,,,,,,,,,2910,0.08613801002502441,0.9822902679443359,0.04736251011490822
,,,,,,,,,2911,0.09034466743469238,0.9758262634277344,0.05340928956866264
,,,,,,,,,2912,0.08566904067993164,0.9773654937744141,0.05681435763835907
,,,,,,,,,2913,0.08788871765136719,0.9854831695556641,0.03568141162395477
,,,,,,,,,2914,0.08571648597717285,0.9880161285400391,0.029375528916716576
,,,,,,,,,2915,0.08850407600402832,0.9857978820800781,0.034126151353120804
,,,,,,,,,2916,0.09600305557250977,0.9932155609130859,0.018962007015943527
,,,,,,,,,2917,0.09634709358215332,0.9866161346435547,0.03190585598349571
,,,,,,,,,2918,0.09599161148071289,0.9768180847167969,0.058093469589948654
,,,,,,,,,2919,0.09634566307067871,0.9852333068847656,0.03613809868693352
,,,,,,,,,2920,0.09616279602050781,0.9805183410644531,0.0464528352022171
,,,,,,,,,2921,0.0909111499786377,0.9835968017578125,0.040693338960409164
,,,,,,,,,2922,0.08581733703613281,0.9895439147949219,0.02636009082198143
,,,,,,,,,2923,0.08608794212341309,0.9923534393310547,0.020542077720165253
,,,,,,,,,2924,0.08714413642883301,0.9771842956542969,0.05708929896354675
,,,,,,,,,2925,0.0860898494720459,0.9875602722167969,0.03005055896937847
,,,,,,,,,2926,0.08572626113891602,0.9823532104492188,0.04865061864256859
,,,,,,,,,2927,0.08572936058044434,0.9869823455810547,0.03402208909392357
,,,,,,,,,2928,0.0861060619354248,0.985870361328125,0.03445545583963394
,,,,,,,,,2929,0.08584856986999512,0.9910850524902344,0.02325909212231636
,,,,,,,,,2930,0.08591222763061523,0.9900760650634766,0.02518441155552864
,,,,,,,,,2931,0.09366130828857422,0.9866542816162109,0.03424255922436714
,,,,,,,,,2932,0.08590912818908691,0.9881668090820312,0.029651865363121033
,,,,,,,,,2933,0.08599567413330078,0.9913768768310547,0.023615358397364616
,,,,,,,,,2934,0.08680987358093262,0.9891643524169922,0.03038455732166767
,,,,,,,,,2935,0.08576226234436035,0.9874229431152344,0.03224336728453636
,,,,,,,,,2936,0.08600950241088867,0.9891166687011719,0.027301447466015816
,,,,,,,,,2937,0.08594083786010742,0.9876060485839844,0.03137046843767166
,,,,,,,,,2938,0.0885469913482666,0.9862308502197266,0.033601317554712296
,,,,,,,,,2939,0.08829474449157715,0.9890251159667969,0.028835028409957886
,,,,,,,,,2940,0.09639549255371094,0.9791717529296875,0.0536375492811203
,,,,,,,,,2941,0.09700131416320801,0.9894809722900391,0.027143262326717377
,,,,,,,,,2942,0.09639453887939453,0.9851264953613281,0.03609276935458183
,,,,,,,,,2943,0.09646773338317871,0.9907188415527344,0.024925146251916885
,,,,,,,,,2944,0.09628534317016602,0.9889793395996094,0.028604742139577866
,,,,,,,,,2945,0.08582234382629395,0.9888095855712891,0.027057670056819916
,,,,,,,,,2946,0.08809614181518555,0.9820060729980469,0.047085754573345184
,,,,,,,,,2947,0.08628320693969727,0.9911460876464844,0.025003274902701378
,,,,,,,,,2948,0.08592605590820312,0.9896736145019531,0.026822851970791817
,,,,,,,,,2949,0.08752036094665527,0.9886894226074219,0.029716987162828445
,,,,,,,,,2950,0.08555746078491211,0.9909381866455078,0.022911550477147102
,,,,,,,,,2951,0.09018445014953613,0.9935150146484375,0.016991162672638893
,,,,,,,,,2952,0.08574104309082031,0.9856300354003906,0.03495573624968529
,,,,,,,,,2953,0.08565115928649902,0.9885540008544922,0.02853013016283512
,,,,,,,,,2954,0.08588671684265137,0.9887313842773438,0.02872609719634056
,,,,,,,,,2955,0.08583521842956543,0.9864578247070312,0.0340084433555603
,,,,,,,,,2956,0.08830380439758301,0.9853496551513672,0.03544172644615173
,,,,,,,,,2957,0.08599519729614258,0.9890079498291016,0.02820650488138199
,,,,,,,,,2958,0.08571743965148926,0.9910869598388672,0.022491373121738434
,,,,,,,,,2959,0.08665847778320312,0.9906158447265625,0.02466924674808979
,,,,,,,,,2960,0.0856630802154541,0.9890251159667969,0.027610929682850838
,,,,,,,,,2961,0.09061670303344727,0.9909477233886719,0.023222770541906357
,,,,,,,,,2962,0.08606529235839844,0.9831447601318359,0.040336307138204575
,,,,,,,,,2963,0.08854413032531738,0.9821224212646484,0.04688864201307297
,,,,,,,,,2964,0.08575773239135742,0.9862575531005859,0.03327309340238571
,,,,,,,,,2965,0.08579611778259277,0.9884376525878906,0.029397565871477127
,,,,,,,,,2966,0.0857706069946289,0.9856433868408203,0.034985195845365524
,,,,,,,,,2967,0.08597826957702637,0.9915714263916016,0.02510095201432705
,,,,,,,,,2968,0.08801770210266113,0.989837646484375,0.025769177824258804
,,,,,,,,,2969,0.08575105667114258,0.9892196655273438,0.02851448766887188
,,,,,,,,,2970,0.08716869354248047,0.9909763336181641,0.024110062047839165
,,,,,,,,,2971,0.09041786193847656,0.9928684234619141,0.02106286771595478
,,,,,,,,,2972,0.08625054359436035,0.9865131378173828,0.03387872129678726
,,,,,,,,,2973,0.08595895767211914,0.9887790679931641,0.02999170869588852
,,,,,,,,,2974,0.08600711822509766,0.9934005737304688,0.017893129959702492
,,,,,,,,,2975,0.08588576316833496,0.9831886291503906,0.04211333766579628
,,,,,,,,,2976,0.08585762977600098,0.98797607421875,0.031084515154361725
,,,,,,,,,2977,0.08837580680847168,0.9849491119384766,0.03786538168787956
,,,,,,,,,2978,0.08794379234313965,0.9887847900390625,0.02728221006691456
,,,,,,,,,2979,0.08561015129089355,0.9884510040283203,0.03065953589975834
,,,,,,,,,2980,0.08556914329528809,0.9827156066894531,0.04224443808197975
,,,,,,,,,2981,0.09030795097351074,0.9923305511474609,0.019932646304368973
,,,,,,,,,2982,0.08584713935852051,0.9880027770996094,0.0298441294580698
,,,,,,,,,2983,0.08604669570922852,0.9900188446044922,0.02490816079080105
,,,,,,,,,2984,0.08838820457458496,0.9854564666748047,0.035221654921770096
,,,,,,,,,2985,0.08609175682067871,0.9851741790771484,0.03455857187509537
,,,,,,,,,2986,0.08595776557922363,0.9828090667724609,0.04246589541435242
,,,,,,,,,2987,0.08568406105041504,0.9888935089111328,0.027278102934360504
,,,,,,,,,2988,0.08820343017578125,0.9916419982910156,0.020769070833921432
,,,,,,,,,2989,0.08576273918151855,0.9883899688720703,0.030171675607562065
,,,,,,,,,2990,0.0860443115234375,0.9860782623291016,0.034623079001903534
,,,,,,,,,2991,0.09221172332763672,0.9873771667480469,0.03268284350633621
,,,,,,,,,2992,0.08629536628723145,0.9816379547119141,0.04733254015445709
,,,,,,,,,2993,0.08590102195739746,0.9754428863525391,0.0580306276679039
,,,,,,,,,2994,0.08565282821655273,0.9914073944091797,0.021955952048301697
,,,,,,,,,2995,0.0856022834777832,0.9901828765869141,0.026332246139645576
,,,,,,,,,2996,0.08568310737609863,0.9825687408447266,0.045776236802339554
,,,,,,,,,2997,0.08574056625366211,0.9856796264648438,0.03546285256743431
,,,,,,,,,2998,0.08807730674743652,0.9898052215576172,0.027280956506729126
,,,,,,,,,2999,0.08582043647766113,0.9893875122070312,0.02828392945230007
0.741824022225111,417426,296286,0.5896027545662179,0.9885334236805738,0.7758211326750653,0.7106813881438047,60503740,1025364,3000,0.0868234634399414,0.9890537261962891,0.028405722230672836
,,,,,,,,,3001,0.08696627616882324,0.9900283813476562,0.0264148972928524
,,,,,,,,,3002,0.08842635154724121,0.9895725250244141,0.026969872415065765
,,,,,,,,,3003,0.08577322959899902,0.9867000579833984,0.0351279079914093
,,,,,,,,,3004,0.08569121360778809,0.9910755157470703,0.022446030750870705
,,,,,,,,,3005,0.0857691764831543,0.9920406341552734,0.02168913371860981
,,,,,,,,,3006,0.08568525314331055,0.9848098754882812,0.03808988258242607
,,,,,,,,,3007,0.08696722984313965,0.9910373687744141,0.02428872138261795
,,,,,,,,,3008,0.08563995361328125,0.9841156005859375,0.03862345963716507
,,,,,,,,,3009,0.08837151527404785,0.9891529083251953,0.027026867493987083
,,,,,,,,,3010,0.08555221557617188,0.9934158325195312,0.0178231168538332
,,,,,,,,,3011,0.08796310424804688,0.9848823547363281,0.037334974855184555
,,,,,,,,,3012,0.08597421646118164,0.9846401214599609,0.03973907232284546
,,,,,,,,,3013,0.08583259582519531,0.9816265106201172,0.044738706201314926
,,,,,,,,,3014,0.08625626564025879,0.9857711791992188,0.03197875991463661
,,,,,,,,,3015,0.08618903160095215,0.9901752471923828,0.025987792760133743
,,,,,,,,,3016,0.08755183219909668,0.9905834197998047,0.02580789104104042
,,,,,,,,,3017,0.08648252487182617,0.9899063110351562,0.02544305846095085
,,,,,,,,,3018,0.08592081069946289,0.9883499145507812,0.028452711179852486
,,,,,,,,,3019,0.08579492568969727,0.9879550933837891,0.03233117237687111
,,,,,,,,,3020,0.08591389656066895,0.9853858947753906,0.035900749266147614
,,,,,,,,,3021,0.08747458457946777,0.9900760650634766,0.024264667183160782
,,,,,,,,,3022,0.08592891693115234,0.9873485565185547,0.03205293416976929
,,,,,,,,,3023,0.08758068084716797,0.9906234741210938,0.02399141527712345
,,,,,,,,,3024,0.08597564697265625,0.9895610809326172,0.026766352355480194
,,,,,,,,,3025,0.08575820922851562,0.9893798828125,0.02588186040520668
,,,,,,,,,3026,0.08587789535522461,0.9824638366699219,0.04200811684131622
,,,,,,,,,3027,0.08564901351928711,0.9905509948730469,0.024894172325730324
,,,,,,,,,3028,0.08623790740966797,0.9900665283203125,0.02415541559457779
,,,,,,,,,3029,0.08625006675720215,0.9851341247558594,0.03735658898949623
,,,,,,,,,3030,0.08720183372497559,0.9782161712646484,0.05382595583796501
,,,,,,,,,3031,0.08737516403198242,0.9883251190185547,0.02916622906923294
,,,,,,,,,3032,0.08584260940551758,0.9906177520751953,0.024786168709397316
,,,,,,,,,3033,0.08591699600219727,0.9855670928955078,0.03621825948357582
,,,,,,,,,3034,0.0866403579711914,0.9865627288818359,0.03488614037632942
,,,,,,,,,3035,0.0863637924194336,0.98773193359375,0.03089110553264618
,,,,,,,,,3036,0.0857093334197998,0.9846553802490234,0.0371110774576664
,,,,,,,,,3037,0.08787345886230469,0.9912128448486328,0.021865759044885635
,,,,,,,,,3038,0.08592081069946289,0.9862861633300781,0.03511114791035652
,,,,,,,,,3039,0.08663415908813477,0.9889373779296875,0.027198366820812225
,,,,,,,,,3040,0.08569478988647461,0.9922218322753906,0.021568097174167633
,,,,,,,,,3041,0.0873110294342041,0.990936279296875,0.023876696825027466
,,,,,,,,,3042,0.08571147918701172,0.9913578033447266,0.02270631119608879
,,,,,,,,,3043,0.0859525203704834,0.9849681854248047,0.03895197808742523
,,,,,,,,,3044,0.0878758430480957,0.9842014312744141,0.039844442158937454
,,,,,,,,,3045,0.08570742607116699,0.9920520782470703,0.019623326137661934
,,,,,,,,,3046,0.08562254905700684,0.9885044097900391,0.029812447726726532
,,,,,,,,,3047,0.08603572845458984,0.9810218811035156,0.04668368026614189
,,,,,,,,,3048,0.08567357063293457,0.9896583557128906,0.027428194880485535
,,,,,,,,,3049,0.08670687675476074,0.9850845336914062,0.037440814077854156
,,,,,,,,,3050,0.08568882942199707,0.9845142364501953,0.0411955900490284
,,,,,,,,,3051,0.08799362182617188,0.9858188629150391,0.035875353962183
,,,,,,,,,3052,0.08616375923156738,0.9891185760498047,0.02695639058947563
,,,,,,,,,3053,0.08576130867004395,0.9833545684814453,0.043061163276433945
,,,,,,,,,3054,0.08687257766723633,0.9909782409667969,0.02295602299273014
,,,,,,,,,3055,0.0860130786895752,0.9913730621337891,0.0217013917863369
,,,,,,,,,3056,0.08651947975158691,0.9808979034423828,0.04599007964134216
,,,,,,,,,3057,0.08579564094543457,0.9914169311523438,0.02172083407640457
,,,,,,,,,3058,0.08790826797485352,0.9904384613037109,0.02474084123969078
,,,,,,,,,3059,0.08769750595092773,0.9882278442382812,0.027940599247813225
,,,,,,,,,3060,0.0857245922088623,0.9849395751953125,0.037807609885931015
,,,,,,,,,3061,0.08699202537536621,0.9894180297851562,0.02628476545214653
,,,,,,,,,3062,0.08571529388427734,0.9892406463623047,0.028461197391152382
,,,,,,,,,3063,0.08572053909301758,0.9804019927978516,0.048648178577423096
,,,,,,,,,3064,0.08638501167297363,0.9819507598876953,0.04382612556219101
,,,,,,,,,3065,0.08757925033569336,0.9921722412109375,0.020934950560331345
,,,,,,,,,3066,0.08596611022949219,0.9889564514160156,0.029606789350509644
,,,,,,,,,3067,0.08571743965148926,0.9821224212646484,0.0441470742225647
,,,,,,,,,3068,0.08585143089294434,0.9923057556152344,0.020624859258532524
,,,,,,,,,3069,0.08574366569519043,0.9866523742675781,0.03236488625407219
,,,,,,,,,3070,0.08629179000854492,0.9887332916259766,0.027140378952026367
,,,,,,,,,3071,0.08768749237060547,0.9840469360351562,0.03774620220065117
,,,,,,,,,3072,0.08781194686889648,0.9911403656005859,0.023180967196822166
,,,,,,,,,3073,0.08574247360229492,0.9883785247802734,0.031328875571489334
,,,,,,,,,3074,0.08590531349182129,0.9902076721191406,0.024156225845217705
,,,,,,,,,3075,0.08589839935302734,0.9894962310791016,0.0287618488073349
,,,,,,,,,3076,0.08623909950256348,0.9903850555419922,0.024028906598687172
,,,,,,,,,3077,0.08587384223937988,0.9923362731933594,0.020171044394373894
,,,,,,,,,3078,0.08560037612915039,0.9953193664550781,0.01299260463565588
,,,,,,,,,3079,0.08740615844726562,0.9892311096191406,0.02710098773241043
,,,,,,,,,3080,0.08568453788757324,0.9846992492675781,0.03841213881969452
,,,,,,,,,3081,0.0872802734375,0.9910774230957031,0.023690886795520782
,,,,,,,,,3082,0.08566546440124512,0.9753952026367188,0.06699879467487335
,,,,,,,,,3083,0.08564949035644531,0.9876270294189453,0.02927418053150177
,,,,,,,,,3084,0.08639025688171387,0.9893226623535156,0.028690965846180916
,,,,,,,,,3085,0.08551979064941406,0.9911479949951172,0.024332217872142792
,,,,,,,,,3086,0.08734512329101562,0.989349365234375,0.026991907507181168
,,,,,,,,,3087,0.08850836753845215,0.9912090301513672,0.024487700313329697
,,,,,,,,,3088,0.08789730072021484,0.9821929931640625,0.04308227822184563
,,,,,,,,,3089,0.08856964111328125,0.9724311828613281,0.06658698618412018
,,,,,,,,,3090,0.08866763114929199,0.9867973327636719,0.032542914152145386
,,,,,,,,,3091,0.08933520317077637,0.990997314453125,0.022094767540693283
,,,,,,,,,3092,0.0856623649597168,0.9870204925537109,0.03257254511117935
,,,,,,,,,3093,0.08829259872436523,0.9885234832763672,0.029437385499477386
,,,,,,,,,3094,0.08576655387878418,0.9895668029785156,0.02614528499543667
,,,,,,,,,3095,0.08650803565979004,0.9817943572998047,0.04673679918050766
,,,,,,,,,3096,0.08629465103149414,0.989990234375,0.025077110156416893
,,,,,,,,,3097,0.08561348915100098,0.9810428619384766,0.047471851110458374
,,,,,,,,,3098,0.08572244644165039,0.9892253875732422,0.028857914730906487
,,,,,,,,,3099,0.08587145805358887,0.9879837036132812,0.02943984977900982
,,,,,,,,,3100,0.08747243881225586,0.9855690002441406,0.03758782893419266
,,,,,,,,,3101,0.08732128143310547,0.9799633026123047,0.04814556613564491
,,,,,,,,,3102,0.08600091934204102,0.9916801452636719,0.02230933867394924
,,,,,,,,,3103,0.08555936813354492,0.9828052520751953,0.04269067943096161
,,,,,,,,,3104,0.08553600311279297,0.9864006042480469,0.03543530032038689
,,,,,,,,,3105,0.08565855026245117,0.9912986755371094,0.02348831482231617
,,,,,,,,,3106,0.0857541561126709,0.9900856018066406,0.026044588536024094
,,,,,,,,,3107,0.08856821060180664,0.9903602600097656,0.026964198797941208
,,,,,,,,,3108,0.08602309226989746,0.9854030609130859,0.037743665277957916
,,,,,,,,,3109,0.08673477172851562,0.9894084930419922,0.02697448432445526
,,,,,,,,,3110,0.08603286743164062,0.9868297576904297,0.0339181050658226
,,,,,,,,,3111,0.08737468719482422,0.9879722595214844,0.031960878521203995
,,,,,,,,,3112,0.08767056465148926,0.9856052398681641,0.03584796562790871
,,,,,,,,,3113,0.0875711441040039,0.9893627166748047,0.026711370795965195
,,,,,,,,,3114,0.08946490287780762,0.9876003265380859,0.030300689861178398
,,,,,,,,,3115,0.08870530128479004,0.9860267639160156,0.03289123997092247
,,,,,,,,,3116,0.08806824684143066,0.9860897064208984,0.03345128893852234
,,,,,,,,,3117,0.08567523956298828,0.9845333099365234,0.03622526302933693
,,,,,,,,,3118,0.0866849422454834,0.9794654846191406,0.05324719101190567
,,,,,,,,,3119,0.08570194244384766,0.9854984283447266,0.03342091664671898
,,,,,,,,,3120,0.08590269088745117,0.9891796112060547,0.029668813571333885
,,,,,,,,,3121,0.08749628067016602,0.9862384796142578,0.03528222814202309
,,,,,,,,,3122,0.08576679229736328,0.9845829010009766,0.03981544449925423
,,,,,,,,,3123,0.08675479888916016,0.9861831665039062,0.03404797986149788
,,,,,,,,,3124,0.0862264633178711,0.9815540313720703,0.043326836079359055
,,,,,,,,,3125,0.08564376831054688,0.9894676208496094,0.027813831344246864
,,,,,,,,,3126,0.08568882942199707,0.9814109802246094,0.04777093976736069
,,,,,,,,,3127,0.08581066131591797,0.9914455413818359,0.022846151143312454
,,,,,,,,,3128,0.08774304389953613,0.9923801422119141,0.02101440355181694
,,,,,,,,,3129,0.08577871322631836,0.9861927032470703,0.031145980581641197
,,,,,,,,,3130,0.08736729621887207,0.9858970642089844,0.03388882055878639
,,,,,,,,,3131,0.08719706535339355,0.9871082305908203,0.032371796667575836
,,,,,,,,,3132,0.08599543571472168,0.9866695404052734,0.03233185037970543
,,,,,,,,,3133,0.08556365966796875,0.9837284088134766,0.04135938361287117
,,,,,,,,,3134,0.08537769317626953,0.9912109375,0.023857753723859787
,,,,,,,,,3135,0.0873250961303711,0.9892158508300781,0.026958631351590157
,,,,,,,,,3136,0.08573150634765625,0.9816913604736328,0.046615879982709885
,,,,,,,,,3137,0.08696126937866211,0.9923725128173828,0.02004210092127323
,,,,,,,,,3138,0.08618330955505371,0.9863548278808594,0.03296348825097084
,,,,,,,,,3139,0.08573532104492188,0.9847087860107422,0.03699694946408272
,,,,,,,,,3140,0.08575844764709473,0.9806747436523438,0.04745803028345108
,,,,,,,,,3141,0.08671307563781738,0.9919681549072266,0.021657953038811684
,,,,,,,,,3142,0.0870506763458252,0.9879531860351562,0.028445538133382797
,,,,,,,,,3143,0.08585810661315918,0.9888420104980469,0.02747158147394657
,,,,,,,,,3144,0.08710503578186035,0.9854412078857422,0.037556279450654984
,,,,,,,,,3145,0.0857703685760498,0.9916667938232422,0.022756975144147873
,,,,,,,,,3146,0.0857839584350586,0.9900703430175781,0.025830373167991638
,,,,,,,,,3147,0.08559751510620117,0.989532470703125,0.025371378287672997
,,,,,,,,,3148,0.08556270599365234,0.9860248565673828,0.03393374755978584
,,,,,,,,,3149,0.08716607093811035,0.9941749572753906,0.016821810975670815
,,,,,,,,,3150,0.08613443374633789,0.9876537322998047,0.03077816776931286
,,,,,,,,,3151,0.08817911148071289,0.9877395629882812,0.027973230928182602
,,,,,,,,,3152,0.08555126190185547,0.9905986785888672,0.025280088186264038
,,,,,,,,,3153,0.08549308776855469,0.988677978515625,0.029540328308939934
,,,,,,,,,3154,0.08547139167785645,0.9875221252441406,0.032484542578458786
,,,,,,,,,3155,0.08683609962463379,0.9850006103515625,0.03699328750371933
,,,,,,,,,3156,0.08709955215454102,0.9876880645751953,0.02972060814499855
,,,,,,,,,3157,0.08611321449279785,0.9878597259521484,0.029928259551525116
,,,,,,,,,3158,0.08679032325744629,0.9815139770507812,0.048761073499917984
,,,,,,,,,3159,0.08567357063293457,0.9884586334228516,0.02967667207121849
,,,,,,,,,3160,0.08673882484436035,0.9879493713378906,0.031657494604587555
,,,,,,,,,3161,0.08710289001464844,0.9891090393066406,0.02659103088080883
,,,,,,,,,3162,0.08568429946899414,0.9838638305664062,0.039521072059869766
,,,,,,,,,3163,0.08748269081115723,0.9849662780761719,0.03757689148187637
,,,,,,,,,3164,0.08597993850708008,0.9805374145507812,0.043803296983242035
,,,,,,,,,3165,0.08683180809020996,0.9883041381835938,0.029724860563874245
,,,,,,,,,3166,0.08565592765808105,0.9852771759033203,0.03556228429079056
,,,,,,,,,3167,0.0856165885925293,0.9912319183349609,0.0233482513576746
,,,,,,,,,3168,0.08567309379577637,0.9876060485839844,0.03234248235821724
,,,,,,,,,3169,0.08601236343383789,0.9906101226806641,0.023530175909399986
,,,,,,,,,3170,0.08801150321960449,0.98468017578125,0.035698678344488144
,,,,,,,,,3171,0.08768105506896973,0.9923725128173828,0.021743202582001686
,,,,,,,,,3172,0.08591842651367188,0.9897689819335938,0.026111207902431488
,,,,,,,,,3173,0.08573555946350098,0.9913368225097656,0.023990849032998085
,,,,,,,,,3174,0.08583569526672363,0.9914951324462891,0.0206077229231596
,,,,,,,,,3175,0.08672761917114258,0.9898948669433594,0.026130275800824165
,,,,,,,,,3176,0.08562231063842773,0.9786491394042969,0.04896211996674538
,,,,,,,,,3177,0.08745622634887695,0.9881191253662109,0.030505411326885223
,,,,,,,,,3178,0.08559727668762207,0.9941539764404297,0.01580806076526642
,,,,,,,,,3179,0.08638286590576172,0.9897956848144531,0.026224102824926376
,,,,,,,,,3180,0.0867464542388916,0.9824867248535156,0.0455121211707592
,,,,,,,,,3181,0.0873422622680664,0.9899005889892578,0.02335403673350811
,,,,,,,,,3182,0.08565545082092285,0.9914112091064453,0.021249298006296158
,,,,,,,,,3183,0.08570194244384766,0.9928188323974609,0.019680500030517578
,,,,,,,,,3184,0.08861970901489258,0.9853000640869141,0.036971189081668854
,,,,,,,,,3185,0.08610868453979492,0.98779296875,0.030954815447330475
,,,,,,,,,3186,0.08613777160644531,0.9918975830078125,0.02190636657178402
,,,,,,,,,3187,0.08602523803710938,0.9884109497070312,0.03027167357504368
,,,,,,,,,3188,0.08560895919799805,0.9902610778808594,0.024450331926345825
,,,,,,,,,3189,0.08560824394226074,0.9926300048828125,0.019897472113370895
,,,,,,,,,3190,0.08610820770263672,0.9903068542480469,0.025291258469223976
,,,,,,,,,3191,0.08887290954589844,0.9911632537841797,0.02391217090189457
,,,,,,,,,3192,0.08567166328430176,0.9904937744140625,0.02365920878946781
,,,,,,,,,3193,0.08619427680969238,0.9895000457763672,0.02758021093904972
,,,,,,,,,3194,0.08571958541870117,0.983154296875,0.0420152023434639
,,,,,,,,,3195,0.08542656898498535,0.99261474609375,0.018728068098425865
,,,,,,,,,3196,0.08578300476074219,0.9892044067382812,0.025565320625901222
,,,,,,,,,3197,0.08606171607971191,0.9879913330078125,0.030959477648139
,,,,,,,,,3198,0.08748745918273926,0.9882907867431641,0.030386850237846375
,,,,,,,,,3199,0.08582305908203125,0.9872913360595703,0.03428202122449875
,,,,,,,,,3200,0.08651947975158691,0.9892501831054688,0.03063865378499031
,,,,,,,,,3201,0.0872502326965332,0.9856185913085938,0.03734709694981575
,,,,,,,,,3202,0.08543562889099121,0.9900760650634766,0.027951963245868683
,,,,,,,,,3203,0.08561205863952637,0.9905452728271484,0.0245736725628376
,,,,,,,,,3204,0.0858154296875,0.9906806945800781,0.024214843288064003
,,,,,,,,,3205,0.08855962753295898,0.9929561614990234,0.019060736522078514
,,,,,,,,,3206,0.08544015884399414,0.9906330108642578,0.02612735517323017
,,,,,,,,,3207,0.08812069892883301,0.9836921691894531,0.038852259516716
,,,,,,,,,3208,0.08616256713867188,0.9864864349365234,0.03159341216087341
,,,,,,,,,3209,0.08562731742858887,0.9913578033447266,0.021573390811681747
,,,,,,,,,3210,0.0857706069946289,0.9919300079345703,0.021807624027132988
,,,,,,,,,3211,0.08787083625793457,0.9867362976074219,0.032926883548498154
,,,,,,,,,3212,0.08829665184020996,0.9946041107177734,0.015708565711975098
,,,,,,,,,3213,0.08575129508972168,0.9831123352050781,0.04251614585518837
,,,,,,,,,3214,0.08582234382629395,0.9886627197265625,0.02865545265376568
,,,,,,,,,3215,0.08565306663513184,0.9673881530761719,0.0783829391002655
,,,,,,,,,3216,0.08559846878051758,0.9848423004150391,0.03712636977434158
,,,,,,,,,3217,0.08647418022155762,0.9848442077636719,0.03686446323990822
,,,,,,,,,3218,0.08562612533569336,0.9876251220703125,0.031700775027275085
,,,,,,,,,3219,0.08724236488342285,0.9863624572753906,0.03226108103990555
,,,,,,,,,3220,0.08574628829956055,0.9857540130615234,0.034115467220544815
,,,,,,,,,3221,0.08758759498596191,0.9840793609619141,0.036563940346241
,,,,,,,,,3222,0.08556580543518066,0.9873218536376953,0.03009836934506893
,,,,,,,,,3223,0.08555126190185547,0.9814376831054688,0.04361562803387642
,,,,,,,,,3224,0.08559560775756836,0.9834365844726562,0.0381290540099144
,,,,,,,,,3225,0.08552765846252441,0.9908523559570312,0.023115143179893494
,,,,,,,,,3226,0.08733749389648438,0.9896221160888672,0.026632336899638176
,,,,,,,,,3227,0.0867161750793457,0.9903907775878906,0.02825203351676464
,,,,,,,,,3228,0.08545303344726562,0.9859104156494141,0.03778909146785736
,,,,,,,,,3229,0.0861043930053711,0.98980712890625,0.02688138373196125
,,,,,,,,,3230,0.0857079029083252,0.9887638092041016,0.02760215662419796
,,,,,,,,,3231,0.08665156364440918,0.9913539886474609,0.021539635956287384
,,,,,,,,,3232,0.0857696533203125,0.9909191131591797,0.02402602508664131
,,,,,,,,,3233,0.0881037712097168,0.9870777130126953,0.035557087510824203
,,,,,,,,,3234,0.08551502227783203,0.9880409240722656,0.0316033773124218
,,,,,,,,,3235,0.0861504077911377,0.9817276000976562,0.049549974501132965
,,,,,,,,,3236,0.0868539810180664,0.9771137237548828,0.0576382540166378
,,,,,,,,,3237,0.08642935752868652,0.9923915863037109,0.020285051316022873
,,,,,,,,,3238,0.08561539649963379,0.9891948699951172,0.027390744537115097
,,,,,,,,,3239,0.08621692657470703,0.9870872497558594,0.03303326293826103
,,,,,,,,,3240,0.08742475509643555,0.9832935333251953,0.04158748686313629
,,,,,,,,,3241,0.08735537528991699,0.9861965179443359,0.036864832043647766
,,,,,,,,,3242,0.08565282821655273,0.9903526306152344,0.026730237528681755
,,,,,,,,,3243,0.08555173873901367,0.9829540252685547,0.04412078484892845
,,,,,,,,,3244,0.08579230308532715,0.98553466796875,0.034541212022304535
,,,,,,,,,3245,0.08559274673461914,0.9823856353759766,0.04085544869303703
,,,,,,,,,3246,0.08599615097045898,0.9886283874511719,0.02872542291879654
,,,,,,,,,3247,0.08748149871826172,0.9904518127441406,0.024914896115660667
,,,,,,,,,3248,0.08590173721313477,0.9752292633056641,0.06514663994312286
,,,,,,,,,3249,0.08710169792175293,0.985321044921875,0.03963702172040939
,,,,,,,,,3250,0.08539390563964844,0.9889678955078125,0.028649184852838516
,,,,,,,,,3251,0.08737492561340332,0.9889507293701172,0.02740430273115635
,,,,,,,,,3252,0.08565425872802734,0.9916763305664062,0.021792864426970482
,,,,,,,,,3253,0.08566164970397949,0.9849224090576172,0.03838326409459114
,,,,,,,,,3254,0.08830976486206055,0.9781780242919922,0.05350396782159805
,,,,,,,,,3255,0.08574628829956055,0.9874305725097656,0.029522961005568504
,,,,,,,,,3256,0.0863649845123291,0.9802036285400391,0.043915629386901855
,,,,,,,,,3257,0.08554315567016602,0.9923667907714844,0.021877186372876167
,,,,,,,,,3258,0.08572840690612793,0.9913139343261719,0.022763343527913094
,,,,,,,,,3259,0.08660268783569336,0.9902877807617188,0.026679830625653267
,,,,,,,,,3260,0.08558273315429688,0.9760036468505859,0.05781824141740799
,,,,,,,,,3261,0.0895988941192627,0.9915390014648438,0.022236362099647522
,,,,,,,,,3262,0.08562231063842773,0.9839210510253906,0.039544444531202316
,,,,,,,,,3263,0.08567595481872559,0.9893245697021484,0.02616189606487751
,,,,,,,,,3264,0.08696746826171875,0.9913063049316406,0.023725472390651703
,,,,,,,,,3265,0.08564162254333496,0.9802455902099609,0.04953993484377861
,,,,,,,,,3266,0.08590912818908691,0.9885482788085938,0.031405407935380936
,,,,,,,,,3267,0.08578848838806152,0.9901046752929688,0.027670010924339294
,,,,,,,,,3268,0.0867459774017334,0.9864158630371094,0.03206109255552292
,,,,,,,,,3269,0.08666014671325684,0.9820384979248047,0.04299888759851456
,,,,,,,,,3270,0.08566856384277344,0.9897632598876953,0.025327950716018677
,,,,,,,,,3271,0.08680200576782227,0.9899768829345703,0.024924898520112038
,,,,,,,,,3272,0.08596968650817871,0.9913234710693359,0.022079357877373695
,,,,,,,,,3273,0.08567953109741211,0.9863471984863281,0.03536519780755043
,,,,,,,,,3274,0.08661103248596191,0.9920063018798828,0.02120993286371231
,,,,,,,,,3275,0.0886240005493164,0.9901924133300781,0.024586554616689682
,,,,,,,,,3276,0.08600807189941406,0.9828472137451172,0.0480685755610466
,,,,,,,,,3277,0.08562326431274414,0.9890022277832031,0.026990685611963272
,,,,,,,,,3278,0.08560872077941895,0.9897518157958984,0.024828366935253143
,,,,,,,,,3279,0.08660244941711426,0.9894485473632812,0.029498189687728882
,,,,,,,,,3280,0.08559870719909668,0.9913845062255859,0.021710077300667763
,,,,,,,,,3281,0.08730673789978027,0.98968505859375,0.028281234204769135
,,,,,,,,,3282,0.08747029304504395,0.9721202850341797,0.07557922601699829
,,,,,,,,,3283,0.08608293533325195,0.9846172332763672,0.042962055653333664
,,,,,,,,,3284,0.08645081520080566,0.9910087585449219,0.023045921698212624
,,,,,,,,,3285,0.08567619323730469,0.9917945861816406,0.020830251276493073
,,,,,,,,,3286,0.0854182243347168,0.9840793609619141,0.03886333480477333
,,,,,,,,,3287,0.08572673797607422,0.9876194000244141,0.03135031834244728
,,,,,,,,,3288,0.08566546440124512,0.9912872314453125,0.022400127723813057
,,,,,,,,,3289,0.08829545974731445,0.9916248321533203,0.022521594539284706
,,,,,,,,,3290,0.08559179306030273,0.98797607421875,0.02838757447898388
,,,,,,,,,3291,0.0866854190826416,0.9910488128662109,0.02357668988406658
,,,,,,,,,3292,0.08589863777160645,0.9832267761230469,0.04068109020590782
,,,,,,,,,3293,0.08593344688415527,0.9898662567138672,0.026189472526311874
,,,,,,,,,3294,0.08539152145385742,0.9861698150634766,0.033223215490579605
,,,,,,,,,3295,0.0856621265411377,0.9919223785400391,0.023056374862790108
,,,,,,,,,3296,0.08740925788879395,0.987945556640625,0.031062453985214233
,,,,,,,,,3297,0.08574032783508301,0.9885902404785156,0.028764504939317703
,,,,,,,,,3298,0.08565592765808105,0.9842472076416016,0.03862671181559563
,,,,,,,,,3299,0.08593583106994629,0.9901351928710938,0.02392188273370266
,,,,,,,,,3300,0.08553600311279297,0.9921607971191406,0.02065657265484333
,,,,,,,,,3301,0.08675622940063477,0.988189697265625,0.02965076081454754
,,,,,,,,,3302,0.08679652214050293,0.9912071228027344,0.02454230561852455
,,,,,,,,,3303,0.0885927677154541,0.9897193908691406,0.027202248573303223
,,,,,,,,,3304,0.08580923080444336,0.9861965179443359,0.03317111358046532
,,,,,,,,,3305,0.08596134185791016,0.9886741638183594,0.029387658461928368
,,,,,,,,,3306,0.08581876754760742,0.9901351928710938,0.026448629796504974
,,,,,,,,,3307,0.0856485366821289,0.9839916229248047,0.04639445245265961
,,,,,,,,,3308,0.08565020561218262,0.975830078125,0.06088293343782425
,,,,,,,,,3309,0.08591341972351074,0.9900283813476562,0.026446795091032982
,,,,,,,,,3310,0.08840322494506836,0.9840412139892578,0.04048037901520729
,,,,,,,,,3311,0.08726334571838379,0.9798011779785156,0.051163285970687866
,,,,,,,,,3312,0.08576798439025879,0.9836845397949219,0.04020421579480171
,,,,,,,,,3313,0.0857706069946289,0.9842319488525391,0.041284333914518356
,,,,,,,,,3314,0.08556914329528809,0.9901561737060547,0.026592854410409927
,,,,,,,,,3315,0.08576273918151855,0.9911460876464844,0.02378351427614689
,,,,,,,,,3316,0.08720064163208008,0.9765357971191406,0.05748188495635986
,,,,,,,,,3317,0.08852052688598633,0.9890003204345703,0.0297787357121706
,,,,,,,,,3318,0.08589291572570801,0.9895038604736328,0.026431595906615257
,,,,,,,,,3319,0.0856316089630127,0.9850406646728516,0.035452950745821
,,,,,,,,,3320,0.08574032783508301,0.9855308532714844,0.03616649657487869
,,,,,,,,,3321,0.08713722229003906,0.9899005889892578,0.025856101885437965
,,,,,,,,,3322,0.08553099632263184,0.9825820922851562,0.04238828271627426
,,,,,,,,,3323,0.08571720123291016,0.9889068603515625,0.029069196432828903
,,,,,,,,,3324,0.08777332305908203,0.9795455932617188,0.04887973144650459
,,,,,,,,,3325,0.08588600158691406,0.9915637969970703,0.02142016775906086
,,,,,,,,,3326,0.08660078048706055,0.9902496337890625,0.02380949817597866
,,,,,,,,,3327,0.08558082580566406,0.9835262298583984,0.04175768792629242
,,,,,,,,,3328,0.08568096160888672,0.9862442016601562,0.03446135297417641
,,,,,,,,,3329,0.08559274673461914,0.9847965240478516,0.039765454828739166
,,,,,,,,,3330,0.0859975814819336,0.9861888885498047,0.032038960605859756
,,,,,,,,,3331,0.08956146240234375,0.9820270538330078,0.04279455542564392
,,,,,,,,,3332,0.08574604988098145,0.9874286651611328,0.03447572514414787
,,,,,,,,,3333,0.08621501922607422,0.9898624420166016,0.026892894878983498
,,,,,,,,,3334,0.0864858627319336,0.9853763580322266,0.03714083507657051
,,,,,,,,,3335,0.08584022521972656,0.9844722747802734,0.041122570633888245
,,,,,,,,,3336,0.08692789077758789,0.9882049560546875,0.02936977706849575
,,,,,,,,,3337,0.0856785774230957,0.9805126190185547,0.048645731061697006
,,,,,,,,,3338,0.08742237091064453,0.9892082214355469,0.025322983041405678
,,,,,,,,,3339,0.08614349365234375,0.9863433837890625,0.033474743366241455
,,,,,,,,,3340,0.08560729026794434,0.9913349151611328,0.022214781492948532
,,,,,,,,,3341,0.0865631103515625,0.9840221405029297,0.04248373582959175
,,,,,,,,,3342,0.08576488494873047,0.9853019714355469,0.036690548062324524
,,,,,,,,,3343,0.08581733703613281,0.9882583618164062,0.031137481331825256
,,,,,,,,,3344,0.08572006225585938,0.9836502075195312,0.041234806180000305
,,,,,,,,,3345,0.08847379684448242,0.98638916015625,0.03796914592385292
,,,,,,,,,3346,0.08584189414978027,0.9894313812255859,0.028025828301906586
,,,,,,,,,3347,0.08579277992248535,0.9855403900146484,0.03656601533293724
,,,,,,,,,3348,0.08566093444824219,0.9914455413818359,0.022474680095911026
,,,,,,,,,3349,0.08547830581665039,0.9878120422363281,0.031178392469882965
,,,,,,,,,3350,0.08615636825561523,0.9907913208007812,0.02402155101299286
,,,,,,,,,3351,0.08755826950073242,0.9929428100585938,0.01937510445713997
,,,,,,,,,3352,0.08724427223205566,0.9868927001953125,0.03392435610294342
,,,,,,,,,3353,0.08566856384277344,0.9880008697509766,0.033175840973854065
,,,,,,,,,3354,0.08550453186035156,0.9891853332519531,0.029857125133275986
,,,,,,,,,3355,0.08571147918701172,0.9906826019287109,0.024318167939782143
,,,,,,,,,3356,0.08561420440673828,0.9903202056884766,0.024921342730522156
,,,,,,,,,3357,0.08620476722717285,0.9896411895751953,0.025954127311706543
,,,,,,,,,3358,0.08666348457336426,0.9881343841552734,0.030658697709441185
,,,,,,,,,3359,0.08733272552490234,0.9884433746337891,0.02668880671262741
,,,,,,,,,3360,0.08594942092895508,0.9817256927490234,0.044306591153144836
,,,,,,,,,3361,0.08731293678283691,0.9887142181396484,0.032135557383298874
,,,,,,,,,3362,0.08563852310180664,0.9907646179199219,0.023715343326330185
,,,,,,,,,3363,0.08583784103393555,0.9920940399169922,0.02039068192243576
,,,,,,,,,3364,0.08618354797363281,0.9909992218017578,0.024671580642461777
,,,,,,,,,3365,0.0856783390045166,0.9897327423095703,0.025602061301469803
,,,,,,,,,3366,0.08805561065673828,0.9896469116210938,0.026035571470856667
,,,,,,,,,3367,0.08603620529174805,0.9867820739746094,0.03384097293019295
,,,,,,,,,3368,0.08651995658874512,0.9830818176269531,0.042599938809871674
,,,,,,,,,3369,0.0857846736907959,0.9835891723632812,0.03872673213481903
,,,,,,,,,3370,0.08578205108642578,0.9890251159667969,0.02800651639699936
,,,,,,,,,3371,0.08771586418151855,0.9889888763427734,0.025453895330429077
,,,,,,,,,3372,0.08582949638366699,0.9889335632324219,0.0276934951543808
,,,,,,,,,3373,0.08687901496887207,0.9877986907958984,0.031888172030448914
,,,,,,,,,3374,0.08578014373779297,0.9785881042480469,0.05403534695506096
,,,,,,,,,3375,0.0861368179321289,0.9878501892089844,0.03061317652463913
,,,,,,,,,3376,0.08572053909301758,0.9929599761962891,0.01871529221534729
,,,,,,,,,3377,0.08587861061096191,0.9911861419677734,0.023895511403679848
,,,,,,,,,3378,0.08667898178100586,0.9888114929199219,0.028824862092733383
,,,,,,,,,3379,0.08600926399230957,0.9872283935546875,0.029244348406791687
,,,,,,,,,3380,0.08689451217651367,0.9837970733642578,0.04295196756720543
,,,,,,,,,3381,0.08997964859008789,0.9923667907714844,0.019456449896097183
,,,,,,,,,3382,0.08875083923339844,0.9910106658935547,0.0223078615963459
,,,,,,,,,3383,0.08814549446105957,0.9890537261962891,0.028478413820266724
,,,,,,,,,3384,0.0879969596862793,0.9902095794677734,0.025375183671712875
,,,,,,,,,3385,0.08823966979980469,0.9936752319335938,0.01694389432668686
,,,,,,,,,3386,0.08572578430175781,0.9842567443847656,0.03765486553311348
,,,,,,,,,3387,0.08748197555541992,0.9808216094970703,0.046066734939813614
,,,,,,,,,3388,0.08633255958557129,0.9909954071044922,0.02230028435587883
,,,,,,,,,3389,0.08621788024902344,0.9849071502685547,0.03777143359184265
,,,,,,,,,3390,0.08681917190551758,0.9843006134033203,0.04036302492022514
,,,,,,,,,3391,0.08765912055969238,0.9917278289794922,0.023339184001088142
,,,,,,,,,3392,0.08606338500976562,0.9877777099609375,0.03353686258196831
,,,,,,,,,3393,0.08575201034545898,0.9908351898193359,0.022683821618556976
,,,,,,,,,3394,0.08738422393798828,0.9899940490722656,0.02502128854393959
,,,,,,,,,3395,0.087066650390625,0.9833736419677734,0.03968539088964462
,,,,,,,,,3396,0.08611702919006348,0.9879989624023438,0.030125699937343597
,,,,,,,,,3397,0.08588790893554688,0.9877700805664062,0.030249087139964104
,,,,,,,,,3398,0.08594894409179688,0.9839496612548828,0.03996976837515831
,,,,,,,,,3399,0.0863347053527832,0.9884929656982422,0.028028013184666634
,,,,,,,,,3400,0.08698582649230957,0.989105224609375,0.027754943817853928
,,,,,,,,,3401,0.08786892890930176,0.9882259368896484,0.02956388145685196
,,,,,,,,,3402,0.08571958541870117,0.9880962371826172,0.02955019101500511
,,,,,,,,,3403,0.08592391014099121,0.9857959747314453,0.0345030203461647
,,,,,,,,,3404,0.0858771800994873,0.9901981353759766,0.025291666388511658
,,,,,,,,,3405,0.08741497993469238,0.9905261993408203,0.02589358575642109
,,,,,,,,,3406,0.08886575698852539,0.9913768768310547,0.021869109943509102
,,,,,,,,,3407,0.08816075325012207,0.9800930023193359,0.0507296547293663
,,,,,,,,,3408,0.08875250816345215,0.9850502014160156,0.037774451076984406
,,,,,,,,,3409,0.08873176574707031,0.9913253784179688,0.022250859066843987
,,,,,,,,,3410,0.08861160278320312,0.9917201995849609,0.022937962785363197
,,,,,,,,,3411,0.0870974063873291,0.9915237426757812,0.021301191300153732
,,,,,,,,,3412,0.08583283424377441,0.9923133850097656,0.019505124539136887
,,,,,,,,,3413,0.08578872680664062,0.9810619354248047,0.045067235827445984
,,,,,,,,,3414,0.08579015731811523,0.9847526550292969,0.035187579691410065
,,,,,,,,,3415,0.08625197410583496,0.9844684600830078,0.03590637445449829
,,,,,,,,,3416,0.08602619171142578,0.9913539886474609,0.022302063181996346
,,,,,,,,,3417,0.08764839172363281,0.9879322052001953,0.03072342649102211
,,,,,,,,,3418,0.08596491813659668,0.9906139373779297,0.02554415352642536
,,,,,,,,,3419,0.08570218086242676,0.9853973388671875,0.03493078798055649
,,,,,,,,,3420,0.08587908744812012,0.9885482788085938,0.03206508234143257
,,,,,,,,,3421,0.08780717849731445,0.9760894775390625,0.05370425805449486
,,,,,,,,,3422,0.08626246452331543,0.9891643524169922,0.029756490141153336
,,,,,,,,,3423,0.08599662780761719,0.9802646636962891,0.04606775939464569
,,,,,,,,,3424,0.08774495124816895,0.9921436309814453,0.022267960011959076
,,,,,,,,,3425,0.08622932434082031,0.9852199554443359,0.033351246267557144
,,,,,,,,,3426,0.08590912818908691,0.9922409057617188,0.02153448760509491
,,,,,,,,,3427,0.08669233322143555,0.9872646331787109,0.032219648361206055
,,,,,,,,,3428,0.08571028709411621,0.9863529205322266,0.03355183079838753
,,,,,,,,,3429,0.08744382858276367,0.9888324737548828,0.02864011935889721
,,,,,,,,,3430,0.08560657501220703,0.9843063354492188,0.03800782188773155
,,,,,,,,,3431,0.08955073356628418,0.9895877838134766,0.028410501778125763
,,,,,,,,,3432,0.08559393882751465,0.9897289276123047,0.02673904038965702
,,,,,,,,,3433,0.08579754829406738,0.9884281158447266,0.03101980686187744
,,,,,,,,,3434,0.08574390411376953,0.9877548217773438,0.03211824968457222
,,,,,,,,,3435,0.08596110343933105,0.991058349609375,0.02352602407336235
,,,,,,,,,3436,0.08649182319641113,0.9902191162109375,0.023973790928721428
,,,,,,,,,3437,0.08679437637329102,0.9911346435546875,0.02381858043372631
,,,,,,,,,3438,0.08794903755187988,0.9886856079101562,0.02619914524257183
,,,,,,,,,3439,0.08599615097045898,0.9891319274902344,0.025906125083565712
,,,,,,,,,3440,0.0857839584350586,0.9884166717529297,0.030025193467736244
,,,,,,,,,3441,0.08696198463439941,0.9867420196533203,0.03320752829313278
,,,,,,,,,3442,0.08579897880554199,0.985504150390625,0.03628823533654213
,,,,,,,,,3443,0.08583974838256836,0.9912052154541016,0.021538253873586655
,,,,,,,,,3444,0.08616971969604492,0.993194580078125,0.01805410534143448
,,,,,,,,,3445,0.08729743957519531,0.9767971038818359,0.06249605864286423
,,,,,,,,,3446,0.08580613136291504,0.9895477294921875,0.026320572942495346
,,,,,,,,,3447,0.08677983283996582,0.9914283752441406,0.02149849757552147
,,,,,,,,,3448,0.08565878868103027,0.9884262084960938,0.028066756203770638
,,,,,,,,,3449,0.08581972122192383,0.9856662750244141,0.038570091128349304
,,,,,,,,,3450,0.08583307266235352,0.9928646087646484,0.019176824018359184
,,,,,,,,,3451,0.08773994445800781,0.9917144775390625,0.02289891242980957
,,,,,,,,,3452,0.08776187896728516,0.9782180786132812,0.057161856442689896
,,,,,,,,,3453,0.08595395088195801,0.9838104248046875,0.041203878819942474
,,,,,,,,,3454,0.08583331108093262,0.9838905334472656,0.03706822916865349
,,,,,,,,,3455,0.08584809303283691,0.9878139495849609,0.029345540329813957
,,,,,,,,,3456,0.0858614444732666,0.9897651672363281,0.026322199031710625
,,,,,,,,,3457,0.08609151840209961,0.9875469207763672,0.02993975579738617
,,,,,,,,,3458,0.08591890335083008,0.9849834442138672,0.03456881642341614
,,,,,,,,,3459,0.0875082015991211,0.9816017150878906,0.04262309893965721
,,,,,,,,,3460,0.08585834503173828,0.9856548309326172,0.03592792898416519
,,,,,,,,,3461,0.08749675750732422,0.9858036041259766,0.03445420786738396
,,,,,,,,,3462,0.08577823638916016,0.9850292205810547,0.03795722872018814
,,,,,,,,,3463,0.08600330352783203,0.9939460754394531,0.01664557307958603
,,,,,,,,,3464,0.08621001243591309,0.9866733551025391,0.03372492641210556
,,,,,,,,,3465,0.08590221405029297,0.9906291961669922,0.02376575954258442
,,,,,,,,,3466,0.08767342567443848,0.9833850860595703,0.0403730534017086
,,,,,,,,,3467,0.08601212501525879,0.99078369140625,0.023367295041680336
,,,,,,,,,3468,0.08586907386779785,0.9891376495361328,0.02690117061138153
,,,,,,,,,3469,0.08662867546081543,0.9842777252197266,0.039295222610235214
,,,,,,,,,3470,0.08563637733459473,0.9884281158447266,0.02916392683982849
,,,,,,,,,3471,0.08759331703186035,0.9856834411621094,0.034012503921985626
,,,,,,,,,3472,0.0857694149017334,0.9879245758056641,0.03235305845737457
,,,,,,,,,3473,0.0873868465423584,0.9883460998535156,0.027880234643816948
,,,,,,,,,3474,0.08675861358642578,0.9863185882568359,0.03453237563371658
,,,,,,,,,3475,0.08612847328186035,0.9868106842041016,0.03237670287489891
,,,,,,,,,3476,0.08576631546020508,0.9888248443603516,0.02614337019622326
,,,,,,,,,3477,0.08582115173339844,0.9834804534912109,0.03843303397297859
,,,,,,,,,3478,0.0859835147857666,0.9891262054443359,0.027635036036372185
,,,,,,,,,3479,0.08697724342346191,0.9912471771240234,0.022182408720254898
,,,,,,,,,3480,0.087799072265625,0.9903125762939453,0.02470298483967781
,,,,,,,,,3481,0.08756446838378906,0.9841594696044922,0.03979790210723877
,,,,,,,,,3482,0.08576583862304688,0.9912319183349609,0.021961871534585953
,,,,,,,,,3483,0.08608078956604004,0.9910087585449219,0.02273273840546608
,,,,,,,,,3484,0.08672237396240234,0.9905471801757812,0.02554447203874588
,,,,,,,,,3485,0.08585166931152344,0.9903850555419922,0.023100240156054497
,,,,,,,,,3486,0.08616304397583008,0.9894313812255859,0.02635888010263443
,,,,,,,,,3487,0.08774447441101074,0.9859638214111328,0.03395789489150047
,,,,,,,,,3488,0.08600449562072754,0.9911365509033203,0.02445438876748085
,,,,,,,,,3489,0.08679628372192383,0.9911651611328125,0.025542784482240677
,,,,,,,,,3490,0.08593869209289551,0.9823989868164062,0.048074569553136826
,,,,,,,,,3491,0.08827996253967285,0.9862117767333984,0.03430774062871933
,,,,,,,,,3492,0.08588504791259766,0.9941577911376953,0.015185773372650146
,,,,,,,,,3493,0.08586597442626953,0.9922752380371094,0.020672043785452843
,,,,,,,,,3494,0.08735442161560059,0.9902935028076172,0.024955522269010544
,,,,,,,,,3495,0.08599400520324707,0.9898624420166016,0.025573279708623886
,,,,,,,,,3496,0.0858757495880127,0.9889049530029297,0.030717357993125916
,,,,,,,,,3497,0.08600735664367676,0.9918880462646484,0.020553557202219963
,,,,,,,,,3498,0.08575844764709473,0.9906425476074219,0.023459412157535553
,,,,,,,,,3499,0.08583998680114746,0.9782581329345703,0.05581009015440941
0.7382692089360677,408858,324240,0.5851241914398737,0.9882219660498651,0.7612673505270319,0.7166198823113551,60475786,1033932,3500,0.08575654029846191,0.9866008758544922,0.033411696553230286
,,,,,,,,,3501,0.09631919860839844,0.99017333984375,0.026083502918481827
,,,,,,,,,3502,0.09275484085083008,0.9881687164306641,0.030905678868293762
,,,,,,,,,3503,0.09527254104614258,0.9925022125244141,0.021617405116558075
,,,,,,,,,3504,0.09530282020568848,0.9877300262451172,0.03244192525744438
,,,,,,,,,3505,0.09249019622802734,0.9884681701660156,0.02830406464636326
,,,,,,,,,3506,0.09266781806945801,0.9875373840332031,0.031863369047641754
,,,,,,,,,3507,0.09347271919250488,0.9872188568115234,0.03130226954817772
,,,,,,,,,3508,0.09277558326721191,0.9865436553955078,0.034623730927705765
,,,,,,,,,3509,0.0934600830078125,0.9912433624267578,0.023716434836387634
,,,,,,,,,3510,0.09293627738952637,0.9900493621826172,0.02509281411767006
,,,,,,,,,3511,0.09649443626403809,0.9871940612792969,0.031570229679346085
,,,,,,,,,3512,0.09259986877441406,0.9868621826171875,0.03049161098897457
,,,,,,,,,3513,0.09343171119689941,0.9858570098876953,0.0355893149971962
,,,,,,,,,3514,0.0946502685546875,0.9879512786865234,0.03127780556678772
,,,,,,,,,3515,0.09068846702575684,0.9898319244384766,0.0246274396777153
,,,,,,,,,3516,0.09290885925292969,0.9864215850830078,0.034629981964826584
,,,,,,,,,3517,0.09278368949890137,0.9855785369873047,0.035584088414907455
,,,,,,,,,3518,0.09267759323120117,0.9902420043945312,0.024771589785814285
,,,,,,,,,3519,0.09229183197021484,0.9849128723144531,0.03584705665707588
,,,,,,,,,3520,0.09624361991882324,0.9852809906005859,0.03784332424402237
,,,,,,,,,3521,0.09037566184997559,0.9863395690917969,0.03571559861302376
,,,,,,,,,3522,0.09007143974304199,0.9889812469482422,0.02507396601140499
,,,,,,,,,3523,0.0926659107208252,0.978546142578125,0.051799602806568146
,,,,,,,,,3524,0.09494423866271973,0.9834041595458984,0.04071257635951042
,,,,,,,,,3525,0.09577131271362305,0.9886989593505859,0.028005089610815048
,,,,,,,,,3526,0.09332895278930664,0.9778251647949219,0.05484066158533096
,,,,,,,,,3527,0.0969231128692627,0.9844779968261719,0.03772241994738579
,,,,,,,,,3528,0.09286808967590332,0.9809913635253906,0.048930007964372635
,,,,,,,,,3529,0.09210491180419922,0.980072021484375,0.047135841101408005
,,,,,,,,,3530,0.09464097023010254,0.9883575439453125,0.029864763841032982
,,,,,,,,,3531,0.09423017501831055,0.9867382049560547,0.03262760490179062
,,,,,,,,,3532,0.0925896167755127,0.9848499298095703,0.03757450729608536
,,,,,,,,,3533,0.09502053260803223,0.9852027893066406,0.0356411337852478
,,,,,,,,,3534,0.09563875198364258,0.9916858673095703,0.023486526682972908
,,,,,,,,,3535,0.09297800064086914,0.9892005920410156,0.02938690036535263
,,,,,,,,,3536,0.09778499603271484,0.9899520874023438,0.03035140410065651
,,,,,,,,,3537,0.09274697303771973,0.9844760894775391,0.042577147483825684
,,,,,,,,,3538,0.09551644325256348,0.9740772247314453,0.06193525716662407
,,,,,,,,,3539,0.09600996971130371,0.9925308227539062,0.021016975864768028
,,,,,,,,,3540,0.09469914436340332,0.9894008636474609,0.02563222497701645
,,,,,,,,,3541,0.0920557975769043,0.9874362945556641,0.03039567545056343
,,,,,,,,,3542,0.09474825859069824,0.9905738830566406,0.02426045574247837
,,,,,,,,,3543,0.09516096115112305,0.9891529083251953,0.027703404426574707
,,,,,,,,,3544,0.09074950218200684,0.9888515472412109,0.030442778021097183
,,,,,,,,,3545,0.09247827529907227,0.987884521484375,0.02929891273379326
,,,,,,,,,3546,0.09288763999938965,0.9919300079345703,0.020742371678352356
,,,,,,,,,3547,0.09481501579284668,0.9899406433105469,0.02570325881242752
,,,,,,,,,3548,0.09605097770690918,0.9852924346923828,0.03533128276467323
,,,,,,,,,3549,0.09607243537902832,0.9845352172851562,0.04040131717920303
,,,,,,,,,3550,0.09634518623352051,0.9889068603515625,0.030521409586071968
,,,,,,,,,3551,0.09701204299926758,0.9908275604248047,0.024701498448848724
,,,,,,,,,3552,0.09592199325561523,0.9836025238037109,0.04115033149719238
,,,,,,,,,3553,0.08783626556396484,0.9932994842529297,0.017888162285089493
,,,,,,,,,3554,0.08553814888000488,0.9870586395263672,0.03122795931994915
,,,,,,,,,3555,0.08768177032470703,0.9875202178955078,0.030121294781565666
,,,,,,,,,3556,0.08721613883972168,0.9866523742675781,0.03216556832194328
,,,,,,,,,3557,0.08559966087341309,0.9824123382568359,0.04442647844552994
,,,,,,,,,3558,0.08550620079040527,0.9880523681640625,0.027934452518820763
,,,,,,,,,3559,0.08556985855102539,0.9868278503417969,0.030763689428567886
,,,,,,,,,3560,0.08584976196289062,0.9864749908447266,0.031794216483831406
,,,,,,,,,3561,0.09070324897766113,0.9877700805664062,0.0302128829061985
,,,,,,,,,3562,0.08571815490722656,0.9889068603515625,0.028651978820562363
,,,,,,,,,3563,0.08746957778930664,0.9899539947509766,0.02632898837327957
,,,,,,,,,3564,0.08560705184936523,0.9912509918212891,0.021796202287077904
,,,,,,,,,3565,0.08580756187438965,0.9894046783447266,0.02666858211159706
,,,,,,,,,3566,0.08557701110839844,0.9862442016601562,0.03159233182668686
,,,,,,,,,3567,0.08584451675415039,0.9864521026611328,0.03567665442824364
,,,,,,,,,3568,0.08568739891052246,0.9841957092285156,0.03825494647026062
,,,,,,,,,3569,0.08565163612365723,0.9882106781005859,0.030527377501130104
,,,,,,,,,3570,0.08828306198120117,0.9828414916992188,0.040723808109760284
,,,,,,,,,3571,0.09041810035705566,0.991943359375,0.019727569073438644
,,,,,,,,,3572,0.09177374839782715,0.9894504547119141,0.026732608675956726
,,,,,,,,,3573,0.0964651107788086,0.9889736175537109,0.02893027290701866
,,,,,,,,,3574,0.09613919258117676,0.9871807098388672,0.03317074850201607
,,,,,,,,,3575,0.0963892936706543,0.9876537322998047,0.03241313621401787
,,,,,,,,,3576,0.09570789337158203,0.9878025054931641,0.03208513557910919
,,,,,,,,,3577,0.08798909187316895,0.9878273010253906,0.029498007148504257
,,,,,,,,,3578,0.08578252792358398,0.9867458343505859,0.030576858669519424
,,,,,,,,,3579,0.08829283714294434,0.9838123321533203,0.03556620329618454
,,,,,,,,,3580,0.0858762264251709,0.9893627166748047,0.02660784311592579
,,,,,,,,,3581,0.09302067756652832,0.9848766326904297,0.03666705638170242
,,,,,,,,,3582,0.08626246452331543,0.9898586273193359,0.02562229335308075
,,,,,,,,,3583,0.08559536933898926,0.990386962890625,0.0253628958016634
,,,,,,,,,3584,0.08755946159362793,0.9890270233154297,0.02822631038725376
,,,,,,,,,3585,0.08568811416625977,0.989166259765625,0.02733982540667057
,,,,,,,,,3586,0.0866384506225586,0.9857597351074219,0.03605004772543907
,,,,,,,,,3587,0.08553433418273926,0.9926013946533203,0.02024569921195507
,,,,,,,,,3588,0.08822154998779297,0.984466552734375,0.04005088657140732
,,,,,,,,,3589,0.08789920806884766,0.9900913238525391,0.02642565593123436
,,,,,,,,,3590,0.08587193489074707,0.9912967681884766,0.02077508717775345
,,,,,,,,,3591,0.0900883674621582,0.9821548461914062,0.04464814066886902
,,,,,,,,,3592,0.08570671081542969,0.9845981597900391,0.03958635404706001
,,,,,,,,,3593,0.08543610572814941,0.9899768829345703,0.02627243474125862
,,,,,,,,,3594,0.08554244041442871,0.9847774505615234,0.03962055966258049
,,,,,,,,,3595,0.08733725547790527,0.9893550872802734,0.027092639356851578
,,,,,,,,,3596,0.08817911148071289,0.9902248382568359,0.02406243234872818
,,,,,,,,,3597,0.0858769416809082,0.9893131256103516,0.027268117293715477
,,,,,,,,,3598,0.08559846878051758,0.9882068634033203,0.029597366228699684
,,,,,,,,,3599,0.08573317527770996,0.9859580993652344,0.034735746681690216
,,,,,,,,,3600,0.08548450469970703,0.9895610809326172,0.027172941714525223
,,,,,,,,,3601,0.09033322334289551,0.9908485412597656,0.024976862594485283
,,,,,,,,,3602,0.08790469169616699,0.9900722503662109,0.026874765753746033
,,,,,,,,,3603,0.0856473445892334,0.9879016876220703,0.029191184788942337
,,,,,,,,,3604,0.08555364608764648,0.9874382019042969,0.031333617866039276
,,,,,,,,,3605,0.08590507507324219,0.9900283813476562,0.02675572969019413
,,,,,,,,,3606,0.08804535865783691,0.9873638153076172,0.030368469655513763
,,,,,,,,,3607,0.08710002899169922,0.9809780120849609,0.04968783259391785
,,,,,,,,,3608,0.08603549003601074,0.9894657135009766,0.026475466787815094
,,,,,,,,,3609,0.08742570877075195,0.9873485565185547,0.034701619297266006
,,,,,,,,,3610,0.0854649543762207,0.9898643493652344,0.02529260516166687
,,,,,,,,,3611,0.09028887748718262,0.9902210235595703,0.0285065695643425
,,,,,,,,,3612,0.08561515808105469,0.9888744354248047,0.028214195743203163
,,,,,,,,,3613,0.08579015731811523,0.9899387359619141,0.02677692286670208
,,,,,,,,,3614,0.08555936813354492,0.9917106628417969,0.02068910002708435
,,,,,,,,,3615,0.08565568923950195,0.9894218444824219,0.027797384187579155
,,,,,,,,,3616,0.08939504623413086,0.9850006103515625,0.03854087367653847
,,,,,,,,,3617,0.08591580390930176,0.9839191436767578,0.04531458392739296
,,,,,,,,,3618,0.08556079864501953,0.9885654449462891,0.030196502804756165
,,,,,,,,,3619,0.08568668365478516,0.9914379119873047,0.021197859197854996
,,,,,,,,,3620,0.08590173721313477,0.9926815032958984,0.01941356249153614
,,,,,,,,,3621,0.09236788749694824,0.9867324829101562,0.02860506810247898
,,,,,,,,,3622,0.08574819564819336,0.9873695373535156,0.030715730041265488
,,,,,,,,,3623,0.0879662036895752,0.9849147796630859,0.03659824654459953
,,,,,,,,,3624,0.08552837371826172,0.9861545562744141,0.035052213817834854
,,,,,,,,,3625,0.08610343933105469,0.9831924438476562,0.04261449724435806
,,,,,,,,,3626,0.08787918090820312,0.9906635284423828,0.02623043954372406
,,,,,,,,,3627,0.08584451675415039,0.9870662689208984,0.031132617965340614
,,,,,,,,,3628,0.08585047721862793,0.9891700744628906,0.0271124467253685
,,,,,,,,,3629,0.0854330062866211,0.9851589202880859,0.036640964448451996
,,,,,,,,,3630,0.08770155906677246,0.9894599914550781,0.026702985167503357
,,,,,,,,,3631,0.09035015106201172,0.9878654479980469,0.03111213818192482
,,,,,,,,,3632,0.0855870246887207,0.9921684265136719,0.021744703873991966
,,,,,,,,,3633,0.0856788158416748,0.9810924530029297,0.047293998301029205
,,,,,,,,,3634,0.08574700355529785,0.9916725158691406,0.022519173100590706
,,,,,,,,,3635,0.08623933792114258,0.9904918670654297,0.0263424851000309
,,,,,,,,,3636,0.08534789085388184,0.9858512878417969,0.03750137984752655
,,,,,,,,,3637,0.08741331100463867,0.9906482696533203,0.024876877665519714
,,,,,,,,,3638,0.08610677719116211,0.9861621856689453,0.034130651503801346
,,,,,,,,,3639,0.08586454391479492,0.9885921478271484,0.02891428768634796
,,,,,,,,,3640,0.08551788330078125,0.9887485504150391,0.027502939105033875
,,,,,,,,,3641,0.08830928802490234,0.9849777221679688,0.036313775926828384
,,,,,,,,,3642,0.08575820922851562,0.9912586212158203,0.02215683087706566
,,,,,,,,,3643,0.08551287651062012,0.9886474609375,0.02818179875612259
,,,,,,,,,3644,0.08704137802124023,0.9906501770019531,0.02391049452126026
,,,,,,,,,3645,0.08577609062194824,0.9869594573974609,0.03243950754404068
,,,,,,,,,3646,0.08558320999145508,0.9830493927001953,0.042840905487537384
,,,,,,,,,3647,0.0857701301574707,0.9940586090087891,0.01743124984204769
,,,,,,,,,3648,0.08785676956176758,0.9884548187255859,0.027583546936511993
,,,,,,,,,3649,0.08838844299316406,0.9893608093261719,0.027994293719530106
,,,,,,,,,3650,0.08590388298034668,0.9867362976074219,0.03514484688639641
,,,,,,,,,3651,0.09225964546203613,0.9928188323974609,0.01944211684167385
,,,,,,,,,3652,0.08549094200134277,0.9887428283691406,0.028322406113147736
,,,,,,,,,3653,0.08651161193847656,0.9834232330322266,0.03933234512805939
,,,,,,,,,3654,0.08554291725158691,0.9912910461425781,0.02206086367368698
,,,,,,,,,3655,0.08562231063842773,0.9848537445068359,0.0368688702583313
,,,,,,,,,3656,0.08624696731567383,0.9906425476074219,0.02334645949304104
,,,,,,,,,3657,0.08580994606018066,0.9852886199951172,0.03623981773853302
,,,,,,,,,3658,0.08916735649108887,0.9865036010742188,0.034333325922489166
,,,,,,,,,3659,0.08552026748657227,0.9887027740478516,0.02915983460843563
,,,,,,,,,3660,0.08555865287780762,0.9869613647460938,0.033071983605623245
,,,,,,,,,3661,0.09031248092651367,0.9852275848388672,0.03726489469408989
,,,,,,,,,3662,0.08617782592773438,0.9890708923339844,0.029301045462489128
,,,,,,,,,3663,0.08553194999694824,0.9923114776611328,0.021297438070178032
,,,,,,,,,3664,0.08573698997497559,0.9917984008789062,0.022007346153259277
,,,,,,,,,3665,0.08821225166320801,0.9898548126220703,0.027029912918806076
,,,,,,,,,3666,0.08594536781311035,0.9860706329345703,0.037103813141584396
,,,,,,,,,3667,0.08664488792419434,0.9869441986083984,0.03277905657887459
,,,,,,,,,3668,0.08614206314086914,0.9836044311523438,0.04045180603861809
,,,,,,,,,3669,0.08563613891601562,0.9920101165771484,0.021055718883872032
,,,,,,,,,3670,0.08583331108093262,0.9872570037841797,0.030188899487257004
,,,,,,,,,3671,0.09021329879760742,0.9906005859375,0.023495517671108246
,,,,,,,,,3672,0.08745503425598145,0.9924221038818359,0.02008156105875969
,,,,,,,,,3673,0.08574318885803223,0.9829254150390625,0.04158796742558479
,,,,,,,,,3674,0.08617091178894043,0.9873332977294922,0.031265050172805786
,,,,,,,,,3675,0.08652853965759277,0.9902114868164062,0.024755848571658134
,,,,,,,,,3676,0.0857999324798584,0.9916419982910156,0.02245231717824936
,,,,,,,,,3677,0.0857396125793457,0.9916496276855469,0.023785490542650223
,,,,,,,,,3678,0.08604717254638672,0.9875297546386719,0.0311692263931036
,,,,,,,,,3679,0.08801555633544922,0.987060546875,0.040651798248291016
,,,,,,,,,3680,0.08794665336608887,0.9835987091064453,0.040750764310359955
,,,,,,,,,3681,0.09224104881286621,0.9896526336669922,0.024871960282325745
,,,,,,,,,3682,0.08557796478271484,0.9869632720947266,0.033028531819581985
,,,,,,,,,3683,0.08594894409179688,0.9892501831054688,0.02749411202967167
,,,,,,,,,3684,0.08547067642211914,0.9916973114013672,0.021371543407440186
,,,,,,,,,3685,0.08816266059875488,0.9854297637939453,0.034233056008815765
,,,,,,,,,3686,0.08787322044372559,0.9897289276123047,0.026346242055296898
,,,,,,,,,3687,0.08571696281433105,0.9834976196289062,0.040521882474422455
,,,,,,,,,3688,0.08642816543579102,0.9845161437988281,0.04441256821155548
,,,,,,,,,3689,0.08603429794311523,0.9893436431884766,0.027541406452655792
,,,,,,,,,3690,0.08849143981933594,0.9888515472412109,0.028520340099930763
,,,,,,,,,3691,0.08872008323669434,0.9900932312011719,0.026155663654208183
,,,,,,,,,3692,0.08559489250183105,0.993560791015625,0.01833881065249443
,,,,,,,,,3693,0.0876929759979248,0.9833965301513672,0.040952518582344055
,,,,,,,,,3694,0.08556723594665527,0.9877090454101562,0.03169828653335571
,,,,,,,,,3695,0.08877205848693848,0.9876346588134766,0.030532095581293106
,,,,,,,,,3696,0.08579397201538086,0.990692138671875,0.02371734008193016
,,,,,,,,,3697,0.08551788330078125,0.9838218688964844,0.039373740553855896
,,,,,,,,,3698,0.08568906784057617,0.9791622161865234,0.051474541425704956
,,,,,,,,,3699,0.08554267883300781,0.9905891418457031,0.025161392986774445
,,,,,,,,,3700,0.08885383605957031,0.9884052276611328,0.030683988705277443
,,,,,,,,,3701,0.09041118621826172,0.9872379302978516,0.031971219927072525
,,,,,,,,,3702,0.08698558807373047,0.9923171997070312,0.020151540637016296
,,,,,,,,,3703,0.08560752868652344,0.9876918792724609,0.02976813167333603
,,,,,,,,,3704,0.08549737930297852,0.9848537445068359,0.03858492895960808
,,,,,,,,,3705,0.08555245399475098,0.9868965148925781,0.03210160508751869
,,,,,,,,,3706,0.08571171760559082,0.991485595703125,0.02178931050002575
,,,,,,,,,3707,0.08814573287963867,0.9876537322998047,0.031180214136838913
,,,,,,,,,3708,0.08584976196289062,0.9892749786376953,0.027789169922471046
,,,,,,,,,3709,0.08594441413879395,0.9890022277832031,0.02837355062365532
,,,,,,,,,3710,0.08550858497619629,0.9889850616455078,0.028730323538184166
,,,,,,,,,3711,0.08822822570800781,0.9864883422851562,0.03394705802202225
,,,,,,,,,3712,0.08583378791809082,0.9927101135253906,0.018676264211535454
,,,,,,,,,3713,0.08562541007995605,0.9888267517089844,0.027686066925525665
,,,,,,,,,3714,0.08792543411254883,0.9856662750244141,0.034727104008197784
,,,,,,,,,3715,0.0857079029083252,0.9950389862060547,0.014161910861730576
,,,,,,,,,3716,0.08609604835510254,0.9865283966064453,0.0320432186126709
,,,,,,,,,3717,0.08566641807556152,0.9874248504638672,0.0323636494576931
,,,,,,,,,3718,0.08575868606567383,0.9864883422851562,0.03529375046491623
,,,,,,,,,3719,0.08573198318481445,0.9797534942626953,0.04919826239347458
,,,,,,,,,3720,0.08600115776062012,0.9935436248779297,0.01728355512022972
,,,,,,,,,3721,0.09057044982910156,0.9902019500732422,0.025532810017466545
,,,,,,,,,3722,0.08604049682617188,0.9837265014648438,0.03844607248902321
,,,,,,,,,3723,0.08600997924804688,0.9891185760498047,0.028657540678977966
,,,,,,,,,3724,0.08571004867553711,0.9897632598876953,0.02548663690686226
,,,,,,,,,3725,0.08569216728210449,0.9823818206787109,0.04394899681210518
,,,,,,,,,3726,0.08555126190185547,0.9884929656982422,0.02801756002008915
,,,,,,,,,3727,0.08631372451782227,0.9895973205566406,0.025613505393266678
,,,,,,,,,3728,0.0881035327911377,0.9883060455322266,0.03284876421093941
,,,,,,,,,3729,0.0861506462097168,0.9879016876220703,0.029415853321552277
,,,,,,,,,3730,0.0855708122253418,0.9896621704101562,0.02843049168586731
,,,,,,,,,3731,0.08821749687194824,0.988433837890625,0.030665237456560135
,,,,,,,,,3732,0.0854945182800293,0.9891033172607422,0.027629772201180458
,,,,,,,,,3733,0.0855715274810791,0.9907493591308594,0.023426957428455353
,,,,,,,,,3734,0.08604121208190918,0.9909191131591797,0.023607555776834488
,,,,,,,,,3735,0.08789992332458496,0.9824619293212891,0.042111050337553024
,,,,,,,,,3736,0.08570361137390137,0.9894447326660156,0.026976987719535828
,,,,,,,,,3737,0.08835768699645996,0.9904022216796875,0.025870293378829956
,,,,,,,,,3738,0.08586764335632324,0.9836692810058594,0.04046685993671417
,,,,,,,,,3739,0.08574390411376953,0.9910659790039062,0.024013841524720192
,,,,,,,,,3740,0.08567476272583008,0.9911003112792969,0.02291167713701725
,,,,,,,,,3741,0.08887457847595215,0.9902973175048828,0.024403851479291916
,,,,,,,,,3742,0.0872490406036377,0.9887676239013672,0.027821769937872887
,,,,,,,,,3743,0.08566594123840332,0.9878101348876953,0.029962709173560143
,,,,,,,,,3744,0.08585143089294434,0.9872493743896484,0.03244701400399208
,,,,,,,,,3745,0.08561491966247559,0.9872074127197266,0.032208263874053955
,,,,,,,,,3746,0.08582878112792969,0.9875583648681641,0.03250480443239212
,,,,,,,,,3747,0.0877683162689209,0.9885978698730469,0.030111785978078842
,,,,,,,,,3748,0.08563971519470215,0.9904098510742188,0.024704281240701675
,,,,,,,,,3749,0.08770918846130371,0.9884033203125,0.030474243685603142
,,,,,,,,,3750,0.08532929420471191,0.9878921508789062,0.029529131948947906
,,,,,,,,,3751,0.09058690071105957,0.9774150848388672,0.05672745406627655
,,,,,,,,,3752,0.08553910255432129,0.9895401000976562,0.025357596576213837
,,,,,,,,,3753,0.0861358642578125,0.9870853424072266,0.029369529336690903
,,,,,,,,,3754,0.08571553230285645,0.9880867004394531,0.027787242084741592
,,,,,,,,,3755,0.08556485176086426,0.9890632629394531,0.02826322242617607
,,,,,,,,,3756,0.08753371238708496,0.9882240295410156,0.029703926295042038
,,,,,,,,,3757,0.08752655982971191,0.9809532165527344,0.044146109372377396
,,,,,,,,,3758,0.08581304550170898,0.9871082305908203,0.031278129667043686
,,,,,,,,,3759,0.08582472801208496,0.9895877838134766,0.027993107214570045
,,,,,,,,,3760,0.08551931381225586,0.9896831512451172,0.027011895552277565
,,,,,,,,,3761,0.09045243263244629,0.9878921508789062,0.03126689791679382
,,,,,,,,,3762,0.0855865478515625,0.9873371124267578,0.03224264830350876
,,,,,,,,,3763,0.08733677864074707,0.9877967834472656,0.03214705362915993
,,,,,,,,,3764,0.08546209335327148,0.9904193878173828,0.024847304448485374
,,,,,,,,,3765,0.08582139015197754,0.9823970794677734,0.041159432381391525
,,,,,,,,,3766,0.08668327331542969,0.9862499237060547,0.034887250512838364
,,,,,,,,,3767,0.08568096160888672,0.9878520965576172,0.030526602640748024
,,,,,,,,,3768,0.08600211143493652,0.9906692504882812,0.024449633434414864
,,,,,,,,,3769,0.08584260940551758,0.9882488250732422,0.030682135373353958
,,,,,,,,,3770,0.08694291114807129,0.9806461334228516,0.04758436977863312
,,,,,,,,,3771,0.08816123008728027,0.9889430999755859,0.027066944167017937
,,,,,,,,,3772,0.08559060096740723,0.9916820526123047,0.021743852645158768
,,,,,,,,,3773,0.08552980422973633,0.9892196655273438,0.025834698230028152
,,,,,,,,,3774,0.08592343330383301,0.9900588989257812,0.026662899181246758
,,,,,,,,,3775,0.08574700355529785,0.9907188415527344,0.023627853021025658
,,,,,,,,,3776,0.0857243537902832,0.9810695648193359,0.04592377692461014
,,,,,,,,,3777,0.08722209930419922,0.9918937683105469,0.021035727113485336
,,,,,,,,,3778,0.08562326431274414,0.9821281433105469,0.04188225418329239
,,,,,,,,,3779,0.08852195739746094,0.9845199584960938,0.037564363330602646
,,,,,,,,,3780,0.08592510223388672,0.9854011535644531,0.034538112580776215
,,,,,,,,,3781,0.09025883674621582,0.9912586212158203,0.022165535017848015
,,,,,,,,,3782,0.08559370040893555,0.9827728271484375,0.04177512973546982
,,,,,,,,,3783,0.08556032180786133,0.9888362884521484,0.02819482982158661
,,,,,,,,,3784,0.08973336219787598,0.98858642578125,0.02782028168439865
,,,,,,,,,3785,0.08557748794555664,0.9852542877197266,0.03623873367905617
,,,,,,,,,3786,0.0854794979095459,0.9886817932128906,0.029240284115076065
,,,,,,,,,3787,0.08585500717163086,0.9899654388427734,0.02549734339118004
,,,,,,,,,3788,0.08571481704711914,0.990631103515625,0.02361176535487175
,,,,,,,,,3789,0.08826565742492676,0.9848957061767578,0.036542221903800964
,,,,,,,,,3790,0.08590865135192871,0.9916973114013672,0.021634472534060478
,,,,,,,,,3791,0.09185981750488281,0.9921150207519531,0.02118801698088646
,,,,,,,,,3792,0.0857841968536377,0.9891777038574219,0.029563607648015022
,,,,,,,,,3793,0.08601212501525879,0.9868907928466797,0.03186319023370743
,,,,,,,,,3794,0.0878148078918457,0.9915637969970703,0.023082859814167023
,,,,,,,,,3795,0.08555364608764648,0.9895572662353516,0.02712029032409191
,,,,,,,,,3796,0.0858449935913086,0.9761676788330078,0.06048285961151123
,,,,,,,,,3797,0.08573341369628906,0.9891643524169922,0.0274658203125
,,,,,,,,,3798,0.08849048614501953,0.9849987030029297,0.04097241163253784
,,,,,,,,,3799,0.08765816688537598,0.9874076843261719,0.031076831743121147
,,,,,,,,,3800,0.08574700355529785,0.9854793548583984,0.03822673112154007
,,,,,,,,,3801,0.08999228477478027,0.9901180267333984,0.025144919753074646
,,,,,,,,,3802,0.08589339256286621,0.9841060638427734,0.03548279404640198
,,,,,,,,,3803,0.08583307266235352,0.9855747222900391,0.034095846116542816
,,,,,,,,,3804,0.08777713775634766,0.9825019836425781,0.04762290418148041
,,,,,,,,,3805,0.08725452423095703,0.9881210327148438,0.029892753809690475
,,,,,,,,,3806,0.0854959487915039,0.9887142181396484,0.028887100517749786
,,,,,,,,,3807,0.08577895164489746,0.9805259704589844,0.048196978867053986
,,,,,,,,,3808,0.08547163009643555,0.986724853515625,0.034097496420145035
,,,,,,,,,3809,0.0856621265411377,0.98748779296875,0.03391984850168228
,,,,,,,,,3810,0.08556962013244629,0.9861469268798828,0.03463030606508255
,,,,,,,,,3811,0.09028315544128418,0.9844894409179688,0.03842335194349289
,,,,,,,,,3812,0.08807754516601562,0.9886112213134766,0.026785582304000854
,,,,,,,,,3813,0.08542370796203613,0.9828681945800781,0.04758879542350769
,,,,,,,,,3814,0.08625555038452148,0.9858856201171875,0.035986870527267456
,,,,,,,,,3815,0.08571648597717285,0.9914016723632812,0.024159204214811325
,,,,,,,,,3816,0.08588027954101562,0.9914894104003906,0.022854048758745193
,,,,,,,,,3817,0.08556151390075684,0.9933013916015625,0.01976490020751953
,,,,,,,,,3818,0.08551239967346191,0.991180419921875,0.023266518488526344
,,,,,,,,,3819,0.08842062950134277,0.9947242736816406,0.015986930578947067
,,,,,,,,,3820,0.08553361892700195,0.9894371032714844,0.028163451701402664
,,,,,,,,,3821,0.0909731388092041,0.9851112365722656,0.03838979825377464
,,,,,,,,,3822,0.08633613586425781,0.9843597412109375,0.034024521708488464
,,,,,,,,,3823,0.08575630187988281,0.9879550933837891,0.03220288082957268
,,,,,,,,,3824,0.08581829071044922,0.9886207580566406,0.03314372897148132
,,,,,,,,,3825,0.08567929267883301,0.9903469085693359,0.025095049291849136
,,,,,,,,,3826,0.08821439743041992,0.9881019592285156,0.030945949256420135
,,,,,,,,,3827,0.08556008338928223,0.9932136535644531,0.018515953794121742
,,,,,,,,,3828,0.08635950088500977,0.980010986328125,0.047548484057188034
,,,,,,,,,3829,0.0855550765991211,0.9886760711669922,0.026748627424240112
,,,,,,,,,3830,0.08593058586120605,0.9817256927490234,0.04669516533613205
,,,,,,,,,3831,0.0902407169342041,0.9790897369384766,0.05334647372364998
,,,,,,,,,3832,0.08623242378234863,0.9902935028076172,0.024895915761590004
,,,,,,,,,3833,0.08759713172912598,0.9818363189697266,0.045344047248363495
,,,,,,,,,3834,0.08573675155639648,0.9853439331054688,0.03653976693749428
,,,,,,,,,3835,0.08600783348083496,0.9912986755371094,0.022636888548731804
,,,,,,,,,3836,0.08792519569396973,0.9778041839599609,0.05838989466428757
,,,,,,,,,3837,0.08594083786010742,0.9828071594238281,0.04350558668375015
,,,,,,,,,3838,0.08568120002746582,0.9871673583984375,0.03161953389644623
,,,,,,,,,3839,0.08546280860900879,0.9867591857910156,0.032198190689086914
,,,,,,,,,3840,0.08832716941833496,0.9858512878417969,0.031248511746525764
,,,,,,,,,3841,0.09659361839294434,0.9891853332519531,0.028163602575659752
,,,,,,,,,3842,0.09751772880554199,0.9936122894287109,0.017289843410253525
,,,,,,,,,3843,0.09618210792541504,0.9894294738769531,0.02662317082285881
,,,,,,,,,3844,0.09651470184326172,0.9891529083251953,0.029744232073426247
,,,,,,,,,3845,0.0965566635131836,0.9898796081542969,0.02692468650639057
,,,,,,,,,3846,0.08575558662414551,0.9873180389404297,0.029683716595172882
,,,,,,,,,3847,0.08562707901000977,0.9890670776367188,0.02675229124724865
,,,,,,,,,3848,0.0855100154876709,0.9843463897705078,0.03770771250128746
,,,,,,,,,3849,0.08597111701965332,0.9933433532714844,0.02137063629925251
,,,,,,,,,3850,0.0889122486114502,0.9925117492675781,0.020598679780960083
,,,,,,,,,3851,0.09139227867126465,0.9808368682861328,0.047869279980659485
,,,,,,,,,3852,0.08555006980895996,0.9873180389404297,0.03219229355454445
,,,,,,,,,3853,0.08630156517028809,0.9901237487792969,0.02575095184147358
,,,,,,,,,3854,0.08552360534667969,0.9830074310302734,0.04387156292796135
,,,,,,,,,3855,0.08797359466552734,0.9853858947753906,0.03562626242637634
,,,,,,,,,3856,0.0856468677520752,0.9861564636230469,0.03298594802618027
,,,,,,,,,3857,0.0858917236328125,0.9816150665283203,0.045643001794815063
,,,,,,,,,3858,0.08704113960266113,0.9880275726318359,0.0301726795732975
,,,,,,,,,3859,0.08573627471923828,0.9850692749023438,0.036762528121471405
,,,,,,,,,3860,0.08821272850036621,0.98480224609375,0.035459473729133606
,,,,,,,,,3861,0.09050321578979492,0.9854469299316406,0.035630859434604645
,,,,,,,,,3862,0.08543086051940918,0.9854030609130859,0.03403308242559433
,,,,,,,,,3863,0.08549833297729492,0.9892234802246094,0.02791416272521019
,,,,,,,,,3864,0.08535289764404297,0.9888172149658203,0.029656942933797836
,,,,,,,,,3865,0.09673094749450684,0.9911460876464844,0.023581083863973618
,,,,,,,,,3866,0.0964667797088623,0.9888515472412109,0.027384474873542786
,,,,,,,,,3867,0.09848928451538086,0.9861869812011719,0.034920383244752884
,,,,,,,,,3868,0.09642624855041504,0.9943408966064453,0.015726648271083832
,,,,,,,,,3869,0.09640049934387207,0.9902992248535156,0.025885947048664093
,,,,,,,,,3870,0.08570027351379395,0.9874095916748047,0.03121417947113514
,,,,,,,,,3871,0.09103178977966309,0.9828014373779297,0.043589476495981216
,,,,,,,,,3872,0.08552670478820801,0.9826145172119141,0.04351631551980972
,,,,,,,,,3873,0.08565616607666016,0.9902172088623047,0.024762509390711784
,,,,,,,,,3874,0.08602714538574219,0.9900779724121094,0.025188984349370003
,,,,,,,,,3875,0.08554482460021973,0.9879188537597656,0.029416460543870926
,,,,,,,,,3876,0.08809471130371094,0.9862957000732422,0.033011384308338165
,,,,,,,,,3877,0.08547782897949219,0.9875354766845703,0.03221064805984497
,,,,,,,,,3878,0.08570599555969238,0.9900836944580078,0.02452819049358368
,,,,,,,,,3879,0.08599543571472168,0.9880924224853516,0.02829107828438282
,,,,,,,,,3880,0.08571720123291016,0.9921321868896484,0.020117228850722313
,,,,,,,,,3881,0.09030652046203613,0.9912986755371094,0.022005759179592133
,,,,,,,,,3882,0.08559679985046387,0.9894924163818359,0.026568947359919548
,,,,,,,,,3883,0.0874631404876709,0.9854946136474609,0.034408293664455414
,,,,,,,,,3884,0.0878610610961914,0.9907493591308594,0.024024460464715958
,,,,,,,,,3885,0.0855264663696289,0.9870548248291016,0.03339123725891113
,,,,,,,,,3886,0.08565998077392578,0.9852943420410156,0.03752866014838219
,,,,,,,,,3887,0.08604836463928223,0.9936027526855469,0.017917925491929054
,,,,,,,,,3888,0.08571553230285645,0.9923629760742188,0.02087758108973503
,,,,,,,,,3889,0.08793807029724121,0.9909763336181641,0.02353120781481266
,,,,,,,,,3890,0.08750557899475098,0.9868297576904297,0.036793410778045654
,,,,,,,,,3891,0.09036755561828613,0.9857311248779297,0.034009359776973724
,,,,,,,,,3892,0.08748078346252441,0.9899444580078125,0.02510627917945385
,,,,,,,,,3893,0.08553314208984375,0.9886264801025391,0.032335348427295685
,,,,,,,,,3894,0.08819031715393066,0.9850940704345703,0.03798340633511543
,,,,,,,,,3895,0.08557605743408203,0.9817943572998047,0.04473379999399185
,,,,,,,,,3896,0.08583426475524902,0.9859085083007812,0.032483868300914764
,,,,,,,,,3897,0.0875253677368164,0.9886951446533203,0.030099088326096535
,,,,,,,,,3898,0.08577203750610352,0.989959716796875,0.026437580585479736
,,,,,,,,,3899,0.08838772773742676,0.9902057647705078,0.024993417784571648
,,,,,,,,,3900,0.08541011810302734,0.9856014251708984,0.03592453896999359
,,,,,,,,,3901,0.09054279327392578,0.9844722747802734,0.038985155522823334
,,,,,,,,,3902,0.08559513092041016,0.9885501861572266,0.029468584805727005
,,,,,,,,,3903,0.08613085746765137,0.9798183441162109,0.04890935868024826
,,,,,,,,,3904,0.08919143676757812,0.9889659881591797,0.030171813443303108
,,,,,,,,,3905,0.08568644523620605,0.990020751953125,0.02616003155708313
,,,,,,,,,3906,0.08664321899414062,0.98822021484375,0.031660400331020355
,,,,,,,,,3907,0.0855867862701416,0.9864883422851562,0.03322898969054222
,,,,,,,,,3908,0.08557987213134766,0.9853553771972656,0.037149880081415176
,,,,,,,,,3909,0.08738827705383301,0.9904346466064453,0.025324374437332153
,,,,,,,,,3910,0.08590865135192871,0.9880390167236328,0.031296368688344955
,,,,,,,,,3911,0.0924839973449707,0.9780483245849609,0.05284089222550392
,,,,,,,,,3912,0.0857551097869873,0.98516845703125,0.0373767726123333
,,,,,,,,,3913,0.08603024482727051,0.9868183135986328,0.0348852276802063
,,,,,,,,,3914,0.08595418930053711,0.9868392944335938,0.0324690043926239
,,,,,,,,,3915,0.08593916893005371,0.9901351928710938,0.024799441918730736
,,,,,,,,,3916,0.08543014526367188,0.9875774383544922,0.03284439444541931
,,,,,,,,,3917,0.0858924388885498,0.9888324737548828,0.02738095261156559
,,,,,,,,,3918,0.08778786659240723,0.9843940734863281,0.038301870226860046
,,,,,,,,,3919,0.08561062812805176,0.9880218505859375,0.030792569741606712
,,,,,,,,,3920,0.08691978454589844,0.9838924407958984,0.03801736608147621
,,,,,,,,,3921,0.09032678604125977,0.9840469360351562,0.040670160204172134
,,,,,,,,,3922,0.0858755111694336,0.9885711669921875,0.031075216829776764
,,,,,,,,,3923,0.08580350875854492,0.9888648986816406,0.02944291941821575
,,,,,,,,,3924,0.08549070358276367,0.9907493591308594,0.02307908423244953
,,,,,,,,,3925,0.0872955322265625,0.9842376708984375,0.042110320180654526
,,,,,,,,,3926,0.0878908634185791,0.9867782592773438,0.03505827113986015
,,,,,,,,,3927,0.08693170547485352,0.9889678955078125,0.027938274666666985
,,,,,,,,,3928,0.08545374870300293,0.9908275604248047,0.023074297234416008
,,,,,,,,,3929,0.08549761772155762,0.9866504669189453,0.031868815422058105
,,,,,,,,,3930,0.08554744720458984,0.9856967926025391,0.0371788926422596
,,,,,,,,,3931,0.0903010368347168,0.9899673461914062,0.025297317653894424
,,,,,,,,,3932,0.0881814956665039,0.9860343933105469,0.03391819819808006
,,,,,,,,,3933,0.0855703353881836,0.9844341278076172,0.03622438386082649
,,,,,,,,,3934,0.08664441108703613,0.9874153137207031,0.02910136803984642
,,,,,,,,,3935,0.0856630802154541,0.9788703918457031,0.05283410847187042
,,,,,,,,,3936,0.08798861503601074,0.9868564605712891,0.03388902544975281
,,,,,,,,,3937,0.08564496040344238,0.9905281066894531,0.026047224178910255
,,,,,,,,,3938,0.08563780784606934,0.9858303070068359,0.034657757729291916
,,,,,,,,,3939,0.08727383613586426,0.9905834197998047,0.024599922820925713
,,,,,,,,,3940,0.08554577827453613,0.9905605316162109,0.026139914989471436
,,,,,,,,,3941,0.09131979942321777,0.9883232116699219,0.030618049204349518
,,,,,,,,,3942,0.08563685417175293,0.9937114715576172,0.017871025949716568
,,,,,,,,,3943,0.08569002151489258,0.9908332824707031,0.02587231993675232
,,,,,,,,,3944,0.08559417724609375,0.9872493743896484,0.028898006305098534
,,,,,,,,,3945,0.08542060852050781,0.9901466369628906,0.02504383958876133
,,,,,,,,,3946,0.08948731422424316,0.9807949066162109,0.04574619606137276
,,,,,,,,,3947,0.08559513092041016,0.98004150390625,0.05509908124804497
,,,,,,,,,3948,0.08688998222351074,0.9861812591552734,0.0341096855700016
,,,,,,,,,3949,0.08555388450622559,0.9886932373046875,0.029984846711158752
,,,,,,,,,3950,0.08543562889099121,0.9896087646484375,0.026757104322314262
,,,,,,,,,3951,0.09019756317138672,0.9844322204589844,0.038049351423978806
,,,,,,,,,3952,0.0857839584350586,0.9917564392089844,0.023093217983841896
,,,,,,,,,3953,0.08688879013061523,0.9870738983154297,0.033522650599479675
,,,,,,,,,3954,0.08593964576721191,0.9845333099365234,0.03663219138979912
,,,,,,,,,3955,0.08708024024963379,0.9921112060546875,0.022231202572584152
,,,,,,,,,3956,0.08780336380004883,0.9899826049804688,0.02565336599946022
,,,,,,,,,3957,0.08579397201538086,0.9864768981933594,0.03290055692195892
,,,,,,,,,3958,0.08575630187988281,0.9926967620849609,0.019803306087851524
,,,,,,,,,3959,0.0856924057006836,0.9878387451171875,0.02962898090481758
,,,,,,,,,3960,0.08794999122619629,0.9797077178955078,0.04757356271147728
,,,,,,,,,3961,0.09054899215698242,0.9849262237548828,0.03644527867436409
,,,,,,,,,3962,0.08672642707824707,0.9902057647705078,0.02474137395620346
,,,,,,,,,3963,0.08710145950317383,0.9895534515380859,0.027718527242541313
,,,,,,,,,3964,0.08572793006896973,0.9877414703369141,0.030493272468447685
,,,,,,,,,3965,0.0857241153717041,0.9862613677978516,0.03416121378540993
,,,,,,,,,3966,0.08571481704711914,0.9898433685302734,0.026363078504800797
,,,,,,,,,3967,0.08783650398254395,0.9811916351318359,0.04614784196019173
,,,,,,,,,3968,0.08590078353881836,0.9898624420166016,0.025492994114756584
,,,,,,,,,3969,0.08669233322143555,0.9857120513916016,0.034177474677562714
,,,,,,,,,3970,0.08552384376525879,0.9907436370849609,0.024665504693984985
,,,,,,,,,3971,0.09031915664672852,0.9880962371826172,0.029799142852425575
,,,,,,,,,3972,0.08558297157287598,0.9880428314208984,0.028321191668510437
,,,,,,,,,3973,0.08561825752258301,0.9897403717041016,0.025390760973095894
,,,,,,,,,3974,0.08802175521850586,0.9902973175048828,0.02578609623014927
,,,,,,,,,3975,0.08562922477722168,0.9930877685546875,0.019741345196962357
,,,,,,,,,3976,0.0868074893951416,0.9883632659912109,0.028536338359117508
,,,,,,,,,3977,0.08556103706359863,0.9918174743652344,0.020514607429504395
,,,,,,,,,3978,0.08757662773132324,0.9856796264648438,0.03963568061590195
,,,,,,,,,3979,0.08557987213134766,0.9843254089355469,0.04140380397439003
,,,,,,,,,3980,0.08550071716308594,0.99224853515625,0.020247608423233032
,,,,,,,,,3981,0.08914422988891602,0.9935054779052734,0.01937117800116539
,,,,,,,,,3982,0.0853891372680664,0.9832057952880859,0.03776358440518379
,,,,,,,,,3983,0.08698439598083496,0.9936504364013672,0.018499774858355522
,,,,,,,,,3984,0.08568787574768066,0.9898414611816406,0.02837590128183365
,,,,,,,,,3985,0.08559632301330566,0.9873847961425781,0.030740924179553986
,,,,,,,,,3986,0.08554697036743164,0.987945556640625,0.02935427613556385
,,,,,,,,,3987,0.08557391166687012,0.9858207702636719,0.03294934332370758
,,,,,,,,,3988,0.08878493309020996,0.9890613555908203,0.02672787755727768
,,,,,,,,,3989,0.08553242683410645,0.9841251373291016,0.03929773345589638
,,,,,,,,,3990,0.08675432205200195,0.9864387512207031,0.03331401199102402
,,,,,,,,,3991,0.09035515785217285,0.9884185791015625,0.02941925637423992
,,,,,,,,,3992,0.0859215259552002,0.9870414733886719,0.03185894340276718
,,,,,,,,,3993,0.08562922477722168,0.9904861450195312,0.024412382394075394
,,,,,,,,,3994,0.08594322204589844,0.9850711822509766,0.03481993079185486
,,,,,,,,,3995,0.08698415756225586,0.9840927124023438,0.04498816281557083
,,,,,,,,,3996,0.08547544479370117,0.9891471862792969,0.027268702164292336
,,,,,,,,,3997,0.08699989318847656,0.9818916320800781,0.04290946573019028
,,,,,,,,,3998,0.08585524559020996,0.9919052124023438,0.0210622139275074
,,,,,,,,,3999,0.08569526672363281,0.98895263671875,0.027890969067811966
0.7389115297096563,363074,399944,0.5859315560466134,0.9877412680043268,0.7297054728789046,0.7483528441422521,60400082,1079716,4000,0.08547687530517578,0.9896163940429688,0.026529941707849503
,,,,,,,,,4001,0.0881803035736084,0.9878158569335938,0.030477900058031082
,,,,,,,,,4002,0.08573007583618164,0.9846267700195312,0.036630984395742416
,,,,,,,,,4003,0.08820891380310059,0.9831390380859375,0.041921548545360565
,,,,,,,,,4004,0.08792924880981445,0.9907264709472656,0.0225214846432209
,,,,,,,,,4005,0.08605122566223145,0.9896202087402344,0.02657807618379593
,,,,,,,,,4006,0.08572721481323242,0.9860515594482422,0.03467068076133728
,,,,,,,,,4007,0.08581113815307617,0.9907436370849609,0.023969799280166626
,,,,,,,,,4008,0.08551383018493652,0.9908466339111328,0.02300136908888817
,,,,,,,,,4009,0.08820295333862305,0.99029541015625,0.024891985580325127
,,,,,,,,,4010,0.08823966979980469,0.9912490844726562,0.022535022348165512
,,,,,,,,,4011,0.09742474555969238,0.9869365692138672,0.031087739393115044
,,,,,,,,,4012,0.09803628921508789,0.9891376495361328,0.027920324355363846
,,,,,,,,,4013,0.09613418579101562,0.9910392761230469,0.021300949156284332
,,,,,,,,,4014,0.09692072868347168,0.9908065795898438,0.0232798270881176
,,,,,,,,,4015,0.09641265869140625,0.9797935485839844,0.04977894574403763
,,,,,,,,,4016,0.08574485778808594,0.9886970520019531,0.028811967000365257
,,,,,,,,,4017,0.08545422554016113,0.9842987060546875,0.036791760474443436
,,,,,,,,,4018,0.08791351318359375,0.9874362945556641,0.030620604753494263
,,,,,,,,,4019,0.08583879470825195,0.9861564636230469,0.03156987205147743
,,,,,,,,,4020,0.08552217483520508,0.9815654754638672,0.0416177362203598
,,,,,,,,,4021,0.09206104278564453,0.9902439117431641,0.02536787837743759
,,,,,,,,,4022,0.08546900749206543,0.9867572784423828,0.03218524530529976
,,,,,,,,,4023,0.08553290367126465,0.9871368408203125,0.033097103238105774
,,,,,,,,,4024,0.08607077598571777,0.9827880859375,0.04057113081216812
,,,,,,,,,4025,0.08551287651062012,0.9909038543701172,0.02410816214978695
,,,,,,,,,4026,0.08579111099243164,0.9905910491943359,0.024258147925138474
,,,,,,,,,4027,0.0859525203704834,0.9873561859130859,0.03166375309228897
,,,,,,,,,4028,0.08940911293029785,0.9908428192138672,0.023298466578125954
,,,,,,,,,4029,0.0856773853302002,0.9862155914306641,0.03419172391295433
,,,,,,,,,4030,0.0859689712524414,0.9896812438964844,0.025146789848804474
,,,,,,,,,4031,0.09048056602478027,0.9911022186279297,0.02473427727818489
,,,,,,,,,4032,0.08567690849304199,0.9853744506835938,0.03505930304527283
,,,,,,,,,4033,0.08574509620666504,0.9884510040283203,0.0316617377102375
,,,,,,,,,4034,0.08568882942199707,0.9850482940673828,0.03977743536233902
,,,,,,,,,4035,0.09753918647766113,0.9921588897705078,0.02004092186689377
,,,,,,,,,4036,0.09664154052734375,0.9868545532226562,0.03344893082976341
,,,,,,,,,4037,0.09644412994384766,0.9885883331298828,0.02825726941227913
,,,,,,,,,4038,0.08561468124389648,0.9894180297851562,0.028116678819060326
,,,,,,,,,4039,0.08612680435180664,0.9727134704589844,0.0698288157582283
,,,,,,,,,4040,0.08802103996276855,0.9865074157714844,0.03450693562626839
,,,,,,,,,4041,0.0903465747833252,0.9855480194091797,0.03570707142353058
,,,,,,,,,4042,0.08552026748657227,0.987640380859375,0.03158595412969589
,,,,,,,,,4043,0.08633136749267578,0.9889087677001953,0.029733363538980484
,,,,,,,,,4044,0.08800315856933594,0.9880485534667969,0.029732611030340195
,,,,,,,,,4045,0.08831024169921875,0.9863471984863281,0.033904220908880234
,,,,,,,,,4046,0.08677244186401367,0.9832324981689453,0.04260293394327164
,,,,,,,,,4047,0.08579754829406738,0.9830131530761719,0.04244882985949516
,,,,,,,,,4048,0.0856790542602539,0.9875297546386719,0.031018463894724846
,,,,,,,,,4049,0.08552694320678711,0.9844551086425781,0.0372966006398201
,,,,,,,,,4050,0.08748602867126465,0.9863796234130859,0.03324684500694275
,,,,,,,,,4051,0.09201335906982422,0.9820518493652344,0.04339722543954849
,,,,,,,,,4052,0.08554577827453613,0.9755268096923828,0.0645841434597969
,,,,,,,,,4053,0.08573007583618164,0.9861373901367188,0.031783394515514374
,,,,,,,,,4054,0.08565974235534668,0.9921817779541016,0.021247992292046547
,,,,,,,,,4055,0.08781766891479492,0.9861087799072266,0.03340262174606323
,,,,,,,,,4056,0.08563375473022461,0.9864768981933594,0.03164234757423401
,,,,,,,,,4057,0.08544492721557617,0.9870109558105469,0.03125215321779251
,,,,,,,,,4058,0.08829927444458008,0.9881153106689453,0.02953525260090828
,,,,,,,,,4059,0.08563876152038574,0.9867572784423828,0.03273305296897888
,,,,,,,,,4060,0.08579039573669434,0.9836978912353516,0.04136822372674942
,,,,,,,,,4061,0.08929991722106934,0.9860973358154297,0.034958913922309875
,,,,,,,,,4062,0.08552670478820801,0.9874629974365234,0.031885769218206406
,,,,,,,,,4063,0.08557629585266113,0.9892387390136719,0.027202682569622993
,,,,,,,,,4064,0.08552765846252441,0.9888019561767578,0.027434125542640686
,,,,,,,,,4065,0.08797073364257812,0.9873161315917969,0.032064493745565414
,,,,,,,,,4066,0.08549356460571289,0.9900455474853516,0.025456562638282776
,,,,,,,,,4067,0.08825325965881348,0.9928436279296875,0.019684284925460815
,,,,,,,,,4068,0.08567619323730469,0.9846172332763672,0.038043297827243805
,,,,,,,,,4069,0.08591985702514648,0.9874858856201172,0.03268428146839142
,,,,,,,,,4070,0.08574438095092773,0.990570068359375,0.02442147023975849
,,,,,,,,,4071,0.09058499336242676,0.9868373870849609,0.032544005662202835
,,,,,,,,,4072,0.0884706974029541,0.9821910858154297,0.04375889524817467
,,,,,,,,,4073,0.0856924057006836,0.9886474609375,0.027996333315968513
,,,,,,,,,4074,0.0858619213104248,0.9831733703613281,0.041607413440942764
,,,,,,,,,4075,0.08562064170837402,0.9913864135742188,0.021662577986717224
,,,,,,,,,4076,0.08549690246582031,0.9889488220214844,0.028561780229210854
,,,,,,,,,4077,0.08779549598693848,0.9913825988769531,0.024189995601773262
,,,,,,,,,4078,0.08563566207885742,0.9852924346923828,0.03417561948299408
,,,,,,,,,4079,0.08758902549743652,0.985809326171875,0.034290511161088943
,,,,,,,,,4080,0.08620834350585938,0.9901256561279297,0.02506488747894764
,,,,,,,,,4081,0.09081554412841797,0.9821605682373047,0.04572105035185814
,,,,,,,,,4082,0.08620381355285645,0.9915943145751953,0.021036293357610703
,,,,,,,,,4083,0.08563089370727539,0.9858741760253906,0.035173725336790085
,,,,,,,,,4084,0.08568453788757324,0.9861183166503906,0.035320743918418884
,,,,,,,,,4085,0.08546686172485352,0.9901657104492188,0.024367501959204674
,,,,,,,,,4086,0.08734273910522461,0.9874019622802734,0.033735185861587524
,,,,,,,,,4087,0.08789563179016113,0.9887619018554688,0.028254739940166473
,,,,,,,,,4088,0.08615565299987793,0.9904346466064453,0.02403120882809162
,,,,,,,,,4089,0.08550548553466797,0.9919261932373047,0.02090497873723507
,,,,,,,,,4090,0.08551883697509766,0.9856090545654297,0.035644691437482834
,,,,,,,,,4091,0.09055495262145996,0.9884872436523438,0.030527763068675995
,,,,,,,,,4092,0.08566927909851074,0.9899520874023438,0.026029687374830246
,,,,,,,,,4093,0.08794307708740234,0.9904670715332031,0.024527166038751602
,,,,,,,,,4094,0.08557486534118652,0.9879169464111328,0.03137421980500221
,,,,,,,,,4095,0.08604693412780762,0.990020751953125,0.024678219109773636
,,,,,,,,,4096,0.08578348159790039,0.9840583801269531,0.0398559533059597
,,,,,,,,,4097,0.08760786056518555,0.9892234802246094,0.026151319965720177
,,,,,,,,,4098,0.08551883697509766,0.9878349304199219,0.032994408160448074
,,,,,,,,,4099,0.08555054664611816,0.9844017028808594,0.03716477006673813
,,,,,,,,,4100,0.08826351165771484,0.9885540008544922,0.02889598160982132
,,,,,,,,,4101,0.0906374454498291,0.981109619140625,0.04498845711350441
,,,,,,,,,4102,0.08553671836853027,0.9900226593017578,0.02684721350669861
,,,,,,,,,4103,0.08575820922851562,0.9897899627685547,0.025856943801045418
,,,,,,,,,4104,0.08605456352233887,0.9859848022460938,0.036207668483257294
,,,,,,,,,4105,0.0856938362121582,0.9889659881591797,0.027575688436627388
,,,,,,,,,4106,0.08574795722961426,0.9888019561767578,0.026595469564199448
,,,,,,,,,4107,0.08815288543701172,0.9865760803222656,0.034789592027664185
,,,,,,,,,4108,0.08568572998046875,0.9902515411376953,0.025768622756004333
,,,,,,,,,4109,0.0862741470336914,0.9840774536132812,0.04101084545254707
,,,,,,,,,4110,0.08562302589416504,0.9911766052246094,0.02316909283399582
,,,,,,,,,4111,0.0905463695526123,0.9857997894287109,0.032865725457668304
,,,,,,,,,4112,0.08597564697265625,0.9867992401123047,0.034701135009527206
,,,,,,,,,4113,0.08553123474121094,0.985015869140625,0.03617146611213684
,,,,,,,,,4114,0.08780550956726074,0.9872665405273438,0.033531758934259415
,,,,,,,,,4115,0.08562135696411133,0.9887332916259766,0.03000052459537983
,,,,,,,,,4116,0.08560442924499512,0.9843845367431641,0.0424259789288044
,,,,,,,,,4117,0.08557558059692383,0.9864845275878906,0.03307230770587921
,,,,,,,,,4118,0.085662841796875,0.9877395629882812,0.03070247173309326
,,,,,,,,,4119,0.08614206314086914,0.9851913452148438,0.03634737804532051
,,,,,,,,,4120,0.08553838729858398,0.9829940795898438,0.04149753600358963
,,,,,,,,,4121,0.09208297729492188,0.9879093170166016,0.02979707531630993
,,,,,,,,,4122,0.08575725555419922,0.9903621673583984,0.02389826439321041
,,,,,,,,,4123,0.08588147163391113,0.9843177795410156,0.038985878229141235
,,,,,,,,,4124,0.08832573890686035,0.982513427734375,0.042622439563274384
,,,,,,,,,4125,0.08579778671264648,0.9880638122558594,0.03178679198026657
,,,,,,,,,4126,0.08559226989746094,0.9897594451904297,0.02704699896275997
,,,,,,,,,4127,0.08570504188537598,0.9875698089599609,0.030870923772454262
,,,,,,,,,4128,0.08752799034118652,0.9895439147949219,0.025494391098618507
,,,,,,,,,4129,0.08804965019226074,0.9922428131103516,0.022218644618988037
,,,,,,,,,4130,0.08601617813110352,0.9881057739257812,0.03035423532128334
,,,,,,,,,4131,0.09032797813415527,0.9885578155517578,0.028414344415068626
,,,,,,,,,4132,0.08571553230285645,0.989013671875,0.030486010015010834
,,,,,,,,,4133,0.08557581901550293,0.9864864349365234,0.03161722421646118
,,,,,,,,,4134,0.08804130554199219,0.985137939453125,0.03612644597887993
,,,,,,,,,4135,0.08771157264709473,0.9852867126464844,0.0362747460603714
,,,,,,,,,4136,0.08578205108642578,0.9818763732910156,0.04263566806912422
,,,,,,,,,4137,0.08644771575927734,0.9870586395263672,0.03330956771969795
,,,,,,,,,4138,0.0856637954711914,0.9883613586425781,0.03048902191221714
,,,,,,,,,4139,0.08821654319763184,0.9853553771972656,0.03636832535266876
,,,,,,,,,4140,0.0854802131652832,0.9900398254394531,0.025682365521788597
,,,,,,,,,4141,0.09057331085205078,0.9873733520507812,0.030573513358831406
,,,,,,,,,4142,0.08761119842529297,0.9889755249023438,0.031155869364738464
,,,,,,,,,4143,0.08542346954345703,0.9909191131591797,0.023882923647761345
,,,,,,,,,4144,0.08832430839538574,0.98065185546875,0.04991307854652405
,,,,,,,,,4145,0.08553576469421387,0.9821987152099609,0.04412677884101868
,,,,,,,,,4146,0.08579421043395996,0.9864635467529297,0.03398596867918968
,,,,,,,,,4147,0.0856623649597168,0.9898910522460938,0.027907736599445343
,,,,,,,,,4148,0.08561897277832031,0.9872608184814453,0.03151986747980118
,,,,,,,,,4149,0.09000539779663086,0.9865264892578125,0.03145768120884895
,,,,,,,,,4150,0.08559489250183105,0.99200439453125,0.021988041698932648
,,,,,,,,,4151,0.09003090858459473,0.9903240203857422,0.02472207136452198
,,,,,,,,,4152,0.08547520637512207,0.9933414459228516,0.019346516579389572
,,,,,,,,,4153,0.08581423759460449,0.9860000610351562,0.03625128045678139
,,,,,,,,,4154,0.08788776397705078,0.9756832122802734,0.06292221695184708
,,,,,,,,,4155,0.08542776107788086,0.9873428344726562,0.03244854137301445
,,,,,,,,,4156,0.08724308013916016,0.9819717407226562,0.04543185606598854
,,,,,,,,,4157,0.08568334579467773,0.9862384796142578,0.03601903095841408
,,,,,,,,,4158,0.08568954467773438,0.9893264770507812,0.02640382945537567
,,,,,,,,,4159,0.08594918251037598,0.9910335540771484,0.02315065823495388
,,,,,,,,,4160,0.08566021919250488,0.9847145080566406,0.03538317605853081
,,,,,,,,,4161,0.09042692184448242,0.9930534362792969,0.018542159348726273
,,,,,,,,,4162,0.08573436737060547,0.9879016876220703,0.03154923394322395
,,,,,,,,,4163,0.08759808540344238,0.9883651733398438,0.029931267723441124
,,,,,,,,,4164,0.08590483665466309,0.9855403900146484,0.03836497664451599
,,,,,,,,,4165,0.08555936813354492,0.983154296875,0.042515769600868225
,,,,,,,,,4166,0.0878896713256836,0.9946765899658203,0.016987036913633347
,,,,,,,,,4167,0.08566999435424805,0.9878101348876953,0.030727652832865715
,,,,,,,,,4168,0.08553862571716309,0.9912147521972656,0.02224714308977127
,,,,,,,,,4169,0.08568477630615234,0.9863739013671875,0.035860564559698105
,,,,,,,,,4170,0.08826684951782227,0.9890785217285156,0.03160807117819786
,,,,,,,,,4171,0.09019804000854492,0.9858684539794922,0.03776983171701431
,,,,,,,,,4172,0.0859212875366211,0.9835987091064453,0.03921355679631233
,,,,,,,,,4173,0.08565950393676758,0.9880428314208984,0.02857045829296112
,,,,,,,,,4174,0.08567380905151367,0.9887943267822266,0.0295863077044487
,,,,,,,,,4175,0.08547449111938477,0.991455078125,0.022614531219005585
,,,,,,,,,4176,0.0879812240600586,0.9845676422119141,0.038353681564331055
,,,,,,,,,4177,0.08750462532043457,0.9893779754638672,0.027775166556239128
,,,,,,,,,4178,0.08555078506469727,0.9900283813476562,0.027440698817372322
,,,,,,,,,4179,0.08582210540771484,0.9845314025878906,0.04308067634701729
,,,,,,,,,4180,0.0857548713684082,0.9890460968017578,0.02871297299861908
,,,,,,,,,4181,0.09021329879760742,0.9876232147216797,0.03150135278701782
,,,,,,,,,4182,0.08576798439025879,0.9928703308105469,0.018096942454576492
,,,,,,,,,4183,0.0858621597290039,0.9920234680175781,0.019977182149887085
,,,,,,,,,4184,0.08724641799926758,0.9844741821289062,0.03716129809617996
,,,,,,,,,4185,0.08569931983947754,0.9892501831054688,0.025749199092388153
,,,,,,,,,4186,0.0879213809967041,0.9901180267333984,0.02917427010834217
,,,,,,,,,4187,0.08559942245483398,0.9911079406738281,0.022306663915514946
,,,,,,,,,4188,0.08558535575866699,0.9855022430419922,0.0372043140232563
,,,,,,,,,4189,0.0858771800994873,0.9873466491699219,0.03312192112207413
,,,,,,,,,4190,0.0858309268951416,0.9855575561523438,0.03612653911113739
,,,,,,,,,4191,0.09346199035644531,0.9893245697021484,0.02820534259080887
,,,,,,,,,4192,0.08561825752258301,0.9806632995605469,0.04973223805427551
,,,,,,,,,4193,0.08582901954650879,0.9922657012939453,0.021357674151659012
,,,,,,,,,4194,0.08592581748962402,0.9903278350830078,0.0251274686306715
,,,,,,,,,4195,0.08577156066894531,0.9879608154296875,0.03253885358572006
,,,,,,,,,4196,0.08923149108886719,0.9852523803710938,0.03627273812890053
,,,,,,,,,4197,0.08565354347229004,0.9927482604980469,0.018413392826914787
,,,,,,,,,4198,0.08742022514343262,0.9858341217041016,0.03546940162777901
,,,,,,,,,4199,0.0856020450592041,0.9839439392089844,0.039855845272541046
,,,,,,,,,4200,0.08539080619812012,0.9896907806396484,0.026969371363520622
,,,,,,,,,4201,0.0890190601348877,0.9905204772949219,0.02298475056886673
,,,,,,,,,4202,0.0858316421508789,0.9877758026123047,0.03092733584344387
,,,,,,,,,4203,0.0857229232788086,0.9892768859863281,0.027554938569664955
,,,,,,,,,4204,0.08582067489624023,0.9905548095703125,0.025139903649687767
,,,,,,,,,4205,0.08801531791687012,0.98931884765625,0.02708413451910019
,,,,,,,,,4206,0.08554291725158691,0.990203857421875,0.02653013914823532
,,,,,,,,,4207,0.08604288101196289,0.9891033172607422,0.02635221742093563
,,,,,,,,,4208,0.08587408065795898,0.9919338226318359,0.021869966760277748
,,,,,,,,,4209,0.08552122116088867,0.9936180114746094,0.01775636337697506
,,,,,,,,,4210,0.08544516563415527,0.9853115081787109,0.03949752449989319
,,,,,,,,,4211,0.09050250053405762,0.9769344329833984,0.06064226105809212
,,,,,,,,,4212,0.08839178085327148,0.9854202270507812,0.03607023507356644
,,,,,,,,,4213,0.08569574356079102,0.990936279296875,0.02329164929687977
,,,,,,,,,4214,0.08561086654663086,0.9921722412109375,0.020807726308703423
,,,,,,,,,4215,0.08571982383728027,0.9884109497070312,0.02951166406273842
,,,,,,,,,4216,0.08564543724060059,0.9890079498291016,0.02939923107624054
,,,,,,,,,4217,0.08556628227233887,0.9913959503173828,0.02273075096309185
,,,,,,,,,4218,0.0880424976348877,0.9871406555175781,0.03548372536897659
,,,,,,,,,4219,0.08841085433959961,0.9925212860107422,0.022286798804998398
,,,,,,,,,4220,0.08562159538269043,0.9911308288574219,0.022327054291963577
,,,,,,,,,4221,0.09107470512390137,0.9893627166748047,0.027921592816710472
,,,,,,,,,4222,0.08571004867553711,0.9859428405761719,0.032427094876766205
,,,,,,,,,4223,0.08568477630615234,0.9838294982910156,0.04156525060534477
,,,,,,,,,4224,0.08601927757263184,0.9908161163330078,0.024556582793593407
,,,,,,,,,4225,0.08547806739807129,0.9914817810058594,0.022232938557863235
,,,,,,,,,4226,0.08769464492797852,0.9841823577880859,0.035606492310762405
,,,,,,,,,4227,0.08593511581420898,0.9783706665039062,0.05315930023789406
,,,,,,,,,4228,0.08754324913024902,0.9865493774414062,0.03242870047688484
,,,,,,,,,4229,0.0859370231628418,0.9905586242675781,0.023864366114139557
,,,,,,,,,4230,0.0855560302734375,0.9925823211669922,0.02063111960887909
,,,,,,,,,4231,0.0904088020324707,0.9885425567626953,0.02906285971403122
,,,,,,,,,4232,0.0858147144317627,0.9863510131835938,0.03463407978415489
,,,,,,,,,4233,0.08837008476257324,0.9834728240966797,0.043899450451135635
,,,,,,,,,4234,0.08564400672912598,0.9882087707519531,0.026549363508820534
,,,,,,,,,4235,0.08577942848205566,0.9906234741210938,0.02435986138880253
,,,,,,,,,4236,0.08586549758911133,0.9900608062744141,0.02451922744512558
,,,,,,,,,4237,0.08579492568969727,0.9893989562988281,0.025958405807614326
,,,,,,,,,4238,0.08829283714294434,0.9872798919677734,0.031026765704154968
,,,,,,,,,4239,0.0856478214263916,0.9849720001220703,0.03984072431921959
,,,,,,,,,4240,0.08780980110168457,0.9863433837890625,0.03359183669090271
,,,,,,,,,4241,0.09031844139099121,0.9882125854492188,0.030768459662795067
,,,,,,,,,4242,0.08579730987548828,0.9928226470947266,0.02015155553817749
,,,,,,,,,4243,0.08555364608764648,0.9920215606689453,0.02083926647901535
,,,,,,,,,4244,0.08570051193237305,0.9901962280273438,0.02562078647315502
,,,,,,,,,4245,0.08568978309631348,0.990234375,0.026884878054261208
,,,,,,,,,4246,0.0857400894165039,0.9832515716552734,0.0405791737139225
,,,,,,,,,4247,0.08736348152160645,0.9893512725830078,0.0285489559173584
,,,,,,,,,4248,0.08560323715209961,0.9913902282714844,0.02207375131547451
,,,,,,,,,4249,0.08553767204284668,0.9913902282714844,0.0222928524017334
,,,,,,,,,4250,0.08576035499572754,0.9916477203369141,0.022726133465766907
,,,,,,,,,4251,0.09043335914611816,0.9934062957763672,0.019185442477464676
,,,,,,,,,4252,0.08567976951599121,0.9915370941162109,0.02186470292508602
,,,,,,,,,4253,0.08565258979797363,0.9868335723876953,0.032764188945293427
,,,,,,,,,4254,0.08851003646850586,0.9776954650878906,0.058161329478025436
,,,,,,,,,4255,0.08605504035949707,0.9850139617919922,0.036401838064193726
,,,,,,,,,4256,0.08545184135437012,0.9901504516601562,0.02398638054728508
,,,,,,,,,4257,0.0857391357421875,0.9878292083740234,0.0323311910033226
,,,,,,,,,4258,0.08566856384277344,0.9853115081787109,0.038425933569669724
,,,,,,,,,4259,0.0857400894165039,0.985076904296875,0.03732868656516075
,,,,,,,,,4260,0.08821654319763184,0.9878616333007812,0.03173386678099632
,,,,,,,,,4261,0.09322857856750488,0.9867763519287109,0.031369831413030624
,,,,,,,,,4262,0.08559870719909668,0.9895801544189453,0.027625279501080513
,,,,,,,,,4263,0.08574509620666504,0.9893207550048828,0.02624727599322796
,,,,,,,,,4264,0.08565568923950195,0.9889659881591797,0.028593678027391434
,,,,,,,,,4265,0.08794617652893066,0.9926223754882812,0.02103874273598194
,,,,,,,,,4266,0.08569192886352539,0.9884681701660156,0.028416873887181282
,,,,,,,,,4267,0.0865175724029541,0.9879322052001953,0.02873148024082184
,,,,,,,,,4268,0.08837747573852539,0.9866752624511719,0.032310567796230316
,,,,,,,,,4269,0.08567976951599121,0.9902248382568359,0.025431998074054718
,,,,,,,,,4270,0.08779478073120117,0.9901580810546875,0.025976581498980522
,,,,,,,,,4271,0.09086441993713379,0.9846286773681641,0.0390697605907917
,,,,,,,,,4272,0.08542323112487793,0.9914188385009766,0.022640742361545563
,,,,,,,,,4273,0.0856776237487793,0.9909858703613281,0.025134237483143806
,,,,,,,,,4274,0.08585023880004883,0.9914913177490234,0.021724209189414978
,,,,,,,,,4275,0.08930540084838867,0.9871006011962891,0.031471237540245056
,,,,,,,,,4276,0.08578133583068848,0.9887351989746094,0.02840719185769558
,,,,,,,,,4277,0.08682036399841309,0.9909019470214844,0.02273033931851387
,,,,,,,,,4278,0.08557939529418945,0.9801006317138672,0.051455605775117874
,,,,,,,,,4279,0.08563923835754395,0.9810466766357422,0.045162297785282135
,,,,,,,,,4280,0.08754420280456543,0.9881534576416016,0.029964014887809753
,,,,,,,,,4281,0.09031081199645996,0.9835968017578125,0.039675332605838776
,,,,,,,,,4282,0.08747649192810059,0.9878482818603516,0.03174459561705589
,,,,,,,,,4283,0.08582115173339844,0.9879627227783203,0.03007621318101883
,,,,,,,,,4284,0.08575177192687988,0.9914188385009766,0.023241907358169556
,,,,,,,,,4285,0.08816909790039062,0.9911384582519531,0.022902751341462135
,,,,,,,,,4286,0.08565425872802734,0.9858283996582031,0.03629894554615021
,,,,,,,,,4287,0.08557486534118652,0.9883499145507812,0.02791259065270424
,,,,,,,,,4288,0.08559870719909668,0.9893398284912109,0.027827613055706024
,,,,,,,,,4289,0.08748984336853027,0.9846324920654297,0.03938065469264984
,,,,,,,,,4290,0.08572030067443848,0.9880867004394531,0.0284736305475235
,,,,,,,,,4291,0.09066319465637207,0.990966796875,0.025386471301317215
,,,,,,,,,4292,0.08601927757263184,0.9884567260742188,0.027554230764508247
,,,,,,,,,4293,0.08602285385131836,0.9876537322998047,0.030231190845370293
,,,,,,,,,4294,0.0856478214263916,0.9889888763427734,0.02958511933684349
,,,,,,,,,4295,0.08581995964050293,0.9922084808349609,0.02152562141418457
,,,,,,,,,4296,0.08740830421447754,0.990142822265625,0.026330819353461266
,,,,,,,,,4297,0.08590054512023926,0.9880084991455078,0.02913079597055912
,,,,,,,,,4298,0.0859839916229248,0.9920177459716797,0.020233239978551865
,,,,,,,,,4299,0.08595919609069824,0.9913082122802734,0.021589046344161034
,,,,,,,,,4300,0.08562684059143066,0.97406005859375,0.07115855813026428
,,,,,,,,,4301,0.09044861793518066,0.9872779846191406,0.030889421701431274
,,,,,,,,,4302,0.0857391357421875,0.9848690032958984,0.03698576241731644
,,,,,,,,,4303,0.08843803405761719,0.9872303009033203,0.030517175793647766
,,,,,,,,,4304,0.08605742454528809,0.9896812438964844,0.02688727155327797
,,,,,,,,,4305,0.08602476119995117,0.9863853454589844,0.03410562500357628
,,,,,,,,,4306,0.0855569839477539,0.9910926818847656,0.025582103058695793
,,,,,,,,,4307,0.0879509449005127,0.9932613372802734,0.018549488857388496
,,,,,,,,,4308,0.08543062210083008,0.9906558990478516,0.02330319955945015
,,,,,,,,,4309,0.0859830379486084,0.9835453033447266,0.04036268964409828
,,,,,,,,,4310,0.08818221092224121,0.9865093231201172,0.03377879783511162
,,,,,,,,,4311,0.09050369262695312,0.9921035766601562,0.02127983048558235
,,,,,,,,,4312,0.08625149726867676,0.9884128570556641,0.030443737283349037
,,,,,,,,,4313,0.08575892448425293,0.9893169403076172,0.026750367134809494
,,,,,,,,,4314,0.08567190170288086,0.9884700775146484,0.02888844534754753
,,,,,,,,,4315,0.08559942245483398,0.9903526306152344,0.025156112387776375
,,,,,,,,,4316,0.08556008338928223,0.9786510467529297,0.05578049272298813
,,,,,,,,,4317,0.08972835540771484,0.9922275543212891,0.019562853500247
,,,,,,,,,4318,0.08580422401428223,0.9858608245849609,0.03412383422255516
,,,,,,,,,4319,0.08569836616516113,0.9876613616943359,0.029798418283462524
,,,,,,,,,4320,0.08567380905151367,0.9920806884765625,0.021562062203884125
,,,,,,,,,4321,0.09053897857666016,0.9808635711669922,0.04732448607683182
,,,,,,,,,4322,0.0858616828918457,0.9787921905517578,0.0521993562579155
,,,,,,,,,4323,0.08580827713012695,0.9726696014404297,0.06816451251506805
,,,,,,,,,4324,0.08831238746643066,0.9902381896972656,0.024751298129558563
,,,,,,,,,4325,0.0855245590209961,0.9890155792236328,0.027711793780326843
,,,,,,,,,4326,0.0856635570526123,0.9837188720703125,0.03918590396642685
,,,,,,,,,4327,0.08808112144470215,0.9863948822021484,0.03476716950535774
,,,,,,,,,4328,0.08855247497558594,0.9887561798095703,0.03070034831762314
,,,,,,,,,4329,0.09699487686157227,0.9859676361083984,0.03460501879453659
,,,,,,,,,4330,0.09610414505004883,0.9824142456054688,0.04149489849805832
,,,,,,,,,4331,0.09039902687072754,0.9899139404296875,0.026721764355897903
,,,,,,,,,4332,0.0856177806854248,0.986572265625,0.033381592482328415
,,,,,,,,,4333,0.08738398551940918,0.9854068756103516,0.03668878227472305
,,,,,,,,,4334,0.08816909790039062,0.9884147644042969,0.03025057539343834
,,,,,,,,,4335,0.08601641654968262,0.9796638488769531,0.05054204538464546
,,,,,,,,,4336,0.0855112075805664,0.9836502075195312,0.039527736604213715
,,,,,,,,,4337,0.08580279350280762,0.9868030548095703,0.03518837317824364
,,,,,,,,,4338,0.0868370532989502,0.9907131195068359,0.025502124801278114
,,,,,,,,,4339,0.08794045448303223,0.9830493927001953,0.03922932222485542
,,,,,,,,,4340,0.08819937705993652,0.9916629791259766,0.021906422451138496
,,,,,,,,,4341,0.09054899215698242,0.9916229248046875,0.022218845784664154
,,,,,,,,,4342,0.08576536178588867,0.986175537109375,0.03558390587568283
,,,,,,,,,4343,0.08557701110839844,0.9888210296630859,0.02993454970419407
,,,,,,,,,4344,0.08778667449951172,0.9843063354492188,0.041116632521152496
,,,,,,,,,4345,0.08558511734008789,0.9805259704589844,0.04684824123978615
,,,,,,,,,4346,0.08548164367675781,0.9899959564208984,0.02525259368121624
,,,,,,,,,4347,0.08849859237670898,0.9883880615234375,0.029354924336075783
,,,,,,,,,4348,0.08560919761657715,0.9763164520263672,0.05707373842597008
,,,,,,,,,4349,0.08770155906677246,0.9830894470214844,0.0421236976981163
,,,,,,,,,4350,0.08561968803405762,0.9844036102294922,0.038858380168676376
,,,,,,,,,4351,0.09003615379333496,0.9847793579101562,0.036589786410331726
,,,,,,,,,4352,0.08551144599914551,0.9862480163574219,0.03497357293963432
,,,,,,,,,4353,0.08559608459472656,0.9860439300537109,0.03343266248703003
,,,,,,,,,4354,0.08822059631347656,0.9878787994384766,0.030045270919799805
,,,,,,,,,4355,0.08555865287780762,0.9894866943359375,0.027503658086061478
,,,,,,,,,4356,0.08646392822265625,0.9869327545166016,0.03105885162949562
,,,,,,,,,4357,0.08544278144836426,0.9889335632324219,0.030093945562839508
,,,,,,,,,4358,0.08547735214233398,0.9828357696533203,0.042336709797382355
,,,,,,,,,4359,0.08816647529602051,0.9926624298095703,0.019812576472759247
,,,,,,,,,4360,0.08569645881652832,0.9865627288818359,0.033628910779953
,,,,,,,,,4361,0.09338140487670898,0.9905757904052734,0.02497456967830658
,,,,,,,,,4362,0.08566975593566895,0.9887924194335938,0.027517547830939293
,,,,,,,,,4363,0.08559107780456543,0.9922103881835938,0.020647775381803513
,,,,,,,,,4364,0.08603572845458984,0.9850025177001953,0.04067287966609001
,,,,,,,,,4365,0.08566999435424805,0.9810371398925781,0.04637536406517029
,,,,,,,,,4366,0.08796882629394531,0.9793014526367188,0.052066486328840256
,,,,,,,,,4367,0.08557605743408203,0.989349365234375,0.026788176968693733
,,,,,,,,,4368,0.08794832229614258,0.9862442016601562,0.03372781723737717
,,,,,,,,,4369,0.08578848838806152,0.9905452728271484,0.023789748549461365
,,,,,,,,,4370,0.08615350723266602,0.9825496673583984,0.04414526745676994
,,,,,,,,,4371,0.09029436111450195,0.983245849609375,0.040870796889066696
,,,,,,,,,4372,0.08587360382080078,0.9877700805664062,0.032063014805316925
,,,,,,,,,4373,0.08565115928649902,0.9843311309814453,0.0356820747256279
,,,,,,,,,4374,0.08571219444274902,0.9869060516357422,0.03333737701177597
,,,,,,,,,4375,0.08853793144226074,0.9784450531005859,0.050919078290462494
,,,,,,,,,4376,0.08792853355407715,0.9879913330078125,0.02896389551460743
,,,,,,,,,4377,0.0861213207244873,0.9859409332275391,0.035689618438482285
,,,,,,,,,4378,0.08551216125488281,0.9893798828125,0.026077019050717354
,,,,,,,,,4379,0.08556866645812988,0.9858360290527344,0.03549233824014664
,,,,,,,,,4380,0.08550286293029785,0.9897480010986328,0.024378014728426933
,,,,,,,,,4381,0.09031176567077637,0.9896926879882812,0.02589515410363674
,,,,,,,,,4382,0.08834171295166016,0.9884681701660156,0.031017348170280457
,,,,,,,,,4383,0.08558034896850586,0.992034912109375,0.020863667130470276
,,,,,,,,,4384,0.08568859100341797,0.9887580871582031,0.02988249622285366
,,,,,,,,,4385,0.08582210540771484,0.980987548828125,0.04430708661675453
,,,,,,,,,4386,0.08789539337158203,0.9836292266845703,0.040675874799489975
,,,,,,,,,4387,0.08563399314880371,0.9927959442138672,0.02122231386601925
,,,,,,,,,4388,0.08583855628967285,0.9865837097167969,0.03354290500283241
,,,,,,,,,4389,0.08782649040222168,0.990570068359375,0.023192651569843292
,,,,,,,,,4390,0.08568787574768066,0.9885711669921875,0.02862587384879589
,,,,,,,,,4391,0.08994054794311523,0.9930038452148438,0.019155772402882576
,,,,,,,,,4392,0.0855560302734375,0.9871463775634766,0.03227689489722252
,,,,,,,,,4393,0.0856170654296875,0.9869976043701172,0.031070884317159653
,,,,,,,,,4394,0.08565568923950195,0.9854335784912109,0.035870056599378586
,,,,,,,,,4395,0.08563446998596191,0.9918384552001953,0.020980875939130783
,,,,,,,,,4396,0.09011483192443848,0.9920310974121094,0.02131570875644684
,,,,,,,,,4397,0.08573222160339355,0.9927024841308594,0.01857970468699932
,,,,,,,,,4398,0.08580994606018066,0.9840793609619141,0.0385587178170681
,,,,,,,,,4399,0.08564138412475586,0.9905338287353516,0.026173677295446396
,,,,,,,,,4400,0.08563923835754395,0.9913101196289062,0.021895572543144226
,,,,,,,,,4401,0.09063935279846191,0.9904594421386719,0.024232324212789536
,,,,,,,,,4402,0.08557844161987305,0.9836254119873047,0.04168622940778732
,,,,,,,,,4403,0.08747124671936035,0.9819202423095703,0.0435677133500576
,,,,,,,,,4404,0.0856320858001709,0.9935207366943359,0.01733342371881008
,,,,,,,,,4405,0.08553767204284668,0.9904193878173828,0.025110987946391106
,,,,,,,,,4406,0.0858449935913086,0.9901962280273438,0.025325126945972443
,,,,,,,,,4407,0.08574891090393066,0.99151611328125,0.022542277351021767
,,,,,,,,,4408,0.08560919761657715,0.9797458648681641,0.04804215580224991
,,,,,,,,,4409,0.08563828468322754,0.9858493804931641,0.034801363945007324
,,,,,,,,,4410,0.0880594253540039,0.9941024780273438,0.015963351354002953
,,,,,,,,,4411,0.09058046340942383,0.9895095825195312,0.025524819269776344
,,,,,,,,,4412,0.08604216575622559,0.9907245635986328,0.02398110367357731
,,,,,,,,,4413,0.08568167686462402,0.9893207550048828,0.028825566172599792
,,,,,,,,,4414,0.08568191528320312,0.9819889068603516,0.04399915412068367
,,,,,,,,,4415,0.08556342124938965,0.9867496490478516,0.0322762131690979
,,,,,,,,,4416,0.0858619213104248,0.99169921875,0.021776212379336357
,,,,,,,,,4417,0.08765292167663574,0.9899997711181641,0.023493831977248192
,,,,,,,,,4418,0.08793926239013672,0.9916858673095703,0.02360702119767666
,,,,,,,,,4419,0.08552956581115723,0.9900341033935547,0.024909423664212227
,,,,,,,,,4420,0.08574151992797852,0.9885520935058594,0.02970965765416622
,,,,,,,,,4421,0.09018063545227051,0.9845809936523438,0.037719711661338806
,,,,,,,,,4422,0.08584976196289062,0.9881458282470703,0.028570355847477913
,,,,,,,,,4423,0.08550786972045898,0.9869194030761719,0.03350573033094406
,,,,,,,,,4424,0.08753061294555664,0.9868526458740234,0.030392708256840706
,,,,,,,,,4425,0.08562040328979492,0.985992431640625,0.03236274793744087
,,,,,,,,,4426,0.08568811416625977,0.990753173828125,0.02207518368959427
,,,,,,,,,4427,0.0856633186340332,0.9903659820556641,0.025594834238290787
,,,,,,,,,4428,0.08777928352355957,0.9903640747070312,0.02376376837491989
,,,,,,,,,4429,0.08566522598266602,0.9918670654296875,0.020080991089344025
,,,,,,,,,4430,0.08546972274780273,0.9898643493652344,0.02433794178068638
,,,,,,,,,4431,0.09226703643798828,0.9885787963867188,0.02923860028386116
,,,,,,,,,4432,0.08559012413024902,0.9879417419433594,0.02744760550558567
,,,,,,,,,4433,0.08562135696411133,0.9877948760986328,0.031180139631032944
,,,,,,,,,4434,0.08565187454223633,0.9855556488037109,0.03912986069917679
,,,,,,,,,4435,0.08572864532470703,0.9858512878417969,0.0340883694589138
,,,,,,,,,4436,0.08667492866516113,0.9816036224365234,0.04610113427042961
,,,,,,,,,4437,0.08612465858459473,0.9889869689941406,0.02858205884695053
,,,,,,,,,4438,0.08979964256286621,0.9895458221435547,0.02595873363316059
,,,,,,,,,4439,0.08556842803955078,0.9906387329101562,0.023176196962594986
,,,,,,,,,4440,0.08562278747558594,0.9908599853515625,0.02571791596710682
,,,,,,,,,4441,0.09054780006408691,0.9856681823730469,0.03690599650144577
,,,,,,,,,4442,0.08561182022094727,0.9884796142578125,0.029756121337413788
,,,,,,,,,4443,0.08555793762207031,0.9858779907226562,0.03495703265070915
,,,,,,,,,4444,0.08611464500427246,0.9858856201171875,0.036397866904735565
,,,,,,,,,4445,0.08767914772033691,0.9891567230224609,0.027990790084004402
,,,,,,,,,4446,0.08575987815856934,0.9880218505859375,0.0306679867208004
,,,,,,,,,4447,0.08592700958251953,0.99310302734375,0.019013969227671623
,,,,,,,,,4448,0.08772420883178711,0.9879436492919922,0.03032097779214382
,,,,,,,,,4449,0.08575034141540527,0.9874210357666016,0.03138769790530205
,,,,,,,,,4450,0.08660507202148438,0.9898891448974609,0.025134380906820297
,,,,,,,,,4451,0.08999085426330566,0.9901161193847656,0.025996332988142967
,,,,,,,,,4452,0.08790016174316406,0.9849166870117188,0.03474481403827667
,,,,,,,,,4453,0.0855569839477539,0.9834117889404297,0.0391065888106823
,,,,,,,,,4454,0.08551502227783203,0.9914970397949219,0.021286746487021446
,,,,,,,,,4455,0.08566451072692871,0.9831695556640625,0.042232755571603775
,,,,,,,,,4456,0.08546566963195801,0.9917507171630859,0.021387776359915733
,,,,,,,,,4457,0.08571362495422363,0.9910507202148438,0.022836167365312576
,,,,,,,,,4458,0.08610367774963379,0.9867496490478516,0.03186974301934242
,,,,,,,,,4459,0.08768725395202637,0.9901008605957031,0.028049975633621216
,,,,,,,,,4460,0.08564090728759766,0.9850368499755859,0.03757376968860626
,,,,,,,,,4461,0.09044623374938965,0.9876499176025391,0.032657526433467865
,,,,,,,,,4462,0.08578777313232422,0.9868907928466797,0.03339063748717308
,,,,,,,,,4463,0.08594059944152832,0.9873561859130859,0.03194397687911987
,,,,,,,,,4464,0.08571815490722656,0.9871387481689453,0.031920574605464935
,,,,,,,,,4465,0.08817553520202637,0.9869461059570312,0.03452704846858978
,,,,,,,,,4466,0.08760476112365723,0.9890193939208984,0.02652629278600216
,,,,,,,,,4467,0.08569788932800293,0.9886016845703125,0.030030561611056328
,,,,,,,,,4468,0.08560800552368164,0.9861469268798828,0.03453648090362549
,,,,,,,,,4469,0.08567619323730469,0.9903049468994141,0.025528525933623314
,,,,,,,,,4470,0.08583235740661621,0.9902019500732422,0.024035925045609474
,,,,,,,,,4471,0.08990693092346191,0.9852695465087891,0.03682493418455124
,,,,,,,,,4472,0.08556652069091797,0.9865570068359375,0.035283707082271576
,,,,,,,,,4473,0.08871150016784668,0.9931640625,0.018804213032126427
,,,,,,,,,4474,0.0855264663696289,0.9853515625,0.03814709559082985
,,,,,,,,,4475,0.08792972564697266,0.9898204803466797,0.02694823406636715
,,,,,,,,,4476,0.08539104461669922,0.9915428161621094,0.023588258773088455
,,,,,,,,,4477,0.08578658103942871,0.9906044006347656,0.023666366934776306
,,,,,,,,,4478,0.0860440731048584,0.9965534210205078,0.012464296072721481
,,,,,,,,,4479,0.08587288856506348,0.9931583404541016,0.016920004040002823
,,,,,,,,,4480,0.08976340293884277,0.9902801513671875,0.024981170892715454
,,,,,,,,,4481,0.09083247184753418,0.9855442047119141,0.03478269279003143
,,,,,,,,,4482,0.08565378189086914,0.9848709106445312,0.03527926653623581
,,,,,,,,,4483,0.08548498153686523,0.9880218505859375,0.02980051375925541
,,,,,,,,,4484,0.08552980422973633,0.9941177368164062,0.01630624383687973
,,,,,,,,,4485,0.08842015266418457,0.9921207427978516,0.01984263025224209
,,,,,,,,,4486,0.08557271957397461,0.9942188262939453,0.014995812438428402
,,,,,,,,,4487,0.0872955322265625,0.9848899841308594,0.03780686482787132
,,,,,,,,,4488,0.085601806640625,0.9875278472900391,0.03321494534611702
,,,,,,,,,4489,0.0857851505279541,0.990936279296875,0.02145705558359623
,,,,,,,,,4490,0.0883491039276123,0.9870376586914062,0.032412104308605194
,,,,,,,,,4491,0.09034109115600586,0.9897346496582031,0.027243871241807938
,,,,,,,,,4492,0.08690381050109863,0.9846458435058594,0.0358666367828846
,,,,,,,,,4493,0.08565664291381836,0.9910335540771484,0.022853313013911247
,,,,,,,,,4494,0.08741164207458496,0.9859046936035156,0.03409355878829956
,,,,,,,,,4495,0.08814811706542969,0.9907951354980469,0.023875044658780098
,,,,,,,,,4496,0.08570671081542969,0.9899692535400391,0.026234310120344162
,,,,,,,,,4497,0.08570289611816406,0.9862079620361328,0.03424184024333954
,,,,,,,,,4498,0.08533906936645508,0.9888801574707031,0.028529757633805275
,,,,,,,,,4499,0.08721780776977539,0.9898719787597656,0.02515025995671749
0.7016264633475662,579660,154449,0.5403887583511296,0.9882057232114948,0.8482191554660621,0.5982367496309234,60645577,863130,4500,0.08785080909729004,0.9835186004638672,0.04174066707491875
,,,,,,,,,4501,0.09691262245178223,0.9876613616943359,0.031492095440626144
,,,,,,,,,4502,0.09661126136779785,0.9853534698486328,0.033756669610738754
,,,,,,,,,4503,0.08577632904052734,0.9885330200195312,0.028163250535726547
,,,,,,,,,4504,0.0856332778930664,0.9918632507324219,0.02087225951254368
,,,,,,,,,4505,0.08557796478271484,0.9871025085449219,0.03440655395388603
,,,,,,,,,4506,0.0878591537475586,0.9912796020507812,0.02357729710638523
,,,,,,,,,4507,0.08821487426757812,0.9817790985107422,0.04735167697072029
,,,,,,,,,4508,0.08587312698364258,0.9876613616943359,0.03338519483804703
,,,,,,,,,4509,0.0863182544708252,0.9849491119384766,0.03794238343834877
,,,,,,,,,4510,0.08560848236083984,0.9910793304443359,0.02343524992465973
,,,,,,,,,4511,0.09065032005310059,0.9819316864013672,0.04738444462418556
,,,,,,,,,4512,0.08568429946899414,0.9902362823486328,0.024358022958040237
,,,,,,,,,4513,0.08577418327331543,0.9893398284912109,0.027302324771881104
,,,,,,,,,4514,0.08781099319458008,0.9898872375488281,0.025481026619672775
,,,,,,,,,4515,0.08565688133239746,0.9903907775878906,0.024937214329838753
,,,,,,,,,4516,0.08619904518127441,0.9808158874511719,0.04460403695702553
,,,,,,,,,4517,0.08565378189086914,0.9906883239746094,0.024565361440181732
,,,,,,,,,4518,0.08606767654418945,0.9911441802978516,0.02305493876338005
,,,,,,,,,4519,0.08553171157836914,0.9849338531494141,0.038246966898441315
,,,,,,,,,4520,0.08546090126037598,0.9928722381591797,0.019484905526041985
,,,,,,,,,4521,0.09263443946838379,0.9920616149902344,0.021005017682909966
,,,,,,,,,4522,0.08552765846252441,0.9910926818847656,0.024167150259017944
,,,,,,,,,4523,0.08628606796264648,0.9859294891357422,0.03326783701777458
,,,,,,,,,4524,0.08595943450927734,0.989532470703125,0.026100557297468185
,,,,,,,,,4525,0.08547115325927734,0.9886226654052734,0.028730904683470726
,,,,,,,,,4526,0.08556652069091797,0.9905967712402344,0.025094812735915184
,,,,,,,,,4527,0.08574604988098145,0.9887046813964844,0.02924099937081337
,,,,,,,,,4528,0.0908041000366211,0.9908809661865234,0.023679018020629883
,,,,,,,,,4529,0.08566665649414062,0.9885749816894531,0.028137704357504845
,,,,,,,,,4530,0.08607959747314453,0.9920482635498047,0.02234802395105362
,,,,,,,,,4531,0.08984112739562988,0.9876327514648438,0.03183368593454361
,,,,,,,,,4532,0.08561968803405762,0.9900703430175781,0.02475055865943432
,,,,,,,,,4533,0.08554959297180176,0.9914684295654297,0.020321069285273552
,,,,,,,,,4534,0.08580565452575684,0.9887924194335938,0.028460964560508728
,,,,,,,,,4535,0.08727478981018066,0.9846992492675781,0.03917638584971428
,,,,,,,,,4536,0.0854804515838623,0.9902172088623047,0.02375541441142559
,,,,,,,,,4537,0.0864872932434082,0.9867687225341797,0.03387361764907837
,,,,,,,,,4538,0.08799219131469727,0.99176025390625,0.02132865972816944
,,,,,,,,,4539,0.08570241928100586,0.9851951599121094,0.036275677382946014
,,,,,,,,,4540,0.08558249473571777,0.9917697906494141,0.02177942357957363
,,,,,,,,,4541,0.09074950218200684,0.9882678985595703,0.02773492969572544
,,,,,,,,,4542,0.0881812572479248,0.9872760772705078,0.03456011787056923
,,,,,,,,,4543,0.0857400894165039,0.9911918640136719,0.02246634103357792
,,,,,,,,,4544,0.08728599548339844,0.9874897003173828,0.031596191227436066
,,,,,,,,,4545,0.08537983894348145,0.98516845703125,0.03665478155016899
,,,,,,,,,4546,0.08558344841003418,0.9902858734130859,0.0269344300031662
,,,,,,,,,4547,0.0854954719543457,0.9860095977783203,0.036475904285907745
,,,,,,,,,4548,0.08780193328857422,0.9910125732421875,0.023264240473508835
,,,,,,,,,4549,0.08741164207458496,0.9871177673339844,0.031765300780534744
,,,,,,,,,4550,0.08552098274230957,0.9903202056884766,0.024852557107806206
,,,,,,,,,4551,0.08890843391418457,0.9903659820556641,0.024621523916721344
,,,,,,,,,4552,0.08556675910949707,0.9903316497802734,0.024279046803712845
,,,,,,,,,4553,0.08571934700012207,0.9799861907958984,0.050467923283576965
,,,,,,,,,4554,0.08579254150390625,0.9886283874511719,0.029342131689190865
,,,,,,,,,4555,0.08576035499572754,0.9889411926269531,0.0295704435557127
,,,,,,,,,4556,0.08811688423156738,0.9821357727050781,0.04592013731598854
,,,,,,,,,4557,0.08555459976196289,0.9894046783447266,0.027536867186427116
,,,,,,,,,4558,0.08813142776489258,0.9902687072753906,0.02521674893796444
,,,,,,,,,4559,0.0856020450592041,0.9881210327148438,0.029480721801519394
,,,,,,,,,4560,0.08566522598266602,0.9931163787841797,0.018972424790263176
,,,,,,,,,4561,0.09017372131347656,0.9909934997558594,0.024260148406028748
,,,,,,,,,4562,0.08545494079589844,0.9884414672851562,0.02955474890768528
,,,,,,,,,4563,0.08797311782836914,0.9846363067626953,0.03877151757478714
,,,,,,,,,4564,0.0856170654296875,0.9862937927246094,0.03469933569431305
,,,,,,,,,4565,0.08570241928100586,0.9877357482910156,0.031508781015872955
,,,,,,,,,4566,0.08562374114990234,0.9885025024414062,0.03185736760497093
,,,,,,,,,4567,0.08575224876403809,0.98486328125,0.039106667041778564
,,,,,,,,,4568,0.08774018287658691,0.9905128479003906,0.027521513402462006
,,,,,,,,,4569,0.08567380905151367,0.9871845245361328,0.03108164854347706
,,,,,,,,,4570,0.08854126930236816,0.9865646362304688,0.032234273850917816
,,,,,,,,,4571,0.09066390991210938,0.9858379364013672,0.03440309688448906
,,,,,,,,,4572,0.08586931228637695,0.9920387268066406,0.020131396129727364
,,,,,,,,,4573,0.08595943450927734,0.9807529449462891,0.04451106861233711
,,,,,,,,,4574,0.085601806640625,0.9907360076904297,0.023204127326607704
,,,,,,,,,4575,0.08585953712463379,0.9893569946289062,0.02686629816889763
,,,,,,,,,4576,0.08552813529968262,0.9919338226318359,0.020582156255841255
,,,,,,,,,4577,0.08797836303710938,0.9902763366699219,0.02654506266117096
,,,,,,,,,4578,0.08543276786804199,0.9934425354003906,0.018336070701479912
,,,,,,,,,4579,0.08549308776855469,0.9893913269042969,0.02712378092110157
,,,,,,,,,4580,0.08573651313781738,0.9890003204345703,0.02852834388613701
,,,,,,,,,4581,0.09053635597229004,0.992950439453125,0.0188318882137537
,,,,,,,,,4582,0.08547782897949219,0.9804439544677734,0.047099996358156204
,,,,,,,,,4583,0.08602666854858398,0.9906158447265625,0.02479642629623413
,,,,,,,,,4584,0.08761310577392578,0.98712158203125,0.03451700508594513
,,,,,,,,,4585,0.08791708946228027,0.9908065795898438,0.025035874918103218
,,,,,,,,,4586,0.08577942848205566,0.9778938293457031,0.07323671132326126
,,,,,,,,,4587,0.08549642562866211,0.9888973236083984,0.02753906138241291
,,,,,,,,,4588,0.08576560020446777,0.9937381744384766,0.01906539872288704
,,,,,,,,,4589,0.08545064926147461,0.9903450012207031,0.02601703815162182
,,,,,,,,,4590,0.08787012100219727,0.9849376678466797,0.03747259080410004
,,,,,,,,,4591,0.0923006534576416,0.9883918762207031,0.03237432986497879
,,,,,,,,,4592,0.08547496795654297,0.9938468933105469,0.01766304299235344
,,,,,,,,,4593,0.08603405952453613,0.9851284027099609,0.03585376963019371
,,,,,,,,,4594,0.08569455146789551,0.9843235015869141,0.037154439836740494
,,,,,,,,,4595,0.0880732536315918,0.9889793395996094,0.029842685908079147
,,,,,,,,,4596,0.08570671081542969,0.9876861572265625,0.03111501969397068
,,,,,,,,,4597,0.08570194244384766,0.9866981506347656,0.03226602077484131
,,,,,,,,,4598,0.0870199203491211,0.9692859649658203,0.07871771603822708
,,,,,,,,,4599,0.08571696281433105,0.9832248687744141,0.041536297649145126
,,,,,,,,,4600,0.08821606636047363,0.9906444549560547,0.02405172400176525
,,,,,,,,,4601,0.09018135070800781,0.9921627044677734,0.021461615338921547
,,,,,,,,,4602,0.08560037612915039,0.9852008819580078,0.03624895587563515
,,,,,,,,,4603,0.08580255508422852,0.9877052307128906,0.03232548013329506
,,,,,,,,,4604,0.08603715896606445,0.9799823760986328,0.05160848796367645
,,,,,,,,,4605,0.08972311019897461,0.9896144866943359,0.026218421757221222
,,,,,,,,,4606,0.08568406105041504,0.9809074401855469,0.045738134533166885
,,,,,,,,,4607,0.08582067489624023,0.9850864410400391,0.035604510456323624
,,,,,,,,,4608,0.08558392524719238,0.9866142272949219,0.03618612885475159
,,,,,,,,,4609,0.08548331260681152,0.9873199462890625,0.03194519504904747
,,,,,,,,,4610,0.08770966529846191,0.9902992248535156,0.028067458420991898
,,,,,,,,,4611,0.08837556838989258,0.9908428192138672,0.023998601362109184
,,,,,,,,,4612,0.08901214599609375,0.9870204925537109,0.03148860111832619
,,,,,,,,,4613,0.0856170654296875,0.9880352020263672,0.029660798609256744
,,,,,,,,,4614,0.08552932739257812,0.9913463592529297,0.023072266951203346
,,,,,,,,,4615,0.08809804916381836,0.9822654724121094,0.04603735730051994
,,,,,,,,,4616,0.08554983139038086,0.9897136688232422,0.026667872443795204
,,,,,,,,,4617,0.08561229705810547,0.9894657135009766,0.025816483423113823
,,,,,,,,,4618,0.08577847480773926,0.9904289245605469,0.025483524426817894
,,,,,,,,,4619,0.08851504325866699,0.9861278533935547,0.03202056884765625
,,,,,,,,,4620,0.08577179908752441,0.981109619140625,0.045412201434373856
,,,,,,,,,4621,0.09049105644226074,0.9864749908447266,0.03449593856930733
,,,,,,,,,4622,0.08568739891052246,0.9879875183105469,0.029649900272488594
,,,,,,,,,4623,0.08555269241333008,0.9877052307128906,0.03238197788596153
,,,,,,,,,4624,0.08560872077941895,0.9893684387207031,0.02491891011595726
,,,,,,,,,4625,0.08577442169189453,0.9904804229736328,0.02463916502892971
,,,,,,,,,4626,0.08772993087768555,0.9871120452880859,0.03112899698317051
,,,,,,,,,4627,0.08588266372680664,0.9907302856445312,0.02182704210281372
,,,,,,,,,4628,0.08557367324829102,0.9890422821044922,0.027669399976730347
,,,,,,,,,4629,0.0857400894165039,0.9909496307373047,0.024013042449951172
,,,,,,,,,4630,0.08565902709960938,0.9863185882568359,0.03517666459083557
,,,,,,,,,4631,0.09052300453186035,0.9859981536865234,0.035232577472925186
,,,,,,,,,4632,0.08555841445922852,0.993133544921875,0.017929069697856903
,,,,,,,,,4633,0.08840298652648926,0.9922351837158203,0.019577525556087494
,,,,,,,,,4634,0.08565282821655273,0.9913063049316406,0.02515745721757412
,,,,,,,,,4635,0.08577942848205566,0.9905376434326172,0.026317700743675232
,,,,,,,,,4636,0.08561372756958008,0.9859371185302734,0.035364605486392975
,,,,,,,,,4637,0.08809947967529297,0.9881134033203125,0.030416369438171387
,,,,,,,,,4638,0.0862734317779541,0.9822864532470703,0.04483022168278694
,,,,,,,,,4639,0.08564257621765137,0.9761123657226562,0.06085319072008133
,,,,,,,,,4640,0.08792448043823242,0.9815444946289062,0.04411133751273155
,,,,,,,,,4641,0.09027457237243652,0.9881038665771484,0.029485762119293213
,,,,,,,,,4642,0.08687186241149902,0.9841594696044922,0.03933984786272049
,,,,,,,,,4643,0.08558988571166992,0.986968994140625,0.031342703849077225
,,,,,,,,,4644,0.08565044403076172,0.9865798950195312,0.03193008527159691
,,,,,,,,,4645,0.08633661270141602,0.9851055145263672,0.03775172308087349
,,,,,,,,,4646,0.08560967445373535,0.9891853332519531,0.027896923944354057
,,,,,,,,,4647,0.08954167366027832,0.9905471801757812,0.026749705895781517
,,,,,,,,,4648,0.0854637622833252,0.9862327575683594,0.03716140612959862
,,,,,,,,,4649,0.0855855941772461,0.9908027648925781,0.02618403732776642
,,,,,,,,,4650,0.08559155464172363,0.9915313720703125,0.02690994367003441
,,,,,,,,,4651,0.09054732322692871,0.987579345703125,0.03287500888109207
,,,,,,,,,4652,0.08561229705810547,0.9891109466552734,0.029921021312475204
,,,,,,,,,4653,0.08572030067443848,0.9910602569580078,0.02330072969198227
,,,,,,,,,4654,0.08815932273864746,0.991180419921875,0.023645944893360138
,,,,,,,,,4655,0.0859673023223877,0.9865703582763672,0.03537566959857941
,,,,,,,,,4656,0.08569478988647461,0.9830093383789062,0.04271852225065231
,,,,,,,,,4657,0.08794808387756348,0.9882106781005859,0.030028149485588074
,,,,,,,,,4658,0.0859065055847168,0.9811363220214844,0.04828999936580658
,,,,,,,,,4659,0.08567595481872559,0.9822673797607422,0.045337360352277756
,,,,,,,,,4660,0.08580374717712402,0.9906368255615234,0.0246624406427145
,,,,,,,,,4661,0.09286928176879883,0.9863872528076172,0.032963383942842484
,,,,,,,,,4662,0.08561158180236816,0.988739013671875,0.02901342138648033
,,,,,,,,,4663,0.08560299873352051,0.9781703948974609,0.05408312752842903
,,,,,,,,,4664,0.08557701110839844,0.9902992248535156,0.023889360949397087
,,,,,,,,,4665,0.0853128433227539,0.9868297576904297,0.03509135544300079
,,,,,,,,,4666,0.0855720043182373,0.9804821014404297,0.04918654263019562
,,,,,,,,,4667,0.08806014060974121,0.9859790802001953,0.0341918058693409
,,,,,,,,,4668,0.08829474449157715,0.9869384765625,0.03150614723563194
,,,,,,,,,4669,0.08583235740661621,0.9863624572753906,0.03366624191403389
,,,,,,,,,4670,0.08623027801513672,0.9899940490722656,0.025861384347081184
,,,,,,,,,4671,0.09000015258789062,0.9848289489746094,0.03755481168627739
,,,,,,,,,4672,0.08596253395080566,0.9852886199951172,0.043556731194257736
,,,,,,,,,4673,0.0856330394744873,0.9828453063964844,0.040313586592674255
,,,,,,,,,4674,0.08634710311889648,0.9931983947753906,0.01876119151711464
,,,,,,,,,4675,0.08760762214660645,0.9906711578369141,0.023406904190778732
,,,,,,,,,4676,0.08588624000549316,0.9860725402832031,0.03419911488890648
,,,,,,,,,4677,0.08572721481323242,0.9830837249755859,0.03886038064956665
,,,,,,,,,4678,0.08591961860656738,0.9876956939697266,0.02989191934466362
,,,,,,,,,4679,0.08639740943908691,0.9859638214111328,0.03498237580060959
,,,,,,,,,4680,0.08554887771606445,0.9838638305664062,0.04094622656702995
,,,,,,,,,4681,0.09031391143798828,0.987457275390625,0.030191756784915924
,,,,,,,,,4682,0.08738565444946289,0.9883995056152344,0.027575692161917686
,,,,,,,,,4683,0.08577418327331543,0.9904117584228516,0.023890791460871696
,,,,,,,,,4684,0.08813166618347168,0.9856414794921875,0.03688973933458328
,,,,,,,,,4685,0.08559775352478027,0.9899463653564453,0.026363622397184372
,,,,,,,,,4686,0.08578038215637207,0.9879894256591797,0.028882959857583046
,,,,,,,,,4687,0.0856325626373291,0.9823055267333984,0.046828631311655045
,,,,,,,,,4688,0.08561968803405762,0.9819355010986328,0.0446048341691494
,,,,,,,,,4689,0.08907246589660645,0.9863224029541016,0.03400041162967682
,,,,,,,,,4690,0.08581686019897461,0.9742031097412109,0.062237806618213654
,,,,,,,,,4691,0.0906822681427002,0.9879131317138672,0.03651312738656998
,,,,,,,,,4692,0.08551359176635742,0.9879417419433594,0.029475918039679527
,,,,,,,,,4693,0.08551144599914551,0.9878463745117188,0.02960260957479477
,,,,,,,,,4694,0.08855843544006348,0.9859466552734375,0.03410591930150986
,,,,,,,,,4695,0.08554744720458984,0.991241455078125,0.022314775735139847
,,,,,,,,,4696,0.0887601375579834,0.9909210205078125,0.0231134332716465
,,,,,,,,,4697,0.08576512336730957,0.9861793518066406,0.03357025235891342
,,,,,,,,,4698,0.08555793762207031,0.9885578155517578,0.028664402663707733
,,,,,,,,,4699,0.08794879913330078,0.9907608032226562,0.024082837626338005
,,,,,,,,,4700,0.0857701301574707,0.9885673522949219,0.03048783540725708
,,,,,,,,,4701,0.09024953842163086,0.9911155700683594,0.024205530062317848
,,,,,,,,,4702,0.08568215370178223,0.9832706451416016,0.042602475732564926
,,,,,,,,,4703,0.08742594718933105,0.9857902526855469,0.03352610766887665
,,,,,,,,,4704,0.08807110786437988,0.9857063293457031,0.03664002567529678
,,,,,,,,,4705,0.08559131622314453,0.9926586151123047,0.019313214346766472
,,,,,,,,,4706,0.08597445487976074,0.985015869140625,0.037500977516174316
,,,,,,,,,4707,0.08553552627563477,0.9892749786376953,0.027858994901180267
,,,,,,,,,4708,0.0863194465637207,0.9915733337402344,0.02242055907845497
,,,,,,,,,4709,0.08799481391906738,0.9877262115478516,0.03365465998649597
,,,,,,,,,4710,0.08713173866271973,0.9833221435546875,0.04222109168767929
,,,,,,,,,4711,0.09056806564331055,0.9915256500244141,0.02181074395775795
,,,,,,,,,4712,0.08556342124938965,0.99212646484375,0.02098037116229534
,,,,,,,,,4713,0.08586311340332031,0.9892387390136719,0.02847670391201973
,,,,,,,,,4714,0.08749532699584961,0.9912662506103516,0.023073580116033554
,,,,,,,,,4715,0.08582401275634766,0.9910430908203125,0.02380538173019886
,,,,,,,,,4716,0.0856316089630127,0.9786052703857422,0.04984378069639206
,,,,,,,,,4717,0.08839774131774902,0.9857063293457031,0.03383411467075348
,,,,,,,,,4718,0.08561944961547852,0.9902858734130859,0.02531731128692627
,,,,,,,,,4719,0.08579778671264648,0.9894351959228516,0.026393398642539978
,,,,,,,,,4720,0.08579349517822266,0.9913673400878906,0.021934840828180313
,,,,,,,,,4721,0.08984041213989258,0.9906120300292969,0.023328449577093124
,,,,,,,,,4722,0.08590936660766602,0.9850196838378906,0.037079982459545135
,,,,,,,,,4723,0.08561205863952637,0.9811153411865234,0.0449502170085907
,,,,,,,,,4724,0.08833813667297363,0.9883899688720703,0.02764086239039898
,,,,,,,,,4725,0.0857851505279541,0.9890403747558594,0.027742739766836166
,,,,,,,,,4726,0.08790469169616699,0.9917850494384766,0.021095747128129005
,,,,,,,,,4727,0.08575797080993652,0.9897937774658203,0.026011668145656586
,,,,,,,,,4728,0.08554935455322266,0.9911556243896484,0.02195148542523384
,,,,,,,,,4729,0.0856180191040039,0.9829158782958984,0.03987320140004158
,,,,,,,,,4730,0.08553171157836914,0.9900760650634766,0.02610996551811695
,,,,,,,,,4731,0.0933067798614502,0.9875774383544922,0.028868364170193672
,,,,,,,,,4732,0.08581304550170898,0.9866142272949219,0.0301978662610054
,,,,,,,,,4733,0.08545827865600586,0.9912128448486328,0.02166312001645565
,,,,,,,,,4734,0.0858621597290039,0.9869403839111328,0.03173118084669113
,,,,,,,,,4735,0.08589005470275879,0.9893131256103516,0.027720073238015175
,,,,,,,,,4736,0.08804655075073242,0.9863567352294922,0.032230302691459656
,,,,,,,,,4737,0.08595776557922363,0.9913692474365234,0.02247888594865799
,,,,,,,,,4738,0.08857607841491699,0.9861030578613281,0.03382997587323189
,,,,,,,,,4739,0.085723876953125,0.9890918731689453,0.026213591918349266
,,,,,,,,,4740,0.08561444282531738,0.9824638366699219,0.0437253937125206
,,,,,,,,,4741,0.09023356437683105,0.9884834289550781,0.02898922562599182
,,,,,,,,,4742,0.08539676666259766,0.9899120330810547,0.024398650974035263
,,,,,,,,,4743,0.0855717658996582,0.9896736145019531,0.025222815573215485
,,,,,,,,,4744,0.08572030067443848,0.9883556365966797,0.02929302491247654
,,,,,,,,,4745,0.08793377876281738,0.9839763641357422,0.039370905607938766
,,,,,,,,,4746,0.08795523643493652,0.9890918731689453,0.028436550870537758
,,,,,,,,,4747,0.08559441566467285,0.9825019836425781,0.042130619287490845
,,,,,,,,,4748,0.08555293083190918,0.9907627105712891,0.024056971073150635
,,,,,,,,,4749,0.08563709259033203,0.9869365692138672,0.02953297644853592
,,,,,,,,,4750,0.08545398712158203,0.9887924194335938,0.028545193374156952
,,,,,,,,,4751,0.0908517837524414,0.9895038604736328,0.02658071741461754
,,,,,,,,,4752,0.08912110328674316,0.9898357391357422,0.02473377250134945
,,,,,,,,,4753,0.08586573600769043,0.9889869689941406,0.028271159157156944
,,,,,,,,,4754,0.08563423156738281,0.9889125823974609,0.027765171602368355
,,,,,,,,,4755,0.08560037612915039,0.9869003295898438,0.03267863020300865
,,,,,,,,,4756,0.08767008781433105,0.9894180297851562,0.02670137770473957
,,,,,,,,,4757,0.08555316925048828,0.9848918914794922,0.038968492299318314
,,,,,,,,,4758,0.08576560020446777,0.9760971069335938,0.060528818517923355
,,,,,,,,,4759,0.08803701400756836,0.9912071228027344,0.022982869297266006
,,,,,,,,,4760,0.08551526069641113,0.9852409362792969,0.03603139519691467
,,,,,,,,,4761,0.09109854698181152,0.9871959686279297,0.030615579336881638
,,,,,,,,,4762,0.08558440208435059,0.9875431060791016,0.030818253755569458
,,,,,,,,,4763,0.08578658103942871,0.9855403900146484,0.03481662645936012
,,,,,,,,,4764,0.08569455146789551,0.9849090576171875,0.03522375971078873
,,,,,,,,,4765,0.08550000190734863,0.9822883605957031,0.04782430827617645
,,,,,,,,,4766,0.0889284610748291,0.9865341186523438,0.03206458315253258
,,,,,,,,,4767,0.08563852310180664,0.9805965423583984,0.0480683371424675
,,,,,,,,,4768,0.08624601364135742,0.9869060516357422,0.03380436450242996
,,,,,,,,,4769,0.08578681945800781,0.98419189453125,0.036202821880578995
,,,,,,,,,4770,0.0856621265411377,0.9880828857421875,0.03160344809293747
,,,,,,,,,4771,0.09041762351989746,0.9907379150390625,0.024848412722349167
,,,,,,,,,4772,0.0856623649597168,0.9944324493408203,0.017113342881202698
,,,,,,,,,4773,0.08741617202758789,0.9886493682861328,0.02782268449664116
,,,,,,,,,4774,0.0857231616973877,0.9925155639648438,0.019538946449756622
,,,,,,,,,4775,0.08566451072692871,0.9860992431640625,0.040138233453035355
,,,,,,,,,4776,0.08544421195983887,0.9927234649658203,0.01833336055278778
,,,,,,,,,4777,0.0854489803314209,0.9874057769775391,0.03350753337144852
,,,,,,,,,4778,0.0882265567779541,0.9912834167480469,0.023531198501586914
,,,,,,,,,4779,0.08582162857055664,0.9900588989257812,0.026066672056913376
,,,,,,,,,4780,0.0880734920501709,0.9912109375,0.023217318579554558
,,,,,,,,,4781,0.09038925170898438,0.9924163818359375,0.021573200821876526
,,,,,,,,,4782,0.08597683906555176,0.9870491027832031,0.03136475011706352
,,,,,,,,,4783,0.08553051948547363,0.9874248504638672,0.030771058052778244
,,,,,,,,,4784,0.08607769012451172,0.9903945922851562,0.024324754253029823
,,,,,,,,,4785,0.0856173038482666,0.9885005950927734,0.029339373111724854
,,,,,,,,,4786,0.08563899993896484,0.9883708953857422,0.02761712484061718
,,,,,,,,,4787,0.08772730827331543,0.9874172210693359,0.030275162309408188
,,,,,,,,,4788,0.08765268325805664,0.9817466735839844,0.044229958206415176
,,,,,,,,,4789,0.08568382263183594,0.9857082366943359,0.03631957992911339
,,,,,,,,,4790,0.08687710762023926,0.9910678863525391,0.02349315956234932
,,,,,,,,,4791,0.09066486358642578,0.9889411926269531,0.02730729803442955
,,,,,,,,,4792,0.08556079864501953,0.9906501770019531,0.02382691763341427
,,,,,,,,,4793,0.08577132225036621,0.989959716796875,0.02403937093913555
,,,,,,,,,4794,0.09701204299926758,0.9920139312744141,0.0217954870313406
,,,,,,,,,4795,0.09668660163879395,0.9856586456298828,0.03668486326932907
,,,,,,,,,4796,0.09712004661560059,0.9870738983154297,0.02983870916068554
,,,,,,,,,4797,0.08605647087097168,0.9830951690673828,0.04421909898519516
,,,,,,,,,4798,0.08556652069091797,0.9892654418945312,0.026691554114222527
,,,,,,,,,4799,0.0856926441192627,0.9850807189941406,0.03570385277271271
,,,,,,,,,4800,0.08795332908630371,0.98284912109375,0.04062514007091522
,,,,,,,,,4801,0.09020543098449707,0.9875087738037109,0.030784649774432182
,,,,,,,,,4802,0.08562946319580078,0.9896717071533203,0.026728829368948936
,,,,,,,,,4803,0.08848452568054199,0.9925975799560547,0.020891735330224037
,,,,,,,,,4804,0.08585381507873535,0.9892082214355469,0.026170650497078896
,,,,,,,,,4805,0.08758687973022461,0.9888076782226562,0.02835460752248764
,,,,,,,,,4806,0.08577156066894531,0.989501953125,0.02737073414027691
,,,,,,,,,4807,0.08593297004699707,0.978118896484375,0.05312073230743408
,,,,,,,,,4808,0.08558797836303711,0.9909610748291016,0.024207597598433495
,,,,,,,,,4809,0.08563852310180664,0.9919700622558594,0.021160490810871124
,,,,,,,,,4810,0.09038567543029785,0.9881134033203125,0.029423002153635025
,,,,,,,,,4811,0.09076428413391113,0.9812660217285156,0.045363832265138626
,,,,,,,,,4812,0.08576536178588867,0.9850540161132812,0.03476043790578842
,,,,,,,,,4813,0.08569073677062988,0.9882106781005859,0.030176891013979912
,,,,,,,,,4814,0.08554840087890625,0.9850368499755859,0.035964205861091614
,,,,,,,,,4815,0.08794665336608887,0.9890975952148438,0.029167598113417625
,,,,,,,,,4816,0.08556389808654785,0.9742221832275391,0.066904716193676
,,,,,,,,,4817,0.08823919296264648,0.9861812591552734,0.03585381060838699
,,,,,,,,,4818,0.08567404747009277,0.9908123016357422,0.025521714240312576
,,,,,,,,,4819,0.08579206466674805,0.9905776977539062,0.025100024417042732
,,,,,,,,,4820,0.08577609062194824,0.9900608062744141,0.02420690469443798
,,,,,,,,,4821,0.09038233757019043,0.9916954040527344,0.024028988555073738
,,,,,,,,,4822,0.0855722427368164,0.9878635406494141,0.029314924031496048
,,,,,,,,,4823,0.08557510375976562,0.9909019470214844,0.02397274412214756
,,,,,,,,,4824,0.08855652809143066,0.9905338287353516,0.026952795684337616
,,,,,,,,,4825,0.08556962013244629,0.9782028198242188,0.055043429136276245
,,,,,,,,,4826,0.0855710506439209,0.9934425354003906,0.017179805785417557
,,,,,,,,,4827,0.08605074882507324,0.9859409332275391,0.036671869456768036
,,,,,,,,,4828,0.08552026748657227,0.987762451171875,0.030346907675266266
,,,,,,,,,4829,0.08594512939453125,0.9846420288085938,0.03643301501870155
,,,,,,,,,4830,0.08882522583007812,0.9910449981689453,0.022649580612778664
,,,,,,,,,4831,0.09077000617980957,0.9886589050292969,0.02823719009757042
,,,,,,,,,4832,0.08571600914001465,0.9822120666503906,0.0446627140045166
,,,,,,,,,4833,0.08695030212402344,0.9855728149414062,0.03783467411994934
,,,,,,,,,4834,0.08559274673461914,0.990142822265625,0.025933971628546715
,,,,,,,,,4835,0.08559823036193848,0.9909343719482422,0.02186013013124466
,,,,,,,,,4836,0.08559370040893555,0.9892559051513672,0.027906665578484535
,,,,,,,,,4837,0.08817601203918457,0.9836673736572266,0.03904741629958153
,,,,,,,,,4838,0.08745026588439941,0.9903697967529297,0.024775905534625053
,,,,,,,,,4839,0.08555102348327637,0.9877281188964844,0.03226213902235031
,,,,,,,,,4840,0.08626842498779297,0.9892711639404297,0.02851901203393936
,,,,,,,,,4841,0.09050798416137695,0.9865913391113281,0.03335186839103699
,,,,,,,,,4842,0.08580923080444336,0.9805831909179688,0.045927274972200394
,,,,,,,,,4843,0.08558487892150879,0.9890708923339844,0.026682782918214798
,,,,,,,,,4844,0.08579063415527344,0.9886493682861328,0.026817884296178818
,,,,,,,,,4845,0.08731460571289062,0.9873561859130859,0.03198167681694031
,,,,,,,,,4846,0.08569025993347168,0.982818603515625,0.04503966122865677
,,,,,,,,,4847,0.08854031562805176,0.9828929901123047,0.044742781668901443
,,,,,,,,,4848,0.08556151390075684,0.9874114990234375,0.032605692744255066
,,,,,,,,,4849,0.08572101593017578,0.9861431121826172,0.0356891043484211
,,,,,,,,,4850,0.08548569679260254,0.9894466400146484,0.03087323158979416
,,,,,,,,,4851,0.09024500846862793,0.9912338256835938,0.022936157882213593
,,,,,,,,,4852,0.08806228637695312,0.9899501800537109,0.02568732015788555
,,,,,,,,,4853,0.08583545684814453,0.9914531707763672,0.021937914192676544
,,,,,,,,,4854,0.08728241920471191,0.9917068481445312,0.021648278459906578
,,,,,,,,,4855,0.08557319641113281,0.9866085052490234,0.033000193536281586
,,,,,,,,,4856,0.0857689380645752,0.9817752838134766,0.04577095806598663
,,,,,,,,,4857,0.08558869361877441,0.9913864135742188,0.022039853036403656
,,,,,,,,,4858,0.08578372001647949,0.9879493713378906,0.03008340857923031
,,,,,,,,,4859,0.08743143081665039,0.9917201995849609,0.022454235702753067
,,,,,,,,,4860,0.0859067440032959,0.99072265625,0.025803828611969948
,,,,,,,,,4861,0.09092831611633301,0.9856281280517578,0.0351538211107254
,,,,,,,,,4862,0.08628606796264648,0.9921665191650391,0.021584028378129005
,,,,,,,,,4863,0.0858161449432373,0.9852867126464844,0.035955846309661865
,,,,,,,,,4864,0.08870434761047363,0.9938201904296875,0.016447799280285835
,,,,,,,,,4865,0.0945887565612793,0.9850959777832031,0.033460911363363266
,,,,,,,,,4866,0.08891725540161133,0.9860801696777344,0.03327440097928047
,,,,,,,,,4867,0.08797740936279297,0.9937095642089844,0.017964493483304977
,,,,,,,,,4868,0.0911409854888916,0.9920005798339844,0.02136804535984993
,,,,,,,,,4869,0.09054398536682129,0.9914455413818359,0.021489091217517853
,,,,,,,,,4870,0.08880138397216797,0.9872112274169922,0.032737668603658676
,,,,,,,,,4871,0.09655642509460449,0.989166259765625,0.02973315678536892
,,,,,,,,,4872,0.0855112075805664,0.9833335876464844,0.04276582598686218
,,,,,,,,,4873,0.08553552627563477,0.9759979248046875,0.059079915285110474
,,,,,,,,,4874,0.08559751510620117,0.9872570037841797,0.03163493052124977
,,,,,,,,,4875,0.08718395233154297,0.9890213012695312,0.02765335515141487
,,,,,,,,,4876,0.08630681037902832,0.9892978668212891,0.027649201452732086
,,,,,,,,,4877,0.08677864074707031,0.9911975860595703,0.02196371927857399
,,,,,,,,,4878,0.08571720123291016,0.9810066223144531,0.0441194549202919
,,,,,,,,,4879,0.08565354347229004,0.9880485534667969,0.0311659574508667
,,,,,,,,,4880,0.08542561531066895,0.9858169555664062,0.03835145756602287
,,,,,,,,,4881,0.09066057205200195,0.9894580841064453,0.02575467713177204
,,,,,,,,,4882,0.08681297302246094,0.987152099609375,0.029706131666898727
,,,,,,,,,4883,0.08558773994445801,0.9722251892089844,0.06404589116573334
,,,,,,,,,4884,0.0860753059387207,0.9928226470947266,0.020766885951161385
,,,,,,,,,4885,0.08554673194885254,0.9904251098632812,0.025694064795970917
,,,,,,,,,4886,0.08845758438110352,0.9886341094970703,0.02894553169608116
,,,,,,,,,4887,0.08564400672912598,0.9907379150390625,0.02420932799577713
,,,,,,,,,4888,0.0856175422668457,0.9907093048095703,0.02537957951426506
,,,,,,,,,4889,0.0867915153503418,0.9903392791748047,0.0243531446903944
,,,,,,,,,4890,0.08562397956848145,0.9869461059570312,0.03522394970059395
,,,,,,,,,4891,0.09093093872070312,0.9782238006591797,0.05783390253782272
,,,,,,,,,4892,0.08579611778259277,0.9700908660888672,0.06940948218107224
,,,,,,,,,4893,0.08559298515319824,0.9844322204589844,0.03802844136953354
,,,,,,,,,4894,0.08545184135437012,0.9884796142578125,0.0288867074996233
,,,,,,,,,4895,0.08590078353881836,0.9869670867919922,0.03336280956864357
,,,,,,,,,4896,0.0897977352142334,0.9858341217041016,0.03242945298552513
,,,,,,,,,4897,0.08572173118591309,0.9911308288574219,0.02508930303156376
,,,,,,,,,4898,0.08671140670776367,0.9895515441894531,0.026411449536681175
,,,,,,,,,4899,0.08575940132141113,0.9841766357421875,0.03464705869555473
,,,,,,,,,4900,0.08555865287780762,0.9888820648193359,0.026711052283644676
,,,,,,,,,4901,0.09034967422485352,0.9861583709716797,0.035353098064661026
,,,,,,,,,4902,0.08582234382629395,0.9875755310058594,0.028354212641716003
,,,,,,,,,4903,0.08826708793640137,0.9876327514648438,0.031101299449801445
,,,,,,,,,4904,0.08550024032592773,0.9903583526611328,0.024503720924258232
,,,,,,,,,4905,0.08612346649169922,0.989959716796875,0.025786664336919785
,,,,,,,,,4906,0.08789706230163574,0.9916458129882812,0.021872907876968384
,,,,,,,,,4907,0.08586287498474121,0.9912891387939453,0.02313379757106304
,,,,,,,,,4908,0.08565330505371094,0.982635498046875,0.03886072710156441
,,,,,,,,,4909,0.08562302589416504,0.9902553558349609,0.026088541373610497
,,,,,,,,,4910,0.08741617202758789,0.9909114837646484,0.023498399183154106
,,,,,,,,,4911,0.09018945693969727,0.9877796173095703,0.031227832660079002
,,,,,,,,,4912,0.0861663818359375,0.9867458343505859,0.032144129276275635
,,,,,,,,,4913,0.0856633186340332,0.9913959503173828,0.022874338552355766
,,,,,,,,,4914,0.08572053909301758,0.990753173828125,0.023583801463246346
,,,,,,,,,4915,0.0856163501739502,0.9815959930419922,0.04764268174767494
,,,,,,,,,4916,0.08581686019897461,0.9913730621337891,0.021984508261084557
,,,,,,,,,4917,0.08782458305358887,0.9860954284667969,0.03702130913734436
,,,,,,,,,4918,0.08552670478820801,0.9867210388183594,0.031746476888656616
,,,,,,,,,4919,0.08594489097595215,0.9896221160888672,0.02786272019147873
,,,,,,,,,4920,0.08546972274780273,0.9894447326660156,0.026545651257038116
,,,,,,,,,4921,0.09018373489379883,0.9836158752441406,0.04164910316467285
,,,,,,,,,4922,0.08578848838806152,0.9890766143798828,0.026381855830550194
,,,,,,,,,4923,0.08596038818359375,0.9884376525878906,0.030918793752789497
,,,,,,,,,4924,0.08787870407104492,0.9902019500732422,0.02462339773774147
,,,,,,,,,4925,0.08583664894104004,0.9842433929443359,0.038595180958509445
,,,,,,,,,4926,0.08584141731262207,0.9917430877685547,0.022846028208732605
,,,,,,,,,4927,0.08574891090393066,0.9867076873779297,0.03324044123291969
,,,,,,,,,4928,0.08576631546020508,0.98406982421875,0.04033496230840683
,,,,,,,,,4929,0.08556342124938965,0.9879627227783203,0.0301132220774889
,,,,,,,,,4930,0.08553481101989746,0.9930381774902344,0.018783949315547943
,,,,,,,,,4931,0.08885049819946289,0.9815750122070312,0.04886322095990181
,,,,,,,,,4932,0.08580994606018066,0.9884185791015625,0.02733609452843666
,,,,,,,,,4933,0.08582782745361328,0.9735622406005859,0.06005026400089264
,,,,,,,,,4934,0.08583641052246094,0.9854850769042969,0.034235045313835144
,,,,,,,,,4935,0.08600544929504395,0.9879837036132812,0.032033368945121765
,,,,,,,,,4936,0.08547067642211914,0.9754295349121094,0.05588367208838463
,,,,,,,,,4937,0.08579587936401367,0.9856185913085938,0.037383995950222015
,,,,,,,,,4938,0.09003162384033203,0.9907817840576172,0.02457725815474987
,,,,,,,,,4939,0.08558225631713867,0.9898433685302734,0.026013869792222977
,,,,,,,,,4940,0.0858604907989502,0.9873466491699219,0.029242560267448425
,,,,,,,,,4941,0.09056806564331055,0.9866008758544922,0.03353753685951233
,,,,,,,,,4942,0.08583641052246094,0.9885063171386719,0.029389793053269386
,,,,,,,,,4943,0.08553624153137207,0.9860897064208984,0.034586746245622635
,,,,,,,,,4944,0.08595728874206543,0.9880752563476562,0.032370373606681824
,,,,,,,,,4945,0.0878458023071289,0.9822959899902344,0.04388309642672539
,,,,,,,,,4946,0.0859823226928711,0.9888286590576172,0.02764873206615448
,,,,,,,,,4947,0.08669519424438477,0.9873104095458984,0.03066517412662506
,,,,,,,,,4948,0.0875711441040039,0.9923744201660156,0.021090451627969742
,,,,,,,,,4949,0.08583879470825195,0.9929790496826172,0.018033722415566444
,,,,,,,,,4950,0.08557438850402832,0.9840030670166016,0.04005448892712593
,,,,,,,,,4951,0.09059643745422363,0.9956245422363281,0.013715675100684166
,,,,,,,,,4952,0.08723950386047363,0.9866771697998047,0.033575598150491714
,,,,,,,,,4953,0.08545732498168945,0.9821567535400391,0.044128842651844025
,,,,,,,,,4954,0.08606362342834473,0.9868717193603516,0.031983617693185806
,,,,,,,,,4955,0.085662841796875,0.9875984191894531,0.029353395104408264
,,,,,,,,,4956,0.08555293083190918,0.9869441986083984,0.029960351064801216
,,,,,,,,,4957,0.08557653427124023,0.9897632598876953,0.026000238955020905
,,,,,,,,,4958,0.08902788162231445,0.9826984405517578,0.04259428381919861
,,,,,,,,,4959,0.08732891082763672,0.9836196899414062,0.040502626448869705
,,,,,,,,,4960,0.0856623649597168,0.9920864105224609,0.02088351733982563
,,,,,,,,,4961,0.09057283401489258,0.9855289459228516,0.03844863176345825
,,,,,,,,,4962,0.08554744720458984,0.9914169311523438,0.023355334997177124
,,,,,,,,,4963,0.08570599555969238,0.9887981414794922,0.02874114364385605
,,,,,,,,,4964,0.08553361892700195,0.9893360137939453,0.029592208564281464
,,,,,,,,,4965,0.08565163612365723,0.9814605712890625,0.04809918627142906
,,,,,,,,,4966,0.08807039260864258,0.9848155975341797,0.0397467240691185
,,,,,,,,,4967,0.08571791648864746,0.9895515441894531,0.02490650676190853
,,,,,,,,,4968,0.08596658706665039,0.9894351959228516,0.026963096112012863
,,,,,,,,,4969,0.08577585220336914,0.9898624420166016,0.024567581713199615
,,,,,,,,,4970,0.08551502227783203,0.9846076965332031,0.037243183702230453
,,,,,,,,,4971,0.09061622619628906,0.9913673400878906,0.02346658520400524
,,,,,,,,,4972,0.08553957939147949,0.9812679290771484,0.04577230289578438
,,,,,,,,,4973,0.08807945251464844,0.9906520843505859,0.02329321950674057
,,,,,,,,,4974,0.08583950996398926,0.9890079498291016,0.027432577684521675
,,,,,,,,,4975,0.08619856834411621,0.9823150634765625,0.045474618673324585
,,,,,,,,,4976,0.08601903915405273,0.9924106597900391,0.020944129675626755
,,,,,,,,,4977,0.08558368682861328,0.9919624328613281,0.021257657557725906
,,,,,,,,,4978,0.08555436134338379,0.9841804504394531,0.04051646217703819
,,,,,,,,,4979,0.08588933944702148,0.9906177520751953,0.024684026837348938
,,,,,,,,,4980,0.08811354637145996,0.9930496215820312,0.017530497163534164
,,,,,,,,,4981,0.09008288383483887,0.9881858825683594,0.028729788959026337
,,,,,,,,,4982,0.08577466011047363,0.9859046936035156,0.03636648878455162
,,,,,,,,,4983,0.08549880981445312,0.9889259338378906,0.0283348485827446
,,,,,,,,,4984,0.08810997009277344,0.9897174835205078,0.027284206822514534
,,,,,,,,,4985,0.08783149719238281,0.9900455474853516,0.026767658069729805
,,,,,,,,,4986,0.08578228950500488,0.9892959594726562,0.02655668556690216
,,,,,,,,,4987,0.08822846412658691,0.9847469329833984,0.03764466941356659
,,,,,,,,,4988,0.08571434020996094,0.9909744262695312,0.02312622219324112
,,,,,,,,,4989,0.08533358573913574,0.9884109497070312,0.027281736955046654
,,,,,,,,,4990,0.08787012100219727,0.9845600128173828,0.0394279882311821
,,,,,,,,,4991,0.09026241302490234,0.9862174987792969,0.03463134169578552
,,,,,,,,,4992,0.08554720878601074,0.9858512878417969,0.03545338660478592
,,,,,,,,,4993,0.0856173038482666,0.9843845367431641,0.03833872824907303
,,,,,,,,,4994,0.08823418617248535,0.9798526763916016,0.05083072558045387
,,,,,,,,,4995,0.08800864219665527,0.9911346435546875,0.022836308926343918
,,,,,,,,,4996,0.08608412742614746,0.9857578277587891,0.03455599024891853
,,,,,,,,,4997,0.08587026596069336,0.9881782531738281,0.02829127386212349
,,,,,,,,,4998,0.0861663818359375,0.9808902740478516,0.04837418720126152
,,,,,,,,,4999,0.08571577072143555,0.9842548370361328,0.03897026926279068
0.6600815048477509,689370,86599,0.49262810181059236,0.9875331957988533,0.8969082842173808,0.5221965774644959,60713427,753420,5000,0.08808493614196777,0.9914474487304688,0.02308741956949234
