selection_rank,tile_name,selection_category,already_downloaded,size_bytes,size_gb,download_url,new_positive_polygon_count,positive_polygon_count,high_confidence_polygon_count,moderate_confidence_polygon_count,positive_intersection_m2,new_positive_intersection_m2,min_distance_to_existing_train_km,probe_accepted_patches_2m,probe_positive_patches_2m,probe_negative_patches_2m,probe_retained_polygon_count_2m,static_score,selection_reason,bbox_west,bbox_south,bbox_east,bbox_north
1,USGS_LPC_OR_WesternWildfires_A22_s05160w14070.laz,positive_diversity,True,176515682,0.176516,https://rockyweb.usgs.gov/vdelivery/Datasets/Staged/Elevation/LPC/Projects/OR_WesternWildfires_A22/OR_WWildfires_2_A22/LAZ/USGS_LPC_OR_WesternWildfires_A22_s05160w14070.laz,0,1,5,7,431031.391,0.0,0.0,100,76,21,9,40.5,positive_diversity; additional_new_polygons=0; selected_spatial_novelty_km=999.00; downloaded=yes,-123.6104186184,45.5684969837,-123.5982700568,45.5770290956
2,USGS_LPC_OR_WesternWildfires_A22_s05310w14160.laz,positive_diversity,True,258883787,0.258884,https://rockyweb.usgs.gov/vdelivery/Datasets/Staged/Elevation/LPC/Projects/OR_WesternWildfires_A22/OR_WWildfires_2_A22/LAZ/USGS_LPC_OR_WesternWildfires_A22_s05310w14160.laz,0,1,5,1,378707.005,0.0,4.86,100,81,12,6,39.3596,positive_diversity; additional_new_polygons=0; selected_spatial_novelty_km=5.33; downloaded=yes,-123.5531910639,45.5947039286,-123.5410448359,45.6032303943
5,USGS_LPC_OR_WesternWildfires_A22_s05310w14190.laz,positive_diversity,True,256960804,0.256961,https://rockyweb.usgs.gov/vdelivery/Datasets/Staged/Elevation/LPC/Projects/OR_WesternWildfires_A22/OR_WWildfires_2_A22/LAZ/USGS_LPC_OR_WesternWildfires_A22_s05310w14190.laz,0,1,3,1,430352.674,0.0,5.272,100,84,16,2,31.7723,positive_diversity; additional_new_polygons=0; selected_spatial_novelty_km=0.91; downloaded=yes,-123.5536268672,45.6029251217,-123.5414788466,45.6114515879
4,USGS_LPC_OR_WesternWildfires_A22_s05310w14100.laz,positive_diversity,True,134672603,0.134673,https://rockyweb.usgs.gov/vdelivery/Datasets/Staged/Elevation/LPC/Projects/OR_WesternWildfires_A22/OR_WWildfires_2_A22/LAZ/USGS_LPC_OR_WesternWildfires_A22_s05310w14100.laz,0,1,2,3,312876.581,0.0,4.502,100,66,34,3,31.5016,positive_diversity; additional_new_polygons=0; selected_spatial_novelty_km=1.83; downloaded=yes,-123.5523198302,45.5782614186,-123.5401771857,45.5867878827
61,USGS_LPC_OR_WesternWildfires_A22_s05310w14520.laz,hard_negative,True,217778127,0.217778,https://rockyweb.usgs.gov/vdelivery/Datasets/Staged/Elevation/LPC/Projects/OR_WesternWildfires_A22/OR_WWildfires_2_A22/LAZ/USGS_LPC_OR_WesternWildfires_A22_s05310w14520.laz,0,0,0,0,0.0,0.0,6.393,100,0,100,0,29.3932,hard_negative; additional_new_polygons=0; selected_spatial_novelty_km=10.05; downloaded=yes,-123.5584289235,45.6933554681,-123.54626115,45.7018819295
62,USGS_LPC_OR_WesternWildfires_A22_s05310w13800.laz,hard_negative,True,203939964,0.20394,https://rockyweb.usgs.gov/vdelivery/Datasets/Staged/Elevation/LPC/Projects/OR_WesternWildfires_A22/OR_WWildfires_2_A22/LAZ/USGS_LPC_OR_WesternWildfires_A22_s05310w13800.laz,0,0,0,0,0.0,0.0,5.801,100,0,100,0,28.8012,hard_negative; additional_new_polygons=0; selected_spatial_novelty_km=4.66; downloaded=yes,-123.5479711061,45.4960464369,-123.5358463475,45.5045728828
8,USGS_LPC_OR_WesternWildfires_A22_s05280w14190.laz,positive_diversity,True,213071990,0.213072,https://rockyweb.usgs.gov/vdelivery/Datasets/Staged/Elevation/LPC/Projects/OR_WesternWildfires_A22/OR_WWildfires_2_A22/LAZ/USGS_LPC_OR_WesternWildfires_A22_s05280w14190.laz,0,1,0,4,422595.427,0.0,4.517,100,70,26,4,28.5169,positive_diversity; additional_new_polygons=0; selected_spatial_novelty_km=0.91; downloaded=yes,-123.5653406329,45.6026186734,-123.5531910679,45.6111462704
3,USGS_LPC_OR_WesternWildfires_A22_s04410w13980.laz,positive_diversity,False,137817005,0.137817,https://rockyweb.usgs.gov/vdelivery/Datasets/Staged/Elevation/LPC/Projects/OR_WesternWildfires_A22/OR_WWildfires_2_A22/LAZ/USGS_LPC_OR_WesternWildfires_A22_s04410w13980.laz,0,1,4,6,61406.255,0.0,7.706,,,,,25.7058,positive_diversity; additional_new_polygons=0; selected_spatial_novelty_km=23.02; downloaded=no,-123.9015856432,45.5356817251,-123.8894041437,45.5442419954
10,USGS_LPC_OR_WesternWildfires_A22_s05220w14040.laz,positive_diversity,False,166036314,0.166036,https://rockyweb.usgs.gov/vdelivery/Datasets/Staged/Elevation/LPC/Projects/OR_WesternWildfires_A22/OR_WWildfires_2_A22/LAZ/USGS_LPC_OR_WesternWildfires_A22_s05220w14040.laz,0,1,4,10,262508.311,0.0,1.827,,,,,23.8267,positive_diversity; additional_new_polygons=0; selected_spatial_novelty_km=2.04; downloaded=no,-123.5865650008,45.5608965171,-123.5744213125,45.5694263682
12,USGS_LPC_OR_WesternWildfires_A22_s05160w14040.laz,positive_diversity,False,195360572,0.195361,https://rockyweb.usgs.gov/vdelivery/Datasets/Staged/Elevation/LPC/Projects/OR_WesternWildfires_A22/OR_WWildfires_2_A22/LAZ/USGS_LPC_OR_WesternWildfires_A22_s05160w14040.laz,0,1,5,9,311169.316,0.0,0.0,,,,,23.5,positive_diversity; additional_new_polygons=0; selected_spatial_novelty_km=0.91; downloaded=no,-123.6099749788,45.560275839,-123.5978282098,45.5688079488
7,USGS_LPC_OR_WesternWildfires_A22_s04860w13710.laz,positive_diversity,False,216487368,0.216487,https://rockyweb.usgs.gov/vdelivery/Datasets/Staged/Elevation/LPC/Projects/OR_WesternWildfires_A22/OR_WWildfires_2_A22/LAZ/USGS_LPC_OR_WesternWildfires_A22_s04860w13710.laz,0,1,4,6,147221.42,0.0,5.271,,,,,23.2708,positive_diversity; additional_new_polygons=0; selected_spatial_novelty_km=9.84; downloaded=no,-123.7219625315,45.4666717049,-123.7098201195,45.475215047
13,USGS_LPC_OR_WesternWildfires_A22_s05190w14070.laz,positive_diversity,False,178739708,0.17874,https://rockyweb.usgs.gov/vdelivery/Datasets/Staged/Elevation/LPC/Projects/OR_WesternWildfires_A22/OR_WWildfires_2_A22/LAZ/USGS_LPC_OR_WesternWildfires_A22_s05190w14070.laz,0,1,6,5,156909.401,0.0,0.879,,,,,22.8788,positive_diversity; additional_new_polygons=0; selected_spatial_novelty_km=0.91; downloaded=no,-123.5987120258,45.5688079516,-123.5865650048,45.577338934
16,USGS_LPC_OR_WesternWildfires_A22_s05220w14070.laz,positive_diversity,False,124805762,0.124806,https://rockyweb.usgs.gov/vdelivery/Datasets/Staged/Elevation/LPC/Projects/OR_WesternWildfires_A22/OR_WWildfires_2_A22/LAZ/USGS_LPC_OR_WesternWildfires_A22_s05220w14070.laz,0,1,5,6,90835.951,0.0,1.792,,,,,22.2922,positive_diversity; additional_new_polygons=0; selected_spatial_novelty_km=0.91; downloaded=no,-123.5870053072,45.5691177474,-123.5748598273,45.5776476002
6,USGS_LPC_OR_WesternWildfires_A22_s05160w13590.laz,positive_diversity,True,174189063,0.174189,https://rockyweb.usgs.gov/vdelivery/Datasets/Staged/Elevation/LPC/Projects/OR_WesternWildfires_A22/OR_WWildfires_2_A22/LAZ/USGS_LPC_OR_WesternWildfires_A22_s05160w13590.laz,0,1,1,1,335320.858,0.0,0.845,93,67,24,2,21.785,positive_diversity; additional_new_polygons=0; selected_spatial_novelty_km=14.62; downloaded=yes,-123.6033355323,45.4369538839,-123.5912155882,45.4454859435
18,USGS_LPC_OR_WesternWildfires_A22_s05250w14040.laz,positive_diversity,False,149915480,0.149915,https://rockyweb.usgs.gov/vdelivery/Datasets/Staged/Elevation/LPC/Projects/OR_WesternWildfires_A22/OR_WWildfires_2_A22/LAZ/USGS_LPC_OR_WesternWildfires_A22_s05250w14040.laz,0,1,6,2,178251.447,0.0,2.74,,,,,21.7401,positive_diversity; additional_new_polygons=0; selected_spatial_novelty_km=0.91; downloaded=no,-123.5748598232,45.5612050983,-123.5627176761,45.5697338198
21,USGS_LPC_OR_WesternWildfires_A22_s04890w13680.laz,positive_diversity,False,197435896,0.197436,https://rockyweb.usgs.gov/vdelivery/Datasets/Staged/Elevation/LPC/Projects/OR_WesternWildfires_A22/OR_WWildfires_2_A22/LAZ/USGS_LPC_OR_WesternWildfires_A22_s04890w13680.laz,0,1,5,1,210268.821,0.0,5.123,,,,,20.623,positive_diversity; additional_new_polygons=0; selected_spatial_novelty_km=1.29; downloaded=no,-123.7098201155,45.4587726304,-123.6976810237,45.4673148414
15,USGS_LPC_OR_WesternWildfires_A22_s04470w14100.laz,positive_diversity,False,123310355,0.12331,https://rockyweb.usgs.gov/vdelivery/Datasets/Staged/Elevation/LPC/Projects/OR_WesternWildfires_A22/OR_WWildfires_2_A22/LAZ/USGS_LPC_OR_WesternWildfires_A22_s04470w14100.laz,0,1,3,3,105992.886,0.0,8.153,,,,,20.5,positive_diversity; additional_new_polygons=0; selected_spatial_novelty_km=2.74; downloaded=no,-123.8801164585,45.5692413413,-123.8679308081,45.5777993851
9,USGS_LPC_OR_WesternWildfires_A22_s04470w14190.laz,positive_diversity,False,132418689,0.132419,https://rockyweb.usgs.gov/vdelivery/Datasets/Staged/Elevation/LPC/Projects/OR_WesternWildfires_A22/OR_WWildfires_2_A22/LAZ/USGS_LPC_OR_WesternWildfires_A22_s04470w14190.laz,0,1,3,5,57848.202,0.0,5.761,,,,,20.2606,positive_diversity; additional_new_polygons=0; selected_spatial_novelty_km=6.65; downloaded=no,-123.8815635595,45.593901315,-123.8693724979,45.602459374
24,USGS_LPC_OR_WesternWildfires_A22_s04410w14010.laz,positive_diversity,False,182199066,0.182199,https://rockyweb.usgs.gov/vdelivery/Datasets/Staged/Elevation/LPC/Projects/OR_WesternWildfires_A22/OR_WWildfires_2_A22/LAZ/USGS_LPC_OR_WesternWildfires_A22_s04410w14010.laz,0,1,2,5,164371.852,0.0,8.373,,,,,20.0,positive_diversity; additional_new_polygons=0; selected_spatial_novelty_km=0.91; downloaded=no,-123.9020706515,45.5439018278,-123.8898873501,45.5524621042
25,USGS_LPC_OR_WesternWildfires_A22_s04500w14100.laz,positive_diversity,False,183928244,0.183928,https://rockyweb.usgs.gov/vdelivery/Datasets/Staged/Elevation/LPC/Projects/OR_WesternWildfires_A22/OR_WWildfires_2_A22/LAZ/USGS_LPC_OR_WesternWildfires_A22_s04500w14100.laz,0,1,3,3,119902.731,0.0,7.239,,,,,19.7388,positive_diversity; additional_new_polygons=0; selected_spatial_novelty_km=0.91; downloaded=no,-123.8684112302,45.5695793088,-123.8562271086,45.5781362271
20,USGS_LPC_OR_WesternWildfires_A22_s04830w13620.laz,positive_diversity,False,173438704,0.173439,https://rockyweb.usgs.gov/vdelivery/Datasets/Staged/Elevation/LPC/Projects/OR_WesternWildfires_A22/OR_WWildfires_2_A22/LAZ/USGS_LPC_OR_WesternWildfires_A22_s04830w13620.laz,0,1,3,3,101237.509,0.0,6.554,,,,,19.054,positive_diversity; additional_new_polygons=0; selected_spatial_novelty_km=2.89; downloaded=no,-123.7322669653,45.4416848439,-123.7201283943,45.4502292939
23,USGS_LPC_OR_WesternWildfires_A22_s04440w14040.laz,positive_diversity,False,175239106,0.175239,https://rockyweb.usgs.gov/vdelivery/Datasets/Staged/Elevation/LPC/Projects/OR_WesternWildfires_A22/OR_WWildfires_2_A22/LAZ/USGS_LPC_OR_WesternWildfires_A22_s04440w14040.laz,0,1,2,4,15954.137,0.0,8.562,,,,,19.0,positive_diversity; additional_new_polygons=0; selected_spatial_novelty_km=2.04; downloaded=no,-123.890854172,45.5524621071,-123.8786705989,45.5610212647
28,USGS_LPC_OR_WesternWildfires_A22_s04800w13650.laz,positive_diversity,False,161166153,0.161166,https://rockyweb.usgs.gov/vdelivery/Datasets/Staged/Elevation/LPC/Projects/OR_WesternWildfires_A22/OR_WWildfires_2_A22/LAZ/USGS_LPC_OR_WesternWildfires_A22_s04800w13650.laz,0,1,1,9,121691.524,0.0,5.295,,,,,18.7954,positive_diversity; additional_new_polygons=0; selected_spatial_novelty_km=1.29; downloaded=no,-123.7444088584,45.4495816561,-123.7322669693,45.4581272372
22,USGS_LPC_OR_WesternWildfires_A22_s04500w13980.laz,positive_diversity,False,185085024,0.185085,https://rockyweb.usgs.gov/vdelivery/Datasets/Staged/Elevation/LPC/Projects/OR_WesternWildfires_A22/OR_WWildfires_2_A22/LAZ/USGS_LPC_OR_WesternWildfires_A22_s04500w13980.laz,0,1,3,3,82024.828,0.0,6.067,,,,,18.5669,positive_diversity; additional_new_polygons=0; selected_spatial_novelty_km=2.74; downloaded=no,-123.8664903468,45.5366985823,-123.8543134309,45.5452554786
19,USGS_LPC_OR_WesternWildfires_A22_s04980w13770.laz,positive_diversity,False,138202051,0.138202,https://rockyweb.usgs.gov/vdelivery/Datasets/Staged/Elevation/LPC/Projects/OR_WesternWildfires_A22/OR_WWildfires_2_A22/LAZ/USGS_LPC_OR_WesternWildfires_A22_s04980w13770.laz,0,1,6,0,126488.965,0.0,1.246,,,,,18.246,positive_diversity; additional_new_polygons=0; selected_spatial_novelty_km=4.09; downloaded=no,-123.6761249365,45.4843959097,-123.6639850696,45.4929347572
31,USGS_LPC_OR_WesternWildfires_A22_s05190w14040.laz,positive_diversity,False,187142780,0.187143,https://rockyweb.usgs.gov/vdelivery/Datasets/Staged/Elevation/LPC/Projects/OR_WesternWildfires_A22/OR_WWildfires_2_A22/LAZ/USGS_LPC_OR_WesternWildfires_A22_s05190w14040.laz,0,1,2,10,93828.945,0.0,0.913,,,,,17.9134,positive_diversity; additional_new_polygons=0; selected_spatial_novelty_km=0.91; downloaded=no,-123.5982700528,45.560586764,-123.5861248239,45.5691177446
27,USGS_LPC_OR_WesternWildfires_A22_s04920w13590.laz,positive_diversity,False,62771035,0.062771,https://rockyweb.usgs.gov/vdelivery/Datasets/Staged/Elevation/LPC/Projects/OR_WesternWildfires_A22/OR_WWildfires_2_A22/LAZ/USGS_LPC_OR_WesternWildfires_A22_s04920w13590.laz,0,1,4,1,125324.253,0.0,4.877,,,,,17.8771,positive_diversity; additional_new_polygons=0; selected_spatial_novelty_km=2.64; downloaded=no,-123.6967708466,45.4392018212,-123.6849017251,45.4429705881
30,USGS_LPC_OR_WesternWildfires_A22_s04500w14220.laz,positive_diversity,False,168411016,0.168411,https://rockyweb.usgs.gov/vdelivery/Datasets/Staged/Elevation/LPC/Projects/OR_WesternWildfires_A22/OR_WWildfires_2_A22/LAZ/USGS_LPC_OR_WesternWildfires_A22_s04500w14220.laz,0,1,2,6,187296.085,0.0,4.65,,,,,17.6496,positive_diversity; additional_new_polygons=0; selected_spatial_novelty_km=1.29; downloaded=no,-123.8703343058,45.6024593769,-123.8581429698,45.6110163146
32,USGS_LPC_OR_WesternWildfires_A22_s05280w14100.laz,positive_diversity,False,157271433,0.157271,https://rockyweb.usgs.gov/vdelivery/Datasets/Staged/Elevation/LPC/Projects/OR_WesternWildfires_A22/OR_WWildfires_2_A22/LAZ/USGS_LPC_OR_WesternWildfires_A22_s05280w14100.laz,0,1,2,7,113658.741,0.0,3.587,,,,,17.5875,positive_diversity; additional_new_polygons=0; selected_spatial_novelty_km=0.91; downloaded=no,-123.5640285914,45.577955097,-123.5518844038,45.5864826913
33,USGS_LPC_OR_WesternWildfires_A22_s04890w13650.laz,positive_diversity,False,175865391,0.175865,https://rockyweb.usgs.gov/vdelivery/Datasets/Staged/Elevation/LPC/Projects/OR_WesternWildfires_A22/OR_WWildfires_2_A22/LAZ/USGS_LPC_OR_WesternWildfires_A22_s04890w13650.laz,0,1,4,0,83470.567,0.0,5.414,,,,,17.4141,positive_diversity; additional_new_polygons=0; selected_spatial_novelty_km=0.91; downloaded=no,-123.7093631748,45.4505513626,-123.6972258724,45.459093568
63,USGS_LPC_OR_WesternWildfires_A22_s04410w13920.laz,hard_negative,True,5849429,0.005849,https://rockyweb.usgs.gov/vdelivery/Datasets/Staged/Elevation/LPC/Projects/OR_WesternWildfires_A22/OR_WWildfires_2_A22/LAZ/USGS_LPC_OR_WesternWildfires_A22_s04410w13920.laz,0,0,0,0,0.0,0.0,7.038,,,,,17.0378,hard_negative; additional_new_polygons=0; selected_spatial_novelty_km=1.42; downloaded=yes,-123.8990917076,45.5266615109,-123.8888714568,45.5278016559
14,USGS_LPC_OR_WesternWildfires_A22_s04590w13860.laz,positive_diversity,False,118479661,0.11848,https://rockyweb.usgs.gov/vdelivery/Datasets/Staged/Elevation/LPC/Projects/OR_WesternWildfires_A22/OR_WWildfires_2_A22/LAZ/USGS_LPC_OR_WesternWildfires_A22_s04590w13860.laz,0,1,4,3,25675.181,0.0,1.754,,,,,16.7544,positive_diversity; additional_new_polygons=0; selected_spatial_novelty_km=6.59; downloaded=no,-123.8294950868,45.5048229705,-123.8173299478,45.5133764685
29,USGS_LPC_OR_WesternWildfires_A22_s04500w14280.laz,positive_diversity,False,85365433,0.085365,https://rockyweb.usgs.gov/vdelivery/Datasets/Staged/Elevation/LPC/Projects/OR_WesternWildfires_A22/OR_WWildfires_2_A22/LAZ/USGS_LPC_OR_WesternWildfires_A22_s04500w14280.laz,0,1,3,4,62970.402,0.0,3.025,,,,,16.525,positive_diversity; additional_new_polygons=0; selected_spatial_novelty_km=2.81; downloaded=no,-123.8712126856,45.6188991608,-123.8591017205,45.6260219884
34,USGS_LPC_OR_WesternWildfires_A22_s04530w13950.laz,positive_diversity,False,186359196,0.186359,https://rockyweb.usgs.gov/vdelivery/Datasets/Staged/Elevation/LPC/Projects/OR_WesternWildfires_A22/OR_WWildfires_2_A22/LAZ/USGS_LPC_OR_WesternWildfires_A22_s04530w13950.laz,0,1,3,2,130672.483,0.0,4.855,,,,,16.3549,positive_diversity; additional_new_polygons=0; selected_spatial_novelty_km=1.29; downloaded=no,-123.8543134268,45.5288148627,-123.8421398383,45.5373706283
35,USGS_LPC_OR_WesternWildfires_A22_s04800w13620.laz,positive_diversity,False,188244194,0.188244,https://rockyweb.usgs.gov/vdelivery/Datasets/Staged/Elevation/LPC/Projects/OR_WesternWildfires_A22/OR_WWildfires_2_A22/LAZ/USGS_LPC_OR_WesternWildfires_A22_s04800w13620.laz,0,1,1,6,33361.84,0.0,5.81,,,,,16.3101,positive_diversity; additional_new_polygons=0; selected_spatial_novelty_km=0.91; downloaded=no,-123.7439470697,45.4413604835,-123.7318069708,45.4499060584
36,USGS_LPC_OR_WesternWildfires_A22_s04500w14130.laz,positive_diversity,False,174462218,0.174462,https://rockyweb.usgs.gov/vdelivery/Datasets/Staged/Elevation/LPC/Projects/OR_WesternWildfires_A22/OR_WWildfires_2_A22/LAZ/USGS_LPC_OR_WesternWildfires_A22_s04500w14130.laz,0,1,2,2,39924.866,0.0,7.269,,,,,16.2692,positive_diversity; additional_new_polygons=0; selected_spatial_novelty_km=0.91; downloaded=no,-123.8688917935,45.5777993879,-123.856705869,45.5863563114
38,USGS_LPC_OR_WesternWildfires_A22_s04860w13620.laz,positive_diversity,False,148656902,0.148657,https://rockyweb.usgs.gov/vdelivery/Datasets/Staged/Elevation/LPC/Projects/OR_WesternWildfires_A22/OR_WWildfires_2_A22/LAZ/USGS_LPC_OR_WesternWildfires_A22_s04860w13620.laz,0,1,3,0,136735.343,0.0,6.394,,,,,15.8942,positive_diversity; additional_new_polygons=0; selected_spatial_novelty_km=0.91; downloaded=no,-123.7205867299,45.4420080349,-123.7084496875,45.4505513598
37,USGS_LPC_OR_WesternWildfires_A22_s05250w14130.laz,positive_diversity,False,137443876,0.137444,https://rockyweb.usgs.gov/vdelivery/Datasets/Staged/Elevation/LPC/Projects/OR_WesternWildfires_A22/OR_WWildfires_2_A22/LAZ/USGS_LPC_OR_WesternWildfires_A22_s05250w14130.laz,0,1,2,6,206527.535,0.0,2.826,,,,,15.8261,positive_diversity; additional_new_polygons=0; selected_spatial_novelty_km=1.29; downloaded=no,-123.5761761179,45.5858687941,-123.5640285954,45.5943975197
40,USGS_LPC_OR_WesternWildfires_A22_s05220w14010.laz,positive_diversity,False,163364399,0.163364,https://rockyweb.usgs.gov/vdelivery/Datasets/Staged/Elevation/LPC/Projects/OR_WesternWildfires_A22/OR_WWildfires_2_A22/LAZ/USGS_LPC_OR_WesternWildfires_A22_s05220w14010.laz,0,1,3,4,145633.174,0.0,2.016,,,,,15.5163,positive_diversity; additional_new_polygons=0; selected_spatial_novelty_km=0.91; downloaded=no,-123.5861248199,45.5526752462,-123.5739829228,45.5612050954
44,USGS_LPC_OR_WesternWildfires_A22_s04860w13650.laz,positive_diversity,False,205273427,0.205273,https://rockyweb.usgs.gov/vdelivery/Datasets/Staged/Elevation/LPC/Projects/OR_WesternWildfires_A22/OR_WWildfires_2_A22/LAZ/USGS_LPC_OR_WesternWildfires_A22_s04860w13650.laz,0,1,2,2,52241.379,0.0,6.328,,,,,15.3281,positive_diversity; additional_new_polygons=0; selected_spatial_novelty_km=0.91; downloaded=no,-123.7210452,45.4502292968,-123.7089063682,45.4587726276
45,USGS_LPC_OR_WesternWildfires_A22_s05250w14070.laz,positive_diversity,False,165979369,0.165979,https://rockyweb.usgs.gov/vdelivery/Datasets/Staged/Elevation/LPC/Projects/OR_WesternWildfires_A22/OR_WWildfires_2_A22/LAZ/USGS_LPC_OR_WesternWildfires_A22_s05250w14070.laz,0,1,3,3,60089.746,0.0,2.706,,,,,15.2056,positive_diversity; additional_new_polygons=0; selected_spatial_novelty_km=0.91; downloaded=no,-123.575298463,45.5694263711,-123.5631545246,45.5779550941
39,USGS_LPC_OR_WesternWildfires_A22_s04560w13920.laz,positive_diversity,False,131162455,0.131162,https://rockyweb.usgs.gov/vdelivery/Datasets/Staged/Elevation/LPC/Projects/OR_WesternWildfires_A22/OR_WWildfires_2_A22/LAZ/USGS_LPC_OR_WesternWildfires_A22_s04560w13920.laz,0,1,3,2,114614.656,0.0,3.698,,,,,15.1979,positive_diversity; additional_new_polygons=0; selected_spatial_novelty_km=1.29; downloaded=no,-123.8421398342,45.5209298393,-123.8299695722,45.5294844741
46,USGS_LPC_OR_WesternWildfires_A22_s04470w14160.laz,positive_diversity,False,132001372,0.132001,https://rockyweb.usgs.gov/vdelivery/Datasets/Staged/Elevation/LPC/Projects/OR_WesternWildfires_A22/OR_WWildfires_2_A22/LAZ/USGS_LPC_OR_WesternWildfires_A22_s04470w14160.laz,0,1,1,4,17812.195,0.0,6.637,,,,,15.1371,positive_diversity; additional_new_polygons=0; selected_spatial_novelty_km=0.91; downloaded=no,-123.8810810549,45.5856813653,-123.8688917975,45.5942394193
47,USGS_LPC_OR_WesternWildfires_A22_s05280w14070.laz,positive_diversity,False,222394020,0.222394,https://rockyweb.usgs.gov/vdelivery/Datasets/Staged/Elevation/LPC/Projects/OR_WesternWildfires_A22/OR_WWildfires_2_A22/LAZ/USGS_LPC_OR_WesternWildfires_A22_s05280w14070.laz,0,1,1,7,55729.932,0.0,3.619,,,,,15.119,positive_diversity; additional_new_polygons=0; selected_spatial_novelty_km=0.91; downloaded=no,-123.5635914937,45.5697338226,-123.5514490975,45.5782614157
48,USGS_LPC_OR_WesternWildfires_A22_s04830w13590.laz,positive_diversity,False,135428208,0.135428,https://rockyweb.usgs.gov/vdelivery/Datasets/Staged/Elevation/LPC/Projects/OR_WesternWildfires_A22/OR_WWildfires_2_A22/LAZ/USGS_LPC_OR_WesternWildfires_A22_s04830w13590.laz,0,1,1,4,127573.955,0.0,6.554,,,,,15.0542,positive_diversity; additional_new_polygons=0; selected_spatial_novelty_km=0.91; downloaded=no,-123.7318069668,45.4334635882,-123.7196701851,45.442008032
49,USGS_LPC_OR_WesternWildfires_A22_s04830w13710.laz,positive_diversity,False,164184221,0.164184,https://rockyweb.usgs.gov/vdelivery/Datasets/Staged/Elevation/LPC/Projects/OR_WesternWildfires_A22/OR_WWildfires_2_A22/LAZ/USGS_LPC_OR_WesternWildfires_A22_s04830w13710.laz,0,1,1,5,86978.616,0.0,5.552,,,,,15.0515,positive_diversity; additional_new_polygons=0; selected_spatial_novelty_km=0.91; downloaded=no,-123.7336477463,45.4663483803,-123.7215038045,45.474892848
50,USGS_LPC_OR_WesternWildfires_A22_s04380w13980.laz,positive_diversity,False,19931967,0.019932,https://rockyweb.usgs.gov/vdelivery/Datasets/Staged/Elevation/LPC/Projects/OR_WesternWildfires_A22/OR_WWildfires_2_A22/LAZ/USGS_LPC_OR_WesternWildfires_A22_s04380w13980.laz,0,1,2,0,11521.981,0.0,8.387,,,,,15.0,positive_diversity; additional_new_polygons=0; selected_spatial_novelty_km=0.81; downloaded=no,-123.9106659036,45.5354169099,-123.9011007733,45.543901825
51,USGS_LPC_OR_WesternWildfires_A22_s04860w13740.laz,positive_diversity,False,163423242,0.163423,https://rockyweb.usgs.gov/vdelivery/Datasets/Staged/Elevation/LPC/Projects/OR_WesternWildfires_A22/OR_WWildfires_2_A22/LAZ/USGS_LPC_OR_WesternWildfires_A22_s04860w13740.laz,0,1,2,3,27333.517,0.0,4.858,,,,,14.8578,positive_diversity; additional_new_polygons=0; selected_spatial_novelty_km=0.91; downloaded=no,-123.7224213932,45.4748928508,-123.7102771903,45.4834361983
52,USGS_LPC_OR_WesternWildfires_A22_s04980w13800.laz,positive_diversity,False,146971187,0.146971,https://rockyweb.usgs.gov/vdelivery/Datasets/Staged/Elevation/LPC/Projects/OR_WesternWildfires_A22/OR_WWildfires_2_A22/LAZ/USGS_LPC_OR_WesternWildfires_A22_s04980w13800.laz,0,1,4,2,135477.144,0.0,0.844,,,,,14.8438,positive_diversity; additional_new_polygons=0; selected_spatial_novelty_km=0.91; downloaded=no,-123.6765774122,45.4926171541,-123.664435755,45.501156006
53,USGS_LPC_OR_WesternWildfires_A22_s04500w14070.laz,positive_diversity,False,168080886,0.168081,https://rockyweb.usgs.gov/vdelivery/Datasets/Staged/Elevation/LPC/Projects/OR_WesternWildfires_A22/OR_WWildfires_2_A22/LAZ/USGS_LPC_OR_WesternWildfires_A22_s04500w14070.laz,0,1,1,3,30570.836,0.0,7.297,,,,,14.7967,positive_diversity; additional_new_polygons=0; selected_spatial_novelty_km=0.91; downloaded=no,-123.867930804,45.5613591884,-123.8557484846,45.5699161015
26,USGS_LPC_OR_WesternWildfires_A22_s05160w13830.laz,positive_diversity,False,179547370,0.179547,https://rockyweb.usgs.gov/vdelivery/Datasets/Staged/Elevation/LPC/Projects/OR_WesternWildfires_A22/OR_WWildfires_2_A22/LAZ/USGS_LPC_OR_WesternWildfires_A22_s05160w13830.laz,0,1,2,6,141679.328,0.0,1.792,,,,,14.792,positive_diversity; additional_new_polygons=0; selected_spatial_novelty_km=5.78; downloaded=no,-123.6068730403,45.5027266966,-123.5947388043,45.5112587876
55,USGS_LPC_OR_WesternWildfires_A22_s04890w13590.laz,positive_diversity,False,63153110,0.063153,https://rockyweb.usgs.gov/vdelivery/Datasets/Staged/Elevation/LPC/Projects/OR_WesternWildfires_A22/OR_WWildfires_2_A22/LAZ/USGS_LPC_OR_WesternWildfires_A22_s04890w13590.laz,0,1,2,2,121423.192,0.0,5.739,,,,,14.7392,positive_diversity; additional_new_polygons=0; selected_spatial_novelty_km=0.92; downloaded=no,-123.7084496795,45.4400009809,-123.6966419681,45.4426509056
56,USGS_LPC_OR_WesternWildfires_A22_s04470w14250.laz,positive_diversity,False,15014612,0.015015,https://rockyweb.usgs.gov/vdelivery/Datasets/Staged/Elevation/LPC/Projects/OR_WesternWildfires_A22/OR_WWildfires_2_A22/LAZ/USGS_LPC_OR_WesternWildfires_A22_s04470w14250.laz,0,1,1,6,37290.437,0.0,4.058,,,,,14.5576,positive_diversity; additional_new_polygons=0; selected_spatial_novelty_km=1.04; downloaded=no,-123.8748068339,45.6105641823,-123.8703343101,45.6188991577
57,USGS_LPC_OR_WesternWildfires_A22_s04440w14070.laz,positive_diversity,False,141106286,0.141106,https://rockyweb.usgs.gov/vdelivery/Datasets/Staged/Elevation/LPC/Projects/OR_WesternWildfires_A22/OR_WWildfires_2_A22/LAZ/USGS_LPC_OR_WesternWildfires_A22_s04440w14070.laz,0,1,1,2,3417.79,0.0,9.113,,,,,14.5,positive_diversity; additional_new_polygons=0; selected_spatial_novelty_km=0.91; downloaded=no,-123.8913377917,45.5606821751,-123.8791524161,45.5692413385
11,USGS_LPC_OR_WesternWildfires_A22_s04710w13410.laz,positive_diversity,False,141018934,0.141019,https://rockyweb.usgs.gov/vdelivery/Datasets/Staged/Elevation/LPC/Projects/OR_WesternWildfires_A22/OR_WWildfires_2_A22/LAZ/USGS_LPC_OR_WesternWildfires_A22_s04710w13410.laz,0,1,3,5,44583.873,0.0,0.0,,,,,14.5,positive_diversity; additional_new_polygons=0; selected_spatial_novelty_km=10.22; downloaded=no,-123.7757229451,45.3828320588,-123.7635907906,45.391380956
42,USGS_LPC_OR_WesternWildfires_A22_s05130w13980.laz,positive_diversity,False,155324392,0.155324,https://rockyweb.usgs.gov/vdelivery/Datasets/Staged/Elevation/LPC/Projects/OR_WesternWildfires_A22/OR_WWildfires_2_A22/LAZ/USGS_LPC_OR_WesternWildfires_A22_s05130w13980.laz,0,1,3,3,59011.578,0.0,1.792,,,,,14.2921,positive_diversity; additional_new_polygons=0; selected_spatial_novelty_km=2.04; downloaded=no,-123.6207895471,45.5435214167,-123.6086448229,45.5520546507
59,USGS_LPC_OR_WesternWildfires_A22_s05250w14100.laz,positive_diversity,False,164063096,0.164063,https://rockyweb.usgs.gov/vdelivery/Datasets/Staged/Elevation/LPC/Projects/OR_WesternWildfires_A22/OR_WWildfires_2_A22/LAZ/USGS_LPC_OR_WesternWildfires_A22_s05250w14100.laz,0,1,1,7,57980.588,0.0,2.673,,,,,14.1733,positive_diversity; additional_new_polygons=0; selected_spatial_novelty_km=0.91; downloaded=no,-123.5757372279,45.5776476031,-123.5635914977,45.5861763275
60,USGS_LPC_OR_WesternWildfires_A22_s04860w13590.laz,positive_diversity,False,89785348,0.089785,https://rockyweb.usgs.gov/vdelivery/Datasets/Staged/Elevation/LPC/Projects/OR_WesternWildfires_A22/OR_WWildfires_2_A22/LAZ/USGS_LPC_OR_WesternWildfires_A22_s04860w13590.laz,0,1,1,3,46280.664,0.0,6.588,,,,,14.0876,positive_diversity; additional_new_polygons=0; selected_spatial_novelty_km=0.91; downloaded=no,-123.7201283903,45.4337867347,-123.7079931366,45.4423300535
58,USGS_LPC_OR_WesternWildfires_A22_s05130w13560.laz,positive_diversity,False,132014949,0.132015,https://rockyweb.usgs.gov/vdelivery/Datasets/Staged/Elevation/LPC/Projects/OR_WesternWildfires_A22/OR_WWildfires_2_A22/LAZ/USGS_LPC_OR_WesternWildfires_A22_s05130w13560.laz,0,1,4,2,363065.719,0.0,0.0,,,,,14.0,positive_diversity; additional_new_polygons=0; selected_spatial_novelty_km=1.29; downloaded=no,-123.6145721101,45.4284206996,-123.6024524171,45.4369538811
,USGS_LPC_OR_WesternWildfires_A22_s04470w14220.laz,positive_diversity,False,69364938,0.069365,https://rockyweb.usgs.gov/vdelivery/Datasets/Staged/Elevation/LPC/Projects/OR_WesternWildfires_A22/OR_WWildfires_2_A22/LAZ/USGS_LPC_OR_WesternWildfires_A22_s04470w14220.laz,0,1,2,2,51564.9,0.0,4.898,,,,,13.8978,,-123.8781928236,45.6022326103,-123.8698533353,45.6106792869
,USGS_LPC_OR_WesternWildfires_A22_s05160w13800.laz,positive_diversity,False,159906486,0.159906,https://rockyweb.usgs.gov/vdelivery/Datasets/Staged/Elevation/LPC/Projects/OR_WesternWildfires_A22/OR_WWildfires_2_A22/LAZ/USGS_LPC_OR_WesternWildfires_A22_s05160w13800.laz,0,1,2,5,209863.813,0.0,1.827,,,,,13.8268,,-123.606430411,45.4945052313,-123.5942979633,45.503037319
54,USGS_LPC_OR_WesternWildfires_A22_s04470w13920.laz,positive_diversity,False,106613644,0.106614,https://rockyweb.usgs.gov/vdelivery/Datasets/Staged/Elevation/LPC/Projects/OR_WesternWildfires_A22/OR_WWildfires_2_A22/LAZ/USGS_LPC_OR_WesternWildfires_A22_s04470w13920.laz,0,1,1,4,10462.836,0.0,5.215,,,,,13.7152,positive_diversity; additional_new_polygons=0; selected_spatial_novelty_km=1.98; downloaded=no,-123.877225967,45.5211241934,-123.8651213567,45.5284782962
,USGS_LPC_OR_WesternWildfires_A22_s04380w14010.laz,positive_diversity,False,42661811,0.042662,https://rockyweb.usgs.gov/vdelivery/Datasets/Staged/Elevation/LPC/Projects/OR_WesternWildfires_A22/OR_WWildfires_2_A22/LAZ/USGS_LPC_OR_WesternWildfires_A22_s04380w14010.laz,0,1,1,1,54758.537,0.0,9.0,,,,,13.5,,-123.9129987354,45.5435830377,-123.9015856434,45.552121887
,USGS_LPC_OR_WesternWildfires_A22_s04470w14070.laz,positive_diversity,False,125499847,0.1255,https://rockyweb.usgs.gov/vdelivery/Datasets/Staged/Elevation/LPC/Projects/OR_WesternWildfires_A22/OR_WWildfires_2_A22/LAZ/USGS_LPC_OR_WesternWildfires_A22_s04470w14070.laz,0,1,1,1,14966.355,0.0,8.204,,,,,13.5,,-123.8796343666,45.5610212676,-123.8674505188,45.5695793059
43,USGS_LPC_OR_WesternWildfires_A22_s04590w13770.laz,positive_diversity,False,151108841,0.151109,https://rockyweb.usgs.gov/vdelivery/Datasets/Staged/Elevation/LPC/Projects/OR_WesternWildfires_A22/OR_WWildfires_2_A22/LAZ/USGS_LPC_OR_WesternWildfires_A22_s04590w13770.laz,0,1,3,4,30802.881,0.0,0.0,,,,,13.5,positive_diversity; additional_new_polygons=0; selected_spatial_novelty_km=2.74; downloaded=no,-123.8280724535,45.4801611064,-123.8159127032,45.4887145855
41,USGS_LPC_OR_WesternWildfires_A22_s05070w13800.laz,positive_diversity,False,272738445,0.272738,https://rockyweb.usgs.gov/vdelivery/Datasets/Staged/Elevation/LPC/Projects/OR_WesternWildfires_A22/OR_WWildfires_2_A22/LAZ/USGS_LPC_OR_WesternWildfires_A22_s05070w13800.laz,0,1,3,4,282350.922,0.0,0.0,,,,,13.5,positive_diversity; additional_new_polygons=0; selected_spatial_novelty_km=2.89; downloaded=no,-123.6415044891,45.4935664602,-123.6293674304,45.5021019309
,USGS_LPC_OR_WesternWildfires_A22_s04890w13620.laz,positive_diversity,False,230839498,0.230839,https://rockyweb.usgs.gov/vdelivery/Datasets/Staged/Elevation/LPC/Projects/OR_WesternWildfires_A22/OR_WWildfires_2_A22/LAZ/USGS_LPC_OR_WesternWildfires_A22_s04890w13620.laz,0,1,2,1,32605.795,0.0,5.491,,,,,13.4912,,-123.7089063641,45.4423300564,-123.6967708507,45.450872256
,USGS_LPC_OR_WesternWildfires_A22_s04830w13740.laz,positive_diversity,False,175332365,0.175332,https://rockyweb.usgs.gov/vdelivery/Datasets/Staged/Elevation/LPC/Projects/OR_WesternWildfires_A22/OR_WWildfires_2_A22/LAZ/USGS_LPC_OR_WesternWildfires_A22_s04830w13740.laz,0,1,2,1,21415.97,0.0,5.48,,,,,13.48,,-123.7341082687,45.4745694816,-123.7219625356,45.4831139549
,USGS_LPC_OR_WesternWildfires_A22_s04560w13800.laz,positive_diversity,False,164330943,0.164331,https://rockyweb.usgs.gov/vdelivery/Datasets/Staged/Elevation/LPC/Projects/OR_WesternWildfires_A22/OR_WWildfires_2_A22/LAZ/USGS_LPC_OR_WesternWildfires_A22_s04560w13800.laz,0,1,2,5,29986.164,0.0,0.913,,,,,12.9133,,-123.8402355299,45.4880477758,-123.8280724576,45.4966023858
,USGS_LPC_OR_WesternWildfires_A22_s04620w13860.laz,positive_diversity,False,197234036,0.197234,https://rockyweb.usgs.gov/vdelivery/Datasets/Staged/Elevation/LPC/Projects/OR_WesternWildfires_A22/OR_WWildfires_2_A22/LAZ/USGS_LPC_OR_WesternWildfires_A22_s04620w13860.laz,0,1,2,4,25464.828,0.0,1.79,,,,,12.7898,,-123.8178026277,45.5051558834,-123.8056390162,45.5137082565
,USGS_LPC_OR_WesternWildfires_A22_s04500w13950.laz,positive_diversity,False,174213005,0.174213,https://rockyweb.usgs.gov/vdelivery/Datasets/Staged/Elevation/LPC/Projects/OR_WesternWildfires_A22/OR_WWildfires_2_A22/LAZ/USGS_LPC_OR_WesternWildfires_A22_s04500w13950.laz,0,1,1,3,91814.868,0.0,5.268,,,,,12.7681,,-123.866010468,45.5284782991,-123.8538353522,45.5370351894
17,USGS_LPC_OR_WesternWildfires_A22_s04650w14520.laz,positive_diversity,False,152401251,0.152401,https://rockyweb.usgs.gov/vdelivery/Datasets/Staged/Elevation/LPC/Projects/OR_WesternWildfires_A22/OR_WWildfires_2_A22/LAZ/USGS_LPC_OR_WesternWildfires_A22_s04650w14520.laz,0,1,3,0,6485.366,0.0,3.258,,,,,12.7576,positive_diversity; additional_new_polygons=0; selected_spatial_novelty_km=11.45; downloaded=no,-123.8165065615,45.6863320823,-123.8043048334,45.6948834161
,USGS_LPC_OR_WesternWildfires_A22_s05190w13800.laz,positive_diversity,False,212554055,0.212554,https://rockyweb.usgs.gov/vdelivery/Datasets/Staged/Elevation/LPC/Projects/OR_WesternWildfires_A22/OR_WWildfires_2_A22/LAZ/USGS_LPC_OR_WesternWildfires_A22_s05190w13800.laz,0,1,2,3,54406.918,0.0,2.74,,,,,12.7402,,-123.5947388002,45.4948158137,-123.5826078893,45.5033467734
,USGS_LPC_OR_WesternWildfires_A22_s04410w14190.laz,positive_diversity,False,31672699,0.031673,https://rockyweb.usgs.gov/vdelivery/Datasets/Staged/Elevation/LPC/Projects/OR_WesternWildfires_A22/OR_WWildfires_2_A22/LAZ/USGS_LPC_OR_WesternWildfires_A22_s04410w14190.laz,0,1,0,4,11209.618,0.0,6.639,,,,,12.6388,,-123.898267472,45.5934154445,-123.8927894825,45.6008802925
,USGS_LPC_OR_WesternWildfires_A22_s04800w13590.laz,positive_diversity,False,91408923,0.091409,https://rockyweb.usgs.gov/vdelivery/Datasets/Staged/Elevation/LPC/Projects/OR_WesternWildfires_A22/OR_WWildfires_2_A22/LAZ/USGS_LPC_OR_WesternWildfires_A22_s04800w13590.laz,0,1,1,2,41963.003,0.0,6.103,,,,,12.6025,,-123.7434854125,45.4331392725,-123.7313471032,45.4416848411
,USGS_LPC_OR_WesternWildfires_A22_s04470w14130.laz,positive_diversity,False,120616531,0.120617,https://rockyweb.usgs.gov/vdelivery/Datasets/Staged/Elevation/LPC/Projects/OR_WesternWildfires_A22/OR_WWildfires_2_A22/LAZ/USGS_LPC_OR_WesternWildfires_A22_s04470w14130.laz,0,1,0,3,97167.295,0.0,7.523,,,,,12.5226,,-123.880598688,45.577461374,-123.8684112343,45.5860194229
,USGS_LPC_OR_WesternWildfires_A22_s05130w13860.laz,positive_diversity,False,275838389,0.275838,https://rockyweb.usgs.gov/vdelivery/Datasets/Staged/Elevation/LPC/Projects/OR_WesternWildfires_A22/OR_WWildfires_2_A22/LAZ/USGS_LPC_OR_WesternWildfires_A22_s05130w13860.laz,0,1,3,2,218718.653,0.0,0.845,,,,,12.3446,,-123.6190106062,45.5106362834,-123.6068730443,45.5191695057
,USGS_LPC_OR_WesternWildfires_A22_s05160w13950.laz,positive_diversity,False,177692525,0.177693,https://rockyweb.usgs.gov/vdelivery/Datasets/Staged/Elevation/LPC/Projects/OR_WesternWildfires_A22/OR_WWildfires_2_A22/LAZ/USGS_LPC_OR_WesternWildfires_A22_s05160w13950.laz,0,1,1,5,170345.526,0.0,2.673,,,,,12.173,,-123.6086448188,45.5356121614,-123.5965034243,45.5441442641
,USGS_LPC_OR_WesternWildfires_A22_s04590w13890.laz,positive_diversity,False,136679594,0.13668,https://rockyweb.usgs.gov/vdelivery/Datasets/Staged/Elevation/LPC/Projects/OR_WesternWildfires_A22/OR_WWildfires_2_A22/LAZ/USGS_LPC_OR_WesternWildfires_A22_s04590w13890.laz,0,1,3,0,83433.006,0.0,2.668,,,,,12.1685,,-123.8299695681,45.5130435126,-123.8178026318,45.5215970166
,USGS_LPC_OR_WesternWildfires_A22_s04800w13710.laz,positive_diversity,False,130243228,0.130243,https://rockyweb.usgs.gov/vdelivery/Datasets/Staged/Elevation/LPC/Projects/OR_WesternWildfires_A22/OR_WWildfires_2_A22/LAZ/USGS_LPC_OR_WesternWildfires_A22_s04800w13710.laz,0,1,1,3,13889.658,0.0,4.65,,,,,12.1501,,-123.7453328299,45.4660238857,-123.733187359,45.4745694788
,USGS_LPC_OR_WesternWildfires_A22_s05310w14070.laz,positive_diversity,False,383262167,0.383262,https://rockyweb.usgs.gov/vdelivery/Datasets/Staged/Elevation/LPC/Projects/OR_WesternWildfires_A22/OR_WWildfires_2_A22/LAZ/USGS_LPC_OR_WesternWildfires_A22_s05310w14070.laz,0,1,1,3,55144.947,0.0,4.532,,,,,12.0324,,-123.5518843997,45.570040102,-123.5397435462,45.578566565
,USGS_LPC_OR_WesternWildfires_A22_s04470w13980.laz,positive_diversity,False,208566234,0.208566,https://rockyweb.usgs.gov/vdelivery/Datasets/Staged/Elevation/LPC/Projects/OR_WesternWildfires_A22/OR_WWildfires_2_A22/LAZ/USGS_LPC_OR_WesternWildfires_A22_s04470w13980.laz,0,1,1,1,1857.01,0.0,6.532,,,,,12.0315,,-123.878188915,45.5363608011,-123.866010472,45.5449188222
,USGS_LPC_OR_WesternWildfires_A22_s04470w14040.laz,positive_diversity,False,169143804,0.169144,https://rockyweb.usgs.gov/vdelivery/Datasets/Staged/Elevation/LPC/Projects/OR_WesternWildfires_A22/OR_WWildfires_2_A22/LAZ/USGS_LPC_OR_WesternWildfires_A22_s04470w14040.laz,0,1,0,2,16788.323,0.0,8.111,,,,,12.0,,-123.879152412,45.5528011528,-123.8669703664,45.5613591856
66,USGS_LPC_OR_WesternWildfires_A22_s05310w14340.laz,hard_negative,False,172872849,0.172873,https://rockyweb.usgs.gov/vdelivery/Datasets/Staged/Elevation/LPC/Projects/OR_WesternWildfires_A22/OR_WWildfires_2_A22/LAZ/USGS_LPC_OR_WesternWildfires_A22_s05310w14340.laz,0,0,0,0,0.0,0.0,8.384,,,,,12.0,hard_negative; additional_new_polygons=0; selected_spatial_novelty_km=4.57; downloaded=no,-123.5558077502,45.6440304611,-123.543650759,45.6525569276
,USGS_LPC_OR_WesternWildfires_A22_s04620w13830.laz,positive_diversity,False,185307146,0.185307,https://rockyweb.usgs.gov/vdelivery/Datasets/Staged/Elevation/LPC/Projects/OR_WesternWildfires_A22/OR_WWildfires_2_A22/LAZ/USGS_LPC_OR_WesternWildfires_A22_s04620w13830.laz,0,1,2,4,50493.785,0.0,0.876,,,,,11.8765,,-123.8173299437,45.4969352556,-123.8051681286,45.5054876228
,USGS_LPC_OR_WesternWildfires_A22_s05250w14010.laz,positive_diversity,False,266241037,0.266241,https://rockyweb.usgs.gov/vdelivery/Datasets/Staged/Elevation/LPC/Projects/OR_WesternWildfires_A22/OR_WWildfires_2_A22/LAZ/USGS_LPC_OR_WesternWildfires_A22_s05250w14010.laz,0,1,2,2,63953.508,0.0,2.872,,,,,11.8719,,-123.5744213085,45.5529837848,-123.5622809522,45.5615125046
,USGS_LPC_OR_WesternWildfires_A22_s05160w14010.laz,positive_diversity,False,129710587,0.129711,https://rockyweb.usgs.gov/vdelivery/Datasets/Staged/Elevation/LPC/Projects/OR_WesternWildfires_A22/OR_WWildfires_2_A22/LAZ/USGS_LPC_OR_WesternWildfires_A22_s05160w14010.laz,0,1,2,4,170297.031,0.0,0.845,,,,,11.8449,,-123.6095314657,45.5520546536,-123.5973864888,45.5605867612
77,USGS_LPC_OR_WesternWildfires_A22_s05310w14370.laz,hard_negative,False,213809788,0.21381,https://rockyweb.usgs.gov/vdelivery/Datasets/Staged/Elevation/LPC/Projects/OR_WesternWildfires_A22/OR_WWildfires_2_A22/LAZ/USGS_LPC_OR_WesternWildfires_A22_s05310w14370.laz,0,0,0,0,0.0,0.0,7.825,,,,,11.8247,hard_negative; additional_new_polygons=0; selected_spatial_novelty_km=0.91; downloaded=no,-123.5562443005,45.6522514025,-123.5440855136,45.6607778686
79,USGS_LPC_OR_WesternWildfires_A22_s05280w14340.laz,hard_negative,False,178940854,0.178941,https://rockyweb.usgs.gov/vdelivery/Datasets/Staged/Elevation/LPC/Projects/OR_WesternWildfires_A22/OR_WWildfires_2_A22/LAZ/USGS_LPC_OR_WesternWildfires_A22_s05280w14340.laz,0,0,0,0,0.0,0.0,7.709,,,,,11.7087,hard_negative; additional_new_polygons=0; selected_spatial_novelty_km=0.91; downloaded=no,-123.5675298663,45.6437238016,-123.5553713286,45.6522513997
,USGS_LPC_OR_WesternWildfires_A22_s05280w14130.laz,positive_diversity,False,205108846,0.205109,https://rockyweb.usgs.gov/vdelivery/Datasets/Staged/Elevation/LPC/Projects/OR_WesternWildfires_A22/OR_WWildfires_2_A22/LAZ/USGS_LPC_OR_WesternWildfires_A22_s05280w14130.laz,0,1,2,1,31358.576,0.0,3.703,,,,,11.7027,,-123.5644658138,45.5861763304,-123.5523198343,45.5947039258
,USGS_LPC_OR_WesternWildfires_A22_s05310w14130.laz,positive_diversity,False,185517469,0.185517,https://rockyweb.usgs.gov/vdelivery/Datasets/Staged/Elevation/LPC/Projects/OR_WesternWildfires_A22/OR_WWildfires_2_A22/LAZ/USGS_LPC_OR_WesternWildfires_A22_s05310w14130.laz,0,1,2,0,21571.888,0.0,4.594,,,,,11.594,,-123.5527553849,45.5864826942,-123.5406109489,45.5950091591
,USGS_LPC_OR_WesternWildfires_A22_s04950w13740.laz,positive_diversity,False,198602060,0.198602,https://rockyweb.usgs.gov/vdelivery/Datasets/Staged/Elevation/LPC/Projects/OR_WesternWildfires_A22/OR_WWildfires_2_A22/LAZ/USGS_LPC_OR_WesternWildfires_A22_s04950w13740.laz,0,1,2,2,130570.689,0.0,2.538,,,,,11.538,,-123.6873599848,45.4758559376,-123.6752203754,45.4843959069
,USGS_LPC_OR_WesternWildfires_A22_s05280w14160.laz,positive_diversity,False,246600213,0.2466,https://rockyweb.usgs.gov/vdelivery/Datasets/Staged/Elevation/LPC/Projects/OR_WesternWildfires_A22/OR_WWildfires_2_A22/LAZ/USGS_LPC_OR_WesternWildfires_A22_s05280w14160.laz,0,1,1,3,83197.478,0.0,4.028,,,,,11.5275,,-123.5649031609,45.5943975226,-123.552755389,45.6029251188
,USGS_LPC_OR_WesternWildfires_A22_s05130w13920.laz,positive_diversity,False,166584396,0.166584,https://rockyweb.usgs.gov/vdelivery/Datasets/Staged/Elevation/LPC/Projects/OR_WesternWildfires_A22/OR_WWildfires_2_A22/LAZ/USGS_LPC_OR_WesternWildfires_A22_s05130w13920.laz,0,1,3,0,22358.497,0.0,2.016,,,,,11.5162,,-123.6198998232,45.52707893,-123.6077586812,45.5356121585
,USGS_LPC_OR_WesternWildfires_A22_s04710w13380.laz,positive_diversity,False,183890544,0.183891,https://rockyweb.usgs.gov/vdelivery/Datasets/Staged/Elevation/LPC/Projects/OR_WesternWildfires_A22/OR_WWildfires_2_A22/LAZ/USGS_LPC_OR_WesternWildfires_A22_s04710w13380.laz,0,1,3,2,97976.141,0.0,0.0,,,,,11.5,,-123.7752572397,45.3746107194,-123.7631268724,45.3831596085
,USGS_LPC_OR_WesternWildfires_A22_s05100w13860.laz,positive_diversity,False,195507242,0.195507,https://rockyweb.usgs.gov/vdelivery/Datasets/Staged/Elevation/LPC/Projects/OR_WesternWildfires_A22/OR_WWildfires_2_A22/LAZ/USGS_LPC_OR_WesternWildfires_A22_s05100w13860.laz,0,1,1,7,249279.473,0.0,0.0,,,,,11.5,,-123.6307052902,45.5103232735,-123.6185661917,45.5188576238
,USGS_LPC_OR_WesternWildfires_A22_s04710w13440.laz,positive_diversity,False,123672085,0.123672,https://rockyweb.usgs.gov/vdelivery/Datasets/Staged/Elevation/LPC/Projects/OR_WesternWildfires_A22/OR_WWildfires_2_A22/LAZ/USGS_LPC_OR_WesternWildfires_A22_s04710w13440.laz,0,1,1,6,55428.0,0.0,0.913,,,,,11.4134,,-123.7760102498,45.3910533611,-123.7640548407,45.3964517165
,USGS_LPC_OR_WesternWildfires_A22_s05040w13680.laz,positive_diversity,False,195664807,0.195665,https://rockyweb.usgs.gov/vdelivery/Datasets/Staged/Elevation/LPC/Projects/OR_WesternWildfires_A22/OR_WWildfires_2_A22/LAZ/USGS_LPC_OR_WesternWildfires_A22_s05040w13680.laz,0,1,3,1,354347.876,0.0,0.878,,,,,11.3785,,-123.6513997488,45.4603656342,-123.6392683141,45.4689022146
,USGS_LPC_OR_WesternWildfires_A22_s04680w13770.laz,positive_diversity,False,156311731,0.156312,https://rockyweb.usgs.gov/vdelivery/Datasets/Staged/Elevation/LPC/Projects/OR_WesternWildfires_A22/OR_WWildfires_2_A22/LAZ/USGS_LPC_OR_WesternWildfires_A22_s04680w13770.laz,0,1,1,6,138681.745,0.0,0.877,,,,,11.3766,,-123.7930096284,45.4811559218,-123.7808544587,45.4897060271
,USGS_LPC_OR_WesternWildfires_A22_s05130w13590.laz,positive_diversity,False,164476394,0.164476,https://rockyweb.usgs.gov/vdelivery/Datasets/Staged/Elevation/LPC/Projects/OR_WesternWildfires_A22/OR_WWildfires_2_A22/LAZ/USGS_LPC_OR_WesternWildfires_A22_s05130w13590.laz,0,1,3,1,55415.535,0.0,0.845,,,,,11.3451,,-123.6150153914,45.4366424315,-123.602893914,45.4451756178
85,USGS_LPC_OR_WesternWildfires_A22_s05310w14400.laz,hard_negative,False,184839969,0.18484,https://rockyweb.usgs.gov/vdelivery/Datasets/Staged/Elevation/LPC/Projects/OR_WesternWildfires_A22/OR_WWildfires_2_A22/LAZ/USGS_LPC_OR_WesternWildfires_A22_s05310w14400.laz,0,0,0,0,0.0,0.0,7.337,,,,,11.3371,hard_negative; additional_new_polygons=0; selected_spatial_novelty_km=0.91; downloaded=no,-123.5566809755,45.6604723014,-123.5445203923,45.6689987669
80,USGS_LPC_OR_WesternWildfires_A22_s04470w14010.laz,hard_negative,False,187215933,0.187216,https://rockyweb.usgs.gov/vdelivery/Datasets/Staged/Elevation/LPC/Projects/OR_WesternWildfires_A22/OR_WWildfires_2_A22/LAZ/USGS_LPC_OR_WesternWildfires_A22_s04470w14010.laz,0,0,0,0,0.0,0.0,7.307,,,,,11.3066,hard_negative; additional_new_polygons=0; selected_spatial_novelty_km=1.29; downloaded=no,-123.8786705949,45.5445809973,-123.8664903508,45.5531390243
,USGS_LPC_OR_WesternWildfires_A22_s04710w13770.laz,positive_diversity,False,156609687,0.15661,https://rockyweb.usgs.gov/vdelivery/Datasets/Staged/Elevation/LPC/Projects/OR_WesternWildfires_A22/OR_WWildfires_2_A22/LAZ/USGS_LPC_OR_WesternWildfires_A22_s04710w13770.laz,0,1,1,5,61618.406,0.0,1.79,,,,,11.2899,,-123.7813217524,45.4814851866,-123.7691681105,45.4900341669
68,USGS_LPC_OR_WesternWildfires_A22_s04800w14550.laz,hard_negative,False,150410510,0.150411,https://rockyweb.usgs.gov/vdelivery/Datasets/Staged/Elevation/LPC/Projects/OR_WesternWildfires_A22/OR_WWildfires_2_A22/LAZ/USGS_LPC_OR_WesternWildfires_A22_s04800w14550.laz,0,0,0,0,0.0,0.0,7.27,,,,,11.2704,hard_negative; additional_new_polygons=0; selected_spatial_novelty_km=4.66; downloaded=no,-123.758323883,45.6961981587,-123.7461280432,45.7047438486
,USGS_LPC_OR_WesternWildfires_A22_s04530w14280.laz,positive_diversity,False,159799868,0.1598,https://rockyweb.usgs.gov/vdelivery/Datasets/Staged/Elevation/LPC/Projects/OR_WesternWildfires_A22/OR_WWildfires_2_A22/LAZ/USGS_LPC_OR_WesternWildfires_A22_s04530w14280.laz,0,1,1,4,49418.653,0.0,2.74,,,,,11.2398,,-123.859581297,45.6192362347,-123.8473878824,45.6277920546
89,USGS_LPC_OR_WesternWildfires_A22_s05280w14370.laz,hard_negative,False,109613788,0.109614,https://rockyweb.usgs.gov/vdelivery/Datasets/Staged/Elevation/LPC/Projects/OR_WesternWildfires_A22/OR_WWildfires_2_A22/LAZ/USGS_LPC_OR_WesternWildfires_A22_s05280w14370.laz,0,0,0,0,0.0,0.0,7.097,,,,,11.0965,hard_negative; additional_new_polygons=0; selected_spatial_novelty_km=0.91; downloaded=no,-123.5679680881,45.6519447008,-123.5558077543,45.6604722986
97,USGS_LPC_OR_WesternWildfires_A22_s04410w13950.laz,hard_negative,False,95947838,0.095948,https://rockyweb.usgs.gov/vdelivery/Datasets/Staged/Elevation/LPC/Projects/OR_WesternWildfires_A22/OR_WWildfires_2_A22/LAZ/USGS_LPC_OR_WesternWildfires_A22_s04410w13950.laz,0,0,0,0,0.0,0.0,7.094,,,,,11.0941,hard_negative; additional_new_polygons=0; selected_spatial_novelty_km=0.51; downloaded=no,-123.9011007692,45.5274615822,-123.888921075,45.5360218459
76,USGS_LPC_OR_WesternWildfires_A22_s05250w14340.laz,hard_negative,False,191355092,0.191355,https://rockyweb.usgs.gov/vdelivery/Datasets/Staged/Elevation/LPC/Projects/OR_WesternWildfires_A22/OR_WWildfires_2_A22/LAZ/USGS_LPC_OR_WesternWildfires_A22_s05250w14340.laz,0,0,0,0,0.0,0.0,7.087,,,,,11.0872,hard_negative; additional_new_polygons=0; selected_spatial_novelty_km=1.83; downloaded=no,-123.5792518572,45.6434159685,-123.5670917736,45.6519446979
,USGS_LPC_OR_WesternWildfires_A22_s04440w13980.laz,positive_diversity,False,182705548,0.182706,https://rockyweb.usgs.gov/vdelivery/Datasets/Staged/Elevation/LPC/Projects/OR_WesternWildfires_A22/OR_WWildfires_2_A22/LAZ/USGS_LPC_OR_WesternWildfires_A22_s04440w13980.laz,0,1,0,2,27040.442,0.0,7.084,,,,,11.0841,,-123.889887346,45.5360218487,-123.8777073765,45.5445809944
,USGS_LPC_OR_WesternWildfires_A22_s05100w13650.laz,positive_diversity,False,155636308,0.155636,https://rockyweb.usgs.gov/vdelivery/Datasets/Staged/Elevation/LPC/Projects/OR_WesternWildfires_A22/OR_WWildfires_2_A22/LAZ/USGS_LPC_OR_WesternWildfires_A22_s05100w13650.laz,0,1,2,4,397750.089,0.0,0.0,,,,,11.0,,-123.6275853847,45.4527730725,-123.6154588029,45.4613073949
,USGS_LPC_OR_WesternWildfires_A22_s04950w13770.laz,positive_diversity,False,162368224,0.162368,https://rockyweb.usgs.gov/vdelivery/Datasets/Staged/Elevation/LPC/Projects/OR_WesternWildfires_A22/OR_WWildfires_2_A22/LAZ/USGS_LPC_OR_WesternWildfires_A22_s04950w13770.laz,0,1,2,2,53840.525,0.0,1.982,,,,,10.9825,,-123.6878139932,45.4840771772,-123.6756725936,45.4926171513
91,USGS_LPC_OR_WesternWildfires_A22_s05250w14310.laz,hard_negative,False,167988833,0.167989,https://rockyweb.usgs.gov/vdelivery/Datasets/Staged/Elevation/LPC/Projects/OR_WesternWildfires_A22/OR_WWildfires_2_A22/LAZ/USGS_LPC_OR_WesternWildfires_A22_s05250w14310.laz,0,0,0,0,0.0,0.0,6.937,,,,,10.9365,hard_negative; additional_new_polygons=0; selected_spatial_novelty_km=0.91; downloaded=no,-123.5788120895,45.6351950694,-123.566653802,45.6437237987
72,USGS_LPC_OR_WesternWildfires_A22_s05310w14430.laz,hard_negative,False,168407909,0.168408,https://rockyweb.usgs.gov/vdelivery/Datasets/Staged/Elevation/LPC/Projects/OR_WesternWildfires_A22/OR_WWildfires_2_A22/LAZ/USGS_LPC_OR_WesternWildfires_A22_s05310w14430.laz,0,0,0,0,0.0,0.0,6.936,,,,,10.9363,hard_negative; additional_new_polygons=0; selected_spatial_novelty_km=2.74; downloaded=no,-123.5571177752,45.6686931576,-123.5449553953,45.6772196223
93,USGS_LPC_OR_WesternWildfires_A22_s04800w14520.laz,hard_negative,False,161415555,0.161416,https://rockyweb.usgs.gov/vdelivery/Datasets/Staged/Elevation/LPC/Projects/OR_WesternWildfires_A22/OR_WWildfires_2_A22/LAZ/USGS_LPC_OR_WesternWildfires_A22_s04800w14520.laz,0,0,0,0,0.0,0.0,6.895,,,,,10.8947,hard_negative; additional_new_polygons=0; selected_spatial_novelty_km=0.91; downloaded=no,-123.7578581271,45.6879782161,-123.7456640933,45.6965239048
94,USGS_LPC_OR_WesternWildfires_A22_s04500w14010.laz,hard_negative,False,186213976,0.186214,https://rockyweb.usgs.gov/vdelivery/Datasets/Staged/Elevation/LPC/Projects/OR_WesternWildfires_A22/OR_WWildfires_2_A22/LAZ/USGS_LPC_OR_WesternWildfires_A22_s04500w14010.laz,0,0,0,0,0.0,0.0,6.894,,,,,10.8945,hard_negative; additional_new_polygons=0; selected_spatial_novelty_km=0.91; downloaded=no,-123.8669703623,45.544918825,-123.8547916458,45.5534757271
,USGS_LPC_OR_WesternWildfires_A22_s04440w14010.laz,positive_diversity,False,190968772,0.190969,https://rockyweb.usgs.gov/vdelivery/Datasets/Staged/Elevation/LPC/Projects/OR_WesternWildfires_A22/OR_WWildfires_2_A22/LAZ/USGS_LPC_OR_WesternWildfires_A22_s04440w14010.laz,0,1,0,1,36832.366,0.0,7.805,,,,,10.8045,,-123.8903706901,45.5442419982,-123.8781889191,45.55280115
,USGS_LPC_OR_WesternWildfires_A22_s04860w13680.laz,positive_diversity,False,223024314,0.223024,https://rockyweb.usgs.gov/vdelivery/Datasets/Staged/Elevation/LPC/Projects/OR_WesternWildfires_A22/OR_WWildfires_2_A22/LAZ/USGS_LPC_OR_WesternWildfires_A22_s04860w13680.laz,0,1,0,3,63658.402,0.0,5.8,,,,,10.7996,,-123.7215038005,45.4584505202,-123.7093631788,45.4669938567
,USGS_LPC_OR_WesternWildfires_A22_s05190w14010.laz,positive_diversity,False,142833696,0.142834,https://rockyweb.usgs.gov/vdelivery/Datasets/Staged/Elevation/LPC/Projects/OR_WesternWildfires_A22/OR_WWildfires_2_A22/LAZ/USGS_LPC_OR_WesternWildfires_A22_s05190w14010.laz,0,1,1,5,164766.36,0.0,1.247,,,,,10.7467,,-123.5978282058,45.5523655357,-123.5856847685,45.5608965143
,USGS_LPC_OR_WesternWildfires_A22_s04620w13890.laz,positive_diversity,False,219810629,0.219811,https://rockyweb.usgs.gov/vdelivery/Datasets/Staged/Elevation/LPC/Projects/OR_WesternWildfires_A22/OR_WWildfires_2_A22/LAZ/USGS_LPC_OR_WesternWildfires_A22_s04620w13890.laz,0,1,2,1,21618.9,0.0,2.703,,,,,10.7031,,-123.8182754463,45.5133764713,-123.806110038,45.5219288503
98,USGS_LPC_OR_WesternWildfires_A22_s05310w14460.laz,hard_negative,False,186597083,0.186597,https://rockyweb.usgs.gov/vdelivery/Datasets/Staged/Elevation/LPC/Projects/OR_WesternWildfires_A22/OR_WWildfires_2_A22/LAZ/USGS_LPC_OR_WesternWildfires_A22_s05310w14460.laz,0,0,0,0,0.0,0.0,6.638,,,,,10.6378,hard_negative; additional_new_polygons=0; selected_spatial_novelty_km=0.91; downloaded=no,-123.5575546998,45.6769139709,-123.5453905225,45.6854404347
90,USGS_LPC_OR_WesternWildfires_A22_s04530w14040.laz,hard_negative,False,211089790,0.21109,https://rockyweb.usgs.gov/vdelivery/Datasets/Staged/Elevation/LPC/Projects/OR_WesternWildfires_A22/OR_WWildfires_2_A22/LAZ/USGS_LPC_OR_WesternWildfires_A22_s04530w14040.laz,0,0,0,0,0.0,0.0,6.585,,,,,10.5846,hard_negative; additional_new_polygons=0; selected_spatial_novelty_km=1.29; downloaded=no,-123.8557484805,45.5534757299,-123.8435694912,45.5620315123
,USGS_LPC_OR_WesternWildfires_A22_s04800w14490.laz,hard_negative,False,190223950,0.190224,https://rockyweb.usgs.gov/vdelivery/Datasets/Staged/Elevation/LPC/Projects/OR_WesternWildfires_A22/OR_WWildfires_2_A22/LAZ/USGS_LPC_OR_WesternWildfires_A22_s04800w14490.laz,0,0,0,0,0.0,0.0,6.584,,,,,10.5845,,-123.7573925042,45.67975823,-123.745200276,45.6883039173
,USGS_LPC_OR_WesternWildfires_A22_s04530w14010.laz,hard_negative,False,214237380,0.214237,https://rockyweb.usgs.gov/vdelivery/Datasets/Staged/Elevation/LPC/Projects/OR_WesternWildfires_A22/OR_WWildfires_2_A22/LAZ/USGS_LPC_OR_WesternWildfires_A22_s04530w14010.laz,0,0,0,0,0.0,0.0,6.584,,,,,10.5842,,-123.8552699929,45.5452554814,-123.8430928044,45.5538112583
,USGS_LPC_OR_WesternWildfires_A22_s04800w13740.laz,positive_diversity,False,190331568,0.190332,https://rockyweb.usgs.gov/vdelivery/Datasets/Staged/Elevation/LPC/Projects/OR_WesternWildfires_A22/OR_WWildfires_2_A22/LAZ/USGS_LPC_OR_WesternWildfires_A22_s04800w13740.laz,0,1,0,4,5736.594,0.0,4.567,,,,,10.5667,,-123.745795013,45.4742449424,-123.7336477503,45.4827905411
,USGS_LPC_OR_WesternWildfires_A22_s05280w14400.laz,hard_negative,False,154320415,0.15432,https://rockyweb.usgs.gov/vdelivery/Datasets/Staged/Elevation/LPC/Projects/OR_WesternWildfires_A22/OR_WWildfires_2_A22/LAZ/USGS_LPC_OR_WesternWildfires_A22_s05280w14400.laz,0,0,0,0,0.0,0.0,6.555,,,,,10.555,,-123.568406435,45.6601655574,-123.5562443046,45.6686931548
,USGS_LPC_OR_WesternWildfires_A22_s04500w14190.laz,positive_diversity,False,163123253,0.163123,https://rockyweb.usgs.gov/vdelivery/Datasets/Staged/Elevation/LPC/Projects/OR_WesternWildfires_A22/OR_WWildfires_2_A22/LAZ/USGS_LPC_OR_WesternWildfires_A22_s04500w14190.laz,0,1,0,3,9376.942,0.0,5.551,,,,,10.5511,,-123.8698533312,45.5942394222,-123.8576637996,45.6027963553
,USGS_LPC_OR_WesternWildfires_A22_s04890w13740.laz,positive_diversity,False,143243837,0.143244,https://rockyweb.usgs.gov/vdelivery/Datasets/Staged/Elevation/LPC/Projects/OR_WesternWildfires_A22/OR_WWildfires_2_A22/LAZ/USGS_LPC_OR_WesternWildfires_A22_s04890w13740.laz,0,1,1,2,36283.519,0.0,4.026,,,,,10.526,,-123.7107343871,45.4752150499,-123.6985917148,45.4837572715
,USGS_LPC_OR_WesternWildfires_A22_s04590w13800.laz,positive_diversity,False,151555727,0.151556,https://rockyweb.usgs.gov/vdelivery/Datasets/Staged/Elevation/LPC/Projects/OR_WesternWildfires_A22/OR_WWildfires_2_A22/LAZ/USGS_LPC_OR_WesternWildfires_A22_s04590w13800.laz,0,1,1,6,39467.848,0.0,0.0,,,,,10.5,,-123.8285465296,45.4883817672,-123.8163849836,45.4969352528
,USGS_LPC_OR_WesternWildfires_A22_s05010w13830.laz,positive_diversity,False,176582788,0.176583,https://rockyweb.usgs.gov/vdelivery/Datasets/Staged/Elevation/LPC/Projects/OR_WesternWildfires_A22/OR_WWildfires_2_A22/LAZ/USGS_LPC_OR_WesternWildfires_A22_s05010w13830.laz,0,1,3,1,226270.053,0.0,0.0,,,,,10.5,,-123.665337507,45.5011560089,-123.653195593,45.509693738
,USGS_LPC_OR_WesternWildfires_A22_s04500w14040.laz,positive_diversity,False,192983753,0.192984,https://rockyweb.usgs.gov/vdelivery/Datasets/Staged/Elevation/LPC/Projects/OR_WesternWildfires_A22/OR_WWildfires_2_A22/LAZ/USGS_LPC_OR_WesternWildfires_A22_s04500w14040.laz,0,1,0,1,14474.982,0.0,7.467,,,,,10.4668,,-123.8674505147,45.5531390271,-123.855269997,45.5616959348
,USGS_LPC_OR_WesternWildfires_A22_s04500w14160.laz,positive_diversity,False,161482363,0.161482,https://rockyweb.usgs.gov/vdelivery/Datasets/Staged/Elevation/LPC/Projects/OR_WesternWildfires_A22/OR_WWildfires_2_A22/LAZ/USGS_LPC_OR_WesternWildfires_A22_s04500w14160.laz,0,1,0,2,10198.528,0.0,6.456,,,,,10.4561,,-123.8693724938,45.5860194258,-123.857184766,45.5945763542
,USGS_LPC_OR_WesternWildfires_A22_s05310w14490.laz,hard_negative,False,239309743,0.23931,https://rockyweb.usgs.gov/vdelivery/Datasets/Staged/Elevation/LPC/Projects/OR_WesternWildfires_A22/OR_WWildfires_2_A22/LAZ/USGS_LPC_OR_WesternWildfires_A22_s05310w14490.laz,0,0,0,0,0.0,0.0,6.456,,,,,10.456,,-123.5579917492,45.6851347411,-123.5458257741,45.6936612038
87,USGS_LPC_OR_WesternWildfires_A22_s05310w14250.laz,hard_negative,False,144110699,0.144111,https://rockyweb.usgs.gov/vdelivery/Datasets/Staged/Elevation/LPC/Projects/OR_WesternWildfires_A22/OR_WWildfires_2_A22/LAZ/USGS_LPC_OR_WesternWildfires_A22_s05310w14250.laz,0,0,0,0,0.0,0.0,6.417,,,,,10.4166,hard_negative; additional_new_polygons=0; selected_spatial_novelty_km=1.83; downloaded=no,-123.5544988469,45.6193673832,-123.5423472397,45.6278938501
,USGS_LPC_OR_WesternWildfires_A22_s05250w14370.laz,hard_negative,False,155463139,0.155463,https://rockyweb.usgs.gov/vdelivery/Datasets/Staged/Elevation/LPC/Projects/OR_WesternWildfires_A22/OR_WWildfires_2_A22/LAZ/USGS_LPC_OR_WesternWildfires_A22_s05250w14370.laz,0,0,0,0,0.0,0.0,6.416,,,,,10.416,,-123.5796917504,45.6516368253,-123.5675298703,45.6601655546
,USGS_LPC_OR_WesternWildfires_A22_s05040w13710.laz,positive_diversity,False,191891843,0.191892,https://rockyweb.usgs.gov/vdelivery/Datasets/Staged/Elevation/LPC/Projects/OR_WesternWildfires_A22/OR_WWildfires_2_A22/LAZ/USGS_LPC_OR_WesternWildfires_A22_s05040w13710.laz,0,1,3,0,167150.275,0.0,0.913,,,,,10.4134,,-123.6518485171,45.4685870829,-123.6397152945,45.4771236679
,USGS_LPC_OR_WesternWildfires_A22_s04800w13680.laz,positive_diversity,False,181089846,0.18109,https://rockyweb.usgs.gov/vdelivery/Datasets/Staged/Elevation/LPC/Projects/OR_WesternWildfires_A22/OR_WWildfires_2_A22/LAZ/USGS_LPC_OR_WesternWildfires_A22_s04800w13680.laz,0,1,1,1,7215.407,0.0,4.899,,,,,10.3986,,-123.7448707784,45.4578027902,-123.7327270987,45.4663483774
,USGS_LPC_OR_WesternWildfires_A22_s05220w14340.laz,hard_negative,False,138681896,0.138682,https://rockyweb.usgs.gov/vdelivery/Datasets/Staged/Elevation/LPC/Projects/OR_WesternWildfires_A22/OR_WWildfires_2_A22/LAZ/USGS_LPC_OR_WesternWildfires_A22_s05220w14340.laz,0,0,0,0,0.0,0.0,6.394,,,,,10.3945,,-123.5909737225,45.6431069619,-123.5788120936,45.6516368224
95,USGS_LPC_OR_WesternWildfires_A22_s04830w14490.laz,hard_negative,False,139646135,0.139646,https://rockyweb.usgs.gov/vdelivery/Datasets/Staged/Elevation/LPC/Projects/OR_WesternWildfires_A22/OR_WWildfires_2_A22/LAZ/USGS_LPC_OR_WesternWildfires_A22_s04830w14490.laz,0,0,0,0,0.0,0.0,6.393,,,,,10.393,hard_negative; additional_new_polygons=0; selected_spatial_novelty_km=1.29; downloaded=no,-123.7456640893,45.6800838891,-123.7334734011,45.688628447
96,USGS_LPC_OR_WesternWildfires_A22_s04530w14160.laz,hard_negative,False,185887026,0.185887,https://rockyweb.usgs.gov/vdelivery/Datasets/Staged/Elevation/LPC/Projects/OR_WesternWildfires_A22/OR_WWildfires_2_A22/LAZ/USGS_LPC_OR_WesternWildfires_A22_s04530w14160.laz,0,0,0,0,0.0,0.0,6.393,,,,,10.3929,hard_negative; additional_new_polygons=0; selected_spatial_novelty_km=1.29; downloaded=no,-123.8576637955,45.5863563142,-123.8454775979,45.5949121167
74,USGS_LPC_OR_WesternWildfires_A22_s04800w14460.laz,hard_negative,False,172965048,0.172965,https://rockyweb.usgs.gov/vdelivery/Datasets/Staged/Elevation/LPC/Projects/OR_WesternWildfires_A22/OR_WWildfires_2_A22/LAZ/USGS_LPC_OR_WesternWildfires_A22_s04800w14460.laz,0,0,0,0,0.0,0.0,6.391,,,,,10.3909,hard_negative; additional_new_polygons=0; selected_spatial_novelty_km=2.74; downloaded=no,-123.7569270144,45.6715382005,-123.7447365912,45.6800838863
,USGS_LPC_OR_WesternWildfires_A22_s04830w14550.laz,hard_negative,False,190956250,0.190956,https://rockyweb.usgs.gov/vdelivery/Datasets/Staged/Elevation/LPC/Projects/OR_WesternWildfires_A22/OR_WWildfires_2_A22/LAZ/USGS_LPC_OR_WesternWildfires_A22_s04830w14550.laz,0,0,0,0,0.0,0.0,6.357,,,,,10.3572,,-123.7465921215,45.6965239076,-123.7343978226,45.7050684678
,USGS_LPC_OR_WesternWildfires_A22_s04530w14130.laz,hard_negative,False,166143708,0.166144,https://rockyweb.usgs.gov/vdelivery/Datasets/Staged/Elevation/LPC/Projects/OR_WesternWildfires_A22/OR_WWildfires_2_A22/LAZ/USGS_LPC_OR_WesternWildfires_A22_s04530w14130.laz,0,0,0,0,0.0,0.0,6.356,,,,,10.356,,-123.857184762,45.5781362299,-123.8450003672,45.5866920276
,USGS_LPC_OR_WesternWildfires_A22_s04770w13590.laz,hard_negative,False,8647364,0.008647,https://rockyweb.usgs.gov/vdelivery/Datasets/Staged/Elevation/LPC/Projects/OR_WesternWildfires_A22/OR_WWildfires_2_A22/LAZ/USGS_LPC_OR_WesternWildfires_A22_s04770w13590.laz,0,0,0,0,0.0,0.0,6.352,,,,,10.3518,,-123.7449995365,45.4373205465,-123.7432609696,45.4413604779
,USGS_LPC_OR_WesternWildfires_A22_s04590w13830.laz,positive_diversity,False,149559546,0.14956,https://rockyweb.usgs.gov/vdelivery/Datasets/Staged/Elevation/LPC/Projects/OR_WesternWildfires_A22/OR_WWildfires_2_A22/LAZ/USGS_LPC_OR_WesternWildfires_A22_s04590w13830.laz,0,1,1,5,34738.178,0.0,0.84,,,,,10.3403,,-123.8290207407,45.4966023887,-123.8168573984,45.5051558805
,USGS_LPC_OR_WesternWildfires_A22_s05220w14310.laz,hard_negative,False,170873569,0.170874,https://rockyweb.usgs.gov/vdelivery/Datasets/Staged/Elevation/LPC/Projects/OR_WesternWildfires_A22/OR_WWildfires_2_A22/LAZ/USGS_LPC_OR_WesternWildfires_A22_s05220w14310.laz,0,0,0,0,0.0,0.0,6.328,,,,,10.3284,,-123.5905322839,45.6348861053,-123.5783724514,45.6434159657
,USGS_LPC_OR_WesternWildfires_A22_s04830w14520.laz,hard_negative,False,181850713,0.181851,https://rockyweb.usgs.gov/vdelivery/Datasets/Staged/Elevation/LPC/Projects/OR_WesternWildfires_A22/OR_WWildfires_2_A22/LAZ/USGS_LPC_OR_WesternWildfires_A22_s04830w14520.laz,0,0,0,0,0.0,0.0,6.327,,,,,10.3269,,-123.7461280391,45.6883039201,-123.7339355458,45.6968484792
,USGS_LPC_OR_WesternWildfires_A22_s04500w14250.laz,positive_diversity,False,163499575,0.1635,https://rockyweb.usgs.gov/vdelivery/Datasets/Staged/Elevation/LPC/Projects/OR_WesternWildfires_A22/OR_WWildfires_2_A22/LAZ/USGS_LPC_OR_WesternWildfires_A22_s04500w14250.laz,0,1,1,2,88827.791,0.0,3.754,,,,,10.2542,,-123.8708154177,45.6106792897,-123.8586222768,45.6192362319
,USGS_LPC_OR_WesternWildfires_A22_s04440w13920.laz,positive_diversity,False,8455155,0.008455,https://rockyweb.usgs.gov/vdelivery/Datasets/Staged/Elevation/LPC/Projects/OR_WesternWildfires_A22/OR_WWildfires_2_A22/LAZ/USGS_LPC_OR_WesternWildfires_A22_s04440w13920.laz,0,1,0,2,588.248,0.0,6.178,,,,,10.178,,-123.8889210709,45.5247215076,-123.8770456255,45.5281405615
,USGS_LPC_OR_WesternWildfires_A22_s05280w14040.laz,positive_diversity,False,264476207,0.264476,https://rockyweb.usgs.gov/vdelivery/Datasets/Staged/Elevation/LPC/Projects/OR_WesternWildfires_A22/OR_WWildfires_2_A22/LAZ/USGS_LPC_OR_WesternWildfires_A22_s05280w14040.laz,0,1,1,2,217998.665,0.0,3.653,,,,,10.1535,,-123.5631545206,45.5615125074,-123.5510139152,45.5700400992
,USGS_LPC_OR_WesternWildfires_A22_s04800w13560.laz,hard_negative,False,4034182,0.004034,https://rockyweb.usgs.gov/vdelivery/Datasets/Staged/Elevation/LPC/Projects/OR_WesternWildfires_A22/OR_WWildfires_2_A22/LAZ/USGS_LPC_OR_WesternWildfires_A22_s04800w13560.laz,0,0,0,0,0.0,0.0,6.145,,,,,10.145,,-123.7371953061,45.4313899225,-123.7312402061,45.4334635854
,USGS_LPC_OR_WesternWildfires_A22_s05250w14280.laz,hard_negative,False,168372363,0.168372,https://rockyweb.usgs.gov/vdelivery/Datasets/Staged/Elevation/LPC/Projects/OR_WesternWildfires_A22/OR_WWildfires_2_A22/LAZ/USGS_LPC_OR_WesternWildfires_A22_s05250w14280.laz,0,0,0,0,0.0,0.0,6.103,,,,,10.1033,,-123.5783724474,45.626974128,-123.5662159554,45.6355028572
,USGS_LPC_OR_WesternWildfires_A22_s05280w14430.laz,hard_negative,False,151433361,0.151433,https://rockyweb.usgs.gov/vdelivery/Datasets/Staged/Elevation/LPC/Projects/OR_WesternWildfires_A22/OR_WWildfires_2_A22/LAZ/USGS_LPC_OR_WesternWildfires_A22_s05280w14430.laz,0,0,0,0,0.0,0.0,6.103,,,,,10.103,,-123.5688449072,45.6683863713,-123.5566809796,45.676913968
88,USGS_LPC_OR_WesternWildfires_A22_s04560w14010.laz,hard_negative,False,241036348,0.241036,https://rockyweb.usgs.gov/vdelivery/Datasets/Staged/Elevation/LPC/Projects/OR_WesternWildfires_A22/OR_WWildfires_2_A22/LAZ/USGS_LPC_OR_WesternWildfires_A22_s04560w14010.laz,0,0,0,0,0.0,0.0,6.067,,,,,10.0675,hard_negative; additional_new_polygons=0; selected_spatial_novelty_km=2.04; downloaded=no,-123.8435694872,45.5455909665,-123.8313938273,45.5541456181
,USGS_LPC_OR_WesternWildfires_A22_s04770w14520.laz,hard_negative,False,183035203,0.183035,https://rockyweb.usgs.gov/vdelivery/Datasets/Staged/Elevation/LPC/Projects/OR_WesternWildfires_A22/OR_WWildfires_2_A22/LAZ/USGS_LPC_OR_WesternWildfires_A22_s04770w14520.laz,0,0,0,0,0.0,0.0,6.067,,,,,10.0671,,-123.769588082,45.6876513378,-123.7573925083,45.6961981559
,USGS_LPC_OR_WesternWildfires_A22_s04650w13770.laz,positive_diversity,False,153438894,0.153439,https://rockyweb.usgs.gov/vdelivery/Datasets/Staged/Elevation/LPC/Projects/OR_WesternWildfires_A22/OR_WWildfires_2_A22/LAZ/USGS_LPC_OR_WesternWildfires_A22_s04650w13770.laz,0,1,2,3,56877.914,0.0,0.0,,,,,10.0,,-123.804697371,45.4808254868,-123.7925406738,45.4893767169
,USGS_LPC_OR_WesternWildfires_A22_s05070w13650.laz,positive_diversity,False,155405053,0.155405,https://rockyweb.usgs.gov/vdelivery/Datasets/Staged/Elevation/LPC/Projects/OR_WesternWildfires_A22/OR_WWildfires_2_A22/LAZ/USGS_LPC_OR_WesternWildfires_A22_s05070w13650.laz,0,1,2,3,215225.611,0.0,0.0,,,,,10.0,,-123.6392683139,45.4524591945,-123.6271401952,45.4609946437
,USGS_LPC_OR_WesternWildfires_A22_s05130w14040.laz,positive_diversity,False,175198380,0.175198,https://rockyweb.usgs.gov/vdelivery/Datasets/Staged/Elevation/LPC/Projects/OR_WesternWildfires_A22/OR_WWildfires_2_A22/LAZ/USGS_LPC_OR_WesternWildfires_A22_s05130w14040.laz,0,1,2,3,259310.173,0.0,0.0,,,,,10.0,,-123.6216797784,45.559963742,-123.6095314698,45.5684969809
,USGS_LPC_OR_WesternWildfires_A22_s04830w13770.laz,positive_diversity,False,205827741,0.205828,https://rockyweb.usgs.gov/vdelivery/Datasets/Staged/Elevation/LPC/Projects/OR_WesternWildfires_A22/OR_WWildfires_2_A22/LAZ/USGS_LPC_OR_WesternWildfires_A22_s04830w13770.laz,0,1,1,0,42511.487,0.0,5.443,,,,,9.9434,,-123.7345689222,45.482790544,-123.7224213973,45.4913350226
,USGS_LPC_OR_WesternWildfires_A22_s04860w13560.laz,positive_diversity,False,13484608,0.013485,https://rockyweb.usgs.gov/vdelivery/Datasets/Staged/Elevation/LPC/Projects/OR_WesternWildfires_A22/OR_WWildfires_2_A22/LAZ/USGS_LPC_OR_WesternWildfires_A22_s04860w13560.laz,0,1,0,1,1496.325,0.0,6.941,,,,,9.9405,,-123.719670181,45.4317712634,-123.7154884936,45.433899076
,USGS_LPC_OR_WesternWildfires_A22_s05130w14010.laz,positive_diversity,False,167844867,0.167845,https://rockyweb.usgs.gov/vdelivery/Datasets/Staged/Elevation/LPC/Projects/OR_WesternWildfires_A22/OR_WWildfires_2_A22/LAZ/USGS_LPC_OR_WesternWildfires_A22_s05130w14010.laz,0,1,2,2,78681.308,0.0,0.879,,,,,9.8787,,-123.6212345993,45.5517425996,-123.6090880831,45.5602758361
,USGS_LPC_OR_WesternWildfires_A22_s05100w13920.laz,positive_diversity,False,131873641,0.131874,https://rockyweb.usgs.gov/vdelivery/Datasets/Staged/Elevation/LPC/Projects/OR_WesternWildfires_A22/OR_WWildfires_2_A22/LAZ/USGS_LPC_OR_WesternWildfires_A22_s05100w13920.laz,0,1,2,1,35465.894,0.0,1.827,,,,,9.8268,,-123.6315978348,45.5267658338,-123.6194551554,45.5353001906
,USGS_LPC_OR_WesternWildfires_A22_s05280w14250.laz,hard_negative,False,182506510,0.182507,https://rockyweb.usgs.gov/vdelivery/Datasets/Staged/Elevation/LPC/Projects/OR_WesternWildfires_A22/OR_WWildfires_2_A22/LAZ/USGS_LPC_OR_WesternWildfires_A22_s05280w14250.laz,0,0,0,0,0.0,0.0,5.812,,,,,9.812,,-123.5662159513,45.6190608504,-123.5540627989,45.6275884484
,USGS_LPC_OR_WesternWildfires_A22_s05250w14400.laz,hard_negative,False,151743369,0.151743,https://rockyweb.usgs.gov/vdelivery/Datasets/Staged/Elevation/LPC/Projects/OR_WesternWildfires_A22/OR_WWildfires_2_A22/LAZ/USGS_LPC_OR_WesternWildfires_A22_s05250w14400.laz,0,0,0,0,0.0,0.0,5.811,,,,,9.8115,,-123.5801317693,45.6598576395,-123.5679680921,45.6683863685
,USGS_LPC_OR_WesternWildfires_A22_s04800w14430.laz,hard_negative,False,194443702,0.194444,https://rockyweb.usgs.gov/vdelivery/Datasets/Staged/Elevation/LPC/Projects/OR_WesternWildfires_A22/OR_WWildfires_2_A22/LAZ/USGS_LPC_OR_WesternWildfires_A22_s04800w14430.laz,0,0,0,0,0.0,0.0,5.81,,,,,9.8104,,-123.7564616575,45.6633181279,-123.7442730387,45.6718638119
,USGS_LPC_OR_WesternWildfires_A22_s05220w14370.laz,hard_negative,False,153309092,0.153309,https://rockyweb.usgs.gov/vdelivery/Datasets/Staged/Elevation/LPC/Projects/OR_WesternWildfires_A22/OR_WWildfires_2_A22/LAZ/USGS_LPC_OR_WesternWildfires_A22_s05220w14370.laz,0,0,0,0,0.0,0.0,5.8,,,,,9.8001,,-123.5914152872,45.651327776,-123.5792518612,45.6598576366
,USGS_LPC_OR_WesternWildfires_A22_s04830w14460.laz,hard_negative,False,198857226,0.198857,https://rockyweb.usgs.gov/vdelivery/Datasets/Staged/Elevation/LPC/Projects/OR_WesternWildfires_A22/OR_WWildfires_2_A22/LAZ/USGS_LPC_OR_WesternWildfires_A22_s04830w14460.laz,0,0,0,0,0.0,0.0,5.799,,,,,9.7987,,-123.7452002719,45.6718638148,-123.7330113883,45.6804083713
,USGS_LPC_OR_WesternWildfires_A22_s04470w13950.laz,positive_diversity,False,180385870,0.180386,https://rockyweb.usgs.gov/vdelivery/Datasets/Staged/Elevation/LPC/Projects/OR_WesternWildfires_A22/OR_WWildfires_2_A22/LAZ/USGS_LPC_OR_WesternWildfires_A22_s04470w13950.laz,0,1,0,2,3930.723,0.0,5.797,,,,,9.797,,-123.8777073724,45.5281405644,-123.8655307299,45.5366985794
,USGS_LPC_OR_WesternWildfires_A22_s04530w13920.laz,positive_diversity,False,107916176,0.107916,https://rockyweb.usgs.gov/vdelivery/Datasets/Staged/Elevation/LPC/Projects/OR_WesternWildfires_A22/OR_WWildfires_2_A22/LAZ/USGS_LPC_OR_WesternWildfires_A22_s04530w13920.laz,0,1,1,1,30215.717,0.0,4.262,,,,,9.7622,,-123.8538353481,45.5229908828,-123.8418023888,45.5291502525
75,USGS_LPC_OR_WesternWildfires_A22_s05220w14280.laz,hard_negative,False,148298145,0.148298,https://rockyweb.usgs.gov/vdelivery/Datasets/Staged/Elevation/LPC/Projects/OR_WesternWildfires_A22/OR_WWildfires_2_A22/LAZ/USGS_LPC_OR_WesternWildfires_A22_s05220w14280.laz,0,0,0,0,0.0,0.0,5.762,,,,,9.7618,hard_negative; additional_new_polygons=0; selected_spatial_novelty_km=3.30; downloaded=no,-123.5900909714,45.6266652065,-123.5779329348,45.6351950665
,USGS_LPC_OR_WesternWildfires_A22_s05280w14460.laz,hard_negative,False,162454700,0.162455,https://rockyweb.usgs.gov/vdelivery/Datasets/Staged/Elevation/LPC/Projects/OR_WesternWildfires_A22/OR_WWildfires_2_A22/LAZ/USGS_LPC_OR_WesternWildfires_A22_s05280w14460.laz,0,0,0,0,0.0,0.0,5.762,,,,,9.7616,,-123.5692835047,45.6766071423,-123.5571177793,45.6851347383
,USGS_LPC_OR_WesternWildfires_A22_s04830w13680.laz,positive_diversity,False,208277238,0.208277,https://rockyweb.usgs.gov/vdelivery/Datasets/Staged/Elevation/LPC/Projects/OR_WesternWildfires_A22/OR_WWildfires_2_A22/LAZ/USGS_LPC_OR_WesternWildfires_A22_s04830w13680.laz,0,1,0,2,3460.099,0.0,5.761,,,,,9.7614,,-123.733187355,45.4581272401,-123.721045204,45.466671702
64,USGS_LPC_OR_WesternWildfires_A22_s05250w13320.laz,hard_negative,False,141753650,0.141754,https://rockyweb.usgs.gov/vdelivery/Datasets/Staged/Elevation/LPC/Projects/OR_WesternWildfires_A22/OR_WWildfires_2_A22/LAZ/USGS_LPC_OR_WesternWildfires_A22_s05250w13320.laz,0,0,0,0,0.0,0.0,5.717,,,,,9.7171,hard_negative; additional_new_polygons=0; selected_spatial_novelty_km=8.18; downloaded=no,-123.5643698619,45.363882752,-123.5522705479,45.3724113863
,USGS_LPC_OR_WesternWildfires_A22_s04560w14040.laz,hard_negative,False,227004850,0.227005,https://rockyweb.usgs.gov/vdelivery/Datasets/Staged/Elevation/LPC/Projects/OR_WesternWildfires_A22/OR_WWildfires_2_A22/LAZ/USGS_LPC_OR_WesternWildfires_A22_s04560w14040.laz,0,0,0,0,0.0,0.0,5.712,,,,,9.7124,,-123.8440463099,45.5538112612,-123.8318688496,45.5623659181
,USGS_LPC_OR_WesternWildfires_A22_s04770w14490.laz,hard_negative,False,182504601,0.182505,https://rockyweb.usgs.gov/vdelivery/Datasets/Staged/Elevation/LPC/Projects/OR_WesternWildfires_A22/OR_WWildfires_2_A22/LAZ/USGS_LPC_OR_WesternWildfires_A22_s04770w14490.laz,0,0,0,0,0.0,0.0,5.712,,,,,9.712,,-123.7691207862,45.6794313967,-123.7569270185,45.6879782133
,USGS_LPC_OR_WesternWildfires_A22_s04830w13890.laz,hard_negative,False,186048695,0.186049,https://rockyweb.usgs.gov/vdelivery/Datasets/Staged/Elevation/LPC/Projects/OR_WesternWildfires_A22/OR_WWildfires_2_A22/LAZ/USGS_LPC_OR_WesternWildfires_A22_s04830w13890.laz,0,0,0,0,0.0,0.0,5.552,,,,,9.5515,,-123.7364128486,45.5156743999,-123.724258151,45.5242188984
,USGS_LPC_OR_WesternWildfires_A22_s05280w14490.laz,hard_negative,False,202348810,0.202349,https://rockyweb.usgs.gov/vdelivery/Datasets/Staged/Elevation/LPC/Projects/OR_WesternWildfires_A22/OR_WWildfires_2_A22/LAZ/USGS_LPC_OR_WesternWildfires_A22_s05280w14490.laz,0,0,0,0,0.0,0.0,5.551,,,,,9.5512,,-123.5697222275,45.6848278703,-123.5575547038,45.6933554653
,USGS_LPC_OR_WesternWildfires_A22_s04560w14430.laz,positive_diversity,False,75042154,0.075042,https://rockyweb.usgs.gov/vdelivery/Datasets/Staged/Elevation/LPC/Projects/OR_WesternWildfires_A22/OR_WWildfires_2_A22/LAZ/USGS_LPC_OR_WesternWildfires_A22_s04560w14430.laz,0,1,3,0,269268.549,0.0,0.0,,,,,9.5,,-123.8502573968,45.6606713178,-123.8380564835,45.6692260282
,USGS_LPC_OR_WesternWildfires_A22_s04680w13410.laz,positive_diversity,False,106425088,0.106425,https://rockyweb.usgs.gov/vdelivery/Datasets/Staged/Elevation/LPC/Projects/OR_WesternWildfires_A22/OR_WWildfires_2_A22/LAZ/USGS_LPC_OR_WesternWildfires_A22_s04680w13410.laz,0,1,3,0,115621.37,0.0,0.0,,,,,9.5,,-123.7867828167,45.382520499,-123.7752572437,45.3910533583
,USGS_LPC_OR_WesternWildfires_A22_s05220w13320.laz,hard_negative,False,157149620,0.15715,https://rockyweb.usgs.gov/vdelivery/Datasets/Staged/Elevation/LPC/Projects/OR_WesternWildfires_A22/OR_WWildfires_2_A22/LAZ/USGS_LPC_OR_WesternWildfires_A22_s05220w13320.laz,0,0,0,0,0.0,0.0,5.493,,,,,9.493,,-123.5760351817,45.3635751898,-123.5639343365,45.37210495
99,USGS_LPC_OR_WesternWildfires_A22_s05280w13890.laz,hard_negative,False,211528807,0.211529,https://rockyweb.usgs.gov/vdelivery/Datasets/Staged/Elevation/LPC/Projects/OR_WesternWildfires_A22/OR_WWildfires_2_A22/LAZ/USGS_LPC_OR_WesternWildfires_A22_s05280w13890.laz,0,0,0,0,0.0,0.0,5.492,,,,,9.4925,hard_negative; additional_new_polygons=0; selected_spatial_novelty_km=2.04; downloaded=no,-123.5609715228,45.5204053253,-123.5488398638,45.5289329075
,USGS_LPC_OR_WesternWildfires_A22_s05190w14340.laz,hard_negative,False,173969248,0.173969,https://rockyweb.usgs.gov/vdelivery/Datasets/Staged/Elevation/LPC/Projects/OR_WesternWildfires_A22/OR_WWildfires_2_A22/LAZ/USGS_LPC_OR_WesternWildfires_A22_s05190w14340.laz,0,0,0,0,0.0,0.0,5.491,,,,,9.4913,,-123.6026954618,45.6427967816,-123.590532288,45.6513277732
,USGS_LPC_OR_WesternWildfires_A22_s04860w14490.laz,hard_negative,False,159077739,0.159078,https://rockyweb.usgs.gov/vdelivery/Datasets/Staged/Elevation/LPC/Projects/OR_WesternWildfires_A22/OR_WWildfires_2_A22/LAZ/USGS_LPC_OR_WesternWildfires_A22_s04860w14490.laz,0,0,0,0,0.0,0.0,5.49,,,,,9.4901,,-123.7339355417,45.6804083741,-123.7217463941,45.6889518024
,USGS_LPC_OR_WesternWildfires_A22_s04830w13920.laz,hard_negative,False,223437426,0.223437,https://rockyweb.usgs.gov/vdelivery/Datasets/Staged/Elevation/LPC/Projects/OR_WesternWildfires_A22/OR_WWildfires_2_A22/LAZ/USGS_LPC_OR_WesternWildfires_A22_s04830w13920.laz,0,0,0,0,0.0,0.0,5.489,,,,,9.4893,,-123.7368741586,45.5238952646,-123.7247176664,45.5324397677
,USGS_LPC_OR_WesternWildfires_A22_s04560w14070.laz,hard_negative,False,178835644,0.178836,https://rockyweb.usgs.gov/vdelivery/Datasets/Staged/Elevation/LPC/Projects/OR_WesternWildfires_A22/OR_WWildfires_2_A22/LAZ/USGS_LPC_OR_WesternWildfires_A22_s04560w14070.laz,0,0,0,0,0.0,0.0,5.488,,,,,9.4881,,-123.8445232685,45.5620315151,-123.8323440074,45.5705861771
,USGS_LPC_OR_WesternWildfires_A22_s04770w14460.laz,hard_negative,False,166759883,0.16676,https://rockyweb.usgs.gov/vdelivery/Datasets/Staged/Elevation/LPC/Projects/OR_WesternWildfires_A22/OR_WWildfires_2_A22/LAZ/USGS_LPC_OR_WesternWildfires_A22_s04770w14460.laz,0,0,0,0,0.0,0.0,5.488,,,,,9.4878,,-123.7686536239,45.6712114123,-123.7564616616,45.6797582271
,USGS_LPC_OR_WesternWildfires_A22_s04560w13980.laz,hard_negative,False,224459952,0.22446,https://rockyweb.usgs.gov/vdelivery/Datasets/Staged/Elevation/LPC/Projects/OR_WesternWildfires_A22/OR_WWildfires_2_A22/LAZ/USGS_LPC_OR_WesternWildfires_A22_s04560w13980.laz,0,0,0,0,0.0,0.0,5.488,,,,,9.4877,,-123.8430928004,45.5373706311,-123.8309189403,45.5459252773
,USGS_LPC_OR_WesternWildfires_A22_s04830w13860.laz,hard_negative,False,182352405,0.182352,https://rockyweb.usgs.gov/vdelivery/Datasets/Staged/Elevation/LPC/Projects/OR_WesternWildfires_A22/OR_WWildfires_2_A22/LAZ/USGS_LPC_OR_WesternWildfires_A22_s04830w13860.laz,0,0,0,0,0.0,0.0,5.48,,,,,9.4801,,-123.73595167,45.5074534953,-123.7237987664,45.5159979891
,USGS_LPC_OR_WesternWildfires_A22_s05280w14520.laz,hard_negative,False,187255614,0.187256,https://rockyweb.usgs.gov/vdelivery/Datasets/Staged/Elevation/LPC/Projects/OR_WesternWildfires_A22/OR_WWildfires_2_A22/LAZ/USGS_LPC_OR_WesternWildfires_A22_s05280w14520.laz,0,0,0,0,0.0,0.0,5.48,,,,,9.4799,,-123.5701610757,45.693048555,-123.5579917532,45.7015761488
,USGS_LPC_OR_WesternWildfires_A22_s04560w14160.laz,hard_negative,False,189709690,0.18971,https://rockyweb.usgs.gov/vdelivery/Datasets/Staged/Elevation/LPC/Projects/OR_WesternWildfires_A22/OR_WWildfires_2_A22/LAZ/USGS_LPC_OR_WesternWildfires_A22_s04560w14160.laz,0,0,0,0,0.0,0.0,5.48,,,,,9.4797,,-123.8459549606,45.5866920305,-123.8337702937,45.5952467068
,USGS_LPC_OR_WesternWildfires_A22_s04530w14190.laz,hard_negative,False,180590430,0.18059,https://rockyweb.usgs.gov/vdelivery/Datasets/Staged/Elevation/LPC/Projects/OR_WesternWildfires_A22/OR_WWildfires_2_A22/LAZ/USGS_LPC_OR_WesternWildfires_A22_s04530w14190.laz,0,0,0,0,0.0,0.0,5.48,,,,,9.4796,,-123.8581429658,45.594576357,-123.8459549647,45.6031321641
,USGS_LPC_OR_WesternWildfires_A22_s04770w14370.laz,hard_negative,False,211853777,0.211854,https://rockyweb.usgs.gov/vdelivery/Datasets/Staged/Elevation/LPC/Projects/OR_WesternWildfires_A22/OR_WWildfires_2_A22/LAZ/USGS_LPC_OR_WesternWildfires_A22_s04770w14370.laz,0,0,0,0,0.0,0.0,5.48,,,,,9.4796,,-123.7672529374,45.6465512006,-123.7550663881,45.6550980094
,USGS_LPC_OR_WesternWildfires_A22_s04770w13620.laz,positive_diversity,False,62532109,0.062532,https://rockyweb.usgs.gov/vdelivery/Datasets/Staged/Elevation/LPC/Projects/OR_WesternWildfires_A22/OR_WWildfires_2_A22/LAZ/USGS_LPC_OR_WesternWildfires_A22_s04770w13620.laz,0,1,0,2,128172.95,0.0,5.461,,,,,9.4607,,-123.7499213885,45.4411941211,-123.7434854165,45.4495816533
,USGS_LPC_OR_WesternWildfires_A22_s05160w13320.laz,hard_negative,False,156808522,0.156809,https://rockyweb.usgs.gov/vdelivery/Datasets/Staged/Elevation/LPC/Projects/OR_WesternWildfires_A22/OR_WWildfires_2_A22/LAZ/USGS_LPC_OR_WesternWildfires_A22_s05160w13320.laz,0,0,0,0,0.0,0.0,5.446,,,,,9.4462,,-123.5993654481,45.3629565611,-123.5872615422,45.3714885725
,USGS_LPC_OR_WesternWildfires_A22_s05280w13830.laz,hard_negative,False,212774045,0.212774,https://rockyweb.usgs.gov/vdelivery/Datasets/Staged/Elevation/LPC/Projects/OR_WesternWildfires_A22/OR_WWildfires_2_A22/LAZ/USGS_LPC_OR_WesternWildfires_A22_s05280w13830.laz,0,0,0,0,0.0,0.0,5.446,,,,,9.4457,,-123.5600991943,45.5039621727,-123.5479711102,45.51248975
,USGS_LPC_OR_WesternWildfires_A22_s04950w13470.laz,hard_negative,False,95929997,0.09593,https://rockyweb.usgs.gov/vdelivery/Datasets/Staged/Elevation/LPC/Projects/OR_WesternWildfires_A22/OR_WWildfires_2_A22/LAZ/USGS_LPC_OR_WesternWildfires_A22_s04950w13470.laz,0,0,0,0,0.0,0.0,5.445,,,,,9.4452,,-123.6830978094,45.4018630474,-123.6711561972,45.4070996768
,USGS_LPC_OR_WesternWildfires_A22_s05190w14280.laz,hard_negative,False,188865111,0.188865,https://rockyweb.usgs.gov/vdelivery/Datasets/Staged/Elevation/LPC/Projects/OR_WesternWildfires_A22/OR_WWildfires_2_A22/LAZ/USGS_LPC_OR_WesternWildfires_A22_s05190w14280.laz,0,0,0,0,0.0,0.0,5.445,,,,,9.4449,,-123.6018093694,45.6263551117,-123.5896497888,45.6348861024
83,USGS_LPC_OR_WesternWildfires_A22_s04830w13830.laz,hard_negative,False,176956288,0.176956,https://rockyweb.usgs.gov/vdelivery/Datasets/Staged/Elevation/LPC/Projects/OR_WesternWildfires_A22/OR_WWildfires_2_A22/LAZ/USGS_LPC_OR_WesternWildfires_A22_s04830w13830.laz,0,0,0,0,0.0,0.0,5.444,,,,,9.4445,hard_negative; additional_new_polygons=0; selected_spatial_novelty_km=2.89; downloaded=no,-123.7354906228,45.499232551,-123.7233395126,45.5077770399
,USGS_LPC_OR_WesternWildfires_A22_s04860w14550.laz,hard_negative,False,175066273,0.175066,https://rockyweb.usgs.gov/vdelivery/Datasets/Staged/Elevation/LPC/Projects/OR_WesternWildfires_A22/OR_WWildfires_2_A22/LAZ/USGS_LPC_OR_WesternWildfires_A22_s04860w14550.laz,0,0,0,0,0.0,0.0,5.444,,,,,9.444,,-123.7348602274,45.6968484821,-123.7226674699,45.7053919123
67,USGS_LPC_OR_WesternWildfires_A22_s04770w14340.laz,hard_negative,False,191023895,0.191024,https://rockyweb.usgs.gov/vdelivery/Datasets/Staged/Elevation/LPC/Projects/OR_WesternWildfires_A22/OR_WWildfires_2_A22/LAZ/USGS_LPC_OR_WesternWildfires_A22_s04770w14340.laz,0,0,0,0,0.0,0.0,5.444,,,,,9.4436,hard_negative; additional_new_polygons=0; selected_spatial_novelty_km=6.59; downloaded=no,-123.7667863084,45.6383310446,-123.7546015624,45.646877851
,USGS_LPC_OR_WesternWildfires_A22_s04560w14130.laz,hard_negative,False,167603180,0.167603,https://rockyweb.usgs.gov/vdelivery/Datasets/Staged/Elevation/LPC/Projects/OR_WesternWildfires_A22/OR_WWildfires_2_A22/LAZ/USGS_LPC_OR_WesternWildfires_A22_s04560w14130.laz,0,0,0,0,0.0,0.0,5.443,,,,,9.4428,,-123.8454775938,45.5784718999,-123.8332947293,45.5870265717
,USGS_LPC_OR_WesternWildfires_A22_s04770w14400.laz,hard_negative,False,157296856,0.157297,https://rockyweb.usgs.gov/vdelivery/Datasets/Staged/Elevation/LPC/Projects/OR_WesternWildfires_A22/OR_WWildfires_2_A22/LAZ/USGS_LPC_OR_WesternWildfires_A22_s04770w14400.laz,0,0,0,0,0.0,0.0,5.443,,,,,9.4426,,-123.7677196996,45.6547713141,-123.7555313464,45.663318125
,USGS_LPC_OR_WesternWildfires_A22_s04560w14190.laz,hard_negative,False,196629177,0.196629,https://rockyweb.usgs.gov/vdelivery/Datasets/Staged/Elevation/LPC/Projects/OR_WesternWildfires_A22/OR_WWildfires_2_A22/LAZ/USGS_LPC_OR_WesternWildfires_A22_s04560w14190.laz,0,0,0,0,0.0,0.0,5.442,,,,,9.4425,,-123.8464324636,45.5949121195,-123.8342459936,45.6034668003
,USGS_LPC_OR_WesternWildfires_A22_s04920w13470.laz,hard_negative,False,28055156,0.028055,https://rockyweb.usgs.gov/vdelivery/Datasets/Staged/Elevation/LPC/Projects/OR_WesternWildfires_A22/OR_WWildfires_2_A22/LAZ/USGS_LPC_OR_WesternWildfires_A22_s04920w13470.laz,0,0,0,0,0.0,0.0,5.431,,,,,9.4308,,-123.6891976404,45.4016959752,-123.6828270041,45.406608205
,USGS_LPC_OR_WesternWildfires_A22_s05190w13320.laz,hard_negative,False,135941497,0.135941,https://rockyweb.usgs.gov/vdelivery/Datasets/Staged/Elevation/LPC/Projects/OR_WesternWildfires_A22/OR_WWildfires_2_A22/LAZ/USGS_LPC_OR_WesternWildfires_A22_s05190w13320.laz,0,0,0,0,0.0,0.0,5.416,,,,,9.4158,,-123.5877003773,45.3632664595,-123.5755980015,45.3717973454
,USGS_LPC_OR_WesternWildfires_A22_s05280w13860.laz,hard_negative,False,236765459,0.236765,https://rockyweb.usgs.gov/vdelivery/Datasets/Staged/Elevation/LPC/Projects/OR_WesternWildfires_A22/OR_WWildfires_2_A22/LAZ/USGS_LPC_OR_WesternWildfires_A22_s05280w13860.laz,0,0,0,0,0.0,0.0,5.415,,,,,9.4155,,-123.5605352964,45.5121837688,-123.5484054251,45.5207113487
,USGS_LPC_OR_WesternWildfires_A22_s05190w14310.laz,hard_negative,False,181454142,0.181454,https://rockyweb.usgs.gov/vdelivery/Datasets/Staged/Elevation/LPC/Projects/OR_WesternWildfires_A22/OR_WWildfires_2_A22/LAZ/USGS_LPC_OR_WesternWildfires_A22_s05190w14310.laz,0,0,0,0,0.0,0.0,5.414,,,,,9.4143,,-123.6022523523,45.6345759678,-123.5900909754,45.643106959
,USGS_LPC_OR_WesternWildfires_A22_s04440w13950.laz,positive_diversity,False,168604555,0.168605,https://rockyweb.usgs.gov/vdelivery/Datasets/Staged/Elevation/LPC/Projects/OR_WesternWildfires_A22/OR_WWildfires_2_A22/LAZ/USGS_LPC_OR_WesternWildfires_A22_s04440w13950.laz,0,1,0,1,4469.228,0.0,6.413,,,,,9.4133,,-123.8894041396,45.5278016588,-123.877225971,45.5363607982
,USGS_LPC_OR_WesternWildfires_A22_s04860w14520.laz,hard_negative,False,188680925,0.188681,https://rockyweb.usgs.gov/vdelivery/Datasets/Staged/Elevation/LPC/Projects/OR_WesternWildfires_A22/OR_WWildfires_2_A22/LAZ/USGS_LPC_OR_WesternWildfires_A22_s04860w14520.laz,0,0,0,0,0.0,0.0,5.413,,,,,9.4131,,-123.7343978185,45.6886284499,-123.7222068662,45.6971718792
69,USGS_LPC_OR_WesternWildfires_A22_s04800w13920.laz,hard_negative,False,241572140,0.241572,https://rockyweb.usgs.gov/vdelivery/Datasets/Staged/Elevation/LPC/Projects/OR_WesternWildfires_A22/OR_WWildfires_2_A22/LAZ/USGS_LPC_OR_WesternWildfires_A22_s04800w13920.laz,0,0,0,0,0.0,0.0,5.412,,,,,9.412,hard_negative; additional_new_polygons=0; selected_spatial_novelty_km=5.78; downloaded=no,-123.7485708769,45.5235704569,-123.7364128527,45.5321160864
,USGS_LPC_OR_WesternWildfires_A22_s04830w13800.laz,hard_negative,False,184838579,0.184839,https://rockyweb.usgs.gov/vdelivery/Datasets/Staged/Elevation/LPC/Projects/OR_WesternWildfires_A22/OR_WWildfires_2_A22/LAZ/USGS_LPC_OR_WesternWildfires_A22_s04830w13800.laz,0,0,0,0,0.0,0.0,5.412,,,,,9.4117,,-123.7350297069,45.4910115672,-123.7228803896,45.499556051
,USGS_LPC_OR_WesternWildfires_A22_s04560w14100.laz,hard_negative,False,165301508,0.165302,https://rockyweb.usgs.gov/vdelivery/Datasets/Staged/Elevation/LPC/Projects/OR_WesternWildfires_A22/OR_WWildfires_2_A22/LAZ/USGS_LPC_OR_WesternWildfires_A22_s04560w14100.laz,0,0,0,0,0.0,0.0,5.411,,,,,9.4109,,-123.8450003631,45.5702517281,-123.8328193006,45.5788063951
,USGS_LPC_OR_WesternWildfires_A22_s04590w13980.laz,hard_negative,False,245258742,0.245259,https://rockyweb.usgs.gov/vdelivery/Datasets/Staged/Elevation/LPC/Projects/OR_WesternWildfires_A22/OR_WWildfires_2_A22/LAZ/USGS_LPC_OR_WesternWildfires_A22_s04590w13980.laz,0,0,0,0,0.0,0.0,5.411,,,,,9.4107,,-123.8313938232,45.5377048987,-123.8192214918,45.5462584196
,USGS_LPC_OR_WesternWildfires_A22_s04770w14430.laz,hard_negative,False,183391200,0.183391,https://rockyweb.usgs.gov/vdelivery/Datasets/Staged/Elevation/LPC/Projects/OR_WesternWildfires_A22/OR_WWildfires_2_A22/LAZ/USGS_LPC_OR_WesternWildfires_A22_s04770w14430.laz,0,0,0,0,0.0,0.0,5.411,,,,,9.4106,,-123.7681865951,45.6629913847,-123.7559964376,45.6715381977
,USGS_LPC_OR_WesternWildfires_A22_s04530w14070.laz,positive_diversity,False,168167132,0.168167,https://rockyweb.usgs.gov/vdelivery/Datasets/Staged/Elevation/LPC/Projects/OR_WesternWildfires_A22/OR_WWildfires_2_A22/LAZ/USGS_LPC_OR_WesternWildfires_A22_s04530w14070.laz,0,1,0,1,10527.142,0.0,6.391,,,,,9.391,,-123.8562271045,45.5616959376,-123.8440463139,45.5702517252
,USGS_LPC_OR_WesternWildfires_A22_s04830w13560.laz,positive_diversity,False,33293257,0.033293,https://rockyweb.usgs.gov/vdelivery/Datasets/Staged/Elevation/LPC/Projects/OR_WesternWildfires_A22/OR_WWildfires_2_A22/LAZ/USGS_LPC_OR_WesternWildfires_A22_s04830w13560.laz,0,1,0,1,674.657,0.0,6.358,,,,,9.3579,,-123.7313470992,45.4311896452,-123.7195434709,45.4337867318
,USGS_LPC_OR_WesternWildfires_A22_s04530w14100.laz,positive_diversity,False,188932514,0.188933,https://rockyweb.usgs.gov/vdelivery/Datasets/Staged/Elevation/LPC/Projects/OR_WesternWildfires_A22/OR_WWildfires_2_A22/LAZ/USGS_LPC_OR_WesternWildfires_A22_s04530w14100.laz,0,1,0,1,20897.199,0.0,6.325,,,,,9.3249,,-123.856705865,45.5699161043,-123.8445232726,45.5784718971
81,USGS_LPC_OR_WesternWildfires_A22_s05310w13950.laz,hard_negative,False,212083396,0.212083,https://rockyweb.usgs.gov/vdelivery/Datasets/Staged/Elevation/LPC/Projects/OR_WesternWildfires_A22/OR_WWildfires_2_A22/LAZ/USGS_LPC_OR_WesternWildfires_A22_s05310w13950.laz,0,0,0,0,0.0,0.0,5.297,,,,,9.297,hard_negative; additional_new_polygons=0; selected_spatial_novelty_km=3.30; downloaded=no,-123.5501439188,45.5371544293,-123.5380102239,45.5456808864
,USGS_LPC_OR_WesternWildfires_A22_s04800w14400.laz,hard_negative,False,189653646,0.189654,https://rockyweb.usgs.gov/vdelivery/Datasets/Staged/Elevation/LPC/Projects/OR_WesternWildfires_A22/OR_WWildfires_2_A22/LAZ/USGS_LPC_OR_WesternWildfires_A22_s04800w14400.laz,0,0,0,0,0.0,0.0,5.296,,,,,9.2956,,-123.7559964335,45.6550980123,-123.7438096187,45.6636436945
,USGS_LPC_OR_WesternWildfires_A22_s05310w13770.laz,hard_negative,False,178704003,0.178704,https://rockyweb.usgs.gov/vdelivery/Datasets/Staged/Elevation/LPC/Projects/OR_WesternWildfires_A22/OR_WWildfires_2_A22/LAZ/USGS_LPC_OR_WesternWildfires_A22_s05310w13770.laz,0,0,0,0,0.0,0.0,5.273,,,,,9.2727,,-123.5475369148,45.48782472,-123.5354139419,45.4963511631
,USGS_LPC_OR_WesternWildfires_A22_s05190w14370.laz,hard_negative,False,146952044,0.146952,https://rockyweb.usgs.gov/vdelivery/Datasets/Staged/Elevation/LPC/Projects/OR_WesternWildfires_A22/OR_WWildfires_2_A22/LAZ/USGS_LPC_OR_WesternWildfires_A22_s05190w14370.laz,0,0,0,0,0.0,0.0,5.271,,,,,9.2714,,-123.6031386978,45.6510175531,-123.5909737266,45.6595485448
,USGS_LPC_OR_WesternWildfires_A22_s04860w14460.laz,hard_negative,False,174159117,0.174159,https://rockyweb.usgs.gov/vdelivery/Datasets/Staged/Elevation/LPC/Projects/OR_WesternWildfires_A22/OR_WWildfires_2_A22/LAZ/USGS_LPC_OR_WesternWildfires_A22_s04860w14460.laz,0,0,0,0,0.0,0.0,5.27,,,,,9.2701,,-123.733473397,45.6721882551,-123.7212860535,45.6807316822
,USGS_LPC_OR_WesternWildfires_A22_s04800w13890.laz,hard_negative,False,246361791,0.246362,https://rockyweb.usgs.gov/vdelivery/Datasets/Staged/Elevation/LPC/Projects/OR_WesternWildfires_A22/OR_WWildfires_2_A22/LAZ/USGS_LPC_OR_WesternWildfires_A22_s04800w13890.laz,0,0,0,0,0.0,0.0,5.269,,,,,9.2691,,-123.7481079034,45.5153496369,-123.7359516741,45.5238952618
,USGS_LPC_OR_WesternWildfires_A22_s04590w14010.laz,hard_negative,False,208855707,0.208856,https://rockyweb.usgs.gov/vdelivery/Datasets/Staged/Elevation/LPC/Projects/OR_WesternWildfires_A22/OR_WWildfires_2_A22/LAZ/USGS_LPC_OR_WesternWildfires_A22_s04590w14010.laz,0,0,0,0,0.0,0.0,5.269,,,,,9.2687,,-123.8318688456,45.5459252801,-123.8196947148,45.5544788063
,USGS_LPC_OR_WesternWildfires_A22_s05160w13980.laz,positive_diversity,False,135954944,0.135955,https://rockyweb.usgs.gov/vdelivery/Datasets/Staged/Elevation/LPC/Projects/OR_WesternWildfires_A22/OR_WWildfires_2_A22/LAZ/USGS_LPC_OR_WesternWildfires_A22_s05160w13980.laz,0,1,1,3,126111.539,0.0,1.759,,,,,9.2589,,-123.6090880791,45.5438334276,-123.5969448936,45.5523655329
,USGS_LPC_OR_WesternWildfires_A22_s04950w13800.laz,positive_diversity,False,167717176,0.167717,https://rockyweb.usgs.gov/vdelivery/Datasets/Staged/Elevation/LPC/Projects/OR_WesternWildfires_A22/OR_WWildfires_2_A22/LAZ/USGS_LPC_OR_WesternWildfires_A22_s04950w13800.laz,0,1,1,3,149157.068,0.0,1.758,,,,,9.2577,,-123.6882681308,45.4922983777,-123.6761249405,45.5008383563
,USGS_LPC_OR_WesternWildfires_A22_s04590w14520.laz,positive_diversity,False,142147702,0.142148,https://rockyweb.usgs.gov/vdelivery/Datasets/Staged/Elevation/LPC/Projects/OR_WesternWildfires_A22/OR_WWildfires_2_A22/LAZ/USGS_LPC_OR_WesternWildfires_A22_s04590w14520.laz,0,1,1,2,21302.914,0.0,2.74,,,,,9.2398,,-123.8399649905,45.6856654094,-123.8277601884,45.6942190001
,USGS_LPC_OR_WesternWildfires_A22_s05280w13800.laz,hard_negative,False,152706839,0.152707,https://rockyweb.usgs.gov/vdelivery/Datasets/Staged/Elevation/LPC/Projects/OR_WesternWildfires_A22/OR_WWildfires_2_A22/LAZ/USGS_LPC_OR_WesternWildfires_A22_s05280w13800.laz,0,0,0,0,0.0,0.0,5.124,,,,,9.1243,,-123.5596632163,45.4957405372,-123.5475369189,45.5042681118
,USGS_LPC_OR_WesternWildfires_A22_s05280w14220.laz,positive_diversity,False,229600614,0.229601,https://rockyweb.usgs.gov/vdelivery/Datasets/Staged/Elevation/LPC/Projects/OR_WesternWildfires_A22/OR_WWildfires_2_A22/LAZ/USGS_LPC_OR_WesternWildfires_A22_s05280w14220.laz,0,1,0,2,42775.784,0.0,5.124,,,,,9.124,,-123.5657782296,45.6108397828,-123.5536268712,45.6193673803
,USGS_LPC_OR_WesternWildfires_A22_s05220w14400.laz,hard_negative,False,159075908,0.159076,https://rockyweb.usgs.gov/vdelivery/Datasets/Staged/Elevation/LPC/Projects/OR_WesternWildfires_A22/OR_WWildfires_2_A22/LAZ/USGS_LPC_OR_WesternWildfires_A22_s05220w14400.laz,0,0,0,0,0.0,0.0,5.123,,,,,9.1234,,-123.5918569779,45.6595485477,-123.5796917545,45.6680784081
,USGS_LPC_OR_WesternWildfires_A22_s04830w14430.laz,hard_negative,False,212456325,0.212456,https://rockyweb.usgs.gov/vdelivery/Datasets/Staged/Elevation/LPC/Projects/OR_WesternWildfires_A22/OR_WWildfires_2_A22/LAZ/USGS_LPC_OR_WesternWildfires_A22_s04830w14430.laz,0,0,0,0,0.0,0.0,5.122,,,,,9.1222,,-123.7447365871,45.6636436973,-123.7325495075,45.6721882523
,USGS_LPC_OR_WesternWildfires_A22_s04770w13920.laz,hard_negative,False,225933678,0.225934,https://rockyweb.usgs.gov/vdelivery/Datasets/Staged/Elevation/LPC/Projects/OR_WesternWildfires_A22/OR_WWildfires_2_A22/LAZ/USGS_LPC_OR_WesternWildfires_A22_s04770w13920.laz,0,0,0,0,0.0,0.0,5.122,,,,,9.1215,,-123.7602674633,45.5232444782,-123.7481079075,45.531791234
,USGS_LPC_OR_WesternWildfires_A22_s04620w13980.laz,hard_negative,False,232301458,0.232301,https://rockyweb.usgs.gov/vdelivery/Datasets/Staged/Elevation/LPC/Projects/OR_WesternWildfires_A22/OR_WWildfires_2_A22/LAZ/USGS_LPC_OR_WesternWildfires_A22_s04620w13980.laz,0,0,0,0,0.0,0.0,5.121,,,,,9.1213,,-123.8196947107,45.5380379951,-123.8075239086,45.5465903905
,USGS_LPC_OR_WesternWildfires_A22_s04830w13650.laz,positive_diversity,False,200974255,0.200974,https://rockyweb.usgs.gov/vdelivery/Datasets/Staged/Elevation/LPC/Projects/OR_WesternWildfires_A22/OR_WWildfires_2_A22/LAZ/USGS_LPC_OR_WesternWildfires_A22_s04830w13650.laz,0,1,0,1,2228.718,0.0,6.102,,,,,9.1023,,-123.7327270946,45.4499060612,-123.720586734,45.4584505173
,USGS_LPC_OR_WesternWildfires_A22_s04920w13620.laz,positive_diversity,False,289288778,0.289289,https://rockyweb.usgs.gov/vdelivery/Datasets/Staged/Elevation/LPC/Projects/OR_WesternWildfires_A22/OR_WWildfires_2_A22/LAZ/USGS_LPC_OR_WesternWildfires_A22_s04920w13620.laz,0,1,1,0,163434.402,0.0,4.593,,,,,9.0926,,-123.6972258684,45.4426509084,-123.6850918845,45.4511919826
,USGS_LPC_OR_WesternWildfires_A22_s04650w14550.laz,positive_diversity,False,151919238,0.151919,https://rockyweb.usgs.gov/vdelivery/Datasets/Staged/Elevation/LPC/Projects/OR_WesternWildfires_A22/OR_WWildfires_2_A22/LAZ/USGS_LPC_OR_WesternWildfires_A22_s04650w14550.laz,0,1,0,3,14132.518,0.0,4.058,,,,,9.0577,,-123.816980684,45.6945517981,-123.8047771477,45.7031031339
,USGS_LPC_OR_WesternWildfires_A22_s04890w13710.laz,positive_diversity,False,179709030,0.179709,https://rockyweb.usgs.gov/vdelivery/Datasets/Staged/Elevation/LPC/Projects/OR_WesternWildfires_A22/OR_WWildfires_2_A22/LAZ/USGS_LPC_OR_WesternWildfires_A22_s04890w13710.laz,0,1,1,0,3391.808,0.0,4.516,,,,,9.0157,,-123.7102771862,45.4669938596,-123.6981363044,45.4755360759
,USGS_LPC_OR_WesternWildfires_A22_s04680w13350.laz,positive_diversity,False,61913182,0.061913,https://rockyweb.usgs.gov/vdelivery/Datasets/Staged/Elevation/LPC/Projects/OR_WesternWildfires_A22/OR_WWildfires_2_A22/LAZ/USGS_LPC_OR_WesternWildfires_A22_s04680w13350.laz,0,1,2,2,108362.723,0.0,0.0,,,,,9.0,,-123.7791123754,45.3662677517,-123.7743262298,45.3746107165
,USGS_LPC_OR_WesternWildfires_A22_s05040w13800.laz,positive_diversity,False,194800501,0.194801,https://rockyweb.usgs.gov/vdelivery/Datasets/Staged/Elevation/LPC/Projects/OR_WesternWildfires_A22/OR_WWildfires_2_A22/LAZ/USGS_LPC_OR_WesternWildfires_A22_s05040w13800.laz,0,1,2,2,285526.208,0.0,0.0,,,,,9.0,,-123.653195589,45.4932511954,-123.6410569995,45.5017877933
,USGS_LPC_OR_WesternWildfires_A22_s05130w13530.laz,positive_diversity,False,166583874,0.166584,https://rockyweb.usgs.gov/vdelivery/Datasets/Staged/Elevation/LPC/Projects/OR_WesternWildfires_A22/OR_WWildfires_2_A22/LAZ/USGS_LPC_OR_WesternWildfires_A22_s05130w13530.laz,0,1,2,2,129520.129,0.0,0.0,,,,,9.0,,-123.6141289548,45.4201989299,-123.6020110498,45.4287321062
,USGS_LPC_OR_WesternWildfires_A22_s04770w13650.laz,hard_negative,False,72582688,0.072583,https://rockyweb.usgs.gov/vdelivery/Datasets/Staged/Elevation/LPC/Projects/OR_WesternWildfires_A22/OR_WWildfires_2_A22/LAZ/USGS_LPC_OR_WesternWildfires_A22_s04770w13650.laz,0,0,0,0,0.0,0.0,4.916,,,,,8.9158,,-123.7502420979,45.4494192266,-123.7439470738,45.4578027874
,USGS_LPC_OR_WesternWildfires_A22_s05100w13590.laz,positive_diversity,False,213326379,0.213326,https://rockyweb.usgs.gov/vdelivery/Datasets/Staged/Elevation/LPC/Projects/OR_WesternWildfires_A22/OR_WWildfires_2_A22/LAZ/USGS_LPC_OR_WesternWildfires_A22_s05100w13590.laz,0,1,2,1,115363.975,0.0,0.913,,,,,8.9134,,-123.6266951243,45.4363298095,-123.6145721141,45.4448641223
,USGS_LPC_OR_WesternWildfires_A22_s05310w13980.laz,hard_negative,False,240798911,0.240799,https://rockyweb.usgs.gov/vdelivery/Datasets/Staged/Elevation/LPC/Projects/OR_WesternWildfires_A22/OR_WWildfires_2_A22/LAZ/USGS_LPC_OR_WesternWildfires_A22_s05310w13980.laz,0,0,0,0,0.0,0.0,4.9,,,,,8.8996,,-123.550578853,45.5453759081,-123.5384433692,45.5539023669
,USGS_LPC_OR_WesternWildfires_A22_s04860w13920.laz,hard_negative,False,228648210,0.228648,https://rockyweb.usgs.gov/vdelivery/Datasets/Staged/Elevation/LPC/Projects/OR_WesternWildfires_A22/OR_WWildfires_2_A22/LAZ/USGS_LPC_OR_WesternWildfires_A22_s04860w13920.laz,0,0,0,0,0.0,0.0,4.899,,,,,8.8991,,-123.7251773088,45.5242189012,-123.7130223493,45.5327622777
,USGS_LPC_OR_WesternWildfires_A22_s04800w14370.laz,hard_negative,False,227745061,0.227745,https://rockyweb.usgs.gov/vdelivery/Datasets/Staged/Elevation/LPC/Projects/OR_WesternWildfires_A22/OR_WWildfires_2_A22/LAZ/USGS_LPC_OR_WesternWildfires_A22_s04800w14370.laz,0,0,0,0,0.0,0.0,4.899,,,,,8.8987,,-123.7555313424,45.6468778538,-123.7433463309,45.655423534
,USGS_LPC_OR_WesternWildfires_A22_s04560w14460.laz,positive_diversity,False,88571916,0.088572,https://rockyweb.usgs.gov/vdelivery/Datasets/Staged/Elevation/LPC/Projects/OR_WesternWildfires_A22/OR_WWildfires_2_A22/LAZ/USGS_LPC_OR_WesternWildfires_A22_s04560w14460.laz,0,1,2,1,26960.808,0.0,0.885,,,,,8.8851,,-123.8478731786,45.6689729296,-123.8385334069,45.6774457391
,USGS_LPC_OR_WesternWildfires_A22_s05040w13770.laz,positive_diversity,False,211630036,0.21163,https://rockyweb.usgs.gov/vdelivery/Datasets/Staged/Elevation/LPC/Projects/OR_WesternWildfires_A22/OR_WWildfires_2_A22/LAZ/USGS_LPC_OR_WesternWildfires_A22_s05040w13770.laz,0,1,0,6,78699.994,0.0,0.878,,,,,8.8784,,-123.6527464372,45.4850298637,-123.6406096372,45.4935664574
,USGS_LPC_OR_WesternWildfires_A22_s05250w13350.laz,hard_negative,False,172082760,0.172083,https://rockyweb.usgs.gov/vdelivery/Datasets/Staged/Elevation/LPC/Projects/OR_WesternWildfires_A22/OR_WWildfires_2_A22/LAZ/USGS_LPC_OR_WesternWildfires_A22_s05250w13350.laz,0,0,0,0,0.0,0.0,4.86,,,,,8.86,,-123.5648055151,45.3721049528,-123.5527044224,45.3806335927
,USGS_LPC_OR_WesternWildfires_A22_s05310w13740.laz,hard_negative,False,216890337,0.21689,https://rockyweb.usgs.gov/vdelivery/Datasets/Staged/Elevation/LPC/Projects/OR_WesternWildfires_A22/OR_WWildfires_2_A22/LAZ/USGS_LPC_OR_WesternWildfires_A22_s05310w13740.laz,0,0,0,0,0.0,0.0,4.86,,,,,8.8599,,-123.5471028472,45.479602964,-123.5349816594,45.4881294042
73,USGS_LPC_OR_WesternWildfires_A22_s05160w14370.laz,hard_negative,False,185830850,0.185831,https://rockyweb.usgs.gov/vdelivery/Datasets/Staged/Elevation/LPC/Projects/OR_WesternWildfires_A22/OR_WWildfires_2_A22/LAZ/USGS_LPC_OR_WesternWildfires_A22_s05160w14370.laz,0,0,0,0,0.0,0.0,4.858,,,,,8.8583,hard_negative; additional_new_polygons=0; selected_spatial_novelty_km=4.66; downloaded=no,-123.6148619818,45.6507061564,-123.6026954658,45.6592382791
,USGS_LPC_OR_WesternWildfires_A22_s04890w14460.laz,hard_negative,False,163582813,0.163583,https://rockyweb.usgs.gov/vdelivery/Datasets/Staged/Elevation/LPC/Projects/OR_WesternWildfires_A22/OR_WWildfires_2_A22/LAZ/USGS_LPC_OR_WesternWildfires_A22_s04890w14460.laz,0,0,0,0,0.0,0.0,4.857,,,,,8.8572,,-123.7217463901,45.6725115214,-123.7095605873,45.6810538189
,USGS_LPC_OR_WesternWildfires_A22_s04860w13950.laz,hard_negative,False,214699398,0.214699,https://rockyweb.usgs.gov/vdelivery/Datasets/Staged/Elevation/LPC/Projects/OR_WesternWildfires_A22/OR_WWildfires_2_A22/LAZ/USGS_LPC_OR_WesternWildfires_A22_s04860w13950.laz,0,0,0,0,0.0,0.0,4.857,,,,,8.8566,,-123.7256370862,45.5324397705,-123.7134803321,45.5409831512
,USGS_LPC_OR_WesternWildfires_A22_s04800w13860.laz,hard_negative,False,251075784,0.251076,https://rockyweb.usgs.gov/vdelivery/Datasets/Staged/Elevation/LPC/Projects/OR_WesternWildfires_A22/OR_WWildfires_2_A22/LAZ/USGS_LPC_OR_WesternWildfires_A22_s04800w13860.laz,0,0,0,0,0.0,0.0,4.856,,,,,8.856,,-123.7476450618,45.5071287771,-123.7354906269,45.515674397
,USGS_LPC_OR_WesternWildfires_A22_s04590w14040.laz,hard_negative,False,204304349,0.204304,https://rockyweb.usgs.gov/vdelivery/Datasets/Staged/Elevation/LPC/Projects/OR_WesternWildfires_A22/OR_WWildfires_2_A22/LAZ/USGS_LPC_OR_WesternWildfires_A22_s04590w14040.laz,0,0,0,0,0.0,0.0,4.856,,,,,8.8555,,-123.8323440033,45.5541456209,-123.8201680726,45.5626991522
,USGS_LPC_OR_WesternWildfires_A22_s04680w13800.laz,positive_diversity,False,220434852,0.220435,https://rockyweb.usgs.gov/vdelivery/Datasets/Staged/Elevation/LPC/Projects/OR_WesternWildfires_A22/OR_WWildfires_2_A22/LAZ/USGS_LPC_OR_WesternWildfires_A22_s04680w13800.laz,0,1,2,1,80193.706,0.0,0.841,,,,,8.8407,,-123.7934787207,45.4893767197,-123.7813217564,45.497926831
,USGS_LPC_OR_WesternWildfires_A22_s05310w14220.laz,positive_diversity,False,229042418,0.229042,https://rockyweb.usgs.gov/vdelivery/Datasets/Staged/Elevation/LPC/Projects/OR_WesternWildfires_A22/OR_WWildfires_2_A22/LAZ/USGS_LPC_OR_WesternWildfires_A22_s05310w14220.laz,0,1,0,1,8972.82,0.0,5.801,,,,,8.8009,,-123.5540627948,45.6111462733,-123.5419129812,45.6196727399
,USGS_LPC_OR_WesternWildfires_A22_s05160w13860.laz,positive_diversity,False,257714024,0.257714,https://rockyweb.usgs.gov/vdelivery/Datasets/Staged/Elevation/LPC/Projects/OR_WesternWildfires_A22/OR_WWildfires_2_A22/LAZ/USGS_LPC_OR_WesternWildfires_A22_s05160w13860.laz,0,1,2,0,240247.654,0.0,1.759,,,,,8.7587,,-123.6073157956,45.5109481224,-123.5951797708,45.5194802166
,USGS_LPC_OR_WesternWildfires_A22_s04740w13740.laz,positive_diversity,False,158563353,0.158563,https://rockyweb.usgs.gov/vdelivery/Datasets/Staged/Elevation/LPC/Projects/OR_WesternWildfires_A22/OR_WWildfires_2_A22/LAZ/USGS_LPC_OR_WesternWildfires_A22_s04740w13740.laz,0,1,0,4,27202.638,0.0,2.74,,,,,8.74,,-123.7691681104,45.4735923535,-123.7570177861,45.4821402029
,USGS_LPC_OR_WesternWildfires_A22_s04920w13800.laz,positive_diversity,False,183336810,0.183337,https://rockyweb.usgs.gov/vdelivery/Datasets/Staged/Elevation/LPC/Projects/OR_WesternWildfires_A22/OR_WWildfires_2_A22/LAZ/USGS_LPC_OR_WesternWildfires_A22_s04920w13800.laz,0,1,0,4,29712.858,0.0,2.672,,,,,8.6717,,-123.69995872,45.4919784307,-123.6878139972,45.500519536
,USGS_LPC_OR_WesternWildfires_A22_s05310w14010.laz,hard_negative,False,264771165,0.264771,https://rockyweb.usgs.gov/vdelivery/Datasets/Staged/Elevation/LPC/Projects/OR_WesternWildfires_A22/OR_WWildfires_2_A22/LAZ/USGS_LPC_OR_WesternWildfires_A22_s05310w14010.laz,0,0,0,0,0.0,0.0,4.65,,,,,8.6503,,-123.5510139112,45.5535973466,-123.538876638,45.562123807
,USGS_LPC_OR_WesternWildfires_A22_s04860w13890.laz,hard_negative,False,208543756,0.208544,https://rockyweb.usgs.gov/vdelivery/Datasets/Staged/Elevation/LPC/Projects/OR_WesternWildfires_A22/OR_WWildfires_2_A22/LAZ/USGS_LPC_OR_WesternWildfires_A22_s04860w13890.laz,0,0,0,0,0.0,0.0,4.65,,,,,8.6502,,-123.7247176624,45.5159979919,-123.712564497,45.524541364
82,USGS_LPC_OR_WesternWildfires_A22_s04680w13950.laz,hard_negative,False,166324097,0.166324,https://rockyweb.usgs.gov/vdelivery/Datasets/Staged/Elevation/LPC/Projects/OR_WesternWildfires_A22/OR_WWildfires_2_A22/LAZ/USGS_LPC_OR_WesternWildfires_A22_s04680w13950.laz,0,0,0,0,0.0,0.0,4.65,,,,,8.65,hard_negative; additional_new_polygons=0; selected_spatial_novelty_km=3.77; downloaded=no,-123.7958261869,45.5304801151,-123.7836602424,45.5390302539
,USGS_LPC_OR_WesternWildfires_A22_s05250w14490.laz,hard_negative,False,190524981,0.190525,https://rockyweb.usgs.gov/vdelivery/Datasets/Staged/Elevation/LPC/Projects/OR_WesternWildfires_A22/OR_WWildfires_2_A22/LAZ/USGS_LPC_OR_WesternWildfires_A22_s05250w14490.laz,0,0,0,0,0.0,0.0,4.65,,,,,8.6499,,-123.5814525804,45.684519825,-123.5692835087,45.6930485521
,USGS_LPC_OR_WesternWildfires_A22_s04710w13950.laz,hard_negative,False,185420274,0.18542,https://rockyweb.usgs.gov/vdelivery/Datasets/Staged/Elevation/LPC/Projects/OR_WesternWildfires_A22/OR_WWildfires_2_A22/LAZ/USGS_LPC_OR_WesternWildfires_A22_s04710w13950.laz,0,0,0,0,0.0,0.0,4.65,,,,,8.6499,,-123.7841283354,45.5308096523,-123.7719639213,45.5393586651
,USGS_LPC_OR_WesternWildfires_A22_s04800w14340.laz,hard_negative,False,222602234,0.222602,https://rockyweb.usgs.gov/vdelivery/Datasets/Staged/Elevation/LPC/Projects/OR_WesternWildfires_A22/OR_WWildfires_2_A22/LAZ/USGS_LPC_OR_WesternWildfires_A22_s04800w14340.laz,0,0,0,0,0.0,0.0,4.65,,,,,8.6499,,-123.755066384,45.6386576528,-123.7428831754,45.6472033307
,USGS_LPC_OR_WesternWildfires_A22_s04590w14190.laz,hard_negative,False,204505298,0.204505,https://rockyweb.usgs.gov/vdelivery/Datasets/Staged/Elevation/LPC/Projects/OR_WesternWildfires_A22/OR_WWildfires_2_A22/LAZ/USGS_LPC_OR_WesternWildfires_A22_s04590w14190.laz,0,0,0,0,0.0,0.0,4.65,,,,,8.6498,,-123.8347218252,45.5952467097,-123.8225368869,45.6038002641
,USGS_LPC_OR_WesternWildfires_A22_s04740w14340.laz,hard_negative,False,226272931,0.226273,https://rockyweb.usgs.gov/vdelivery/Datasets/Staged/Elevation/LPC/Projects/OR_WesternWildfires_A22/OR_WWildfires_2_A22/LAZ/USGS_LPC_OR_WesternWildfires_A22_s04740w14340.laz,0,0,0,0,0.0,0.0,4.65,,,,,8.6497,,-123.7785061036,45.638003263,-123.7663198167,45.6465511978
78,USGS_LPC_OR_WesternWildfires_A22_s04860w13440.laz,hard_negative,False,1078266,0.001078,https://rockyweb.usgs.gov/vdelivery/Datasets/Staged/Elevation/LPC/Projects/OR_WesternWildfires_A22/OR_WWildfires_2_A22/LAZ/USGS_LPC_OR_WesternWildfires_A22_s04860w13440.laz,0,0,0,0,0.0,0.0,4.62,,,,,8.6195,hard_negative; additional_new_polygons=0; selected_spatial_novelty_km=4.05; downloaded=no,-123.7174614246,45.3926796679,-123.7152797175,45.3941813598
,USGS_LPC_OR_WesternWildfires_A22_s05250w13890.laz,hard_negative,False,190734669,0.190735,https://rockyweb.usgs.gov/vdelivery/Datasets/Staged/Elevation/LPC/Projects/OR_WesternWildfires_A22/OR_WWildfires_2_A22/LAZ/USGS_LPC_OR_WesternWildfires_A22_s05250w13890.laz,0,0,0,0,0.0,0.0,4.594,,,,,8.5937,,-123.5726684991,45.5200981278,-123.5605353005,45.5286268391
86,USGS_LPC_OR_WesternWildfires_A22_s05130w13320.laz,hard_negative,False,123673056,0.123673,https://rockyweb.usgs.gov/vdelivery/Datasets/Staged/Elevation/LPC/Projects/OR_WesternWildfires_A22/OR_WWildfires_2_A22/LAZ/USGS_LPC_OR_WesternWildfires_A22_s05130w13320.laz,0,0,0,0,0.0,0.0,4.593,,,,,8.5931,hard_negative; additional_new_polygons=0; selected_spatial_novelty_km=3.66; downloaded=no,-123.6110303937,45.3626454947,-123.5989249583,45.3711786314
,USGS_LPC_OR_WesternWildfires_A22_s05160w14340.laz,hard_negative,False,170911657,0.170912,https://rockyweb.usgs.gov/vdelivery/Datasets/Staged/Elevation/LPC/Projects/OR_WesternWildfires_A22/OR_WWildfires_2_A22/LAZ/USGS_LPC_OR_WesternWildfires_A22_s05160w14340.laz,0,0,0,0,0.0,0.0,4.593,,,,,8.5926,,-123.6144170745,45.6424854279,-123.6022523564,45.6510175502
,USGS_LPC_OR_WesternWildfires_A22_s04950w14010.laz,hard_negative,False,182177297,0.182177,https://rockyweb.usgs.gov/vdelivery/Datasets/Staged/Elevation/LPC/Projects/OR_WesternWildfires_A22/OR_WWildfires_2_A22/LAZ/USGS_LPC_OR_WesternWildfires_A22_s04950w14010.laz,0,0,0,0,0.0,0.0,4.593,,,,,8.5925,,-123.6914507192,45.5498456702,-123.6792949791,45.5583856764
,USGS_LPC_OR_WesternWildfires_A22_s04860w13770.laz,hard_negative,False,185524824,0.185525,https://rockyweb.usgs.gov/vdelivery/Datasets/Staged/Elevation/LPC/Projects/OR_WesternWildfires_A22/OR_WWildfires_2_A22/LAZ/USGS_LPC_OR_WesternWildfires_A22_s04860w13770.laz,0,0,0,0,0.0,0.0,4.592,,,,,8.592,,-123.7228803855,45.4831139577,-123.7107343911,45.4916573105
,USGS_LPC_OR_WesternWildfires_A22_s04890w14490.laz,hard_negative,False,168615294,0.168615,https://rockyweb.usgs.gov/vdelivery/Datasets/Staged/Elevation/LPC/Projects/OR_WesternWildfires_A22/OR_WWildfires_2_A22/LAZ/USGS_LPC_OR_WesternWildfires_A22_s04890w14490.laz,0,0,0,0,0.0,0.0,4.592,,,,,8.5916,,-123.7222068622,45.680731685,-123.7100192556,45.6892739835
,USGS_LPC_OR_WesternWildfires_A22_s04830w13950.laz,hard_negative,False,218214580,0.218215,https://rockyweb.usgs.gov/vdelivery/Datasets/Staged/Elevation/LPC/Projects/OR_WesternWildfires_A22/OR_WWildfires_2_A22/LAZ/USGS_LPC_OR_WesternWildfires_A22_s04830w13950.laz,0,0,0,0,0.0,0.0,4.591,,,,,8.5906,,-123.7373356,45.5321160893,-123.7251773128,45.5406605968
,USGS_LPC_OR_WesternWildfires_A22_s04800w13830.laz,hard_negative,False,223344919,0.223345,https://rockyweb.usgs.gov/vdelivery/Datasets/Staged/Elevation/LPC/Projects/OR_WesternWildfires_A22/OR_WWildfires_2_A22/LAZ/USGS_LPC_OR_WesternWildfires_A22_s04800w13830.laz,0,0,0,0,0.0,0.0,4.59,,,,,8.5901,,-123.747182352,45.4989078775,-123.7350297109,45.5074534924
,USGS_LPC_OR_WesternWildfires_A22_s04590w14070.laz,hard_negative,False,203230423,0.20323,https://rockyweb.usgs.gov/vdelivery/Datasets/Staged/Elevation/LPC/Projects/OR_WesternWildfires_A22/OR_WWildfires_2_A22/LAZ/USGS_LPC_OR_WesternWildfires_A22_s04590w14070.laz,0,0,0,0,0.0,0.0,4.59,,,,,8.5896,,-123.8328192965,45.5623659209,-123.8206415653,45.5709194572
,USGS_LPC_OR_WesternWildfires_A22_s04740w14460.laz,hard_negative,False,182409223,0.182409,https://rockyweb.usgs.gov/vdelivery/Datasets/Staged/Elevation/LPC/Projects/OR_WesternWildfires_A22/OR_WWildfires_2_A22/LAZ/USGS_LPC_OR_WesternWildfires_A22_s04740w14460.laz,0,0,0,0,0.0,0.0,4.589,,,,,8.589,,-123.7803801039,45.67088345,-123.7681865991,45.6794313939
71,USGS_LPC_OR_WesternWildfires_A22_s04980w13440.laz,hard_negative,False,188224554,0.188225,https://rockyweb.usgs.gov/vdelivery/Datasets/Staged/Elevation/LPC/Projects/OR_WesternWildfires_A22/OR_WWildfires_2_A22/LAZ/USGS_LPC_OR_WesternWildfires_A22_s04980w13440.laz,0,0,0,0,0.0,0.0,4.567,,,,,8.5671,hard_negative; additional_new_polygons=0; selected_spatial_novelty_km=5.17; downloaded=no,-123.6711561932,45.3939596754,-123.6590359849,45.4024984629
,USGS_LPC_OR_WesternWildfires_A22_s05310w14040.laz,hard_negative,False,349855330,0.349855,https://rockyweb.usgs.gov/vdelivery/Datasets/Staged/Elevation/LPC/Projects/OR_WesternWildfires_A22/OR_WWildfires_2_A22/LAZ/USGS_LPC_OR_WesternWildfires_A22_s05310w14040.laz,0,0,0,0,0.0,0.0,4.567,,,,,8.5669,,-123.5514490934,45.5618187446,-123.5393100303,45.5703452064
,USGS_LPC_OR_WesternWildfires_A22_s05160w14250.laz,hard_negative,False,168735876,0.168736,https://rockyweb.usgs.gov/vdelivery/Datasets/Staged/Elevation/LPC/Projects/OR_WesternWildfires_A22/OR_WWildfires_2_A22/LAZ/USGS_LPC_OR_WesternWildfires_A22_s05160w14250.laz,0,0,0,0,0.0,0.0,4.567,,,,,8.5666,,-123.6130831146,45.6178229885,-123.6009237868,45.6263551089
,USGS_LPC_OR_WesternWildfires_A22_s04740w13950.laz,hard_negative,False,199144725,0.199145,https://rockyweb.usgs.gov/vdelivery/Datasets/Staged/Elevation/LPC/Projects/OR_WesternWildfires_A22/OR_WWildfires_2_A22/LAZ/USGS_LPC_OR_WesternWildfires_A22_s04740w13950.laz,0,0,0,0,0.0,0.0,4.567,,,,,8.5666,,-123.7724303543,45.5311380182,-123.7602674673,45.5396859051
70,USGS_LPC_OR_WesternWildfires_A22_s04950w14100.laz,hard_negative,False,196624032,0.196624,https://rockyweb.usgs.gov/vdelivery/Datasets/Staged/Elevation/LPC/Projects/OR_WesternWildfires_A22/OR_WWildfires_2_A22/LAZ/USGS_LPC_OR_WesternWildfires_A22_s04950w14100.laz,0,0,0,0,0.0,0.0,4.567,,,,,8.5666,hard_negative; additional_new_polygons=0; selected_spatial_novelty_km=6.46; downloaded=no,-123.6928166306,45.5745081909,-123.6806555041,45.5830482064
,USGS_LPC_OR_WesternWildfires_A22_s05250w14520.laz,hard_negative,False,211414801,0.211415,https://rockyweb.usgs.gov/vdelivery/Datasets/Staged/Elevation/LPC/Projects/OR_WesternWildfires_A22/OR_WWildfires_2_A22/LAZ/USGS_LPC_OR_WesternWildfires_A22_s05250w14520.laz,0,0,0,0,0.0,0.0,4.567,,,,,8.5666,,-123.5818931024,45.6927404673,-123.5697222315,45.7012691934
,USGS_LPC_OR_WesternWildfires_A22_s04800w14310.laz,hard_negative,False,231211550,0.231212,https://rockyweb.usgs.gov/vdelivery/Datasets/Staged/Elevation/LPC/Projects/OR_WesternWildfires_A22/OR_WWildfires_2_A22/LAZ/USGS_LPC_OR_WesternWildfires_A22_s04800w14310.laz,0,0,0,0,0.0,0.0,4.567,,,,,8.5665,,-123.7546015584,45.6304374092,-123.7424201521,45.6389830848
,USGS_LPC_OR_WesternWildfires_A22_s04530w14220.laz,positive_diversity,False,203617098,0.203617,https://rockyweb.usgs.gov/vdelivery/Datasets/Staged/Elevation/LPC/Projects/OR_WesternWildfires_A22/OR_WWildfires_2_A22/LAZ/USGS_LPC_OR_WesternWildfires_A22_s04530w14220.laz,0,1,0,2,65365.781,0.0,4.566,,,,,8.5664,,-123.8586222727,45.6027963581,-123.8464324677,45.6113521696
,USGS_LPC_OR_WesternWildfires_A22_s04740w14370.laz,hard_negative,False,207664560,0.207665,https://rockyweb.usgs.gov/vdelivery/Datasets/Staged/Elevation/LPC/Projects/OR_WesternWildfires_A22/OR_WWildfires_2_A22/LAZ/USGS_LPC_OR_WesternWildfires_A22_s04740w14370.laz,0,0,0,0,0.0,0.0,4.566,,,,,8.5663,,-123.778974403,45.6462233739,-123.7667863125,45.6547713112
,USGS_LPC_OR_WesternWildfires_A22_s04770w13680.laz,positive_diversity,False,88498135,0.088498,https://rockyweb.usgs.gov/vdelivery/Datasets/Staged/Elevation/LPC/Projects/OR_WesternWildfires_A22/OR_WWildfires_2_A22/LAZ/USGS_LPC_OR_WesternWildfires_A22_s04770w13680.laz,0,1,1,0,8893.738,0.0,4.058,,,,,8.5584,,-123.7565540704,45.4574771706,-123.7444088624,45.4660238829
,USGS_LPC_OR_WesternWildfires_A22_s05160w13350.laz,hard_negative,False,133022921,0.133023,https://rockyweb.usgs.gov/vdelivery/Datasets/Staged/Elevation/LPC/Projects/OR_WesternWildfires_A22/OR_WWildfires_2_A22/LAZ/USGS_LPC_OR_WesternWildfires_A22_s05160w13350.laz,0,0,0,0,0.0,0.0,4.533,,,,,8.5327,,-123.5998060671,45.3711786343,-123.5877003813,45.3797106517
,USGS_LPC_OR_WesternWildfires_A22_s05250w13830.laz,hard_negative,False,240791161,0.240791,https://rockyweb.usgs.gov/vdelivery/Datasets/Staged/Elevation/LPC/Projects/OR_WesternWildfires_A22/OR_WWildfires_2_A22/LAZ/USGS_LPC_OR_WesternWildfires_A22_s05250w13830.laz,0,0,0,0,0.0,0.0,4.532,,,,,8.5322,,-123.5717928433,45.5036550599,-123.5596632204,45.5121837659
,USGS_LPC_OR_WesternWildfires_A22_s05160w14280.laz,hard_negative,False,125684774,0.125685,https://rockyweb.usgs.gov/vdelivery/Datasets/Staged/Elevation/LPC/Projects/OR_WesternWildfires_A22/OR_WWildfires_2_A22/LAZ/USGS_LPC_OR_WesternWildfires_A22_s05160w14280.laz,0,0,0,0,0.0,0.0,4.531,,,,,8.5315,,-123.613527641,45.6260438438,-123.6013665169,45.634575965
,USGS_LPC_OR_WesternWildfires_A22_s04950w14070.laz,hard_negative,False,207780916,0.207781,https://rockyweb.usgs.gov/vdelivery/Datasets/Staged/Elevation/LPC/Projects/OR_WesternWildfires_A22/OR_WWildfires_2_A22/LAZ/USGS_LPC_OR_WesternWildfires_A22_s04950w14070.laz,0,0,0,0,0.0,0.0,4.531,,,,,8.5315,,-123.692361197,45.5662873915,-123.6802018665,45.5748274041
,USGS_LPC_OR_WesternWildfires_A22_s04860w13830.laz,hard_negative,False,189065565,0.189066,https://rockyweb.usgs.gov/vdelivery/Datasets/Staged/Elevation/LPC/Projects/OR_WesternWildfires_A22/OR_WWildfires_2_A22/LAZ/USGS_LPC_OR_WesternWildfires_A22_s04860w13830.laz,0,0,0,0,0.0,0.0,4.531,,,,,8.5312,,-123.7237987623,45.4995560539,-123.7116491835,45.5080994166
,USGS_LPC_OR_WesternWildfires_A22_s04890w14550.laz,hard_negative,False,170562065,0.170562,https://rockyweb.usgs.gov/vdelivery/Datasets/Staged/Elevation/LPC/Projects/OR_WesternWildfires_A22/OR_WWildfires_2_A22/LAZ/USGS_LPC_OR_WesternWildfires_A22_s04890w14550.laz,0,0,0,0,0.0,0.0,4.531,,,,,8.5308,,-123.7231282011,45.697171882,-123.7109369856,45.7057141822
,USGS_LPC_OR_WesternWildfires_A22_s04920w13680.laz,hard_negative,False,188997996,0.188998,https://rockyweb.usgs.gov/vdelivery/Datasets/Staged/Elevation/LPC/Projects/OR_WesternWildfires_A22/OR_WWildfires_2_A22/LAZ/USGS_LPC_OR_WesternWildfires_A22_s04920w13680.laz,0,0,0,0,0.0,0.0,4.531,,,,,8.5306,,-123.6981363004,45.4590935709,-123.6859987389,45.4676346561
,USGS_LPC_OR_WesternWildfires_A22_s04890w13950.laz,hard_negative,False,148012901,0.148013,https://rockyweb.usgs.gov/vdelivery/Datasets/Staged/Elevation/LPC/Projects/OR_WesternWildfires_A22/OR_WWildfires_2_A22/LAZ/USGS_LPC_OR_WesternWildfires_A22_s04890w13950.laz,0,0,0,0,0.0,0.0,4.53,,,,,8.5304,,-123.7139384413,45.5327622805,-123.7017832208,45.5413045342
,USGS_LPC_OR_WesternWildfires_A22_s04770w13950.laz,hard_negative,False,223772003,0.223772,https://rockyweb.usgs.gov/vdelivery/Datasets/Staged/Elevation/LPC/Projects/OR_WesternWildfires_A22/OR_WWildfires_2_A22/LAZ/USGS_LPC_OR_WesternWildfires_A22_s04770w13950.laz,0,0,0,0,0.0,0.0,4.53,,,,,8.5304,,-123.7607322326,45.5314652132,-123.7485708809,45.5400119737
,USGS_LPC_OR_WesternWildfires_A22_s04770w14310.laz,hard_negative,False,238968438,0.238968,https://rockyweb.usgs.gov/vdelivery/Datasets/Staged/Elevation/LPC/Projects/OR_WesternWildfires_A22/OR_WWildfires_2_A22/LAZ/USGS_LPC_OR_WesternWildfires_A22_s04770w14310.laz,0,0,0,0,0.0,0.0,4.53,,,,,8.5303,,-123.7663198127,45.630110846,-123.7541368694,45.6386576499
,USGS_LPC_OR_WesternWildfires_A22_s04800w13770.laz,hard_negative,False,157774668,0.157775,https://rockyweb.usgs.gov/vdelivery/Datasets/Staged/Elevation/LPC/Projects/OR_WesternWildfires_A22/OR_WWildfires_2_A22/LAZ/USGS_LPC_OR_WesternWildfires_A22_s04800w13770.laz,0,0,0,0,0.0,0.0,4.53,,,,,8.53,,-123.7462573277,45.48246596,-123.7341082727,45.4910115643
,USGS_LPC_OR_WesternWildfires_A22_s04830w14400.laz,hard_negative,False,186839564,0.18684,https://rockyweb.usgs.gov/vdelivery/Datasets/Staged/Elevation/LPC/Projects/OR_WesternWildfires_A22/OR_WWildfires_2_A22/LAZ/USGS_LPC_OR_WesternWildfires_A22_s04830w14400.laz,0,0,0,0,0.0,0.0,4.53,,,,,8.5299,,-123.7442730347,45.6554235368,-123.7320877586,45.6639680901
,USGS_LPC_OR_WesternWildfires_A22_s04920w14010.laz,hard_negative,False,215984782,0.215985,https://rockyweb.usgs.gov/vdelivery/Datasets/Staged/Elevation/LPC/Projects/OR_WesternWildfires_A22/OR_WWildfires_2_A22/LAZ/USGS_LPC_OR_WesternWildfires_A22_s04920w14010.laz,0,0,0,0,0.0,0.0,4.53,,,,,8.5298,,-123.7031529545,45.5495254145,-123.690995679,45.5580665483
,USGS_LPC_OR_WesternWildfires_A22_s04620w13950.laz,hard_negative,False,182375193,0.182375,https://rockyweb.usgs.gov/vdelivery/Datasets/Staged/Elevation/LPC/Projects/OR_WesternWildfires_A22/OR_WWildfires_2_A22/LAZ/USGS_LPC_OR_WesternWildfires_A22_s04620w13950.laz,0,0,0,0,0.0,0.0,4.53,,,,,8.5298,,-123.8192214878,45.5298175274,-123.8070524841,45.5383699174
,USGS_LPC_OR_WesternWildfires_A22_s04740w14400.laz,hard_negative,False,237724377,0.237724,https://rockyweb.usgs.gov/vdelivery/Datasets/Staged/Elevation/LPC/Projects/OR_WesternWildfires_A22/OR_WWildfires_2_A22/LAZ/USGS_LPC_OR_WesternWildfires_A22_s04740w14400.laz,0,0,0,0,0.0,0.0,4.529,,,,,8.5293,,-123.7794428362,45.6544434422,-123.7672529414,45.6629913818
,USGS_LPC_OR_WesternWildfires_A22_s04740w13920.laz,hard_negative,False,224900350,0.2249,https://rockyweb.usgs.gov/vdelivery/Datasets/Staged/Elevation/LPC/Projects/OR_WesternWildfires_A22/OR_WWildfires_2_A22/LAZ/USGS_LPC_OR_WesternWildfires_A22_s04740w13920.laz,0,0,0,0,0.0,0.0,4.529,,,,,8.5292,,-123.7719639211,45.5229173283,-123.7598028304,45.5314652103
,USGS_LPC_OR_WesternWildfires_A22_s04650w13980.laz,hard_negative,False,221394538,0.221395,https://rockyweb.usgs.gov/vdelivery/Datasets/Staged/Elevation/LPC/Projects/OR_WesternWildfires_A22/OR_WWildfires_2_A22/LAZ/USGS_LPC_OR_WesternWildfires_A22_s04650w13980.laz,0,0,0,0,0.0,0.0,4.529,,,,,8.5292,,-123.8079954633,45.5383699203,-123.7958261909,45.5469211899
,USGS_LPC_OR_WesternWildfires_A22_s04560w14220.laz,hard_negative,False,191585967,0.191586,https://rockyweb.usgs.gov/vdelivery/Datasets/Staged/Elevation/LPC/Projects/OR_WesternWildfires_A22/OR_WWildfires_2_A22/LAZ/USGS_LPC_OR_WesternWildfires_A22_s04560w14220.laz,0,0,0,0,0.0,0.0,4.529,,,,,8.5292,,-123.8469101028,45.6031321669,-123.8347218293,45.611686852
,USGS_LPC_OR_WesternWildfires_A22_s05280w13380.laz,hard_negative,False,126287854,0.126288,https://rockyweb.usgs.gov/vdelivery/Datasets/Staged/Elevation/LPC/Projects/OR_WesternWildfires_A22/OR_WWildfires_2_A22/LAZ/USGS_LPC_OR_WesternWildfires_A22_s05280w13380.laz,0,0,0,0,0.0,0.0,4.518,,,,,8.5175,,-123.5535725373,45.3806335956,-123.5414711979,45.3891611145
,USGS_LPC_OR_WesternWildfires_A22_s05280w13770.laz,hard_negative,False,186895653,0.186896,https://rockyweb.usgs.gov/vdelivery/Datasets/Staged/Elevation/LPC/Projects/OR_WesternWildfires_A22/OR_WWildfires_2_A22/LAZ/USGS_LPC_OR_WesternWildfires_A22_s05280w13770.laz,0,0,0,0,0.0,0.0,4.517,,,,,8.5172,,-123.5592273626,45.4875188624,-123.5471028512,45.4960464341
,USGS_LPC_OR_WesternWildfires_A22_s05250w13800.laz,hard_negative,False,206198495,0.206198,https://rockyweb.usgs.gov/vdelivery/Datasets/Staged/Elevation/LPC/Projects/OR_WesternWildfires_A22/OR_WWildfires_2_A22/LAZ/USGS_LPC_OR_WesternWildfires_A22_s05250w13800.laz,0,0,0,0,0.0,0.0,4.517,,,,,8.517,,-123.5713552024,45.4954334667,-123.5592273666,45.5039621698
,USGS_LPC_OR_WesternWildfires_A22_s05250w13920.laz,hard_negative,False,209671057,0.209671,https://rockyweb.usgs.gov/vdelivery/Datasets/Staged/Elevation/LPC/Projects/OR_WesternWildfires_A22/OR_WWildfires_2_A22/LAZ/USGS_LPC_OR_WesternWildfires_A22_s05250w13920.laz,0,0,0,0,0.0,0.0,4.517,,,,,8.5169,,-123.5731065141,45.5283196022,-123.5609715269,45.5368483158
,USGS_LPC_OR_WesternWildfires_A22_s05190w14400.laz,hard_negative,False,185731735,0.185732,https://rockyweb.usgs.gov/vdelivery/Datasets/Staged/Elevation/LPC/Projects/OR_WesternWildfires_A22/OR_WWildfires_2_A22/LAZ/USGS_LPC_OR_WesternWildfires_A22_s05190w14400.laz,0,0,0,0,0.0,0.0,4.516,,,,,8.5162,,-123.6035820603,45.6592382819,-123.5914152912,45.6677692737
84,USGS_LPC_OR_WesternWildfires_A22_s04920w13980.laz,hard_negative,False,193704056,0.193704,https://rockyweb.usgs.gov/vdelivery/Datasets/Staged/Elevation/LPC/Projects/OR_WesternWildfires_A22/OR_WWildfires_2_A22/LAZ/USGS_LPC_OR_WesternWildfires_A22_s04920w13980.laz,0,0,0,0,0.0,0.0,4.516,,,,,8.5157,hard_negative; additional_new_polygons=0; selected_spatial_novelty_km=3.77; downloaded=no,-123.7026962452,45.5413045371,-123.6905407644,45.5498456673
,USGS_LPC_OR_WesternWildfires_A22_s04860w14430.laz,hard_negative,False,195979117,0.195979,https://rockyweb.usgs.gov/vdelivery/Datasets/Staged/Elevation/LPC/Projects/OR_WesternWildfires_A22/OR_WWildfires_2_A22/LAZ/USGS_LPC_OR_WesternWildfires_A22_s04860w14430.laz,0,0,0,0,0.0,0.0,4.515,,,,,8.515,,-123.7330113843,45.6639680929,-123.7208258444,45.6725115186
,USGS_LPC_OR_WesternWildfires_A22_s04770w13890.laz,hard_negative,False,234875196,0.234875,https://rockyweb.usgs.gov/vdelivery/Datasets/Staged/Elevation/LPC/Projects/OR_WesternWildfires_A22/OR_WWildfires_2_A22/LAZ/USGS_LPC_OR_WesternWildfires_A22_s04770w13890.laz,0,0,0,0,0.0,0.0,4.514,,,,,8.514,,-123.7598028263,45.5150237031,-123.7476450659,45.5235704541
,USGS_LPC_OR_WesternWildfires_A22_s04620w14010.laz,hard_negative,False,226668862,0.226669,https://rockyweb.usgs.gov/vdelivery/Datasets/Staged/Elevation/LPC/Projects/OR_WesternWildfires_A22/OR_WWildfires_2_A22/LAZ/USGS_LPC_OR_WesternWildfires_A22_s04620w14010.laz,0,0,0,0,0.0,0.0,4.514,,,,,8.5138,,-123.8201680685,45.5462584224,-123.8079954674,45.5548108229
,USGS_LPC_OR_WesternWildfires_A22_s05190w13350.laz,hard_negative,False,129894408,0.129894,https://rockyweb.usgs.gov/vdelivery/Datasets/Staged/Elevation/LPC/Projects/OR_WesternWildfires_A22/OR_WWildfires_2_A22/LAZ/USGS_LPC_OR_WesternWildfires_A22_s05190w13350.laz,0,0,0,0,0.0,0.0,4.502,,,,,8.5017,,-123.5881393411,45.3714885754,-123.5760351857,45.3800194671
,USGS_LPC_OR_WesternWildfires_A22_s05250w13860.laz,hard_negative,False,220618238,0.220618,https://rockyweb.usgs.gov/vdelivery/Datasets/Staged/Elevation/LPC/Projects/OR_WesternWildfires_A22/OR_WWildfires_2_A22/LAZ/USGS_LPC_OR_WesternWildfires_A22_s05250w13860.laz,0,0,0,0,0.0,0.0,4.501,,,,,8.5013,,-123.5722306088,45.5118766137,-123.5600991983,45.5204053224
,USGS_LPC_OR_WesternWildfires_A22_s04980w13500.laz,hard_negative,False,88315741,0.088316,https://rockyweb.usgs.gov/vdelivery/Datasets/Staged/Elevation/LPC/Projects/OR_WesternWildfires_A22/OR_WWildfires_2_A22/LAZ/USGS_LPC_OR_WesternWildfires_A22_s04980w13500.laz,0,0,0,0,0.0,0.0,4.501,,,,,8.5008,,-123.6687784567,45.4104921989,-123.6599346671,45.4189417635
,USGS_LPC_OR_WesternWildfires_A22_s05160w14310.laz,hard_negative,False,172903007,0.172903,https://rockyweb.usgs.gov/vdelivery/Datasets/Staged/Elevation/LPC/Projects/OR_WesternWildfires_A22/OR_WWildfires_2_A22/LAZ/USGS_LPC_OR_WesternWildfires_A22_s05160w14310.laz,0,0,0,0,0.0,0.0,4.5,,,,,8.5002,,-123.6139722943,45.6342646569,-123.6018093734,45.6427967788
,USGS_LPC_OR_WesternWildfires_A22_s04950w14040.laz,hard_negative,False,191991717,0.191992,https://rockyweb.usgs.gov/vdelivery/Datasets/Staged/Elevation/LPC/Projects/OR_WesternWildfires_A22/OR_WWildfires_2_A22/LAZ/USGS_LPC_OR_WesternWildfires_A22_s04950w14040.laz,0,0,0,0,0.0,0.0,4.5,,,,,8.5001,,-123.6919058932,45.5580665512,-123.6797483582,45.5666065607
,USGS_LPC_OR_WesternWildfires_A22_s05100w13620.laz,positive_diversity,False,160076861,0.160077,https://rockyweb.usgs.gov/vdelivery/Datasets/Staged/Elevation/LPC/Projects/OR_WesternWildfires_A22/OR_WWildfires_2_A22/LAZ/USGS_LPC_OR_WesternWildfires_A22_s05100w13620.laz,0,1,1,4,92259.115,0.0,0.0,,,,,8.5,,-123.6271401912,45.4445514601,-123.6150153954,45.4530857778
,USGS_LPC_OR_WesternWildfires_A22_s05130w13620.laz,positive_diversity,False,185172668,0.185173,https://rockyweb.usgs.gov/vdelivery/Datasets/Staged/Elevation/LPC/Projects/OR_WesternWildfires_A22/OR_WWildfires_2_A22/LAZ/USGS_LPC_OR_WesternWildfires_A22_s05130w13620.laz,0,1,1,4,176148.601,0.0,0.0,,,,,8.5,,-123.6154587989,45.4448641252,-123.6033355364,45.4533973162
,USGS_LPC_OR_WesternWildfires_A22_s04860w13800.laz,hard_negative,False,198415508,0.198416,https://rockyweb.usgs.gov/vdelivery/Datasets/Staged/Elevation/LPC/Projects/OR_WesternWildfires_A22/OR_WWildfires_2_A22/LAZ/USGS_LPC_OR_WesternWildfires_A22_s04860w13800.laz,0,0,0,0,0.0,0.0,4.5,,,,,8.4995,,-123.7233395085,45.4913350255,-123.7111917222,45.4998783833
,USGS_LPC_OR_WesternWildfires_A22_s04890w14520.laz,hard_negative,False,185525487,0.185525,https://rockyweb.usgs.gov/vdelivery/Datasets/Staged/Elevation/LPC/Projects/OR_WesternWildfires_A22/OR_WWildfires_2_A22/LAZ/USGS_LPC_OR_WesternWildfires_A22_s04890w14520.laz,0,0,0,0,0.0,0.0,4.499,,,,,8.4992,,-123.7226674658,45.6889518053,-123.7104780551,45.6974941047
,USGS_LPC_OR_WesternWildfires_A22_s04800w13950.laz,hard_negative,False,220694421,0.220694,https://rockyweb.usgs.gov/vdelivery/Datasets/Staged/Elevation/LPC/Projects/OR_WesternWildfires_A22/OR_WWildfires_2_A22/LAZ/USGS_LPC_OR_WesternWildfires_A22_s04800w13950.laz,0,0,0,0,0.0,0.0,4.498,,,,,8.498,,-123.7490339823,45.5317912368,-123.7368741626,45.5403368709
,USGS_LPC_OR_WesternWildfires_A22_s04740w14310.laz,hard_negative,False,233620375,0.23362,https://rockyweb.usgs.gov/vdelivery/Datasets/Staged/Elevation/LPC/Projects/OR_WesternWildfires_A22/OR_WWildfires_2_A22/LAZ/USGS_LPC_OR_WesternWildfires_A22_s04740w14310.laz,0,0,0,0,0.0,0.0,4.498,,,,,8.4976,,-123.7780379378,45.6297831096,-123.7658534542,45.6383310417
,USGS_LPC_OR_WesternWildfires_A22_s04800w13800.laz,hard_negative,False,202392066,0.202392,https://rockyweb.usgs.gov/vdelivery/Datasets/Staged/Elevation/LPC/Projects/OR_WesternWildfires_A22/OR_WWildfires_2_A22/LAZ/USGS_LPC_OR_WesternWildfires_A22_s04800w13800.laz,0,0,0,0,0.0,0.0,4.498,,,,,8.4975,,-123.746719774,45.4906869384,-123.7345689262,45.4992325481
,USGS_LPC_OR_WesternWildfires_A22_s04590w14100.laz,hard_negative,False,174105026,0.174105,https://rockyweb.usgs.gov/vdelivery/Datasets/Staged/Elevation/LPC/Projects/OR_WesternWildfires_A22/OR_WWildfires_2_A22/LAZ/USGS_LPC_OR_WesternWildfires_A22_s04590w14100.laz,0,0,0,0,0.0,0.0,4.497,,,,,8.497,,-123.8332947253,45.57058618,-123.8211151931,45.579139721
,USGS_LPC_OR_WesternWildfires_A22_s04590w13950.laz,positive_diversity,False,193680936,0.193681,https://rockyweb.usgs.gov/vdelivery/Datasets/Staged/Elevation/LPC/Projects/OR_WesternWildfires_A22/OR_WWildfires_2_A22/LAZ/USGS_LPC_OR_WesternWildfires_A22_s04590w13950.laz,0,1,0,2,8689.878,0.0,4.497,,,,,8.4966,,-123.8309189362,45.5294844769,-123.8187484037,45.5380379923
,USGS_LPC_OR_WesternWildfires_A22_s04740w14430.laz,hard_negative,False,187983177,0.187983,https://rockyweb.usgs.gov/vdelivery/Datasets/Staged/Elevation/LPC/Projects/OR_WesternWildfires_A22/OR_WWildfires_2_A22/LAZ/USGS_LPC_OR_WesternWildfires_A22_s04740w14430.laz,0,0,0,0,0.0,0.0,4.497,,,,,8.4965,,-123.7799114031,45.6626634676,-123.7677197036,45.6712114094
,USGS_LPC_OR_WesternWildfires_A22_s05190w13980.laz,positive_diversity,False,148334615,0.148335,https://rockyweb.usgs.gov/vdelivery/Datasets/Staged/Elevation/LPC/Projects/OR_WesternWildfires_A22/OR_WWildfires_2_A22/LAZ/USGS_LPC_OR_WesternWildfires_A22_s05190w13980.laz,0,1,1,2,126031.777,0.0,1.984,,,,,8.4835,,-123.5973864847,45.544144267,-123.5852448385,45.5526752433
,USGS_LPC_OR_WesternWildfires_A22_s05160w13890.laz,positive_diversity,False,259416585,0.259417,https://rockyweb.usgs.gov/vdelivery/Datasets/Staged/Elevation/LPC/Projects/OR_WesternWildfires_A22/OR_WWildfires_2_A22/LAZ/USGS_LPC_OR_WesternWildfires_A22_s05160w13890.laz,0,1,1,2,86818.242,0.0,1.983,,,,,8.4833,,-123.6077586771,45.5191695086,-123.5956208629,45.5277016058
,USGS_LPC_OR_WesternWildfires_A22_s05010w13770.laz,positive_diversity,False,161865288,0.161865,https://rockyweb.usgs.gov/vdelivery/Datasets/Staged/Elevation/LPC/Projects/OR_WesternWildfires_A22/OR_WWildfires_2_A22/LAZ/USGS_LPC_OR_WesternWildfires_A22_s05010w13770.laz,0,1,1,3,25425.696,0.0,0.913,,,,,8.4134,,-123.664435751,45.4847134719,-123.6522974173,45.4932511926
,USGS_LPC_OR_WesternWildfires_A22_s04590w14460.laz,positive_diversity,False,188033945,0.188034,https://rockyweb.usgs.gov/vdelivery/Datasets/Staged/Elevation/LPC/Projects/OR_WesternWildfires_A22/OR_WWildfires_2_A22/LAZ/USGS_LPC_OR_WesternWildfires_A22_s04590w14460.laz,0,1,1,3,71606.192,0.0,0.913,,,,,8.4133,,-123.8390104624,45.6692260311,-123.8268092767,45.6777796166
,USGS_LPC_OR_WesternWildfires_A22_s04680w13440.laz,positive_diversity,False,58752858,0.058753,https://rockyweb.usgs.gov/vdelivery/Datasets/Staged/Elevation/LPC/Projects/OR_WesternWildfires_A22/OR_WWildfires_2_A22/LAZ/USGS_LPC_OR_WesternWildfires_A22_s04680w13440.laz,0,1,1,3,16455.386,0.0,0.88,,,,,8.3796,,-123.7868240144,45.3907488838,-123.7757229492,45.3962197262
,USGS_LPC_OR_WesternWildfires_A22_s05100w13770.laz,positive_diversity,False,170940417,0.17094,https://rockyweb.usgs.gov/vdelivery/Datasets/Staged/Elevation/LPC/Projects/OR_WesternWildfires_A22/OR_WWildfires_2_A22/LAZ/USGS_LPC_OR_WesternWildfires_A22_s05100w13770.laz,0,1,1,3,107145.808,0.0,0.844,,,,,8.3445,,-123.6293674263,45.485659136,-123.6172336953,45.4941934754
,USGS_LPC_OR_WesternWildfires_A22_s04590w14490.laz,positive_diversity,False,161833895,0.161834,https://rockyweb.usgs.gov/vdelivery/Datasets/Staged/Elevation/LPC/Projects/OR_WesternWildfires_A22/OR_WWildfires_2_A22/LAZ/USGS_LPC_OR_WesternWildfires_A22_s04590w14490.laz,0,1,1,2,102869.34,0.0,1.827,,,,,8.3265,,-123.8394876583,45.6774457419,-123.8272846647,45.6859993301
,USGS_LPC_OR_WesternWildfires_A22_s04920w13770.laz,positive_diversity,False,133426992,0.133427,https://rockyweb.usgs.gov/vdelivery/Datasets/Staged/Elevation/LPC/Projects/OR_WesternWildfires_A22/OR_WWildfires_2_A22/LAZ/USGS_LPC_OR_WesternWildfires_A22_s04920w13770.laz,0,1,1,1,53540.738,0.0,2.825,,,,,8.3246,,-123.6995029205,45.4837572743,-123.6873599888,45.4922983748
,USGS_LPC_OR_WesternWildfires_A22_s05280w14010.laz,positive_diversity,False,219749712,0.21975,https://rockyweb.usgs.gov/vdelivery/Datasets/Staged/Elevation/LPC/Projects/OR_WesternWildfires_A22/OR_WWildfires_2_A22/LAZ/USGS_LPC_OR_WesternWildfires_A22_s05280w14010.laz,0,1,1,0,13777.408,0.0,3.755,,,,,8.2551,,-123.5627176721,45.5532911516,-123.5505788571,45.5618187418
,USGS_LPC_OR_WesternWildfires_A22_s05250w14160.laz,positive_diversity,False,170119932,0.17012,https://rockyweb.usgs.gov/vdelivery/Datasets/Staged/Elevation/LPC/Projects/OR_WesternWildfires_A22/OR_WWildfires_2_A22/LAZ/USGS_LPC_OR_WesternWildfires_A22_s05250w14160.laz,0,1,0,3,85410.355,0.0,3.24,,,,,8.24,,-123.5766151332,45.5940899439,-123.5644658178,45.6026186706
,USGS_LPC_OR_WesternWildfires_A22_s04860w13410.laz,hard_negative,False,41720489,0.04172,https://rockyweb.usgs.gov/vdelivery/Datasets/Staged/Elevation/LPC/Projects/OR_WesternWildfires_A22/OR_WWildfires_2_A22/LAZ/USGS_LPC_OR_WesternWildfires_A22_s04860w13410.laz,0,0,0,0,0.0,0.0,4.135,,,,,8.1353,,-123.7173810883,45.3844581388,-123.7080017571,45.3929258133
,USGS_LPC_OR_WesternWildfires_A22_s04890w13800.laz,positive_diversity,False,201394054,0.201394,https://rockyweb.usgs.gov/vdelivery/Datasets/Staged/Elevation/LPC/Projects/OR_WesternWildfires_A22/OR_WWildfires_2_A22/LAZ/USGS_LPC_OR_WesternWildfires_A22_s04890w13800.laz,0,1,1,0,139.985,0.0,3.586,,,,,8.0856,,-123.7116491794,45.4916573133,-123.6995029246,45.500199545
,USGS_LPC_OR_WesternWildfires_A22_s05280w13980.laz,hard_negative,False,287524269,0.287524,https://rockyweb.usgs.gov/vdelivery/Datasets/Staged/Elevation/LPC/Projects/OR_WesternWildfires_A22/OR_WWildfires_2_A22/LAZ/USGS_LPC_OR_WesternWildfires_A22_s05280w13980.laz,0,0,0,0,0.0,0.0,4.06,,,,,8.0598,,-123.5622809481,45.5450697553,-123.5501439229,45.5535973438
,USGS_LPC_OR_WesternWildfires_A22_s05220w14460.laz,hard_negative,False,185181910,0.185182,https://rockyweb.usgs.gov/vdelivery/Datasets/Staged/Elevation/LPC/Projects/OR_WesternWildfires_A22/OR_WWildfires_2_A22/LAZ/USGS_LPC_OR_WesternWildfires_A22_s05220w14460.laz,0,0,0,0,0.0,0.0,4.059,,,,,8.0593,,-123.592740738,45.6759899625,-123.580571918,45.6845198222
,USGS_LPC_OR_WesternWildfires_A22_s04890w13920.laz,hard_negative,False,191478828,0.191479,https://rockyweb.usgs.gov/vdelivery/Datasets/Staged/Elevation/LPC/Projects/OR_WesternWildfires_A22/OR_WWildfires_2_A22/LAZ/USGS_LPC_OR_WesternWildfires_A22_s04890w13920.laz,0,0,0,0,0.0,0.0,4.059,,,,,8.0592,,-123.713480328,45.5245413668,-123.7013269017,45.5330836164
,USGS_LPC_OR_WesternWildfires_A22_s04830w14370.laz,hard_negative,False,219218919,0.219219,https://rockyweb.usgs.gov/vdelivery/Datasets/Staged/Elevation/LPC/Projects/OR_WesternWildfires_A22/OR_WWildfires_2_A22/LAZ/USGS_LPC_OR_WesternWildfires_A22_s04830w14370.laz,0,0,0,0,0.0,0.0,4.059,,,,,8.0587,,-123.7438096146,45.6472033335,-123.7316261415,45.6557478849
,USGS_LPC_OR_WesternWildfires_A22_s04920w14040.laz,hard_negative,False,209729685,0.20973,https://rockyweb.usgs.gov/vdelivery/Datasets/Staged/Elevation/LPC/Projects/OR_WesternWildfires_A22/OR_WWildfires_2_A22/LAZ/USGS_LPC_OR_WesternWildfires_A22_s04920w14040.laz,0,0,0,0,0.0,0.0,4.059,,,,,8.0587,,-123.7036097942,45.5577462514,-123.6914507233,45.5662873887
,USGS_LPC_OR_WesternWildfires_A22_s04680w13980.laz,hard_negative,False,169876621,0.169877,https://rockyweb.usgs.gov/vdelivery/Datasets/Staged/Elevation/LPC/Projects/OR_WesternWildfires_A22/OR_WWildfires_2_A22/LAZ/USGS_LPC_OR_WesternWildfires_A22_s04680w13980.laz,0,0,0,0,0.0,0.0,4.058,,,,,8.0583,,-123.7962960815,45.5387006741,-123.7841283394,45.5472508179
,USGS_LPC_OR_WesternWildfires_A22_s04710w13920.laz,hard_negative,False,197465244,0.197465,https://rockyweb.usgs.gov/vdelivery/Datasets/Staged/Elevation/LPC/Projects/OR_WesternWildfires_A22/OR_WWildfires_2_A22/LAZ/USGS_LPC_OR_WesternWildfires_A22_s04710w13920.laz,0,0,0,0,0.0,0.0,4.058,,,,,8.0583,,-123.7836602384,45.5225890076,-123.771497621,45.5311380155
,USGS_LPC_OR_WesternWildfires_A22_s04620w14220.laz,hard_negative,False,225130047,0.22513,https://rockyweb.usgs.gov/vdelivery/Datasets/Staged/Elevation/LPC/Projects/OR_WesternWildfires_A22/OR_WWildfires_2_A22/LAZ/USGS_LPC_OR_WesternWildfires_A22_s04620w14220.laz,0,0,0,0,0.0,0.0,4.058,,,,,8.0582,,-123.8234853547,45.6038002669,-123.8113001457,45.6123526987
,USGS_LPC_OR_WesternWildfires_A22_s04710w14310.laz,hard_negative,False,213971849,0.213972,https://rockyweb.usgs.gov/vdelivery/Datasets/Staged/Elevation/LPC/Projects/OR_WesternWildfires_A22/OR_WWildfires_2_A22/LAZ/USGS_LPC_OR_WesternWildfires_A22_s04710w14310.laz,0,0,0,0,0.0,0.0,4.058,,,,,8.0579,,-123.7897559215,45.6294542003,-123.7775699058,45.6380032603
,USGS_LPC_OR_WesternWildfires_A22_s04950w13590.laz,hard_negative,False,64040052,0.06404,https://rockyweb.usgs.gov/vdelivery/Datasets/Staged/Elevation/LPC/Projects/OR_WesternWildfires_A22/OR_WWildfires_2_A22/LAZ/USGS_LPC_OR_WesternWildfires_A22_s04950w13590.laz,0,0,0,0,0.0,0.0,4.04,,,,,8.0403,,-123.6850918804,45.4384034445,-123.6731619154,45.443289101
,USGS_LPC_OR_WesternWildfires_A22_s05250w13380.laz,hard_negative,False,184457599,0.184458,https://rockyweb.usgs.gov/vdelivery/Datasets/Staged/Elevation/LPC/Projects/OR_WesternWildfires_A22/OR_WWildfires_2_A22/LAZ/USGS_LPC_OR_WesternWildfires_A22_s05250w13380.laz,0,0,0,0,0.0,0.0,4.028,,,,,8.028,,-123.5652412921,45.380327117,-123.5531384202,45.3888557622
,USGS_LPC_OR_WesternWildfires_A22_s05280w13740.laz,hard_negative,False,170176176,0.170176,https://rockyweb.usgs.gov/vdelivery/Datasets/Staged/Elevation/LPC/Projects/OR_WesternWildfires_A22/OR_WWildfires_2_A22/LAZ/USGS_LPC_OR_WesternWildfires_A22_s05280w13740.laz,0,0,0,0,0.0,0.0,4.028,,,,,8.0278,,-123.5587916329,45.4792971485,-123.5466689071,45.4878247171
,USGS_LPC_OR_WesternWildfires_A22_s05220w13920.laz,hard_negative,False,253332757,0.253333,https://rockyweb.usgs.gov/vdelivery/Datasets/Staged/Elevation/LPC/Projects/OR_WesternWildfires_A22/OR_WWildfires_2_A22/LAZ/USGS_LPC_OR_WesternWildfires_A22_s05220w13920.laz,0,0,0,0,0.0,0.0,4.027,,,,,8.0273,,-123.5848050298,45.5280111911,-123.5726685031,45.5365410337
,USGS_LPC_OR_WesternWildfires_A22_s05160w14400.laz,hard_negative,False,166041921,0.166042,https://rockyweb.usgs.gov/vdelivery/Datasets/Staged/Elevation/LPC/Projects/OR_WesternWildfires_A22/OR_WWildfires_2_A22/LAZ/USGS_LPC_OR_WesternWildfires_A22_s05160w14400.laz,0,0,0,0,0.0,0.0,4.027,,,,,8.0266,,-123.6153070161,45.6589268424,-123.6031387018,45.6674589652
,USGS_LPC_OR_WesternWildfires_A22_s04950w13980.laz,hard_negative,False,158807630,0.158808,https://rockyweb.usgs.gov/vdelivery/Datasets/Staged/Elevation/LPC/Projects/OR_WesternWildfires_A22/OR_WWildfires_2_A22/LAZ/USGS_LPC_OR_WesternWildfires_A22_s04950w13980.laz,0,0,0,0,0.0,0.0,4.026,,,,,8.0261,,-123.690995675,45.5416247486,-123.6788417293,45.5501647514
,USGS_LPC_OR_WesternWildfires_A22_s04920w14460.laz,hard_negative,False,169275141,0.169275,https://rockyweb.usgs.gov/vdelivery/Datasets/Staged/Elevation/LPC/Projects/OR_WesternWildfires_A22/OR_WWildfires_2_A22/LAZ/USGS_LPC_OR_WesternWildfires_A22_s04920w14460.laz,0,0,0,0,0.0,0.0,4.026,,,,,8.0257,,-123.7100192516,45.6728336138,-123.69783499,45.6813747814
,USGS_LPC_OR_WesternWildfires_A22_s04890w14430.laz,hard_negative,False,210773555,0.210774,https://rockyweb.usgs.gov/vdelivery/Datasets/Staged/Elevation/LPC/Projects/OR_WesternWildfires_A22/OR_WWildfires_2_A22/LAZ/USGS_LPC_OR_WesternWildfires_A22_s04890w14430.laz,0,0,0,0,0.0,0.0,4.025,,,,,8.0254,,-123.7212860495,45.6642913147,-123.7091020499,45.6728336109
,USGS_LPC_OR_WesternWildfires_A22_s04770w13860.laz,hard_negative,False,233176644,0.233177,https://rockyweb.usgs.gov/vdelivery/Datasets/Staged/Elevation/LPC/Projects/OR_WesternWildfires_A22/OR_WWildfires_2_A22/LAZ/USGS_LPC_OR_WesternWildfires_A22_s04770w13860.laz,0,0,0,0,0.0,0.0,4.024,,,,,8.024,,-123.7593383218,45.5068028881,-123.7471823561,45.5153496341
,USGS_LPC_OR_WesternWildfires_A22_s04620w14040.laz,hard_negative,False,220105705,0.220106,https://rockyweb.usgs.gov/vdelivery/Datasets/Staged/Elevation/LPC/Projects/OR_WesternWildfires_A22/OR_WWildfires_2_A22/LAZ/USGS_LPC_OR_WesternWildfires_A22_s04620w14040.laz,0,0,0,0,0.0,0.0,4.024,,,,,8.0239,,-123.8206415613,45.5544788091,-123.8084671606,45.5630312146
,USGS_LPC_OR_WesternWildfires_A22_s04560w14370.laz,positive_diversity,False,169300908,0.169301,https://rockyweb.usgs.gov/vdelivery/Datasets/Staged/Elevation/LPC/Projects/OR_WesternWildfires_A22/OR_WWildfires_2_A22/LAZ/USGS_LPC_OR_WesternWildfires_A22_s04560w14370.laz,0,1,2,1,312532.997,0.0,0.0,,,,,8.0,,-123.8493003445,45.644231773,-123.8371030452,45.652786477
,USGS_LPC_OR_WesternWildfires_A22_s04590w14430.laz,positive_diversity,False,196708043,0.196708,https://rockyweb.usgs.gov/vdelivery/Datasets/Staged/Elevation/LPC/Projects/OR_WesternWildfires_A22/OR_WWildfires_2_A22/LAZ/USGS_LPC_OR_WesternWildfires_A22_s04590w14430.laz,0,1,2,1,273142.011,0.0,0.0,,,,,8.0,,-123.8385334028,45.661006277,-123.8263340245,45.6695598597
,USGS_LPC_OR_WesternWildfires_A22_s05010w13800.laz,positive_diversity,False,154096504,0.154097,https://rockyweb.usgs.gov/vdelivery/Datasets/Staged/Elevation/LPC/Projects/OR_WesternWildfires_A22/OR_WWildfires_2_A22/LAZ/USGS_LPC_OR_WesternWildfires_A22_s05010w13800.laz,0,1,2,1,212272.637,0.0,0.0,,,,,8.0,,-123.6648865648,45.49293476,-123.6527464412,45.501472485
,USGS_LPC_OR_WesternWildfires_A22_s05160w13560.laz,positive_diversity,False,171757817,0.171758,https://rockyweb.usgs.gov/vdelivery/Datasets/Staged/Elevation/LPC/Projects/OR_WesternWildfires_A22/OR_WWildfires_2_A22/LAZ/USGS_LPC_OR_WesternWildfires_A22_s05160w13560.laz,0,1,2,1,92422.884,0.0,0.0,,,,,8.0,,-123.6028939099,45.4287321092,-123.5907757499,45.4372641641
,USGS_LPC_OR_WesternWildfires_A22_s04470w14280.laz,hard_negative,False,1307232,0.001307,https://rockyweb.usgs.gov/vdelivery/Datasets/Staged/Elevation/LPC/Projects/OR_WesternWildfires_A22/OR_WWildfires_2_A22/LAZ/USGS_LPC_OR_WesternWildfires_A22_s04470w14280.laz,0,0,0,0,0.0,0.0,3.924,,,,,7.9237,,-123.872252837,45.6188601964,-123.8708154217,45.6203676908
,USGS_LPC_OR_WesternWildfires_A22_s05070w13770.laz,positive_diversity,False,215821870,0.215822,https://rockyweb.usgs.gov/vdelivery/Datasets/Staged/Elevation/LPC/Projects/OR_WesternWildfires_A22/OR_WWildfires_2_A22/LAZ/USGS_LPC_OR_WesternWildfires_A22_s05070w13770.laz,0,1,0,5,38655.999,0.0,0.844,,,,,7.8442,,-123.6410569993,45.4853450849,-123.6289217297,45.4938805517
,USGS_LPC_OR_WesternWildfires_A22_s05250w13770.laz,hard_negative,False,199977954,0.199978,https://rockyweb.usgs.gov/vdelivery/Datasets/Staged/Elevation/LPC/Projects/OR_WesternWildfires_A22/OR_WWildfires_2_A22/LAZ/USGS_LPC_OR_WesternWildfires_A22_s05250w13770.laz,0,0,0,0,0.0,0.0,3.832,,,,,7.8317,,-123.5709176862,45.4872118342,-123.5587916369,45.4957405343
,USGS_LPC_OR_WesternWildfires_A22_s05190w14430.laz,hard_negative,False,167440347,0.16744,https://rockyweb.usgs.gov/vdelivery/Datasets/Staged/Elevation/LPC/Projects/OR_WesternWildfires_A22/OR_WWildfires_2_A22/LAZ/USGS_LPC_OR_WesternWildfires_A22_s05190w14430.laz,0,0,0,0,0.0,0.0,3.831,,,,,7.8308,,-123.6040255496,45.6674589681,-123.591856982,45.6759899597
,USGS_LPC_OR_WesternWildfires_A22_s04920w13710.laz,hard_negative,False,174377862,0.174378,https://rockyweb.usgs.gov/vdelivery/Datasets/Staged/Elevation/LPC/Projects/OR_WesternWildfires_A22/OR_WWildfires_2_A22/LAZ/USGS_LPC_OR_WesternWildfires_A22_s04920w13710.laz,0,0,0,0,0.0,0.0,3.83,,,,,7.8305,,-123.6985917108,45.4673148442,-123.6864523598,45.4758559347
,USGS_LPC_OR_WesternWildfires_A22_s04920w13950.laz,hard_negative,False,199755664,0.199756,https://rockyweb.usgs.gov/vdelivery/Datasets/Staged/Elevation/LPC/Projects/OR_WesternWildfires_A22/OR_WWildfires_2_A22/LAZ/USGS_LPC_OR_WesternWildfires_A22_s04920w13950.laz,0,0,0,0,0.0,0.0,3.83,,,,,7.8304,,-123.7022396659,45.5330836193,-123.6900859795,45.5416247458
,USGS_LPC_OR_WesternWildfires_A22_s04860w14400.laz,hard_negative,False,184533205,0.184533,https://rockyweb.usgs.gov/vdelivery/Datasets/Staged/Elevation/LPC/Projects/OR_WesternWildfires_A22/OR_WWildfires_2_A22/LAZ/USGS_LPC_OR_WesternWildfires_A22_s04860w14400.laz,0,0,0,0,0.0,0.0,3.83,,,,,7.8298,,-123.7325495035,45.6557478878,-123.7203657667,45.6642913119
,USGS_LPC_OR_WesternWildfires_A22_s04650w14010.laz,hard_negative,False,194336615,0.194337,https://rockyweb.usgs.gov/vdelivery/Datasets/Staged/Elevation/LPC/Projects/OR_WesternWildfires_A22/OR_WWildfires_2_A22/LAZ/USGS_LPC_OR_WesternWildfires_A22_s04650w14010.laz,0,0,0,0,0.0,0.0,3.829,,,,,7.8288,,-123.8084671565,45.5465903933,-123.7962960856,45.5551416679
,USGS_LPC_OR_WesternWildfires_A22_s04740w13890.laz,hard_negative,False,202419675,0.20242,https://rockyweb.usgs.gov/vdelivery/Datasets/Staged/Elevation/LPC/Projects/OR_WesternWildfires_A22/OR_WWildfires_2_A22/LAZ/USGS_LPC_OR_WesternWildfires_A22_s04740w13890.laz,0,0,0,0,0.0,0.0,3.829,,,,,7.8288,,-123.7714976208,45.5146965983,-123.7593383258,45.5232444753
,USGS_LPC_OR_WesternWildfires_A22_s04530w13800.laz,positive_diversity,False,74083961,0.074084,https://rockyweb.usgs.gov/vdelivery/Datasets/Staged/Elevation/LPC/Projects/OR_WesternWildfires_A22/OR_WWildfires_2_A22/LAZ/USGS_LPC_OR_WesternWildfires_A22_s04530w13800.laz,0,1,0,4,59547.499,0.0,1.827,,,,,7.8266,,-123.8476734313,45.4878346404,-123.8397597967,45.4962683484
,USGS_LPC_OR_WesternWildfires_A22_s04530w14310.laz,positive_diversity,False,101832559,0.101833,https://rockyweb.usgs.gov/vdelivery/Datasets/Staged/Elevation/LPC/Projects/OR_WesternWildfires_A22/OR_WWildfires_2_A22/LAZ/USGS_LPC_OR_WesternWildfires_A22_s04530w14310.laz,0,1,0,4,73829.448,0.0,1.827,,,,,7.8265,,-123.8586526444,45.627496552,-123.8478657943,45.6360119336
,USGS_LPC_OR_WesternWildfires_A22_s05220w14100.laz,positive_diversity,False,156619813,0.15662,https://rockyweb.usgs.gov/vdelivery/Datasets/Staged/Elevation/LPC/Projects/OR_WesternWildfires_A22/OR_WWildfires_2_A22/LAZ/USGS_LPC_OR_WesternWildfires_A22_s05220w14100.laz,0,1,0,4,37226.25,0.0,1.759,,,,,7.7591,,-123.5874457392,45.5773389369,-123.575298467,45.5858687912
,USGS_LPC_OR_WesternWildfires_A22_s05010w13410.laz,hard_negative,False,139324450,0.139324,https://rockyweb.usgs.gov/vdelivery/Datasets/Staged/Elevation/LPC/Projects/OR_WesternWildfires_A22/OR_WWildfires_2_A22/LAZ/USGS_LPC_OR_WesternWildfires_A22_s05010w13410.laz,0,0,0,0,0.0,0.0,3.755,,,,,7.7552,,-123.6590359809,45.3860550101,-123.6469190848,45.3945926662
,USGS_LPC_OR_WesternWildfires_A22_s04890w13890.laz,hard_negative,False,202499974,0.2025,https://rockyweb.usgs.gov/vdelivery/Datasets/Staged/Elevation/LPC/Projects/OR_WesternWildfires_A22/OR_WWildfires_2_A22/LAZ/USGS_LPC_OR_WesternWildfires_A22_s04890w13890.laz,0,0,0,0,0.0,0.0,3.755,,,,,7.7549,,-123.7130223453,45.516320413,-123.7008707126,45.5248626584
,USGS_LPC_OR_WesternWildfires_A22_s05220w14490.laz,hard_negative,False,190996845,0.190997,https://rockyweb.usgs.gov/vdelivery/Datasets/Staged/Elevation/LPC/Projects/OR_WesternWildfires_A22/OR_WWildfires_2_A22/LAZ/USGS_LPC_OR_WesternWildfires_A22_s05220w14490.laz,0,0,0,0,0.0,0.0,3.755,,,,,7.7548,,-123.5931828075,45.6842106054,-123.5810121883,45.6927404645
,USGS_LPC_OR_WesternWildfires_A22_s04920w14070.laz,hard_negative,False,196520512,0.196521,https://rockyweb.usgs.gov/vdelivery/Datasets/Staged/Elevation/LPC/Projects/OR_WesternWildfires_A22/OR_WWildfires_2_A22/LAZ/USGS_LPC_OR_WesternWildfires_A22_s04920w14070.laz,0,0,0,0,0.0,0.0,3.755,,,,,7.7547,,-123.704066764,45.5659670475,-123.6919058972,45.5745081881
,USGS_LPC_OR_WesternWildfires_A22_s04830w14340.laz,hard_negative,False,213633168,0.213633,https://rockyweb.usgs.gov/vdelivery/Datasets/Staged/Elevation/LPC/Projects/OR_WesternWildfires_A22/OR_WWildfires_2_A22/LAZ/USGS_LPC_OR_WesternWildfires_A22_s04830w14340.laz,0,0,0,0,0.0,0.0,3.755,,,,,7.7546,,-123.7433463269,45.6389830876,-123.7311646562,45.6475276369
,USGS_LPC_OR_WesternWildfires_A22_s04710w13980.laz,hard_negative,False,206535722,0.206536,https://rockyweb.usgs.gov/vdelivery/Datasets/Staged/Elevation/LPC/Projects/OR_WesternWildfires_A22/OR_WWildfires_2_A22/LAZ/USGS_LPC_OR_WesternWildfires_A22_s04710w13980.laz,0,0,0,0,0.0,0.0,3.755,,,,,7.7546,,-123.7845965658,45.5390302567,-123.7724303545,45.5475792744
,USGS_LPC_OR_WesternWildfires_A22_s04680w13920.laz,hard_negative,False,145016191,0.145016,https://rockyweb.usgs.gov/vdelivery/Datasets/Staged/Elevation/LPC/Projects/OR_WesternWildfires_A22/OR_WWildfires_2_A22/LAZ/USGS_LPC_OR_WesternWildfires_A22_s04680w13920.laz,0,0,0,0,0.0,0.0,3.755,,,,,7.7546,,-123.7953564261,45.5222595158,-123.7831922787,45.5308096494
,USGS_LPC_OR_WesternWildfires_A22_s04620w14190.laz,hard_negative,False,196805578,0.196806,https://rockyweb.usgs.gov/vdelivery/Datasets/Staged/Elevation/LPC/Projects/OR_WesternWildfires_A22/OR_WWildfires_2_A22/LAZ/USGS_LPC_OR_WesternWildfires_A22_s04620w14190.laz,0,0,0,0,0.0,0.0,3.754,,,,,7.7545,,-123.8230110511,45.5955801275,-123.8108276448,45.6041325553
,USGS_LPC_OR_WesternWildfires_A22_s04710w14340.laz,hard_negative,False,211618314,0.211618,https://rockyweb.usgs.gov/vdelivery/Datasets/Staged/Elevation/LPC/Projects/OR_WesternWildfires_A22/OR_WWildfires_2_A22/LAZ/USGS_LPC_OR_WesternWildfires_A22_s04710w14340.laz,0,0,0,0,0.0,0.0,3.754,,,,,7.7543,,-123.7902257572,45.6376743084,-123.7780379379,45.6462233712
,USGS_LPC_OR_WesternWildfires_A22_s04500w14340.laz,positive_diversity,False,18637643,0.018638,https://rockyweb.usgs.gov/vdelivery/Datasets/Staged/Elevation/LPC/Projects/OR_WesternWildfires_A22/OR_WWildfires_2_A22/LAZ/USGS_LPC_OR_WesternWildfires_A22_s04500w14340.laz,0,1,1,2,13603.645,0.0,1.249,,,,,7.7489,,-123.8632639104,45.6375203086,-123.8601732439,45.64389573
,USGS_LPC_OR_WesternWildfires_A22_s05130w13890.laz,positive_diversity,False,184745905,0.184746,https://rockyweb.usgs.gov/vdelivery/Datasets/Staged/Elevation/LPC/Projects/OR_WesternWildfires_A22/OR_WWildfires_2_A22/LAZ/USGS_LPC_OR_WesternWildfires_A22_s05130w13890.laz,0,1,1,2,18302.075,0.0,1.246,,,,,7.7464,,-123.6194551514,45.5188576266,-123.6073157997,45.5273908521
,USGS_LPC_OR_WesternWildfires_A22_s04560w13830.laz,positive_diversity,False,74817412,0.074817,https://rockyweb.usgs.gov/vdelivery/Datasets/Staged/Elevation/LPC/Projects/OR_WesternWildfires_A22/OR_WWildfires_2_A22/LAZ/USGS_LPC_OR_WesternWildfires_A22_s04560w13830.laz,0,1,1,2,40346.388,0.0,1.244,,,,,7.7438,,-123.8407114024,45.4962683512,-123.8285465337,45.5048229649
,USGS_LPC_OR_WesternWildfires_A22_s05220w13890.laz,hard_negative,False,170702374,0.170702,https://rockyweb.usgs.gov/vdelivery/Datasets/Staged/Elevation/LPC/Projects/OR_WesternWildfires_A22/OR_WWildfires_2_A22/LAZ/USGS_LPC_OR_WesternWildfires_A22_s05220w13890.laz,0,0,0,0,0.0,0.0,3.702,,,,,7.7024,,-123.5843653505,45.5197897592,-123.5722306128,45.5283195993
,USGS_LPC_OR_WesternWildfires_A22_s04950w13620.laz,hard_negative,False,221171930,0.221172,https://rockyweb.usgs.gov/vdelivery/Datasets/Staged/Elevation/LPC/Projects/OR_WesternWildfires_A22/OR_WWildfires_2_A22/LAZ/USGS_LPC_OR_WesternWildfires_A22_s04950w13620.laz,0,0,0,0,0.0,0.0,3.702,,,,,7.7016,,-123.6855452431,45.4429705909,-123.6734127893,45.4515105395
,USGS_LPC_OR_WesternWildfires_A22_s04980w14010.laz,hard_negative,False,173468210,0.173468,https://rockyweb.usgs.gov/vdelivery/Datasets/Staged/Elevation/LPC/Projects/OR_WesternWildfires_A22/OR_WWildfires_2_A22/LAZ/USGS_LPC_OR_WesternWildfires_A22_s04980w14010.laz,0,0,0,0,0.0,0.0,3.702,,,,,7.7015,,-123.6797483541,45.5501647543,-123.6675941501,45.5587036326
,USGS_LPC_OR_WesternWildfires_A22_s05130w14340.laz,hard_negative,False,195322276,0.195322,https://rockyweb.usgs.gov/vdelivery/Datasets/Staged/Elevation/LPC/Projects/OR_WesternWildfires_A22/OR_WWildfires_2_A22/LAZ/USGS_LPC_OR_WesternWildfires_A22_s05130w14340.laz,0,0,0,0,0.0,0.0,3.701,,,,,7.7013,,-123.6261385602,45.6421729006,-123.6139722983,45.6507061536
,USGS_LPC_OR_WesternWildfires_A22_s04980w13980.laz,hard_negative,False,156745418,0.156745,https://rockyweb.usgs.gov/vdelivery/Datasets/Staged/Elevation/LPC/Projects/OR_WesternWildfires_A22/OR_WWildfires_2_A22/LAZ/USGS_LPC_OR_WesternWildfires_A22_s04980w13980.laz,0,0,0,0,0.0,0.0,3.701,,,,,7.7013,,-123.6792949751,45.5419437887,-123.667142565,45.5504826638
,USGS_LPC_OR_WesternWildfires_A22_s04920w14490.laz,hard_negative,False,177147612,0.177148,https://rockyweb.usgs.gov/vdelivery/Datasets/Staged/Elevation/LPC/Projects/OR_WesternWildfires_A22/OR_WWildfires_2_A22/LAZ/USGS_LPC_OR_WesternWildfires_A22_s04920w14490.laz,0,0,0,0,0.0,0.0,3.701,,,,,7.7007,,-123.710478051,45.6810538217,-123.6982919861,45.6895949903
,USGS_LPC_OR_WesternWildfires_A22_s04920w14430.laz,hard_negative,False,207132829,0.207133,https://rockyweb.usgs.gov/vdelivery/Datasets/Staged/Elevation/LPC/Projects/OR_WesternWildfires_A22/OR_WWildfires_2_A22/LAZ/USGS_LPC_OR_WesternWildfires_A22_s04920w14430.laz,0,0,0,0,0.0,0.0,3.7,,,,,7.7004,,-123.7095605832,45.6646133627,-123.6973781245,45.6731545292
,USGS_LPC_OR_WesternWildfires_A22_s04830w13980.laz,hard_negative,False,203883474,0.203883,https://rockyweb.usgs.gov/vdelivery/Datasets/Staged/Elevation/LPC/Projects/OR_WesternWildfires_A22/OR_WWildfires_2_A22/LAZ/USGS_LPC_OR_WesternWildfires_A22_s04830w13980.laz,0,0,0,0,0.0,0.0,3.699,,,,,7.6995,,-123.7377971729,45.5403368738,-123.7256370902,45.5488813854
,USGS_LPC_OR_WesternWildfires_A22_s04710w14280.laz,hard_negative,False,231299214,0.231299,https://rockyweb.usgs.gov/vdelivery/Datasets/Staged/Elevation/LPC/Projects/OR_WesternWildfires_A22/OR_WWildfires_2_A22/LAZ/USGS_LPC_OR_WesternWildfires_A22_s04710w14280.laz,0,0,0,0,0.0,0.0,3.699,,,,,7.6989,,-123.7892862198,45.6212340499,-123.7771020072,45.6297831069
,USGS_LPC_OR_WesternWildfires_A22_s04770w13830.laz,hard_negative,False,225526148,0.225526,https://rockyweb.usgs.gov/vdelivery/Datasets/Staged/Elevation/LPC/Projects/OR_WesternWildfires_A22/OR_WWildfires_2_A22/LAZ/USGS_LPC_OR_WesternWildfires_A22_s04770w13830.laz,0,0,0,0,0.0,0.0,3.699,,,,,7.6988,,-123.7588739495,45.4985820335,-123.7467197781,45.5071287742
,USGS_LPC_OR_WesternWildfires_A22_s04620w14070.laz,hard_negative,False,208127054,0.208127,https://rockyweb.usgs.gov/vdelivery/Datasets/Staged/Elevation/LPC/Projects/OR_WesternWildfires_A22/OR_WWildfires_2_A22/LAZ/USGS_LPC_OR_WesternWildfires_A22_s04620w14070.laz,0,0,0,0,0.0,0.0,3.699,,,,,7.6986,,-123.821115189,45.5626991551,-123.8089389883,45.5712515653
,USGS_LPC_OR_WesternWildfires_A22_s04710w14460.laz,hard_negative,False,193027370,0.193027,https://rockyweb.usgs.gov/vdelivery/Datasets/Staged/Elevation/LPC/Projects/OR_WesternWildfires_A22/OR_WWildfires_2_A22/LAZ/USGS_LPC_OR_WesternWildfires_A22_s04710w14460.laz,0,0,0,0,0.0,0.0,3.698,,,,,7.6978,,-123.7921064422,45.6705543141,-123.7799114033,45.6791033865
,USGS_LPC_OR_WesternWildfires_A22_s04620w14250.laz,hard_negative,False,219955376,0.219955,https://rockyweb.usgs.gov/vdelivery/Datasets/Staged/Elevation/LPC/Projects/OR_WesternWildfires_A22/OR_WWildfires_2_A22/LAZ/USGS_LPC_OR_WesternWildfires_A22_s04620w14250.laz,0,0,0,0,0.0,0.0,3.698,,,,,7.6976,,-123.8239597936,45.6120203646,-123.8117727814,45.6205728002
,USGS_LPC_OR_WesternWildfires_A22_s04590w14550.laz,positive_diversity,False,90443092,0.090443,https://rockyweb.usgs.gov/vdelivery/Datasets/Staged/Elevation/LPC/Projects/OR_WesternWildfires_A22/OR_WWildfires_2_A22/LAZ/USGS_LPC_OR_WesternWildfires_A22_s04590w14550.laz,0,1,0,2,16173.95,0.0,3.655,,,,,7.6545,,-123.8399725916,45.6938984329,-123.8282358481,45.7024386263
,USGS_LPC_OR_WesternWildfires_A22_s04980w13410.laz,hard_negative,False,159509753,0.15951,https://rockyweb.usgs.gov/vdelivery/Datasets/Staged/Elevation/LPC/Projects/OR_WesternWildfires_A22/OR_WWildfires_2_A22/LAZ/USGS_LPC_OR_WesternWildfires_A22_s04980w13410.laz,0,0,0,0,0.0,0.0,3.654,,,,,7.6537,,-123.6707052596,45.3857379726,-123.6585868353,45.3942767537
,USGS_LPC_OR_WesternWildfires_A22_s05220w13800.laz,hard_negative,False,195388175,0.195388,https://rockyweb.usgs.gov/vdelivery/Datasets/Staged/Elevation/LPC/Projects/OR_WesternWildfires_A22/OR_WWildfires_2_A22/LAZ/USGS_LPC_OR_WesternWildfires_A22_s05220w13800.laz,0,0,0,0,0.0,0.0,3.654,,,,,7.6536,,-123.5830470639,45.4951252255,-123.5709176902,45.5036550571
,USGS_LPC_OR_WesternWildfires_A22_s05160w14220.laz,hard_negative,False,171747310,0.171747,https://rockyweb.usgs.gov/vdelivery/Datasets/Staged/Elevation/LPC/Projects/OR_WesternWildfires_A22/OR_WWildfires_2_A22/LAZ/USGS_LPC_OR_WesternWildfires_A22_s05160w14220.laz,0,0,0,0,0.0,0.0,3.653,,,,,7.6535,,-123.6126387151,45.6096020914,-123.600481183,45.6181342108
,USGS_LPC_OR_WesternWildfires_A22_s04890w13860.laz,hard_negative,False,175511738,0.175512,https://rockyweb.usgs.gov/vdelivery/Datasets/Staged/Elevation/LPC/Projects/OR_WesternWildfires_A22/OR_WWildfires_2_A22/LAZ/USGS_LPC_OR_WesternWildfires_A22_s04890w13860.laz,0,0,0,0,0.0,0.0,3.653,,,,,7.6535,,-123.7125644929,45.5080994194,-123.7004146534,45.5166416604
,USGS_LPC_OR_WesternWildfires_A22_s04980w14100.laz,hard_negative,False,205078312,0.205078,https://rockyweb.usgs.gov/vdelivery/Datasets/Staged/Elevation/LPC/Projects/OR_WesternWildfires_A22/OR_WWildfires_2_A22/LAZ/USGS_LPC_OR_WesternWildfires_A22_s04980w14100.laz,0,0,0,0,0.0,0.0,3.653,,,,,7.6534,,-123.681109267,45.5748274069,-123.6689496778,45.5833662941
,USGS_LPC_OR_WesternWildfires_A22_s04950w14130.laz,hard_negative,False,179733989,0.179734,https://rockyweb.usgs.gov/vdelivery/Datasets/Staged/Elevation/LPC/Projects/OR_WesternWildfires_A22/OR_WWildfires_2_A22/LAZ/USGS_LPC_OR_WesternWildfires_A22_s04950w14130.laz,0,0,0,0,0.0,0.0,3.653,,,,,7.6533,,-123.6932721941,45.5827289493,-123.6811092711,45.5912689676
,USGS_LPC_OR_WesternWildfires_A22_s05130w14250.laz,hard_negative,False,191500583,0.191501,https://rockyweb.usgs.gov/vdelivery/Datasets/Staged/Elevation/LPC/Projects/OR_WesternWildfires_A22/OR_WWildfires_2_A22/LAZ/USGS_LPC_OR_WesternWildfires_A22_s05130w14250.laz,0,0,0,0,0.0,0.0,3.653,,,,,7.6533,,-123.6247995895,45.6175105904,-123.6126387191,45.6260438409
,USGS_LPC_OR_WesternWildfires_A22_s04740w13980.laz,hard_negative,False,189597056,0.189597,https://rockyweb.usgs.gov/vdelivery/Datasets/Staged/Elevation/LPC/Projects/OR_WesternWildfires_A22/OR_WWildfires_2_A22/LAZ/USGS_LPC_OR_WesternWildfires_A22_s04740w13980.laz,0,0,0,0,0.0,0.0,3.653,,,,,7.6533,,-123.7728969205,45.5393586679,-123.7607322367,45.5479065595
,USGS_LPC_OR_WesternWildfires_A22_s04920w14100.laz,hard_negative,False,214881281,0.214881,https://rockyweb.usgs.gov/vdelivery/Datasets/Staged/Elevation/LPC/Projects/OR_WesternWildfires_A22/OR_WWildfires_2_A22/LAZ/USGS_LPC_OR_WesternWildfires_A22_s04920w14100.laz,0,0,0,0,0.0,0.0,3.653,,,,,7.6533,,-123.7045238642,45.5741878028,-123.692361201,45.5827289464
,USGS_LPC_OR_WesternWildfires_A22_s04800w14280.laz,hard_negative,False,203211538,0.203212,https://rockyweb.usgs.gov/vdelivery/Datasets/Staged/Elevation/LPC/Projects/OR_WesternWildfires_A22/OR_WWildfires_2_A22/LAZ/USGS_LPC_OR_WesternWildfires_A22_s04800w14280.laz,0,0,0,0,0.0,0.0,3.653,,,,,7.6533,,-123.7541368654,45.6222171233,-123.7419572609,45.6307627964
,USGS_LPC_OR_WesternWildfires_A22_s05220w14520.laz,hard_negative,False,213503269,0.213503,https://rockyweb.usgs.gov/vdelivery/Datasets/Staged/Elevation/LPC/Projects/OR_WesternWildfires_A22/OR_WWildfires_2_A22/LAZ/USGS_LPC_OR_WesternWildfires_A22_s05220w14520.laz,0,0,0,0,0.0,0.0,3.653,,,,,7.6532,,-123.5936250032,45.6924312051,-123.5814525845,45.7009610633
,USGS_LPC_OR_WesternWildfires_A22_s04830w14310.laz,hard_negative,False,226517730,0.226518,https://rockyweb.usgs.gov/vdelivery/Datasets/Staged/Elevation/LPC/Projects/OR_WesternWildfires_A22/OR_WWildfires_2_A22/LAZ/USGS_LPC_OR_WesternWildfires_A22_s04830w14310.laz,0,0,0,0,0.0,0.0,3.653,,,,,7.6532,,-123.7428831713,45.6307627992,-123.7307033026,45.6393073463
,USGS_LPC_OR_WesternWildfires_A22_s04710w14370.laz,hard_negative,False,223136412,0.223136,https://rockyweb.usgs.gov/vdelivery/Datasets/Staged/Elevation/LPC/Projects/OR_WesternWildfires_A22/OR_WWildfires_2_A22/LAZ/USGS_LPC_OR_WesternWildfires_A22_s04710w14370.laz,0,0,0,0,0.0,0.0,3.653,,,,,7.653,,-123.7906957271,45.645894374,-123.7785061037,45.6544434394
,USGS_LPC_OR_WesternWildfires_A22_s05160w13380.laz,hard_negative,False,137177543,0.137178,https://rockyweb.usgs.gov/vdelivery/Datasets/Staged/Elevation/LPC/Projects/OR_WesternWildfires_A22/OR_WWildfires_2_A22/LAZ/USGS_LPC_OR_WesternWildfires_A22_s05160w13380.laz,0,0,0,0,0.0,0.0,3.619,,,,,7.6193,,-123.6002468114,45.3794006707,-123.5881393451,45.387932694
,USGS_LPC_OR_WesternWildfires_A22_s05220w13830.laz,hard_negative,False,217182075,0.217182,https://rockyweb.usgs.gov/vdelivery/Datasets/Staged/Elevation/LPC/Projects/OR_WesternWildfires_A22/OR_WWildfires_2_A22/LAZ/USGS_LPC_OR_WesternWildfires_A22_s05220w13830.laz,0,0,0,0,0.0,0.0,3.619,,,,,7.6188,,-123.5834863676,45.5033467763,-123.5713552065,45.5118766108
,USGS_LPC_OR_WesternWildfires_A22_s05130w14220.laz,hard_negative,False,191262204,0.191262,https://rockyweb.usgs.gov/vdelivery/Datasets/Staged/Elevation/LPC/Projects/OR_WesternWildfires_A22/OR_WWildfires_2_A22/LAZ/USGS_LPC_OR_WesternWildfires_A22_s05130w14220.laz,0,0,0,0,0.0,0.0,3.619,,,,,7.6188,,-123.6243535206,45.6092897363,-123.6121944464,45.6178229857
,USGS_LPC_OR_WesternWildfires_A22_s05010w13530.laz,hard_negative,False,147483945,0.147484,https://rockyweb.usgs.gov/vdelivery/Datasets/Staged/Elevation/LPC/Projects/OR_WesternWildfires_A22/OR_WWildfires_2_A22/LAZ/USGS_LPC_OR_WesternWildfires_A22_s05010w13530.laz,0,0,0,0,0.0,0.0,3.619,,,,,7.6187,,-123.6608338565,45.4189417746,-123.6487098231,45.4274794522
,USGS_LPC_OR_WesternWildfires_A22_s04980w14070.laz,hard_negative,False,195312909,0.195313,https://rockyweb.usgs.gov/vdelivery/Datasets/Staged/Elevation/LPC/Projects/OR_WesternWildfires_A22/OR_WWildfires_2_A22/LAZ/USGS_LPC_OR_WesternWildfires_A22_s04980w14070.laz,0,0,0,0,0.0,0.0,3.618,,,,,7.6182,,-123.6806555,45.5666065635,-123.6684977064,45.575145448
,USGS_LPC_OR_WesternWildfires_A22_s05130w14280.laz,hard_negative,False,167584190,0.167584,https://rockyweb.usgs.gov/vdelivery/Datasets/Staged/Elevation/LPC/Projects/OR_WesternWildfires_A22/OR_WWildfires_2_A22/LAZ/USGS_LPC_OR_WesternWildfires_A22_s05130w14280.laz,0,0,0,0,0.0,0.0,3.618,,,,,7.6181,,-123.6252457857,45.6257314026,-123.6130831187,45.6342646541
,USGS_LPC_OR_WesternWildfires_A22_s04980w14130.laz,hard_negative,False,199864938,0.199865,https://rockyweb.usgs.gov/vdelivery/Datasets/Staged/Elevation/LPC/Projects/OR_WesternWildfires_A22/OR_WWildfires_2_A22/LAZ/USGS_LPC_OR_WesternWildfires_A22_s04980w14130.laz,0,0,0,0,0.0,0.0,3.618,,,,,7.618,,-123.6815631634,45.5830482093,-123.6694017781,45.5915870991
,USGS_LPC_OR_WesternWildfires_A22_s04890w13830.laz,hard_negative,False,188784609,0.188785,https://rockyweb.usgs.gov/vdelivery/Datasets/Staged/Elevation/LPC/Projects/OR_WesternWildfires_A22/OR_WWildfires_2_A22/LAZ/USGS_LPC_OR_WesternWildfires_A22_s04890w13830.laz,0,0,0,0,0.0,0.0,3.618,,,,,7.6179,,-123.712106771,45.4998783861,-123.6999587241,45.5084206225
,USGS_LPC_OR_WesternWildfires_A22_s04920w14550.laz,hard_negative,False,131468488,0.131468,https://rockyweb.usgs.gov/vdelivery/Datasets/Staged/Elevation/LPC/Projects/OR_WesternWildfires_A22/OR_WWildfires_2_A22/LAZ/USGS_LPC_OR_WesternWildfires_A22_s04920w14550.laz,0,0,0,0,0.0,0.0,3.618,,,,,7.6176,,-123.7113960432,45.6974941075,-123.6992063701,45.7060352774
,USGS_LPC_OR_WesternWildfires_A22_s04830w14280.laz,hard_negative,False,195435516,0.195436,https://rockyweb.usgs.gov/vdelivery/Datasets/Staged/Elevation/LPC/Projects/OR_WesternWildfires_A22/OR_WWildfires_2_A22/LAZ/USGS_LPC_OR_WesternWildfires_A22_s04830w14280.laz,0,0,0,0,0.0,0.0,3.617,,,,,7.6174,,-123.742420148,45.6225424686,-123.7302420807,45.6310870133
,USGS_LPC_OR_WesternWildfires_A22_s04920w14130.laz,hard_negative,False,204275274,0.204275,https://rockyweb.usgs.gov/vdelivery/Datasets/Staged/Elevation/LPC/Projects/OR_WesternWildfires_A22/OR_WWildfires_2_A22/LAZ/USGS_LPC_OR_WesternWildfires_A22_s04920w14130.laz,0,0,0,0,0.0,0.0,3.617,,,,,7.6172,,-123.7049810948,45.582408517,-123.6928166346,45.5909496636
,USGS_LPC_OR_WesternWildfires_A22_s04770w13980.laz,hard_negative,False,206956174,0.206956,https://rockyweb.usgs.gov/vdelivery/Datasets/Staged/Elevation/LPC/Projects/OR_WesternWildfires_A22/OR_WWildfires_2_A22/LAZ/USGS_LPC_OR_WesternWildfires_A22_s04770w13980.laz,0,0,0,0,0.0,0.0,3.617,,,,,7.6171,,-123.7611971344,45.5396859079,-123.7490339863,45.548232673
,USGS_LPC_OR_WesternWildfires_A22_s04770w14280.laz,hard_negative,False,225075290,0.225075,https://rockyweb.usgs.gov/vdelivery/Datasets/Staged/Elevation/LPC/Projects/OR_WesternWildfires_A22/OR_WWildfires_2_A22/LAZ/USGS_LPC_OR_WesternWildfires_A22_s04770w14280.laz,0,0,0,0,0.0,0.0,3.617,,,,,7.617,,-123.7658534501,45.6218906052,-123.753672309,45.6304374064
,USGS_LPC_OR_WesternWildfires_A22_s04620w13920.laz,hard_negative,False,153759239,0.153759,https://rockyweb.usgs.gov/vdelivery/Datasets/Staged/Elevation/LPC/Projects/OR_WesternWildfires_A22/OR_WWildfires_2_A22/LAZ/USGS_LPC_OR_WesternWildfires_A22_s04620w13920.laz,0,0,0,0,0.0,0.0,3.616,,,,,7.6165,,-123.8187483997,45.5215970194,-123.8065811939,45.530149404
,USGS_LPC_OR_WesternWildfires_A22_s04710w14400.laz,hard_negative,False,243490943,0.243491,https://rockyweb.usgs.gov/vdelivery/Datasets/Staged/Elevation/LPC/Projects/OR_WesternWildfires_A22/OR_WWildfires_2_A22/LAZ/USGS_LPC_OR_WesternWildfires_A22_s04710w14400.laz,0,0,0,0,0.0,0.0,3.616,,,,,7.616,,-123.7911658312,45.6541143969,-123.7789744032,45.6626634649
,USGS_LPC_OR_WesternWildfires_A22_s04560w13950.laz,positive_diversity,False,173363176,0.173363,https://rockyweb.usgs.gov/vdelivery/Datasets/Staged/Elevation/LPC/Projects/OR_WesternWildfires_A22/OR_WWildfires_2_A22/LAZ/USGS_LPC_OR_WesternWildfires_A22_s04560w13950.laz,0,1,0,1,2490.927,0.0,4.589,,,,,7.589,,-123.8426162494,45.5291502553,-123.8304441886,45.5377048959
,USGS_LPC_OR_WesternWildfires_A22_s05220w13860.laz,hard_negative,False,191452880,0.191453,https://rockyweb.usgs.gov/vdelivery/Datasets/Staged/Elevation/LPC/Projects/OR_WesternWildfires_A22/OR_WWildfires_2_A22/LAZ/USGS_LPC_OR_WesternWildfires_A22_s05220w13860.laz,0,0,0,0,0.0,0.0,3.587,,,,,7.5871,,-123.5839257964,45.5115682876,-123.5717928473,45.520098125
,USGS_LPC_OR_WesternWildfires_A22_s04950w13650.laz,hard_negative,False,257716591,0.257717,https://rockyweb.usgs.gov/vdelivery/Datasets/Staged/Elevation/LPC/Projects/OR_WesternWildfires_A22/OR_WWildfires_2_A22/LAZ/USGS_LPC_OR_WesternWildfires_A22_s04950w13650.laz,0,0,0,0,0.0,0.0,3.586,,,,,7.5862,,-123.6859987349,45.4511919854,-123.6738644929,45.4597319394
,USGS_LPC_OR_WesternWildfires_A22_s04980w14040.laz,hard_negative,False,164709322,0.164709,https://rockyweb.usgs.gov/vdelivery/Datasets/Staged/Elevation/LPC/Projects/OR_WesternWildfires_A22/OR_WWildfires_2_A22/LAZ/USGS_LPC_OR_WesternWildfires_A22_s04980w14040.laz,0,0,0,0,0.0,0.0,3.586,,,,,7.5862,,-123.6802018624,45.5583856792,-123.6680458638,45.5669245607
,USGS_LPC_OR_WesternWildfires_A22_s05130w14310.laz,hard_negative,False,160645791,0.160646,https://rockyweb.usgs.gov/vdelivery/Datasets/Staged/Elevation/LPC/Projects/OR_WesternWildfires_A22/OR_WWildfires_2_A22/LAZ/USGS_LPC_OR_WesternWildfires_A22_s05130w14310.laz,0,0,0,0,0.0,0.0,3.586,,,,,7.586,,-123.6256921092,45.6339521727,-123.613527645,45.642485425
,USGS_LPC_OR_WesternWildfires_A22_s04920w14520.laz,hard_negative,False,181618485,0.181618,https://rockyweb.usgs.gov/vdelivery/Datasets/Staged/Elevation/LPC/Projects/OR_WesternWildfires_A22/OR_WWildfires_2_A22/LAZ/USGS_LPC_OR_WesternWildfires_A22_s04920w14520.laz,0,0,0,0,0.0,0.0,3.585,,,,,7.5853,,-123.7109369815,45.6892739864,-123.6987491128,45.6978151557
,USGS_LPC_OR_WesternWildfires_A22_s04950w14430.laz,hard_negative,False,179495928,0.179496,https://rockyweb.usgs.gov/vdelivery/Datasets/Staged/Elevation/LPC/Projects/OR_WesternWildfires_A22/OR_WWildfires_2_A22/LAZ/USGS_LPC_OR_WesternWildfires_A22_s04950w14430.laz,0,0,0,0,0.0,0.0,3.585,,,,,7.5852,,-123.697834986,45.6649342367,-123.6856540686,45.6734742735
,USGS_LPC_OR_WesternWildfires_A22_s04800w13980.laz,hard_negative,False,191530276,0.19153,https://rockyweb.usgs.gov/vdelivery/Datasets/Staged/Elevation/LPC/Projects/OR_WesternWildfires_A22/OR_WWildfires_2_A22/LAZ/USGS_LPC_OR_WesternWildfires_A22_s04800w13980.laz,0,0,0,0,0.0,0.0,3.584,,,,,7.5839,,-123.7494972197,45.5400119765,-123.737335604,45.548557615
,USGS_LPC_OR_WesternWildfires_A22_s04740w14280.laz,hard_negative,False,224657817,0.224658,https://rockyweb.usgs.gov/vdelivery/Datasets/Staged/Elevation/LPC/Projects/OR_WesternWildfires_A22/OR_WWildfires_2_A22/LAZ/USGS_LPC_OR_WesternWildfires_A22_s04740w14280.laz,0,0,0,0,0.0,0.0,3.584,,,,,7.5835,,-123.7775699056,45.6215629139,-123.7653872246,45.6301108432
,USGS_LPC_OR_WesternWildfires_A22_s04770w13800.laz,hard_negative,False,188551776,0.188552,https://rockyweb.usgs.gov/vdelivery/Datasets/Staged/Elevation/LPC/Projects/OR_WesternWildfires_A22/OR_WWildfires_2_A22/LAZ/USGS_LPC_OR_WesternWildfires_A22_s04770w13800.laz,0,0,0,0,0.0,0.0,3.583,,,,,7.5833,,-123.7584097094,45.4903611393,-123.7462573317,45.4989078747
,USGS_LPC_OR_WesternWildfires_A22_s04620w14100.laz,hard_negative,False,196124931,0.196125,https://rockyweb.usgs.gov/vdelivery/Datasets/Staged/Elevation/LPC/Projects/OR_WesternWildfires_A22/OR_WWildfires_2_A22/LAZ/USGS_LPC_OR_WesternWildfires_A22_s04620w14100.laz,0,0,0,0,0.0,0.0,3.583,,,,,7.5831,,-123.8215889518,45.57091946,-123.8094109505,45.5794718749
,USGS_LPC_OR_WesternWildfires_A22_s04590w13920.laz,positive_diversity,False,153420254,0.15342,https://rockyweb.usgs.gov/vdelivery/Datasets/Staged/Elevation/LPC/Projects/OR_WesternWildfires_A22/OR_WWildfires_2_A22/LAZ/USGS_LPC_OR_WesternWildfires_A22_s04590w13920.laz,0,1,0,2,12345.394,0.0,3.583,,,,,7.5825,,-123.8304441846,45.5212640148,-123.8182754504,45.5298175246
,USGS_LPC_OR_WesternWildfires_A22_s04710w14430.laz,hard_negative,False,206916879,0.206917,https://rockyweb.usgs.gov/vdelivery/Datasets/Staged/Elevation/LPC/Projects/OR_WesternWildfires_A22/OR_WWildfires_2_A22/LAZ/USGS_LPC_OR_WesternWildfires_A22_s04710w14430.laz,0,0,0,0,0.0,0.0,3.582,,,,,7.5824,,-123.7916360695,45.662334377,-123.7794428363,45.6708834473
,USGS_LPC_OR_WesternWildfires_A22_s04650w13950.laz,positive_diversity,False,222097040,0.222097,https://rockyweb.usgs.gov/vdelivery/Datasets/Staged/Elevation/LPC/Projects/OR_WesternWildfires_A22/OR_WWildfires_2_A22/LAZ/USGS_LPC_OR_WesternWildfires_A22_s04650w13950.laz,0,1,0,1,7052.751,0.0,4.567,,,,,7.5667,,-123.8075239045,45.5301494068,-123.7953564302,45.5387006713
,USGS_LPC_OR_WesternWildfires_A22_s05190w13770.laz,positive_diversity,False,210246946,0.210247,https://rockyweb.usgs.gov/vdelivery/Datasets/Staged/Elevation/LPC/Projects/OR_WesternWildfires_A22/OR_WWildfires_2_A22/LAZ/USGS_LPC_OR_WesternWildfires_A22_s05190w13770.laz,0,1,0,3,23262.879,0.0,2.539,,,,,7.5389,,-123.5942979593,45.4865942664,-123.5821688357,45.4951252227
,USGS_LPC_OR_WesternWildfires_A22_s04920w13650.laz,positive_diversity,False,194442081,0.194442,https://rockyweb.usgs.gov/vdelivery/Datasets/Staged/Elevation/LPC/Projects/OR_WesternWildfires_A22/OR_WWildfires_2_A22/LAZ/USGS_LPC_OR_WesternWildfires_A22_s04920w13650.laz,0,1,0,1,14728.261,0.0,4.5,,,,,7.5002,,-123.6976810196,45.4508722589,-123.6855452472,45.4594133387
,USGS_LPC_OR_WesternWildfires_A22_s05070w13680.laz,positive_diversity,False,173394117,0.173394,https://rockyweb.usgs.gov/vdelivery/Datasets/Staged/Elevation/LPC/Projects/OR_WesternWildfires_A22/OR_WWildfires_2_A22/LAZ/USGS_LPC_OR_WesternWildfires_A22_s05070w13680.laz,0,1,1,3,314357.098,0.0,0.0,,,,,7.5,,-123.6397152944,45.4606807252,-123.6275853887,45.469216179
,USGS_LPC_OR_WesternWildfires_A22_s05100w13560.laz,positive_diversity,False,236237133,0.236237,https://rockyweb.usgs.gov/vdelivery/Datasets/Staged/Elevation/LPC/Projects/OR_WesternWildfires_A22/OR_WWildfires_2_A22/LAZ/USGS_LPC_OR_WesternWildfires_A22_s05100w13560.laz,0,1,1,2,92543.752,0.0,0.913,,,,,7.4134,,-123.6262501841,45.4281081207,-123.6141289588,45.4366424286
,USGS_LPC_OR_WesternWildfires_A22_s04560w14340.laz,positive_diversity,False,205874709,0.205875,https://rockyweb.usgs.gov/vdelivery/Datasets/Staged/Elevation/LPC/Projects/OR_WesternWildfires_A22/OR_WWildfires_2_A22/LAZ/USGS_LPC_OR_WesternWildfires_A22_s04560w14340.laz,0,1,1,2,75955.937,0.0,0.876,,,,,7.3761,,-123.8488220232,45.6360119365,-123.8366265302,45.6445666371
,USGS_LPC_OR_WesternWildfires_A22_s04620w14520.laz,positive_diversity,False,80406512,0.080407,https://rockyweb.usgs.gov/vdelivery/Datasets/Staged/Elevation/LPC/Projects/OR_WesternWildfires_A22/OR_WWildfires_2_A22/LAZ/USGS_LPC_OR_WesternWildfires_A22_s04620w14520.laz,0,1,1,0,584.226,0.0,2.871,,,,,7.3707,,-123.828235844,45.685999333,-123.8160325786,45.6945517953
,USGS_LPC_OR_WesternWildfires_A22_s04740w13680.laz,hard_negative,False,12222034,0.012222,https://rockyweb.usgs.gov/vdelivery/Datasets/Staged/Elevation/LPC/Projects/OR_WesternWildfires_A22/OR_WWildfires_2_A22/LAZ/USGS_LPC_OR_WesternWildfires_A22_s04740w13680.laz,0,0,0,0,0.0,0.0,3.361,,,,,7.361,,-123.7667229134,45.4639528929,-123.7564716837,45.4656982184
,USGS_LPC_OR_WesternWildfires_A22_s05250w13980.laz,hard_negative,False,305540606,0.305541,https://rockyweb.usgs.gov/vdelivery/Datasets/Staged/Elevation/LPC/Projects/OR_WesternWildfires_A22/OR_WWildfires_2_A22/LAZ/USGS_LPC_OR_WesternWildfires_A22_s05250w13980.laz,0,0,0,0,0.0,0.0,3.26,,,,,7.2601,,-123.5739829188,45.5447624308,-123.5618443527,45.5532911488
,USGS_LPC_OR_WesternWildfires_A22_s05220w14190.laz,hard_negative,False,139013956,0.139014,https://rockyweb.usgs.gov/vdelivery/Datasets/Staged/Elevation/LPC/Projects/OR_WesternWildfires_A22/OR_WWildfires_2_A22/LAZ/USGS_LPC_OR_WesternWildfires_A22_s05220w14190.laz,0,0,0,0,0.0,0.0,3.26,,,,,7.26,,-123.5887677892,45.6020022585,-123.5766151372,45.6105321165
,USGS_LPC_OR_WesternWildfires_A22_s05190w14460.laz,hard_negative,False,184138085,0.184138,https://rockyweb.usgs.gov/vdelivery/Datasets/Staged/Elevation/LPC/Projects/OR_WesternWildfires_A22/OR_WWildfires_2_A22/LAZ/USGS_LPC_OR_WesternWildfires_A22_s05190w14460.laz,0,0,0,0,0.0,0.0,3.26,,,,,7.2596,,-123.6044691655,45.6756796113,-123.5922987989,45.6842106026
,USGS_LPC_OR_WesternWildfires_A22_s04950w13710.laz,hard_negative,False,223771748,0.223772,https://rockyweb.usgs.gov/vdelivery/Datasets/Staged/Elevation/LPC/Projects/OR_WesternWildfires_A22/OR_WWildfires_2_A22/LAZ/USGS_LPC_OR_WesternWildfires_A22_s04950w13710.laz,0,0,0,0,0.0,0.0,3.259,,,,,7.2595,,-123.6869061057,45.4676346589,-123.674768286,45.4761746233
,USGS_LPC_OR_WesternWildfires_A22_s04920w13920.laz,hard_negative,False,195699495,0.195699,https://rockyweb.usgs.gov/vdelivery/Datasets/Staged/Elevation/LPC/Projects/OR_WesternWildfires_A22/OR_WWildfires_2_A22/LAZ/USGS_LPC_OR_WesternWildfires_A22_s04920w13920.laz,0,0,0,0,0.0,0.0,3.259,,,,,7.2594,,-123.7017832168,45.5248626613,-123.6896313241,45.5334037839
,USGS_LPC_OR_WesternWildfires_A22_s05070w14400.laz,hard_negative,False,193248775,0.193249,https://rockyweb.usgs.gov/vdelivery/Datasets/Staged/Elevation/LPC/Projects/OR_WesternWildfires_A22/OR_WWildfires_2_A22/LAZ/USGS_LPC_OR_WesternWildfires_A22_s05070w14400.laz,0,0,0,0,0.0,0.0,3.259,,,,,7.2593,,-123.6504811227,45.6579854805,-123.6383081722,45.6665209957
,USGS_LPC_OR_WesternWildfires_A22_s04830w13350.laz,hard_negative,False,212349811,0.21235,https://rockyweb.usgs.gov/vdelivery/Datasets/Staged/Elevation/LPC/Projects/OR_WesternWildfires_A22/OR_WWildfires_2_A22/LAZ/USGS_LPC_OR_WesternWildfires_A22_s04830w13350.laz,0,0,0,0,0.0,0.0,3.259,,,,,7.2593,,-123.7281316847,45.3676921844,-123.7160091979,45.3762365724
65,USGS_LPC_OR_WesternWildfires_A22_s04980w14430.laz,hard_negative,False,174920207,0.17492,https://rockyweb.usgs.gov/vdelivery/Datasets/Staged/Elevation/LPC/Projects/OR_WesternWildfires_A22/OR_WWildfires_2_A22/LAZ/USGS_LPC_OR_WesternWildfires_A22_s04980w14430.laz,0,0,0,0,0.0,0.0,3.259,,,,,7.2592,hard_negative; additional_new_polygons=0; selected_spatial_novelty_km=10.42; downloaded=no,-123.6861092582,45.6652539369,-123.6739298827,45.6737928437
,USGS_LPC_OR_WesternWildfires_A22_s04860w14370.laz,hard_negative,False,217294527,0.217295,https://rockyweb.usgs.gov/vdelivery/Datasets/Staged/Elevation/LPC/Projects/OR_WesternWildfires_A22/OR_WWildfires_2_A22/LAZ/USGS_LPC_OR_WesternWildfires_A22_s04860w14370.laz,0,0,0,0,0.0,0.0,3.259,,,,,7.2589,,-123.7320877545,45.6475276398,-123.7199058204,45.6560710622
,USGS_LPC_OR_WesternWildfires_A22_s04890w14040.laz,hard_negative,False,198760792,0.198761,https://rockyweb.usgs.gov/vdelivery/Datasets/Staged/Elevation/LPC/Projects/OR_WesternWildfires_A22/OR_WWildfires_2_A22/LAZ/USGS_LPC_OR_WesternWildfires_A22_s04890w14040.laz,0,0,0,0,0.0,0.0,3.259,,,,,7.2587,,-123.7153135649,45.5574247798,-123.7031529586,45.5659670447
,USGS_LPC_OR_WesternWildfires_A22_s04680w14010.laz,hard_negative,False,175367995,0.175368,https://rockyweb.usgs.gov/vdelivery/Datasets/Staged/Elevation/LPC/Projects/OR_WesternWildfires_A22/OR_WWildfires_2_A22/LAZ/USGS_LPC_OR_WesternWildfires_A22_s04680w14010.laz,0,0,0,0,0.0,0.0,3.258,,,,,7.2583,,-123.7967661101,45.5469211928,-123.7845965698,45.5554713414
,USGS_LPC_OR_WesternWildfires_A22_s04710w13890.laz,hard_negative,False,178349082,0.178349,https://rockyweb.usgs.gov/vdelivery/Datasets/Staged/Elevation/LPC/Projects/OR_WesternWildfires_A22/OR_WWildfires_2_A22/LAZ/USGS_LPC_OR_WesternWildfires_A22_s04710w13890.laz,0,0,0,0,0.0,0.0,3.258,,,,,7.2582,,-123.7831922747,45.5143683229,-123.7710314535,45.5229173255
92,USGS_LPC_OR_WesternWildfires_A22_s04650w14220.laz,hard_negative,False,246379631,0.24638,https://rockyweb.usgs.gov/vdelivery/Datasets/Staged/Elevation/LPC/Projects/OR_WesternWildfires_A22/OR_WWildfires_2_A22/LAZ/USGS_LPC_OR_WesternWildfires_A22_s04650w14220.laz,0,0,0,0,0.0,0.0,3.258,,,,,7.2582,hard_negative; additional_new_polygons=0; selected_spatial_novelty_km=4.57; downloaded=no,-123.8117727774,45.6041325582,-123.7995891015,45.612683863
,USGS_LPC_OR_WesternWildfires_A22_s04680w14310.laz,hard_negative,False,192006256,0.192006,https://rockyweb.usgs.gov/vdelivery/Datasets/Staged/Elevation/LPC/Projects/OR_WesternWildfires_A22/OR_WWildfires_2_A22/LAZ/USGS_LPC_OR_WesternWildfires_A22_s04680w14310.laz,0,0,0,0,0.0,0.0,3.258,,,,,7.2577,,-123.8014737749,45.6291241178,-123.7892862239,45.6376743055
,USGS_LPC_OR_WesternWildfires_A22_s05250w13740.laz,hard_negative,False,132048213,0.132048,https://rockyweb.usgs.gov/vdelivery/Datasets/Staged/Elevation/LPC/Projects/OR_WesternWildfires_A22/OR_WWildfires_2_A22/LAZ/USGS_LPC_OR_WesternWildfires_A22_s05250w13740.laz,0,0,0,0,0.0,0.0,3.24,,,,,7.2403,,-123.5704802946,45.4789901626,-123.5583560313,45.4875188595
,USGS_LPC_OR_WesternWildfires_A22_s04980w13710.laz,positive_diversity,False,324304903,0.324305,https://rockyweb.usgs.gov/vdelivery/Datasets/Staged/Elevation/LPC/Projects/OR_WesternWildfires_A22/OR_WWildfires_2_A22/LAZ/USGS_LPC_OR_WesternWildfires_A22_s04980w13710.laz,0,1,1,0,7746.565,0.0,2.74,,,,,7.2402,,-123.6752203714,45.4679533036,-123.6630840835,45.4764921417
,USGS_LPC_OR_WesternWildfires_A22_s05040w13440.laz,hard_negative,False,146799487,0.146799,https://rockyweb.usgs.gov/vdelivery/Datasets/Staged/Elevation/LPC/Projects/OR_WesternWildfires_A22/OR_WWildfires_2_A22/LAZ/USGS_LPC_OR_WesternWildfires_A22_s05040w13440.laz,0,0,0,0,0.0,0.0,3.24,,,,,7.2398,,-123.6478141952,45.3945926691,-123.6356970447,45.4031292063
,USGS_LPC_OR_WesternWildfires_A22_s04980w13590.laz,hard_negative,False,164845713,0.164846,https://rockyweb.usgs.gov/vdelivery/Datasets/Staged/Elevation/LPC/Projects/OR_WesternWildfires_A22/OR_WWildfires_2_A22/LAZ/USGS_LPC_OR_WesternWildfires_A22_s04980w13590.laz,0,0,0,0,0.0,0.0,3.239,,,,,7.2393,,-123.6734127852,45.4350676272,-123.6612836491,45.4436064445
,USGS_LPC_OR_WesternWildfires_A22_s05160w14430.laz,hard_negative,False,193119947,0.19312,https://rockyweb.usgs.gov/vdelivery/Datasets/Staged/Elevation/LPC/Projects/OR_WesternWildfires_A22/OR_WWildfires_2_A22/LAZ/USGS_LPC_OR_WesternWildfires_A22_s05160w14430.laz,0,0,0,0,0.0,0.0,3.239,,,,,7.2393,,-123.6157521776,45.6671474856,-123.6035820644,45.6756796085
,USGS_LPC_OR_WesternWildfires_A22_s04950w13950.laz,hard_negative,False,166820002,0.16682,https://rockyweb.usgs.gov/vdelivery/Datasets/Staged/Elevation/LPC/Projects/OR_WesternWildfires_A22/OR_WWildfires_2_A22/LAZ/USGS_LPC_OR_WesternWildfires_A22_s04950w13950.laz,0,0,0,0,0.0,0.0,3.239,,,,,7.2389,,-123.6905407604,45.5334037867,-123.6783886086,45.5419437859
,USGS_LPC_OR_WesternWildfires_A22_s04920w13740.laz,hard_negative,False,147823062,0.147823,https://rockyweb.usgs.gov/vdelivery/Datasets/Staged/Elevation/LPC/Projects/OR_WesternWildfires_A22/OR_WWildfires_2_A22/LAZ/USGS_LPC_OR_WesternWildfires_A22_s04920w13740.laz,0,0,0,0,0.0,0.0,3.239,,,,,7.2388,,-123.6990472508,45.4755360788,-123.6869061097,45.4840771743
,USGS_LPC_OR_WesternWildfires_A22_s04950w14460.laz,hard_negative,False,170154711,0.170155,https://rockyweb.usgs.gov/vdelivery/Datasets/Staged/Elevation/LPC/Projects/OR_WesternWildfires_A22/OR_WWildfires_2_A22/LAZ/USGS_LPC_OR_WesternWildfires_A22_s04950w14460.laz,0,0,0,0,0.0,0.0,3.239,,,,,7.2386,,-123.6982919821,45.6731545321,-123.6861092623,45.6816945697
,USGS_LPC_OR_WesternWildfires_A22_s04890w14400.laz,hard_negative,False,224152370,0.224152,https://rockyweb.usgs.gov/vdelivery/Datasets/Staged/Elevation/LPC/Projects/OR_WesternWildfires_A22/OR_WWildfires_2_A22/LAZ/USGS_LPC_OR_WesternWildfires_A22_s04890w14400.laz,0,0,0,0,0.0,0.0,3.238,,,,,7.2382,,-123.7208258404,45.656071065,-123.7086436435,45.6646133598
,USGS_LPC_OR_WesternWildfires_A22_s04650w14040.laz,hard_negative,False,200088911,0.200089,https://rockyweb.usgs.gov/vdelivery/Datasets/Staged/Elevation/LPC/Projects/OR_WesternWildfires_A22/OR_WWildfires_2_A22/LAZ/USGS_LPC_OR_WesternWildfires_A22_s04650w14040.laz,0,0,0,0,0.0,0.0,3.237,,,,,7.2369,,-123.8089389842,45.5548108258,-123.7967661142,45.5633621052
,USGS_LPC_OR_WesternWildfires_A22_s04740w13860.laz,hard_negative,False,199126033,0.199126,https://rockyweb.usgs.gov/vdelivery/Datasets/Staged/Elevation/LPC/Projects/OR_WesternWildfires_A22/OR_WWildfires_2_A22/LAZ/USGS_LPC_OR_WesternWildfires_A22_s04740w13860.laz,0,0,0,0,0.0,0.0,3.237,,,,,7.2368,,-123.7710314533,45.5064758284,-123.7588739535,45.5150237002
,USGS_LPC_OR_WesternWildfires_A22_s04650w14280.laz,hard_negative,False,221333136,0.221333,https://rockyweb.usgs.gov/vdelivery/Datasets/Staged/Elevation/LPC/Projects/OR_WesternWildfires_A22/OR_WWildfires_2_A22/LAZ/USGS_LPC_OR_WesternWildfires_A22_s04650w14280.laz,0,0,0,0,0.0,0.0,3.236,,,,,7.236,,-123.8127184534,45.620572803,-123.8005311713,45.629124115
,USGS_LPC_OR_WesternWildfires_A22_s05160w13770.laz,positive_diversity,False,221590977,0.221591,https://rockyweb.usgs.gov/vdelivery/Datasets/Staged/Elevation/LPC/Projects/OR_WesternWildfires_A22/OR_WWildfires_2_A22/LAZ/USGS_LPC_OR_WesternWildfires_A22_s05160w13770.laz,0,1,0,3,18467.072,0.0,2.016,,,,,7.0162,,-123.6059879078,45.4862837267,-123.5938572479,45.4948158109
,USGS_LPC_OR_WesternWildfires_A22_s05100w13800.laz,positive_diversity,False,230853065,0.230853,https://rockyweb.usgs.gov/vdelivery/Datasets/Staged/Elevation/LPC/Projects/OR_WesternWildfires_A22/OR_WWildfires_2_A22/LAZ/USGS_LPC_OR_WesternWildfires_A22_s05100w13800.laz,0,1,2,0,305272.688,0.0,0.0,,,,,7.0,,-123.6298132539,45.4938805545,-123.6176777343,45.5024148977
100,USGS_LPC_OR_WesternWildfires_A22_s05280w13470.laz,hard_negative,False,162461227,0.162461,https://rockyweb.usgs.gov/vdelivery/Datasets/Staged/Elevation/LPC/Projects/OR_WesternWildfires_A22/OR_WWildfires_2_A22/LAZ/USGS_LPC_OR_WesternWildfires_A22_s05280w13470.laz,0,0,0,0,0.0,0.0,2.872,,,,,6.8722,hard_negative; additional_new_polygons=0; selected_spatial_novelty_km=4.66; downloaded=no,-123.5548756416,45.4052999929,-123.5427689626,45.4138275265
,USGS_LPC_OR_WesternWildfires_A22_s05100w13410.laz,hard_negative,False,162217997,0.162218,https://rockyweb.usgs.gov/vdelivery/Datasets/Staged/Elevation/LPC/Projects/OR_WesternWildfires_A22/OR_WWildfires_2_A22/LAZ/USGS_LPC_OR_WesternWildfires_A22_s05100w13410.laz,0,0,0,0,0.0,0.0,2.872,,,,,6.872,,-123.6240273802,45.3869991117,-123.6119150719,45.3955333921
,USGS_LPC_OR_WesternWildfires_A22_s05190w14190.laz,hard_negative,False,147870494,0.14787,https://rockyweb.usgs.gov/vdelivery/Datasets/Staged/Elevation/LPC/Projects/OR_WesternWildfires_A22/OR_WWildfires_2_A22/LAZ/USGS_LPC_OR_WesternWildfires_A22_s05190w14190.laz,0,0,0,0,0.0,0.0,2.872,,,,,6.8718,,-123.6004811789,45.6016922919,-123.5883269842,45.6102232801
,USGS_LPC_OR_WesternWildfires_A22_s05010w13380.laz,hard_negative,False,169928559,0.169929,https://rockyweb.usgs.gov/vdelivery/Datasets/Staged/Elevation/LPC/Projects/OR_WesternWildfires_A22/OR_WWildfires_2_A22/LAZ/USGS_LPC_OR_WesternWildfires_A22_s05010w13380.laz,0,0,0,0,0.0,0.0,2.872,,,,,6.8718,,-123.6585868313,45.3778332265,-123.6464717183,45.3863708762
,USGS_LPC_OR_WesternWildfires_A22_s05010w14130.laz,hard_negative,False,206469074,0.206469,https://rockyweb.usgs.gov/vdelivery/Datasets/Staged/Elevation/LPC/Projects/OR_WesternWildfires_A22/OR_WWildfires_2_A22/LAZ/USGS_LPC_OR_WesternWildfires_A22_s05010w14130.laz,0,0,0,0,0.0,0.0,2.872,,,,,6.8717,,-123.6698540033,45.583366297,-123.6576941562,45.5919040582
,USGS_LPC_OR_WesternWildfires_A22_s04830w13320.laz,hard_negative,False,199699818,0.1997,https://rockyweb.usgs.gov/vdelivery/Datasets/Staged/Elevation/LPC/Projects/OR_WesternWildfires_A22/OR_WWildfires_2_A22/LAZ/USGS_LPC_OR_WesternWildfires_A22_s04830w13320.laz,0,0,0,0,0.0,0.0,2.872,,,,,6.8716,,-123.7276728618,45.3594705917,-123.7155521595,45.368014972
,USGS_LPC_OR_WesternWildfires_A22_s05190w14490.laz,hard_negative,False,193907186,0.193907,https://rockyweb.usgs.gov/vdelivery/Datasets/Staged/Elevation/LPC/Projects/OR_WesternWildfires_A22/OR_WWildfires_2_A22/LAZ/USGS_LPC_OR_WesternWildfires_A22_s05190w14490.laz,0,0,0,0,0.0,0.0,2.872,,,,,6.8716,,-123.6049129082,45.6839002114,-123.5927407421,45.6924312022
,USGS_LPC_OR_WesternWildfires_A22_s04920w13890.laz,hard_negative,False,178999389,0.178999,https://rockyweb.usgs.gov/vdelivery/Datasets/Staged/Elevation/LPC/Projects/OR_WesternWildfires_A22/OR_WWildfires_2_A22/LAZ/USGS_LPC_OR_WesternWildfires_A22_s04920w13890.laz,0,0,0,0,0.0,0.0,2.872,,,,,6.8716,,-123.7013268977,45.5166416632,-123.6891767983,45.5251827817
,USGS_LPC_OR_WesternWildfires_A22_s05100w14220.laz,hard_negative,False,206576925,0.206577,https://rockyweb.usgs.gov/vdelivery/Datasets/Staged/Elevation/LPC/Projects/OR_WesternWildfires_A22/OR_WWildfires_2_A22/LAZ/USGS_LPC_OR_WesternWildfires_A22_s05100w14220.laz,0,0,0,0,0.0,0.0,2.872,,,,,6.8715,,-123.6360681989,45.6089762084,-123.6239075831,45.6175105876
,USGS_LPC_OR_WesternWildfires_A22_s05040w14400.laz,hard_negative,False,186981015,0.186981,https://rockyweb.usgs.gov/vdelivery/Datasets/Staged/Elevation/LPC/Projects/OR_WesternWildfires_A22/OR_WWildfires_2_A22/LAZ/USGS_LPC_OR_WesternWildfires_A22_s05040w14400.laz,0,0,0,0,0.0,0.0,2.871,,,,,6.8715,,-123.6622055632,45.6576693457,-123.6500310736,45.6662059912
,USGS_LPC_OR_WesternWildfires_A22_s04920w14160.laz,hard_negative,False,184580091,0.18458,https://rockyweb.usgs.gov/vdelivery/Datasets/Staged/Elevation/LPC/Projects/OR_WesternWildfires_A22/OR_WWildfires_2_A22/LAZ/USGS_LPC_OR_WesternWildfires_A22_s04920w14160.laz,0,0,0,0,0.0,0.0,2.871,,,,,6.8714,,-123.7054384557,45.59062919,-123.6932721981,45.5991703393
,USGS_LPC_OR_WesternWildfires_A22_s04860w14340.laz,hard_negative,False,231536551,0.231537,https://rockyweb.usgs.gov/vdelivery/Datasets/Staged/Elevation/LPC/Projects/OR_WesternWildfires_A22/OR_WWildfires_2_A22/LAZ/USGS_LPC_OR_WesternWildfires_A22_s04860w14340.laz,0,0,0,0,0.0,0.0,2.871,,,,,6.8713,,-123.7316261375,45.6393073492,-123.7194460053,45.6478507697
,USGS_LPC_OR_WesternWildfires_A22_s04890w14070.laz,hard_negative,False,203224769,0.203225,https://rockyweb.usgs.gov/vdelivery/Datasets/Staged/Elevation/LPC/Projects/OR_WesternWildfires_A22/OR_WWildfires_2_A22/LAZ/USGS_LPC_OR_WesternWildfires_A22_s04890w14070.laz,0,0,0,0,0.0,0.0,2.871,,,,,6.8712,,-123.7157722008,45.5656455316,-123.7036097982,45.5741878
,USGS_LPC_OR_WesternWildfires_A22_s04830w14250.laz,hard_negative,False,175303979,0.175304,https://rockyweb.usgs.gov/vdelivery/Datasets/Staged/Elevation/LPC/Projects/OR_WesternWildfires_A22/OR_WWildfires_2_A22/LAZ/USGS_LPC_OR_WesternWildfires_A22_s04830w14250.laz,0,0,0,0,0.0,0.0,2.871,,,,,6.8711,,-123.7419572568,45.6143220958,-123.7297809904,45.6228666379
,USGS_LPC_OR_WesternWildfires_A22_s04710w14010.laz,hard_negative,False,173774487,0.173774,https://rockyweb.usgs.gov/vdelivery/Datasets/Staged/Elevation/LPC/Projects/OR_WesternWildfires_A22/OR_WWildfires_2_A22/LAZ/USGS_LPC_OR_WesternWildfires_A22_s04710w14010.laz,0,0,0,0,0.0,0.0,2.871,,,,,6.8711,,-123.7850649297,45.5472508208,-123.7728969206,45.5557998431
,USGS_LPC_OR_WesternWildfires_A22_s04680w13890.laz,hard_negative,False,183085175,0.183085,https://rockyweb.usgs.gov/vdelivery/Datasets/Staged/Elevation/LPC/Projects/OR_WesternWildfires_A22/OR_WWildfires_2_A22/LAZ/USGS_LPC_OR_WesternWildfires_A22_s04680w13890.laz,0,0,0,0,0.0,0.0,2.871,,,,,6.871,,-123.7948867992,45.5140388765,-123.7827244484,45.5225890048
,USGS_LPC_OR_WesternWildfires_A22_s04650w14190.laz,hard_negative,False,220980702,0.220981,https://rockyweb.usgs.gov/vdelivery/Datasets/Staged/Elevation/LPC/Projects/OR_WesternWildfires_A22/OR_WWildfires_2_A22/LAZ/USGS_LPC_OR_WesternWildfires_A22_s04650w14190.laz,0,0,0,0,0.0,0.0,2.871,,,,,6.871,,-123.8113001417,45.5959123729,-123.7991182681,45.604463674
,USGS_LPC_OR_WesternWildfires_A22_s04680w14340.laz,hard_negative,False,209663320,0.209663,https://rockyweb.usgs.gov/vdelivery/Datasets/Staged/Elevation/LPC/Projects/OR_WesternWildfires_A22/OR_WWildfires_2_A22/LAZ/USGS_LPC_OR_WesternWildfires_A22_s04680w14340.laz,0,0,0,0,0.0,0.0,2.871,,,,,6.8708,,-123.8019452806,45.6373441804,-123.7897559255,45.6458943711
,USGS_LPC_OR_WesternWildfires_A22_s05010w13740.laz,positive_diversity,False,292958172,0.292958,https://rockyweb.usgs.gov/vdelivery/Datasets/Staged/Elevation/LPC/Projects/OR_WesternWildfires_A22/OR_WWildfires_2_A22/LAZ/USGS_LPC_OR_WesternWildfires_A22_s05010w13740.laz,0,1,0,3,38348.227,0.0,1.827,,,,,6.8268,,-123.6639850655,45.4764921446,-123.6518485212,45.4850298608
,USGS_LPC_OR_WesternWildfires_A22_s05190w13890.laz,positive_diversity,False,270298795,0.270299,https://rockyweb.usgs.gov/vdelivery/Datasets/Staged/Elevation/LPC/Projects/OR_WesternWildfires_A22/OR_WWildfires_2_A22/LAZ/USGS_LPC_OR_WesternWildfires_A22_s05190w13890.laz,0,1,0,2,53360.636,0.0,2.826,,,,,6.8257,,-123.5960620767,45.5194802195,-123.5839258005,45.5280111882
,USGS_LPC_OR_WesternWildfires_A22_s05010w14010.laz,hard_negative,False,135462410,0.135462,https://rockyweb.usgs.gov/vdelivery/Datasets/Staged/Elevation/LPC/Projects/OR_WesternWildfires_A22/OR_WWildfires_2_A22/LAZ/USGS_LPC_OR_WesternWildfires_A22_s05010w14010.laz,0,0,0,0,0.0,0.0,2.825,,,,,6.8252,,-123.6680458598,45.5504826667,-123.6558931922,45.5590204171
,USGS_LPC_OR_WesternWildfires_A22_s04980w13620.laz,hard_negative,False,178802247,0.178802,https://rockyweb.usgs.gov/vdelivery/Datasets/Staged/Elevation/LPC/Projects/OR_WesternWildfires_A22/OR_WWildfires_2_A22/LAZ/USGS_LPC_OR_WesternWildfires_A22_s04980w13620.laz,0,0,0,0,0.0,0.0,2.825,,,,,6.8252,,-123.6738644889,45.4432891039,-123.6617335656,45.4518279266
,USGS_LPC_OR_WesternWildfires_A22_s05070w13320.laz,hard_negative,False,121023622,0.121024,https://rockyweb.usgs.gov/vdelivery/Datasets/Staged/Elevation/LPC/Projects/OR_WesternWildfires_A22/OR_WWildfires_2_A22/LAZ/USGS_LPC_OR_WesternWildfires_A22_s05070w13320.laz,0,0,0,0,0.0,0.0,2.825,,,,,6.8251,,-123.6343599115,45.3620198577,-123.6222514146,45.3705552446
,USGS_LPC_OR_WesternWildfires_A22_s05100w14340.laz,hard_negative,False,169637140,0.169637,https://rockyweb.usgs.gov/vdelivery/Datasets/Staged/Elevation/LPC/Projects/OR_WesternWildfires_A22/OR_WWildfires_2_A22/LAZ/USGS_LPC_OR_WesternWildfires_A22_s05100w14340.laz,0,0,0,0,0.0,0.0,2.825,,,,,6.8248,,-123.6378599185,45.6418591998,-123.6256921133,45.6503935832
,USGS_LPC_OR_WesternWildfires_A22_s04950w14490.laz,hard_negative,False,188521851,0.188522,https://rockyweb.usgs.gov/vdelivery/Datasets/Staged/Elevation/LPC/Projects/OR_WesternWildfires_A22/OR_WWildfires_2_A22/LAZ/USGS_LPC_OR_WesternWildfires_A22_s04950w14490.laz,0,0,0,0,0.0,0.0,2.824,,,,,6.8244,,-123.6987491087,45.6813747842,-123.6865645861,45.6899148226
,USGS_LPC_OR_WesternWildfires_A22_s04920w14400.laz,hard_negative,False,201806402,0.201806,https://rockyweb.usgs.gov/vdelivery/Datasets/Staged/Elevation/LPC/Projects/OR_WesternWildfires_A22/OR_WWildfires_2_A22/LAZ/USGS_LPC_OR_WesternWildfires_A22_s04920w14400.laz,0,0,0,0,0.0,0.0,2.824,,,,,6.824,,-123.7091020458,45.6563930686,-123.6969213893,45.6649342339
,USGS_LPC_OR_WesternWildfires_A22_s04830w14010.laz,hard_negative,False,206556397,0.206556,https://rockyweb.usgs.gov/vdelivery/Datasets/Staged/Elevation/LPC/Projects/OR_WesternWildfires_A22/OR_WWildfires_2_A22/LAZ/USGS_LPC_OR_WesternWildfires_A22_s04830w14010.laz,0,0,0,0,0.0,0.0,2.823,,,,,6.823,,-123.7382588774,45.5485576178,-123.7260969987,45.5571021336
,USGS_LPC_OR_WesternWildfires_A22_s04710w14250.laz,hard_negative,False,238541397,0.238541,https://rockyweb.usgs.gov/vdelivery/Datasets/Staged/Elevation/LPC/Projects/OR_WesternWildfires_A22/OR_WWildfires_2_A22/LAZ/USGS_LPC_OR_WesternWildfires_A22_s04710w14250.laz,0,0,0,0,0.0,0.0,2.822,,,,,6.8225,,-123.7888166522,45.6130138574,-123.7766342421,45.6215629112
,USGS_LPC_OR_WesternWildfires_A22_s04650w14070.laz,hard_negative,False,185068052,0.185068,https://rockyweb.usgs.gov/vdelivery/Datasets/Staged/Elevation/LPC/Projects/OR_WesternWildfires_A22/OR_WWildfires_2_A22/LAZ/USGS_LPC_OR_WesternWildfires_A22_s04650w14070.laz,0,0,0,0,0.0,0.0,2.822,,,,,6.8223,,-123.8094109464,45.5630312174,-123.7972362767,45.5715825015
,USGS_LPC_OR_WesternWildfires_A22_s04740w13830.laz,hard_negative,False,201477941,0.201478,https://rockyweb.usgs.gov/vdelivery/Datasets/Staged/Elevation/LPC/Projects/OR_WesternWildfires_A22/OR_WWildfires_2_A22/LAZ/USGS_LPC_OR_WesternWildfires_A22_s04740w13830.laz,0,0,0,0,0.0,0.0,2.822,,,,,6.8222,,-123.7705654186,45.4982550188,-123.7584097135,45.5068028853
,USGS_LPC_OR_WesternWildfires_A22_s04680w14460.laz,hard_negative,False,182353451,0.182353,https://rockyweb.usgs.gov/vdelivery/Datasets/Staged/Elevation/LPC/Projects/OR_WesternWildfires_A22/OR_WWildfires_2_A22/LAZ/USGS_LPC_OR_WesternWildfires_A22_s04680w14460.laz,0,0,0,0,0.0,0.0,2.821,,,,,6.8214,,-123.80383265,45.6702240041,-123.7916360736,45.6787742051
,USGS_LPC_OR_WesternWildfires_A22_s04620w14280.laz,hard_negative,False,195192142,0.195192,https://rockyweb.usgs.gov/vdelivery/Datasets/Staged/Elevation/LPC/Projects/OR_WesternWildfires_A22/OR_WWildfires_2_A22/LAZ/USGS_LPC_OR_WesternWildfires_A22_s04620w14280.laz,0,0,0,0,0.0,0.0,2.821,,,,,6.8212,,-123.8244343679,45.6202404202,-123.812245552,45.6287928594
,USGS_LPC_OR_WesternWildfires_A22_s04710w13710.laz,hard_negative,False,4537311,0.004537,https://rockyweb.usgs.gov/vdelivery/Datasets/Staged/Elevation/LPC/Projects/OR_WesternWildfires_A22/OR_WWildfires_2_A22/LAZ/USGS_LPC_OR_WesternWildfires_A22_s04710w13710.laz,0,0,0,0,0.0,0.0,2.781,,,,,6.7812,,-123.7700235821,45.4665612739,-123.7683066827,45.4735923479
,USGS_LPC_OR_WesternWildfires_A22_s04770w13710.laz,positive_diversity,False,145860765,0.145861,https://rockyweb.usgs.gov/vdelivery/Datasets/Staged/Elevation/LPC/Projects/OR_WesternWildfires_A22/OR_WWildfires_2_A22/LAZ/USGS_LPC_OR_WesternWildfires_A22_s04770w13710.laz,0,1,0,1,27547.766,0.0,3.755,,,,,6.7547,,-123.7570177821,45.4656982213,-123.7448707825,45.4742449395
,USGS_LPC_OR_WesternWildfires_A22_s04620w14550.laz,positive_diversity,False,156400873,0.156401,https://rockyweb.usgs.gov/vdelivery/Datasets/Staged/Elevation/LPC/Projects/OR_WesternWildfires_A22/OR_WWildfires_2_A22/LAZ/USGS_LPC_OR_WesternWildfires_A22_s04620w14550.laz,0,1,0,1,9381.835,0.0,3.754,,,,,6.7542,,-123.8287116396,45.6942190029,-123.8165065656,45.7027714673
,USGS_LPC_OR_WesternWildfires_A22_s05130w13770.laz,positive_diversity,False,190271022,0.190271,https://rockyweb.usgs.gov/vdelivery/Datasets/Staged/Elevation/LPC/Projects/OR_WesternWildfires_A22/OR_WWildfires_2_A22/LAZ/USGS_LPC_OR_WesternWildfires_A22_s05130w13770.laz,0,1,1,1,27123.969,0.0,1.246,,,,,6.7465,,-123.6176777303,45.4859720166,-123.6055455346,45.4945052284
,USGS_LPC_OR_WesternWildfires_A22_s04980w13380.laz,hard_negative,False,145432771,0.145433,https://rockyweb.usgs.gov/vdelivery/Datasets/Staged/Elevation/LPC/Projects/OR_WesternWildfires_A22/OR_WWildfires_2_A22/LAZ/USGS_LPC_OR_WesternWildfires_A22_s04980w13380.laz,0,0,0,0,0.0,0.0,2.74,,,,,6.7403,,-123.6702544543,45.3775162327,-123.6581378134,45.3860550072
,USGS_LPC_OR_WesternWildfires_A22_s04800w13350.laz,hard_negative,False,213941000,0.213941,https://rockyweb.usgs.gov/vdelivery/Datasets/Staged/Elevation/LPC/Projects/OR_WesternWildfires_A22/OR_WWildfires_2_A22/LAZ/USGS_LPC_OR_WesternWildfires_A22_s04800w13350.laz,0,0,0,0,0.0,0.0,2.74,,,,,6.7401,,-123.739796877,45.367368226,-123.7276728659,45.3759137375
,USGS_LPC_OR_WesternWildfires_A22_s04920w13860.laz,hard_negative,False,213788793,0.213789,https://rockyweb.usgs.gov/vdelivery/Datasets/Staged/Elevation/LPC/Projects/OR_WesternWildfires_A22/OR_WWildfires_2_A22/LAZ/USGS_LPC_OR_WesternWildfires_A22_s04920w13860.laz,0,0,0,0,0.0,0.0,2.74,,,,,6.7401,,-123.7008707085,45.5084206254,-123.6887224019,45.5169617396
,USGS_LPC_OR_WesternWildfires_A22_s05010w14100.laz,hard_negative,False,198729190,0.198729,https://rockyweb.usgs.gov/vdelivery/Datasets/Staged/Elevation/LPC/Projects/OR_WesternWildfires_A22/OR_WWildfires_2_A22/LAZ/USGS_LPC_OR_WesternWildfires_A22_s05010w14100.laz,0,0,0,0,0.0,0.0,2.74,,,,,6.7401,,-123.6694017741,45.5751454508,-123.6572437226,45.5836832095
,USGS_LPC_OR_WesternWildfires_A22_s04950w14160.laz,hard_negative,False,188661770,0.188662,https://rockyweb.usgs.gov/vdelivery/Datasets/Staged/Elevation/LPC/Projects/OR_WesternWildfires_A22/OR_WWildfires_2_A22/LAZ/USGS_LPC_OR_WesternWildfires_A22_s04950w14160.laz,0,0,0,0,0.0,0.0,2.74,,,,,6.74,,-123.6937278875,45.5909496664,-123.6815631675,45.5994896873
,USGS_LPC_OR_WesternWildfires_A22_s04650w13890.laz,hard_negative,False,213840322,0.21384,https://rockyweb.usgs.gov/vdelivery/Datasets/Staged/Elevation/LPC/Projects/OR_WesternWildfires_A22/OR_WWildfires_2_A22/LAZ/USGS_LPC_OR_WesternWildfires_A22_s04650w13890.laz,0,0,0,0,0.0,0.0,2.74,,,,,6.74,,-123.8065811899,45.5137082593,-123.79441731,45.522259513
,USGS_LPC_OR_WesternWildfires_A22_s05100w14250.laz,hard_negative,False,209735129,0.209735,https://rockyweb.usgs.gov/vdelivery/Datasets/Staged/Elevation/LPC/Projects/OR_WesternWildfires_A22/OR_WWildfires_2_A22/LAZ/USGS_LPC_OR_WesternWildfires_A22_s05100w14250.laz,0,0,0,0,0.0,0.0,2.74,,,,,6.74,,-123.636515937,45.6171970192,-123.6243535247,45.6257313997
,USGS_LPC_OR_WesternWildfires_A22_s05010w14400.laz,hard_negative,False,166787753,0.166788,https://rockyweb.usgs.gov/vdelivery/Datasets/Staged/Elevation/LPC/Projects/OR_WesternWildfires_A22/OR_WWildfires_2_A22/LAZ/USGS_LPC_OR_WesternWildfires_A22_s05010w14400.laz,0,0,0,0,0.0,0.0,2.74,,,,,6.74,,-123.6739298786,45.657352037,-123.6617538464,45.6658898128
,USGS_LPC_OR_WesternWildfires_A22_s04740w14010.laz,hard_negative,False,210326012,0.210326,https://rockyweb.usgs.gov/vdelivery/Datasets/Staged/Elevation/LPC/Projects/OR_WesternWildfires_A22/OR_WWildfires_2_A22/LAZ/USGS_LPC_OR_WesternWildfires_A22_s04740w14010.laz,0,0,0,0,0.0,0.0,2.74,,,,,6.74,,-123.7733636196,45.5475792772,-123.7611971384,45.5561271733
,USGS_LPC_OR_WesternWildfires_A22_s04890w14100.laz,hard_negative,False,211117875,0.211118,https://rockyweb.usgs.gov/vdelivery/Datasets/Staged/Elevation/LPC/Projects/OR_WesternWildfires_A22/OR_WWildfires_2_A22/LAZ/USGS_LPC_OR_WesternWildfires_A22_s04890w14100.laz,0,0,0,0,0.0,0.0,2.74,,,,,6.74,,-123.7162309675,45.5738662426,-123.7040667681,45.5824085142
,USGS_LPC_OR_WesternWildfires_A22_s04800w14250.laz,hard_negative,False,169181212,0.169181,https://rockyweb.usgs.gov/vdelivery/Datasets/Staged/Elevation/LPC/Projects/OR_WesternWildfires_A22/OR_WWildfires_2_A22/LAZ/USGS_LPC_OR_WesternWildfires_A22_s04800w14250.laz,0,0,0,0,0.0,0.0,2.74,,,,,6.7399,,-123.753672305,45.6139967954,-123.7414945018,45.6225424657
,USGS_LPC_OR_WesternWildfires_A22_s04860w14310.laz,hard_negative,False,227043309,0.227043,https://rockyweb.usgs.gov/vdelivery/Datasets/Staged/Elevation/LPC/Projects/OR_WesternWildfires_A22/OR_WWildfires_2_A22/LAZ/USGS_LPC_OR_WesternWildfires_A22_s04860w14310.laz,0,0,0,0,0.0,0.0,2.74,,,,,6.7399,,-123.7311646522,45.6310870161,-123.7189863215,45.6396304345
,USGS_LPC_OR_WesternWildfires_A22_s05190w14520.laz,hard_negative,False,226520819,0.226521,https://rockyweb.usgs.gov/vdelivery/Datasets/Staged/Elevation/LPC/Projects/OR_WesternWildfires_A22/OR_WWildfires_2_A22/LAZ/USGS_LPC_OR_WesternWildfires_A22_s05190w14520.laz,0,0,0,0,0.0,0.0,2.74,,,,,6.7399,,-123.6053567777,45.6921207683,-123.5931828115,45.7006517584
,USGS_LPC_OR_WesternWildfires_A22_s04650w14160.laz,hard_negative,False,208854795,0.208855,https://rockyweb.usgs.gov/vdelivery/Datasets/Staged/Elevation/LPC/Projects/OR_WesternWildfires_A22/OR_WWildfires_2_A22/LAZ/USGS_LPC_OR_WesternWildfires_A22_s04650w14160.laz,0,0,0,0,0.0,0.0,2.74,,,,,6.7399,,-123.8108276408,45.5876921461,-123.798647569,45.5962434431
,USGS_LPC_OR_WesternWildfires_A22_s04680w14370.laz,hard_negative,False,226785775,0.226786,https://rockyweb.usgs.gov/vdelivery/Datasets/Staged/Elevation/LPC/Projects/OR_WesternWildfires_A22/OR_WWildfires_2_A22/LAZ/USGS_LPC_OR_WesternWildfires_A22_s04680w14370.laz,0,0,0,0,0.0,0.0,2.74,,,,,6.7398,,-123.8024169209,45.6455642005,-123.7902257613,45.654114394
,USGS_LPC_OR_WesternWildfires_A22_s04560w14520.laz,hard_negative,False,42130654,0.042131,https://rockyweb.usgs.gov/vdelivery/Datasets/Staged/Elevation/LPC/Projects/OR_WesternWildfires_A22/OR_WWildfires_2_A22/LAZ/USGS_LPC_OR_WesternWildfires_A22_s04560w14520.laz,0,0,0,0,0.0,0.0,2.719,,,,,6.719,,-123.8464980738,45.6854781196,-123.8394876624,45.6934129321
,USGS_LPC_OR_WesternWildfires_A22_s05130w13950.laz,positive_diversity,False,153100155,0.1531,https://rockyweb.usgs.gov/vdelivery/Datasets/Staged/Elevation/LPC/Projects/OR_WesternWildfires_A22/OR_WWildfires_2_A22/LAZ/USGS_LPC_OR_WesternWildfires_A22_s05130w13950.laz,0,1,0,2,1218.189,0.0,2.705,,,,,6.7055,,-123.6203446218,45.5353001934,-123.6082016889,45.5438334248
,USGS_LPC_OR_WesternWildfires_A22_s05190w14550.laz,hard_negative,False,204781120,0.204781,https://rockyweb.usgs.gov/vdelivery/Datasets/Staged/Elevation/LPC/Projects/OR_WesternWildfires_A22/OR_WWildfires_2_A22/LAZ/USGS_LPC_OR_WesternWildfires_A22_s05190w14550.laz,0,0,0,0,0.0,0.0,2.705,,,,,6.705,,-123.6058007741,45.7003412817,-123.5936250073,45.708872271
,USGS_LPC_OR_WesternWildfires_A22_s05010w14070.laz,hard_negative,False,208979929,0.20898,https://rockyweb.usgs.gov/vdelivery/Datasets/Staged/Elevation/LPC/Projects/OR_WesternWildfires_A22/OR_WWildfires_2_A22/LAZ/USGS_LPC_OR_WesternWildfires_A22_s05010w14070.laz,0,0,0,0,0.0,0.0,2.705,,,,,6.705,,-123.6689496738,45.5669245636,-123.6567934175,45.5754623197
,USGS_LPC_OR_WesternWildfires_A22_s05070w14430.laz,hard_negative,False,185392403,0.185392,https://rockyweb.usgs.gov/vdelivery/Datasets/Staged/Elevation/LPC/Projects/OR_WesternWildfires_A22/OR_WWildfires_2_A22/LAZ/USGS_LPC_OR_WesternWildfires_A22_s05070w14430.laz,0,0,0,0,0.0,0.0,2.705,,,,,6.7049,,-123.6509313006,45.666205994,-123.6387565499,45.6747415097
,USGS_LPC_OR_WesternWildfires_A22_s04950w13380.laz,hard_negative,False,197535893,0.197536,https://rockyweb.usgs.gov/vdelivery/Datasets/Staged/Elevation/LPC/Projects/OR_WesternWildfires_A22/OR_WWildfires_2_A22/LAZ/USGS_LPC_OR_WesternWildfires_A22_s04950w13380.laz,0,0,0,0,0.0,0.0,2.705,,,,,6.7049,,-123.6819219491,45.3771980707,-123.669803781,45.3857379698
,USGS_LPC_OR_WesternWildfires_A22_s05100w14280.laz,hard_negative,False,201691311,0.201691,https://rockyweb.usgs.gov/vdelivery/Datasets/Staged/Elevation/LPC/Projects/OR_WesternWildfires_A22/OR_WWildfires_2_A22/LAZ/USGS_LPC_OR_WesternWildfires_A22_s05100w14280.laz,0,0,0,0,0.0,0.0,2.705,,,,,6.7047,,-123.636963803,45.6254177882,-123.6247995935,45.6339521698
,USGS_LPC_OR_WesternWildfires_A22_s04920w13830.laz,hard_negative,False,213979743,0.21398,https://rockyweb.usgs.gov/vdelivery/Datasets/Staged/Elevation/LPC/Projects/OR_WesternWildfires_A22/OR_WWildfires_2_A22/LAZ/USGS_LPC_OR_WesternWildfires_A22_s04920w13830.laz,0,0,0,0,0.0,0.0,2.705,,,,,6.7047,,-123.7004146493,45.5001995478,-123.6882681349,45.5087406576
,USGS_LPC_OR_WesternWildfires_A22_s04980w14160.laz,hard_negative,False,197021905,0.197022,https://rockyweb.usgs.gov/vdelivery/Datasets/Staged/Elevation/LPC/Projects/OR_WesternWildfires_A22/OR_WWildfires_2_A22/LAZ/USGS_LPC_OR_WesternWildfires_A22_s04980w14160.laz,0,0,0,0,0.0,0.0,2.705,,,,,6.7047,,-123.6820171893,45.5912689704,-123.6698540074,45.5998078627
,USGS_LPC_OR_WesternWildfires_A22_s04950w14550.laz,hard_negative,False,153546824,0.153547,https://rockyweb.usgs.gov/vdelivery/Datasets/Staged/Elevation/LPC/Projects/OR_WesternWildfires_A22/OR_WWildfires_2_A22/LAZ/USGS_LPC_OR_WesternWildfires_A22_s04950w14550.laz,0,0,0,0,0.0,0.0,2.704,,,,,6.7045,,-123.699663754,45.6978151585,-123.6874756239,45.7063551979
,USGS_LPC_OR_WesternWildfires_A22_s04860w14280.laz,hard_negative,False,194672004,0.194672,https://rockyweb.usgs.gov/vdelivery/Datasets/Staged/Elevation/LPC/Projects/OR_WesternWildfires_A22/OR_WWildfires_2_A22/LAZ/USGS_LPC_OR_WesternWildfires_A22_s04860w14280.laz,0,0,0,0,0.0,0.0,2.704,,,,,6.7042,,-123.7307032986,45.6228666408,-123.7185267689,45.631410057
,USGS_LPC_OR_WesternWildfires_A22_s04890w14130.laz,hard_negative,False,193873918,0.193874,https://rockyweb.usgs.gov/vdelivery/Datasets/Staged/Elevation/LPC/Projects/OR_WesternWildfires_A22/OR_WWildfires_2_A22/LAZ/USGS_LPC_OR_WesternWildfires_A22_s04890w14130.laz,0,0,0,0,0.0,0.0,2.704,,,,,6.7038,,-123.716689865,45.5820869125,-123.7045238683,45.5906291872
,USGS_LPC_OR_WesternWildfires_A22_s04770w14010.laz,hard_negative,False,181558908,0.181559,https://rockyweb.usgs.gov/vdelivery/Datasets/Staged/Elevation/LPC/Projects/OR_WesternWildfires_A22/OR_WWildfires_2_A22/LAZ/USGS_LPC_OR_WesternWildfires_A22_s04770w14010.laz,0,0,0,0,0.0,0.0,2.704,,,,,6.7037,,-123.7616621687,45.5479065623,-123.7494972237,45.5564533317
,USGS_LPC_OR_WesternWildfires_A22_s04770w14250.laz,hard_negative,False,212845221,0.212845,https://rockyweb.usgs.gov/vdelivery/Datasets/Staged/Elevation/LPC/Projects/OR_WesternWildfires_A22/OR_WWildfires_2_A22/LAZ/USGS_LPC_OR_WesternWildfires_A22_s04770w14250.laz,0,0,0,0,0.0,0.0,2.704,,,,,6.7037,,-123.7653872206,45.6136703222,-123.7532078812,45.6222171205
,USGS_LPC_OR_WesternWildfires_A22_s04650w14130.laz,hard_negative,False,179824996,0.179825,https://rockyweb.usgs.gov/vdelivery/Datasets/Staged/Elevation/LPC/Projects/OR_WesternWildfires_A22/OR_WWildfires_2_A22/LAZ/USGS_LPC_OR_WesternWildfires_A22_s04650w14130.laz,0,0,0,0,0.0,0.0,2.703,,,,,6.7033,,-123.8103552747,45.5794718778,-123.7981770041,45.5880231707
,USGS_LPC_OR_WesternWildfires_A22_s04680w14400.laz,hard_negative,False,239821568,0.239822,https://rockyweb.usgs.gov/vdelivery/Datasets/Staged/Elevation/LPC/Projects/OR_WesternWildfires_A22/OR_WWildfires_2_A22/LAZ/USGS_LPC_OR_WesternWildfires_A22_s04680w14400.laz,0,0,0,0,0.0,0.0,2.703,,,,,6.7027,,-123.8028886958,45.6537841779,-123.7906957311,45.6623343741
,USGS_LPC_OR_WesternWildfires_A22_s05190w13860.laz,hard_negative,False,196915055,0.196915,https://rockyweb.usgs.gov/vdelivery/Datasets/Staged/Elevation/LPC/Projects/OR_WesternWildfires_A22/OR_WWildfires_2_A22/LAZ/USGS_LPC_OR_WesternWildfires_A22_s05190w13860.laz,0,0,0,0,0.0,0.0,2.673,,,,,6.6729,,-123.5956208589,45.5112587905,-123.5834863716,45.5197897564
,USGS_LPC_OR_WesternWildfires_A22_s05100w14190.laz,hard_negative,False,194456117,0.194456,https://rockyweb.usgs.gov/vdelivery/Datasets/Staged/Elevation/LPC/Projects/OR_WesternWildfires_A22/OR_WWildfires_2_A22/LAZ/USGS_LPC_OR_WesternWildfires_A22_s05100w14190.laz,0,0,0,0,0.0,0.0,2.673,,,,,6.6726,,-123.6356205885,45.6007553558,-123.6234617687,45.6092897335
,USGS_LPC_OR_WesternWildfires_A22_s05010w14040.laz,hard_negative,False,168862962,0.168863,https://rockyweb.usgs.gov/vdelivery/Datasets/Staged/Elevation/LPC/Projects/OR_WesternWildfires_A22/OR_WWildfires_2_A22/LAZ/USGS_LPC_OR_WesternWildfires_A22_s05010w14040.laz,0,0,0,0,0.0,0.0,2.672,,,,,6.6723,,-123.6684977023,45.5587036355,-123.6563432407,45.5672413888
,USGS_LPC_OR_WesternWildfires_A22_s04980w13650.laz,positive_diversity,False,187842847,0.187843,https://rockyweb.usgs.gov/vdelivery/Datasets/Staged/Elevation/LPC/Projects/OR_WesternWildfires_A22/OR_WWildfires_2_A22/LAZ/USGS_LPC_OR_WesternWildfires_A22_s04980w13650.laz,0,1,0,2,18307.09,0.0,2.672,,,,,6.6723,,-123.6743163211,45.4515105423,-123.6621836101,45.4600493703
,USGS_LPC_OR_WesternWildfires_A22_s05070w13290.laz,hard_negative,False,135627358,0.135627,https://rockyweb.usgs.gov/vdelivery/Datasets/Staged/Elevation/LPC/Projects/OR_WesternWildfires_A22/OR_WWildfires_2_A22/LAZ/USGS_LPC_OR_WesternWildfires_A22_s05070w13290.laz,0,0,0,0,0.0,0.0,2.672,,,,,6.6722,,-123.6339144537,45.3537978771,-123.6218077375,45.3623332574
,USGS_LPC_OR_WesternWildfires_A22_s05100w14430.laz,hard_negative,False,165672194,0.165672,https://rockyweb.usgs.gov/vdelivery/Datasets/Staged/Elevation/LPC/Projects/OR_WesternWildfires_A22/OR_WWildfires_2_A22/LAZ/USGS_LPC_OR_WesternWildfires_A22_s05100w14430.laz,0,0,0,0,0.0,0.0,2.672,,,,,6.6721,,-123.6392050516,45.6665209986,-123.6270318488,45.6750553834
,USGS_LPC_OR_WesternWildfires_A22_s05100w14310.laz,hard_negative,False,180028303,0.180028,https://rockyweb.usgs.gov/vdelivery/Datasets/Staged/Elevation/LPC/Projects/OR_WesternWildfires_A22/OR_WWildfires_2_A22/LAZ/USGS_LPC_OR_WesternWildfires_A22_s05100w14310.laz,0,0,0,0,0.0,0.0,2.672,,,,,6.6719,,-123.6374117968,45.6336385151,-123.6252457897,45.6421728977
,USGS_LPC_OR_WesternWildfires_A22_s04920w13380.laz,hard_negative,False,107842157,0.107842,https://rockyweb.usgs.gov/vdelivery/Datasets/Staged/Elevation/LPC/Projects/OR_WesternWildfires_A22/OR_WWildfires_2_A22/LAZ/USGS_LPC_OR_WesternWildfires_A22_s04920w13380.laz,0,0,0,0,0.0,0.0,2.672,,,,,6.6716,,-123.6935893154,45.3768787404,-123.6814696206,45.3854197639
,USGS_LPC_OR_WesternWildfires_A22_s05010w14160.laz,hard_negative,False,187911285,0.187911,https://rockyweb.usgs.gov/vdelivery/Datasets/Staged/Elevation/LPC/Projects/OR_WesternWildfires_A22/OR_WWildfires_2_A22/LAZ/USGS_LPC_OR_WesternWildfires_A22_s05010w14160.laz,0,0,0,0,0.0,0.0,2.672,,,,,6.6715,,-123.6703063616,45.591587102,-123.6581447182,45.6001248654
,USGS_LPC_OR_WesternWildfires_A22_s04950w14520.laz,hard_negative,False,164477877,0.164478,https://rockyweb.usgs.gov/vdelivery/Datasets/Staged/Elevation/LPC/Projects/OR_WesternWildfires_A22/OR_WWildfires_2_A22/LAZ/USGS_LPC_OR_WesternWildfires_A22_s04950w14520.laz,0,0,0,0,0.0,0.0,2.671,,,,,6.6715,,-123.699206366,45.6895949931,-123.6870200399,45.6981350321
,USGS_LPC_OR_WesternWildfires_A22_s04950w14400.laz,hard_negative,False,206317357,0.206317,https://rockyweb.usgs.gov/vdelivery/Datasets/Staged/Elevation/LPC/Projects/OR_WesternWildfires_A22/OR_WWildfires_2_A22/LAZ/USGS_LPC_OR_WesternWildfires_A22_s04950w14400.laz,0,0,0,0,0.0,0.0,2.671,,,,,6.6712,,-123.6973781204,45.6567138985,-123.6851990048,45.6652539341
,USGS_LPC_OR_WesternWildfires_A22_s04860w14250.laz,hard_negative,False,192322496,0.192322,https://rockyweb.usgs.gov/vdelivery/Datasets/Staged/Elevation/LPC/Projects/OR_WesternWildfires_A22/OR_WWildfires_2_A22/LAZ/USGS_LPC_OR_WesternWildfires_A22_s04860w14250.laz,0,0,0,0,0.0,0.0,2.671,,,,,6.6709,,-123.7302420766,45.6146462233,-123.7180673474,45.6231896371
,USGS_LPC_OR_WesternWildfires_A22_s04890w14160.laz,hard_negative,False,193531996,0.193532,https://rockyweb.usgs.gov/vdelivery/Datasets/Staged/Elevation/LPC/Projects/OR_WesternWildfires_A22/OR_WWildfires_2_A22/LAZ/USGS_LPC_OR_WesternWildfires_A22_s04890w14160.laz,0,0,0,0,0.0,0.0,2.67,,,,,6.6702,,-123.7171488935,45.5903075412,-123.7049810988,45.5988498187
,USGS_LPC_OR_WesternWildfires_A22_s04800w14010.laz,hard_negative,False,197105452,0.197105,https://rockyweb.usgs.gov/vdelivery/Datasets/Staged/Elevation/LPC/Projects/OR_WesternWildfires_A22/OR_WWildfires_2_A22/LAZ/USGS_LPC_OR_WesternWildfires_A22_s04800w14010.laz,0,0,0,0,0.0,0.0,2.67,,,,,6.6698,,-123.7499605891,45.5482326758,-123.737797177,45.5567783185
,USGS_LPC_OR_WesternWildfires_A22_s04740w14250.laz,hard_negative,False,218941879,0.218942,https://rockyweb.usgs.gov/vdelivery/Datasets/Staged/Elevation/LPC/Projects/OR_WesternWildfires_A22/OR_WWildfires_2_A22/LAZ/USGS_LPC_OR_WesternWildfires_A22_s04740w14250.laz,0,0,0,0,0.0,0.0,2.67,,,,,6.6695,,-123.777102007,45.6133426761,-123.7649211282,45.6218906023
,USGS_LPC_OR_WesternWildfires_A22_s04650w14100.laz,hard_negative,False,194776120,0.194776,https://rockyweb.usgs.gov/vdelivery/Datasets/Staged/Elevation/LPC/Projects/OR_WesternWildfires_A22/OR_WWildfires_2_A22/LAZ/USGS_LPC_OR_WesternWildfires_A22_s04650w14100.laz,0,0,0,0,0.0,0.0,2.669,,,,,6.6692,,-123.8098830432,45.5712515682,-123.7977065733,45.5798028567
,USGS_LPC_OR_WesternWildfires_A22_s04680w14430.laz,hard_negative,False,203182519,0.203183,https://rockyweb.usgs.gov/vdelivery/Datasets/Staged/Elevation/LPC/Projects/OR_WesternWildfires_A22/OR_WWildfires_2_A22/LAZ/USGS_LPC_OR_WesternWildfires_A22_s04680w14430.laz,0,0,0,0,0.0,0.0,2.668,,,,,6.6682,,-123.8033606055,45.6620041125,-123.7911658352,45.6705543112
,USGS_LPC_OR_WesternWildfires_A22_s04770w13740.laz,positive_diversity,False,202547796,0.202548,https://rockyweb.usgs.gov/vdelivery/Datasets/Staged/Elevation/LPC/Projects/OR_WesternWildfires_A22/OR_WWildfires_2_A22/LAZ/USGS_LPC_OR_WesternWildfires_A22_s04770w13740.laz,0,1,0,1,43417.613,0.0,3.653,,,,,6.6533,,-123.7574816258,45.473919233,-123.745332834,45.4824659571
,USGS_LPC_OR_WesternWildfires_A22_s04650w13920.laz,positive_diversity,False,167660393,0.16766,https://rockyweb.usgs.gov/vdelivery/Datasets/Staged/Elevation/LPC/Projects/OR_WesternWildfires_A22/OR_WWildfires_2_A22/LAZ/USGS_LPC_OR_WesternWildfires_A22_s04650w13920.laz,0,1,0,1,19076.943,0.0,3.653,,,,,6.6533,,-123.80705248,45.5219288531,-123.7948868032,45.5304801123
,USGS_LPC_OR_WesternWildfires_A22_s04950w13680.laz,positive_diversity,False,243989132,0.243989,https://rockyweb.usgs.gov/vdelivery/Datasets/Staged/Elevation/LPC/Projects/OR_WesternWildfires_A22/OR_WWildfires_2_A22/LAZ/USGS_LPC_OR_WesternWildfires_A22_s04950w13680.laz,0,1,0,1,197.332,0.0,3.618,,,,,6.6183,,-123.6864523557,45.4594133415,-123.6743163251,45.4679533008
,USGS_LPC_OR_WesternWildfires_A22_s04770w13770.laz,positive_diversity,False,184216786,0.184217,https://rockyweb.usgs.gov/vdelivery/Datasets/Staged/Elevation/LPC/Projects/OR_WesternWildfires_A22/OR_WWildfires_2_A22/LAZ/USGS_LPC_OR_WesternWildfires_A22_s04770w13770.laz,0,1,0,1,74922.442,0.0,3.617,,,,,6.6167,,-123.7579456015,45.4821402058,-123.7457950171,45.4906869356
,USGS_LPC_OR_WesternWildfires_A22_s05070w13440.laz,hard_negative,False,154143567,0.154144,https://rockyweb.usgs.gov/vdelivery/Datasets/Staged/Elevation/LPC/Projects/OR_WesternWildfires_A22/OR_WWildfires_2_A22/LAZ/USGS_LPC_OR_WesternWildfires_A22_s05070w13440.laz,0,0,0,0,0.0,0.0,2.539,,,,,6.5388,,-123.636143009,45.3949074129,-123.6240273843,45.4034428248
,USGS_LPC_OR_WesternWildfires_A22_s05040w13560.laz,hard_negative,False,210474097,0.210474,https://rockyweb.usgs.gov/vdelivery/Datasets/Staged/Elevation/LPC/Projects/OR_WesternWildfires_A22/OR_WWildfires_2_A22/LAZ/USGS_LPC_OR_WesternWildfires_A22_s05040w13560.laz,0,0,0,0,0.0,0.0,2.539,,,,,6.5386,,-123.6496059521,45.4274794551,-123.6374816636,45.4360160152
,USGS_LPC_OR_WesternWildfires_A22_s05010w13590.laz,hard_negative,False,206696727,0.206697,https://rockyweb.usgs.gov/vdelivery/Datasets/Staged/Elevation/LPC/Projects/OR_WesternWildfires_A22/OR_WWildfires_2_A22/LAZ/USGS_LPC_OR_WesternWildfires_A22_s05010w13590.laz,0,0,0,0,0.0,0.0,2.538,,,,,6.5384,,-123.6617335616,45.4353849269,-123.6496059561,45.4439226183
,USGS_LPC_OR_WesternWildfires_A22_s05160w14460.laz,hard_negative,False,196244296,0.196244,https://rockyweb.usgs.gov/vdelivery/Datasets/Staged/Elevation/LPC/Projects/OR_WesternWildfires_A22/OR_WWildfires_2_A22/LAZ/USGS_LPC_OR_WesternWildfires_A22_s05160w14460.laz,0,0,0,0,0.0,0.0,2.538,,,,,6.5383,,-123.6161974662,45.6753680859,-123.6040255536,45.6839002086
,USGS_LPC_OR_WesternWildfires_A22_s04950w13920.laz,hard_negative,False,187902017,0.187902,https://rockyweb.usgs.gov/vdelivery/Datasets/Staged/Elevation/LPC/Projects/OR_WesternWildfires_A22/OR_WWildfires_2_A22/LAZ/USGS_LPC_OR_WesternWildfires_A22_s04950w13920.laz,0,0,0,0,0.0,0.0,2.538,,,,,6.538,,-123.6900859755,45.5251827846,-123.677935617,45.53372278
,USGS_LPC_OR_WesternWildfires_A22_s05070w14370.laz,hard_negative,False,164192199,0.164192,https://rockyweb.usgs.gov/vdelivery/Datasets/Staged/Elevation/LPC/Projects/OR_WesternWildfires_A22/OR_WWildfires_2_A22/LAZ/USGS_LPC_OR_WesternWildfires_A22_s05070w14370.laz,0,0,0,0,0.0,0.0,2.538,,,,,6.5379,,-123.6500310734,45.6497649242,-123.6378599225,45.6583004388
,USGS_LPC_OR_WesternWildfires_A22_s04980w14460.laz,hard_negative,False,179123589,0.179124,https://rockyweb.usgs.gov/vdelivery/Datasets/Staged/Elevation/LPC/Projects/OR_WesternWildfires_A22/OR_WWildfires_2_A22/LAZ/USGS_LPC_OR_WesternWildfires_A22_s04980w14460.laz,0,0,0,0,0.0,0.0,2.538,,,,,6.5379,,-123.686564582,45.6734742763,-123.6743834045,45.6820131838
,USGS_LPC_OR_WesternWildfires_A22_s04890w14190.laz,hard_negative,False,197531650,0.197532,https://rockyweb.usgs.gov/vdelivery/Datasets/Staged/Elevation/LPC/Projects/OR_WesternWildfires_A22/OR_WWildfires_2_A22/LAZ/USGS_LPC_OR_WesternWildfires_A22_s04890w14190.laz,0,0,0,0,0.0,0.0,2.538,,,,,6.5375,,-123.7176080529,45.5985281284,-123.7054384598,45.6070704087
,USGS_LPC_OR_WesternWildfires_A22_s04890w14370.laz,hard_negative,False,213362693,0.213363,https://rockyweb.usgs.gov/vdelivery/Datasets/Staged/Elevation/LPC/Projects/OR_WesternWildfires_A22/OR_WWildfires_2_A22/LAZ/USGS_LPC_OR_WesternWildfires_A22_s04890w14370.laz,0,0,0,0,0.0,0.0,2.537,,,,,6.5375,,-123.7203657627,45.6478507725,-123.7081853679,45.6563930657
,USGS_LPC_OR_WesternWildfires_A22_s04860w14040.laz,hard_negative,False,226450430,0.22645,https://rockyweb.usgs.gov/vdelivery/Datasets/Staged/Elevation/LPC/Projects/OR_WesternWildfires_A22/OR_WWildfires_2_A22/LAZ/USGS_LPC_OR_WesternWildfires_A22_s04860w14040.laz,0,0,0,0,0.0,0.0,2.537,,,,,6.5369,,-123.7270172048,45.5571021364,-123.7148550637,45.5656455288
,USGS_LPC_OR_WesternWildfires_A22_s04860w14220.laz,hard_negative,False,214910213,0.21491,https://rockyweb.usgs.gov/vdelivery/Datasets/Staged/Elevation/LPC/Projects/OR_WesternWildfires_A22/OR_WWildfires_2_A22/LAZ/USGS_LPC_OR_WesternWildfires_A22_s04860w14220.laz,0,0,0,0,0.0,0.0,2.537,,,,,6.5369,,-123.7297809863,45.6064257639,-123.7176080569,45.6149691751
,USGS_LPC_OR_WesternWildfires_A22_s04680w14040.laz,hard_negative,False,162670974,0.162671,https://rockyweb.usgs.gov/vdelivery/Datasets/Staged/Elevation/LPC/Projects/OR_WesternWildfires_A22/OR_WWildfires_2_A22/LAZ/USGS_LPC_OR_WesternWildfires_A22_s04680w14040.laz,0,0,0,0,0.0,0.0,2.536,,,,,6.5364,,-123.7972362727,45.5551416708,-123.7850649337,45.563691824
,USGS_LPC_OR_WesternWildfires_A22_s04710w13860.laz,hard_negative,False,202522597,0.202523,https://rockyweb.usgs.gov/vdelivery/Datasets/Staged/Elevation/LPC/Projects/OR_WesternWildfires_A22/OR_WWildfires_2_A22/LAZ/USGS_LPC_OR_WesternWildfires_A22_s04710w13860.laz,0,0,0,0,0.0,0.0,2.536,,,,,6.5363,,-123.7827244443,45.5061475982,-123.7705654187,45.5146965955
,USGS_LPC_OR_WesternWildfires_A22_s04650w14310.laz,hard_negative,False,200561126,0.200561,https://rockyweb.usgs.gov/vdelivery/Datasets/Staged/Elevation/LPC/Projects/OR_WesternWildfires_A22/OR_WWildfires_2_A22/LAZ/USGS_LPC_OR_WesternWildfires_A22_s04650w14310.laz,0,0,0,0,0.0,0.0,2.536,,,,,6.5357,,-123.8131914939,45.6287928623,-123.8010024079,45.6373441776
,USGS_LPC_OR_WesternWildfires_A22_s04650w14490.laz,hard_negative,False,153030532,0.153031,https://rockyweb.usgs.gov/vdelivery/Datasets/Staged/Elevation/LPC/Projects/OR_WesternWildfires_A22/OR_WWildfires_2_A22/LAZ/USGS_LPC_OR_WesternWildfires_A22_s04650w14490.laz,0,0,0,0,0.0,0.0,2.536,,,,,6.5356,,-123.8160325746,45.678112323,-123.8038326541,45.6866636546
,USGS_LPC_OR_WesternWildfires_A22_s04740w13290.laz,hard_negative,False,666802,0.000667,https://rockyweb.usgs.gov/vdelivery/Datasets/Staged/Elevation/LPC/Projects/OR_WesternWildfires_A22/OR_WWildfires_2_A22/LAZ/USGS_LPC_OR_WesternWildfires_A22_s04740w13290.laz,0,0,0,0,0.0,0.0,2.534,,,,,6.5336,,-123.7511264951,45.3577304432,-123.750477427,45.3588215908
,USGS_LPC_OR_WesternWildfires_A22_s04980w13740.laz,positive_diversity,False,227149319,0.227149,https://rockyweb.usgs.gov/vdelivery/Datasets/Staged/Elevation/LPC/Projects/OR_WesternWildfires_A22/OR_WWildfires_2_A22/LAZ/USGS_LPC_OR_WesternWildfires_A22_s04980w13740.laz,0,1,1,0,25735.219,0.0,2.016,,,,,6.5159,,-123.6756725895,45.4761746261,-123.6635345124,45.484713469
,USGS_LPC_OR_WesternWildfires_A22_s05160w13620.laz,positive_diversity,False,156102614,0.156103,https://rockyweb.usgs.gov/vdelivery/Datasets/Staged/Elevation/LPC/Projects/OR_WesternWildfires_A22/OR_WWildfires_2_A22/LAZ/USGS_LPC_OR_WesternWildfires_A22_s05160w13620.laz,0,1,1,2,116306.821,0.0,0.0,,,,,6.5,,-123.6037772804,45.4451756206,-123.5916555517,45.4537076847
,USGS_LPC_OR_WesternWildfires_A22_s05100w13830.laz,positive_diversity,False,310731694,0.310732,https://rockyweb.usgs.gov/vdelivery/Datasets/Staged/Elevation/LPC/Projects/OR_WesternWildfires_A22/OR_WWildfires_2_A22/LAZ/USGS_LPC_OR_WesternWildfires_A22_s05100w13830.laz,0,1,1,2,321132.884,0.0,0.0,,,,,6.5,,-123.6302592086,45.5021019337,-123.6181218998,45.5106362805
,USGS_LPC_OR_WesternWildfires_A22_s04530w14340.laz,positive_diversity,False,120820598,0.120821,https://rockyweb.usgs.gov/vdelivery/Datasets/Staged/Elevation/LPC/Projects/OR_WesternWildfires_A22/OR_WWildfires_2_A22/LAZ/USGS_LPC_OR_WesternWildfires_A22_s04530w14340.laz,0,1,1,1,28871.832,0.0,0.913,,,,,6.4133,,-123.8605408687,45.6356759426,-123.8483438425,45.6442317702
,USGS_LPC_OR_WesternWildfires_A22_s05100w13740.laz,positive_diversity,False,183034747,0.183035,https://rockyweb.usgs.gov/vdelivery/Datasets/Staged/Elevation/LPC/Projects/OR_WesternWildfires_A22/OR_WWildfires_2_A22/LAZ/USGS_LPC_OR_WesternWildfires_A22_s05100w13740.laz,0,1,1,1,240446.766,0.0,0.879,,,,,6.3787,,-123.6289217256,45.4774376784,-123.6167897828,45.4859720138
,USGS_LPC_OR_WesternWildfires_A22_s05130w13830.laz,positive_diversity,False,233386622,0.233387,https://rockyweb.usgs.gov/vdelivery/Datasets/Staged/Elevation/LPC/Projects/OR_WesternWildfires_A22/OR_WWildfires_2_A22/LAZ/USGS_LPC_OR_WesternWildfires_A22_s05130w13830.laz,0,1,1,1,8815.081,0.0,0.879,,,,,6.3786,,-123.6185661877,45.5024149005,-123.606430415,45.5109481196
,USGS_LPC_OR_WesternWildfires_A22_s05040w13650.laz,positive_diversity,False,171568814,0.171569,https://rockyweb.usgs.gov/vdelivery/Datasets/Staged/Elevation/LPC/Projects/OR_WesternWildfires_A22/OR_WWildfires_2_A22/LAZ/USGS_LPC_OR_WesternWildfires_A22_s05040w13650.laz,0,1,1,1,52522.712,0.0,0.844,,,,,6.3444,,-123.6509511082,45.4521441469,-123.6388214608,45.4606807225
,USGS_LPC_OR_WesternWildfires_A22_s05010w13710.laz,positive_diversity,False,337796429,0.337796,https://rockyweb.usgs.gov/vdelivery/Datasets/Staged/Elevation/LPC/Projects/OR_WesternWildfires_A22/OR_WWildfires_2_A22/LAZ/USGS_LPC_OR_WesternWildfires_A22_s05010w13710.laz,0,1,1,0,31623.898,0.0,1.827,,,,,6.3268,,-123.6635345084,45.4682707783,-123.6513997529,45.4768084899
,USGS_LPC_OR_WesternWildfires_A22_s05010w13650.laz,positive_diversity,False,169585911,0.169586,https://rockyweb.usgs.gov/vdelivery/Datasets/Staged/Elevation/LPC/Projects/OR_WesternWildfires_A22/OR_WWildfires_2_A22/LAZ/USGS_LPC_OR_WesternWildfires_A22_s05010w13650.laz,0,1,1,0,8868.331,0.0,1.758,,,,,6.2583,,-123.6626337787,45.4518279295,-123.6505025993,45.4603656314
,USGS_LPC_OR_WesternWildfires_A22_s05040w13740.laz,positive_diversity,False,207142210,0.207142,https://rockyweb.usgs.gov/vdelivery/Datasets/Staged/Elevation/LPC/Projects/OR_WesternWildfires_A22/OR_WWildfires_2_A22/LAZ/USGS_LPC_OR_WesternWildfires_A22_s05040w13740.laz,0,1,0,3,259336.612,0.0,1.246,,,,,6.2463,,-123.6522974132,45.4768084927,-123.6401624022,45.4853450822
,USGS_LPC_OR_WesternWildfires_A22_s05190w13920.laz,positive_diversity,False,302955476,0.302955,https://rockyweb.usgs.gov/vdelivery/Datasets/Staged/Elevation/LPC/Projects/OR_WesternWildfires_A22/OR_WWildfires_2_A22/LAZ/USGS_LPC_OR_WesternWildfires_A22_s05190w13920.laz,0,1,0,1,1922.965,0.0,3.24,,,,,6.2398,,-123.5965034202,45.5277016087,-123.5843653545,45.5362325801
,USGS_LPC_OR_WesternWildfires_A22_s05250w13470.laz,hard_negative,False,187675150,0.187675,https://rockyweb.usgs.gov/vdelivery/Datasets/Staged/Elevation/LPC/Projects/OR_WesternWildfires_A22/OR_WWildfires_2_A22/LAZ/USGS_LPC_OR_WesternWildfires_A22_s05250w13470.laz,0,0,0,0,0.0,0.0,2.017,,,,,6.0166,,-123.5665493667,45.4049933876,-123.554441154,45.413522048
,USGS_LPC_OR_WesternWildfires_A22_s05040w14130.laz,hard_negative,False,186624087,0.186624,https://rockyweb.usgs.gov/vdelivery/Datasets/Staged/Elevation/LPC/Projects/OR_WesternWildfires_A22/OR_WWildfires_2_A22/LAZ/USGS_LPC_OR_WesternWildfires_A22_s05040w14130.laz,0,0,0,0,0.0,0.0,2.016,,,,,6.016,,-123.6581447142,45.5836832124,-123.6459864058,45.5922198448
,USGS_LPC_OR_WesternWildfires_A22_s05160w14490.laz,hard_negative,False,158268680,0.158269,https://rockyweb.usgs.gov/vdelivery/Datasets/Staged/Elevation/LPC/Projects/OR_WesternWildfires_A22/OR_WWildfires_2_A22/LAZ/USGS_LPC_OR_WesternWildfires_A22_s05160w14490.laz,0,0,0,0,0.0,0.0,2.016,,,,,6.016,,-123.6166428821,45.6835886431,-123.6044691696,45.6921207654
,USGS_LPC_OR_WesternWildfires_A22_s04950w13890.laz,hard_negative,False,208928392,0.208928,https://rockyweb.usgs.gov/vdelivery/Datasets/Staged/Elevation/LPC/Projects/OR_WesternWildfires_A22/OR_WWildfires_2_A22/LAZ/USGS_LPC_OR_WesternWildfires_A22_s04950w13890.laz,0,0,0,0,0.0,0.0,2.016,,,,,6.0159,,-123.6896313201,45.5169617425,-123.6774827545,45.5255017339
,USGS_LPC_OR_WesternWildfires_A22_s05070w14220.laz,hard_negative,False,194902149,0.194902,https://rockyweb.usgs.gov/vdelivery/Datasets/Staged/Elevation/LPC/Projects/OR_WesternWildfires_A22/OR_WWildfires_2_A22/LAZ/USGS_LPC_OR_WesternWildfires_A22_s05070w14220.laz,0,0,0,0,0.0,0.0,2.016,,,,,6.0158,,-123.6477827533,45.6086615075,-123.6356205926,45.6171970164
,USGS_LPC_OR_WesternWildfires_A22_s04860w13320.laz,hard_negative,False,239058782,0.239059,https://rockyweb.usgs.gov/vdelivery/Datasets/Staged/Elevation/LPC/Projects/OR_WesternWildfires_A22/OR_WWildfires_2_A22/LAZ/USGS_LPC_OR_WesternWildfires_A22_s04860w13320.laz,0,0,0,0,0.0,0.0,2.016,,,,,6.0158,,-123.7160091938,45.3597933376,-123.7038900158,45.3683365943
,USGS_LPC_OR_WesternWildfires_A22_s05040w14370.laz,hard_negative,False,178539255,0.178539,https://rockyweb.usgs.gov/vdelivery/Datasets/Staged/Elevation/LPC/Projects/OR_WesternWildfires_A22/OR_WWildfires_2_A22/LAZ/USGS_LPC_OR_WesternWildfires_A22_s05040w14370.laz,0,0,0,0,0.0,0.0,2.016,,,,,6.0157,,-123.6617538424,45.649448833,-123.6495811528,45.6579854777
,USGS_LPC_OR_WesternWildfires_A22_s04920w14190.laz,hard_negative,False,192632167,0.192632,https://rockyweb.usgs.gov/vdelivery/Datasets/Staged/Elevation/LPC/Projects/OR_WesternWildfires_A22/OR_WWildfires_2_A22/LAZ/USGS_LPC_OR_WesternWildfires_A22_s04920w14190.laz,0,0,0,0,0.0,0.0,2.016,,,,,6.0156,,-123.7058959472,45.5988498216,-123.6937278916,45.6073909735
,USGS_LPC_OR_WesternWildfires_A22_s04890w14340.laz,hard_negative,False,200678914,0.200679,https://rockyweb.usgs.gov/vdelivery/Datasets/Staged/Elevation/LPC/Projects/OR_WesternWildfires_A22/OR_WWildfires_2_A22/LAZ/USGS_LPC_OR_WesternWildfires_A22_s04890w14340.laz,0,0,0,0,0.0,0.0,2.016,,,,,6.0155,,-123.7199058163,45.6396304374,-123.7077272232,45.6481727289
,USGS_LPC_OR_WesternWildfires_A22_s04860w14070.laz,hard_negative,False,220141916,0.220142,https://rockyweb.usgs.gov/vdelivery/Datasets/Staged/Elevation/LPC/Projects/OR_WesternWildfires_A22/OR_WWildfires_2_A22/LAZ/USGS_LPC_OR_WesternWildfires_A22_s04860w14070.laz,0,0,0,0,0.0,0.0,2.015,,,,,6.0153,,-123.7274775067,45.5653228438,-123.7153135689,45.5738662398
,USGS_LPC_OR_WesternWildfires_A22_s04830w14220.laz,hard_negative,False,205697942,0.205698,https://rockyweb.usgs.gov/vdelivery/Datasets/Staged/Elevation/LPC/Projects/OR_WesternWildfires_A22/OR_WWildfires_2_A22/LAZ/USGS_LPC_OR_WesternWildfires_A22_s04830w14220.laz,0,0,0,0,0.0,0.0,2.015,,,,,6.0152,,-123.7414944977,45.606101681,-123.7293200316,45.6146462205
,USGS_LPC_OR_WesternWildfires_A22_s04710w14040.laz,hard_negative,False,200192093,0.200192,https://rockyweb.usgs.gov/vdelivery/Datasets/Staged/Elevation/LPC/Projects/OR_WesternWildfires_A22/OR_WWildfires_2_A22/LAZ/USGS_LPC_OR_WesternWildfires_A22_s04710w14040.laz,0,0,0,0,0.0,0.0,2.015,,,,,6.015,,-123.7855334271,45.5554713442,-123.7733636198,45.5640203711
,USGS_LPC_OR_WesternWildfires_A22_s04680w14190.laz,hard_negative,False,209193045,0.209193,https://rockyweb.usgs.gov/vdelivery/Datasets/Staged/Elevation/LPC/Projects/OR_WesternWildfires_A22/OR_WWildfires_2_A22/LAZ/USGS_LPC_OR_WesternWildfires_A22_s04680w14190.laz,0,0,0,0,0.0,0.0,2.015,,,,,6.015,,-123.7995890974,45.596243446,-123.7874087571,45.60479362
,USGS_LPC_OR_WesternWildfires_A22_s04680w13860.laz,hard_negative,False,216950001,0.21695,https://rockyweb.usgs.gov/vdelivery/Datasets/Staged/Elevation/LPC/Projects/OR_WesternWildfires_A22/OR_WWildfires_2_A22/LAZ/USGS_LPC_OR_WesternWildfires_A22_s04680w13860.laz,0,0,0,0,0.0,0.0,2.015,,,,,6.0149,,-123.794417306,45.5058181972,-123.7822567512,45.51436832
,USGS_LPC_OR_WesternWildfires_A22_s04650w14340.laz,hard_negative,False,220349343,0.220349,https://rockyweb.usgs.gov/vdelivery/Datasets/Staged/Elevation/LPC/Projects/OR_WesternWildfires_A22/OR_WWildfires_2_A22/LAZ/USGS_LPC_OR_WesternWildfires_A22_s04650w14340.laz,0,0,0,0,0.0,0.0,2.015,,,,,6.0146,,-123.8136646694,45.6370128792,-123.801473779,45.6455641977
,USGS_LPC_OR_WesternWildfires_A22_s04620w14490.laz,hard_negative,False,141358810,0.141359,https://rockyweb.usgs.gov/vdelivery/Datasets/Staged/Elevation/LPC/Projects/OR_WesternWildfires_A22/OR_WWildfires_2_A22/LAZ/USGS_LPC_OR_WesternWildfires_A22_s04620w14490.laz,0,0,0,0,0.0,0.0,2.014,,,,,6.0145,,-123.8277601844,45.6777796195,-123.8155587271,45.6863320795
,USGS_LPC_OR_WesternWildfires_A22_s04560w13860.laz,hard_negative,False,9604833,0.009605,https://rockyweb.usgs.gov/vdelivery/Datasets/Staged/Elevation/LPC/Projects/OR_WesternWildfires_A22/OR_WWildfires_2_A22/LAZ/USGS_LPC_OR_WesternWildfires_A22_s04560w13860.laz,0,0,0,0,0.0,0.0,2.002,,,,,6.0021,,-123.8330056473,45.5047227898,-123.8290207449,45.5130435098
,USGS_LPC_OR_WesternWildfires_A22_s05220w13440.laz,hard_negative,False,162846717,0.162847,https://rockyweb.usgs.gov/vdelivery/Datasets/Staged/Elevation/LPC/Projects/OR_WesternWildfires_A22/OR_WWildfires_2_A22/LAZ/USGS_LPC_OR_WesternWildfires_A22_s05220w13440.laz,0,0,0,0,0.0,0.0,1.984,,,,,5.984,,-123.5777851618,45.3964636027,-123.5656771971,45.4049933847
,USGS_LPC_OR_WesternWildfires_A22_s05190w13740.laz,hard_negative,False,172258372,0.172258,https://rockyweb.usgs.gov/vdelivery/Datasets/Staged/Elevation/LPC/Projects/OR_WesternWildfires_A22/OR_WWildfires_2_A22/LAZ/USGS_LPC_OR_WesternWildfires_A22_s05190w13740.laz,0,0,0,0,0.0,0.0,1.984,,,,,5.9836,,-123.5938572439,45.4783726799,-123.5817299072,45.4869036327
,USGS_LPC_OR_WesternWildfires_A22_s05040w14010.laz,hard_negative,False,175053453,0.175053,https://rockyweb.usgs.gov/vdelivery/Datasets/Staged/Elevation/LPC/Projects/OR_WesternWildfires_A22/OR_WWildfires_2_A22/LAZ/USGS_LPC_OR_WesternWildfires_A22_s05040w14010.laz,0,0,0,0,0.0,0.0,1.983,,,,,5.983,,-123.6563432367,45.5507994075,-123.6441921062,45.5593360296
,USGS_LPC_OR_WesternWildfires_A22_s05010w13620.laz,hard_negative,False,186783415,0.186783,https://rockyweb.usgs.gov/vdelivery/Datasets/Staged/Elevation/LPC/Projects/OR_WesternWildfires_A22/OR_WWildfires_2_A22/LAZ/USGS_LPC_OR_WesternWildfires_A22_s05010w13620.laz,0,0,0,0,0.0,0.0,1.983,,,,,5.983,,-123.6621836061,45.4436064473,-123.6500542139,45.4521441441
,USGS_LPC_OR_WesternWildfires_A22_s05040w13320.laz,hard_negative,False,104807638,0.104808,https://rockyweb.usgs.gov/vdelivery/Datasets/Staged/Elevation/LPC/Projects/OR_WesternWildfires_A22/OR_WWildfires_2_A22/LAZ/USGS_LPC_OR_WesternWildfires_A22_s05040w13320.laz,0,0,0,0,0.0,0.0,1.983,,,,,5.9827,,-123.6460244749,45.3617052873,-123.6339144539,45.370241799
,USGS_LPC_OR_WesternWildfires_A22_s04980w13920.laz,hard_negative,False,187762309,0.187762,https://rockyweb.usgs.gov/vdelivery/Datasets/Staged/Elevation/LPC/Projects/OR_WesternWildfires_A22/OR_WWildfires_2_A22/LAZ/USGS_LPC_OR_WesternWildfires_A22_s04980w13920.laz,0,0,0,0,0.0,0.0,1.983,,,,,5.9825,,-123.6783886046,45.5255017368,-123.6662397809,45.5340406048
,USGS_LPC_OR_WesternWildfires_A22_s04980w14490.laz,hard_negative,False,192688258,0.192688,https://rockyweb.usgs.gov/vdelivery/Datasets/Staged/Elevation/LPC/Projects/OR_WesternWildfires_A22/OR_WWildfires_2_A22/LAZ/USGS_LPC_OR_WesternWildfires_A22_s04980w14490.laz,0,0,0,0,0.0,0.0,1.982,,,,,5.9823,,-123.6870200359,45.6816945726,-123.6748370559,45.6902334806
,USGS_LPC_OR_WesternWildfires_A22_s04890w13350.laz,hard_negative,False,165554456,0.165554,https://rockyweb.usgs.gov/vdelivery/Datasets/Staged/Elevation/LPC/Projects/OR_WesternWildfires_A22/OR_WWildfires_2_A22/LAZ/USGS_LPC_OR_WesternWildfires_A22_s04890w13350.laz,0,0,0,0,0.0,0.0,1.982,,,,,5.9821,,-123.7048009095,45.3683365972,-123.6926814727,45.3768787376
,USGS_LPC_OR_WesternWildfires_A22_s04920w14370.laz,hard_negative,False,212725881,0.212726,https://rockyweb.usgs.gov/vdelivery/Datasets/Staged/Elevation/LPC/Projects/OR_WesternWildfires_A22/OR_WWildfires_2_A22/LAZ/USGS_LPC_OR_WesternWildfires_A22_s04920w14370.laz,0,0,0,0,0.0,0.0,1.982,,,,,5.9819,,-123.7086436394,45.6481727317,-123.6964647846,45.6567138956
,USGS_LPC_OR_WesternWildfires_A22_s04890w14220.laz,hard_negative,False,225965796,0.225966,https://rockyweb.usgs.gov/vdelivery/Datasets/Staged/Elevation/LPC/Projects/OR_WesternWildfires_A22/OR_WWildfires_2_A22/LAZ/USGS_LPC_OR_WesternWildfires_A22_s04890w14220.laz,0,0,0,0,0.0,0.0,1.982,,,,,5.9818,,-123.7180673433,45.6067486741,-123.7058959513,45.615290957
,USGS_LPC_OR_WesternWildfires_A22_s04860w14190.laz,hard_negative,False,194425341,0.194425,https://rockyweb.usgs.gov/vdelivery/Datasets/Staged/Elevation/LPC/Projects/OR_WesternWildfires_A22/OR_WWildfires_2_A22/LAZ/USGS_LPC_OR_WesternWildfires_A22_s04860w14190.laz,0,0,0,0,0.0,0.0,1.981,,,,,5.981,,-123.7293200275,45.5982052627,-123.7171488975,45.6067486712
,USGS_LPC_OR_WesternWildfires_A22_s04830w14040.laz,hard_negative,False,204075896,0.204076,https://rockyweb.usgs.gov/vdelivery/Datasets/Staged/Elevation/LPC/Projects/OR_WesternWildfires_A22/OR_WWildfires_2_A22/LAZ/USGS_LPC_OR_WesternWildfires_A22_s04830w14040.laz,0,0,0,0,0.0,0.0,1.981,,,,,5.9809,,-123.7387207136,45.5567783214,-123.7265570382,45.565322841
,USGS_LPC_OR_WesternWildfires_A22_s04710w14220.laz,hard_negative,False,209700083,0.2097,https://rockyweb.usgs.gov/vdelivery/Datasets/Staged/Elevation/LPC/Projects/OR_WesternWildfires_A22/OR_WWildfires_2_A22/LAZ/USGS_LPC_OR_WesternWildfires_A22_s04710w14220.laz,0,0,0,0,0.0,0.0,1.98,,,,,5.9804,,-123.7883472186,45.6047936229,-123.7761666105,45.6133426733
,USGS_LPC_OR_WesternWildfires_A22_s04680w14070.laz,hard_negative,False,186644804,0.186645,https://rockyweb.usgs.gov/vdelivery/Datasets/Staged/Elevation/LPC/Projects/OR_WesternWildfires_A22/OR_WWildfires_2_A22/LAZ/USGS_LPC_OR_WesternWildfires_A22_s04680w14070.laz,0,0,0,0,0.0,0.0,1.98,,,,,5.9803,,-123.7977065693,45.563362108,-123.7855334311,45.5719122658
,USGS_LPC_OR_WesternWildfires_A22_s04710w13830.laz,hard_negative,False,219494989,0.219495,https://rockyweb.usgs.gov/vdelivery/Datasets/Staged/Elevation/LPC/Projects/OR_WesternWildfires_A22/OR_WWildfires_2_A22/LAZ/USGS_LPC_OR_WesternWildfires_A22_s04710w13830.laz,0,0,0,0,0.0,0.0,1.98,,,,,5.9801,,-123.7822567472,45.4979268338,-123.7700995167,45.5064758257
,USGS_LPC_OR_WesternWildfires_A22_s04650w14460.laz,hard_negative,False,193311205,0.193311,https://rockyweb.usgs.gov/vdelivery/Datasets/Staged/Elevation/LPC/Projects/OR_WesternWildfires_A22/OR_WWildfires_2_A22/LAZ/USGS_LPC_OR_WesternWildfires_A22_s04650w14460.laz,0,0,0,0,0.0,0.0,1.979,,,,,5.9793,,-123.815558723,45.6698925203,-123.8033606096,45.6784438496
,USGS_LPC_OR_WesternWildfires_A22_s04620w14310.laz,hard_negative,False,207993633,0.207994,https://rockyweb.usgs.gov/vdelivery/Datasets/Staged/Elevation/LPC/Projects/OR_WesternWildfires_A22/OR_WWildfires_2_A22/LAZ/USGS_LPC_OR_WesternWildfires_A22_s04620w14310.laz,0,0,0,0,0.0,0.0,1.979,,,,,5.9792,,-123.8249090777,45.6284604337,-123.8127184575,45.6370128764
,USGS_LPC_OR_WesternWildfires_A22_s05100w13890.laz,positive_diversity,False,170229539,0.17023,https://rockyweb.usgs.gov/vdelivery/Datasets/Staged/Elevation/LPC/Projects/OR_WesternWildfires_A22/OR_WWildfires_2_A22/LAZ/USGS_LPC_OR_WesternWildfires_A22_s05100w13890.laz,0,1,0,3,75277.53,0.0,0.913,,,,,5.9134,,-123.6311514989,45.5185445735,-123.6190106103,45.5270789272
,USGS_LPC_OR_WesternWildfires_A22_s04740w13710.laz,positive_diversity,False,82002138,0.082002,https://rockyweb.usgs.gov/vdelivery/Datasets/Staged/Elevation/LPC/Projects/OR_WesternWildfires_A22/OR_WWildfires_2_A22/LAZ/USGS_LPC_OR_WesternWildfires_A22_s04740w13710.laz,0,1,0,1,4941.51,0.0,2.871,,,,,5.8711,,-123.7687026022,45.4653713869,-123.7565540744,45.4739192302
,USGS_LPC_OR_WesternWildfires_A22_s04560w13890.laz,positive_diversity,False,72598570,0.072599,https://rockyweb.usgs.gov/vdelivery/Datasets/Staged/Elevation/LPC/Projects/OR_WesternWildfires_A22/OR_WWildfires_2_A22/LAZ/USGS_LPC_OR_WesternWildfires_A22_s04560w13890.laz,0,1,0,1,18132.504,0.0,2.835,,,,,5.8354,,-123.8369691838,45.5128436581,-123.8294950911,45.521264012
,USGS_LPC_OR_WesternWildfires_A22_s04980w13350.laz,hard_negative,False,199764015,0.199764,https://rockyweb.usgs.gov/vdelivery/Datasets/Staged/Elevation/LPC/Projects/OR_WesternWildfires_A22/OR_WWildfires_2_A22/LAZ/USGS_LPC_OR_WesternWildfires_A22_s04980w13350.laz,0,0,0,0,0.0,0.0,1.827,,,,,5.8269,,-123.669803777,45.369294456,-123.6576889191,45.3778332236
,USGS_LPC_OR_WesternWildfires_A22_s05070w13560.laz,hard_negative,False,190907938,0.190908,https://rockyweb.usgs.gov/vdelivery/Datasets/Staged/Elevation/LPC/Projects/OR_WesternWildfires_A22/OR_WWildfires_2_A22/LAZ/USGS_LPC_OR_WesternWildfires_A22_s05070w13560.laz,0,0,0,0,0.0,0.0,1.827,,,,,5.8268,,-123.6379281355,45.4277943724,-123.6258053745,45.4363298066
,USGS_LPC_OR_WesternWildfires_A22_s04770w13350.laz,hard_negative,False,194305720,0.194306,https://rockyweb.usgs.gov/vdelivery/Datasets/Staged/Elevation/LPC/Projects/OR_WesternWildfires_A22/OR_WWildfires_2_A22/LAZ/USGS_LPC_OR_WesternWildfires_A22_s04770w13350.laz,0,0,0,0,0.0,0.0,1.827,,,,,5.8268,,-123.7514619383,45.3670430996,-123.7393364035,45.3755897345
,USGS_LPC_OR_WesternWildfires_A22_s05100w13980.laz,hard_negative,False,146025756,0.146026,https://rockyweb.usgs.gov/vdelivery/Datasets/Staged/Elevation/LPC/Projects/OR_WesternWildfires_A22/OR_WWildfires_2_A22/LAZ/USGS_LPC_OR_WesternWildfires_A22_s05100w13980.laz,0,0,0,0,0.0,0.0,1.827,,,,,5.8267,,-123.6324908883,45.5432082342,-123.6203446258,45.5517425968
,USGS_LPC_OR_WesternWildfires_A22_s04950w13860.laz,hard_negative,False,239471847,0.239472,https://rockyweb.usgs.gov/vdelivery/Datasets/Staged/Elevation/LPC/Projects/OR_WesternWildfires_A22/OR_WWildfires_2_A22/LAZ/USGS_LPC_OR_WesternWildfires_A22_s04950w13860.laz,0,0,0,0,0.0,0.0,1.827,,,,,5.8267,,-123.6891767942,45.5087406605,-123.6770300209,45.5172806479
,USGS_LPC_OR_WesternWildfires_A22_s05040w14100.laz,hard_negative,False,195927659,0.195928,https://rockyweb.usgs.gov/vdelivery/Datasets/Staged/Elevation/LPC/Projects/OR_WesternWildfires_A22/OR_WWildfires_2_A22/LAZ/USGS_LPC_OR_WesternWildfires_A22_s05040w14100.laz,0,0,0,0,0.0,0.0,1.827,,,,,5.8267,,-123.6576941521,45.5754623225,-123.645537639,45.5839989526
,USGS_LPC_OR_WesternWildfires_A22_s04710w13740.laz,hard_negative,False,40945890,0.040946,https://rockyweb.usgs.gov/vdelivery/Datasets/Staged/Elevation/LPC/Projects/OR_WesternWildfires_A22/OR_WWildfires_2_A22/LAZ/USGS_LPC_OR_WesternWildfires_A22_s04710w13740.laz,0,0,0,0,0.0,0.0,1.827,,,,,5.8267,,-123.7808544546,45.4732643069,-123.7687026064,45.4818132784
,USGS_LPC_OR_WesternWildfires_A22_s04650w13860.laz,hard_negative,False,223125172,0.223125,https://rockyweb.usgs.gov/vdelivery/Datasets/Staged/Elevation/LPC/Projects/OR_WesternWildfires_A22/OR_WWildfires_2_A22/LAZ/USGS_LPC_OR_WesternWildfires_A22_s04650w13860.laz,0,0,0,0,0.0,0.0,1.827,,,,,5.8267,,-123.8061100339,45.5054876256,-123.7939479506,45.5140388736
,USGS_LPC_OR_WesternWildfires_A22_s04950w14190.laz,hard_negative,False,202271371,0.202271,https://rockyweb.usgs.gov/vdelivery/Datasets/Staged/Elevation/LPC/Projects/OR_WesternWildfires_A22/OR_WWildfires_2_A22/LAZ/USGS_LPC_OR_WesternWildfires_A22_s04950w14190.laz,0,0,0,0,0.0,0.0,1.827,,,,,5.8267,,-123.694183711,45.5991703422,-123.6820171934,45.6077103655
,USGS_LPC_OR_WesternWildfires_A22_s05070w14250.laz,hard_negative,False,199312303,0.199312,https://rockyweb.usgs.gov/vdelivery/Datasets/Staged/Elevation/LPC/Projects/OR_WesternWildfires_A22/OR_WWildfires_2_A22/LAZ/USGS_LPC_OR_WesternWildfires_A22_s05070w14250.laz,0,0,0,0,0.0,0.0,1.827,,,,,5.8267,,-123.6482321607,45.616882275,-123.636068203,45.6254177854
,USGS_LPC_OR_WesternWildfires_A22_s05010w14370.laz,hard_negative,False,196253918,0.196254,https://rockyweb.usgs.gov/vdelivery/Datasets/Staged/Elevation/LPC/Projects/OR_WesternWildfires_A22/OR_WWildfires_2_A22/LAZ/USGS_LPC_OR_WesternWildfires_A22_s05010w14370.laz,0,0,0,0,0.0,0.0,1.827,,,,,5.8267,,-123.6734764863,45.6491315681,-123.6613022546,45.6576693428
,USGS_LPC_OR_WesternWildfires_A22_s04860w14100.laz,hard_negative,False,222972599,0.222973,https://rockyweb.usgs.gov/vdelivery/Datasets/Staged/Elevation/LPC/Projects/OR_WesternWildfires_A22/OR_WWildfires_2_A22/LAZ/USGS_LPC_OR_WesternWildfires_A22_s04860w14100.laz,0,0,0,0,0.0,0.0,1.827,,,,,5.8266,,-123.7279379399,45.5735435103,-123.7157722048,45.5820869097
,USGS_LPC_OR_WesternWildfires_A22_s04890w14310.laz,hard_negative,False,202179992,0.20218,https://rockyweb.usgs.gov/vdelivery/Datasets/Staged/Elevation/LPC/Projects/OR_WesternWildfires_A22/OR_WWildfires_2_A22/LAZ/USGS_LPC_OR_WesternWildfires_A22_s04890w14310.laz,0,0,0,0,0.0,0.0,1.827,,,,,5.8266,,-123.7194460012,45.6314100598,-123.7072692092,45.6399523494
,USGS_LPC_OR_WesternWildfires_A22_s04800w14220.laz,hard_negative,False,162068779,0.162069,https://rockyweb.usgs.gov/vdelivery/Datasets/Staged/Elevation/LPC/Projects/OR_WesternWildfires_A22/OR_WWildfires_2_A22/LAZ/USGS_LPC_OR_WesternWildfires_A22_s04800w14220.laz,0,0,0,0,0.0,0.0,1.827,,,,,5.8266,,-123.7532078772,45.6057764254,-123.7410318747,45.6143220929
,USGS_LPC_OR_WesternWildfires_A22_s05160w14520.laz,hard_negative,False,152162260,0.152162,https://rockyweb.usgs.gov/vdelivery/Datasets/Staged/Elevation/LPC/Projects/OR_WesternWildfires_A22/OR_WWildfires_2_A22/LAZ/USGS_LPC_OR_WesternWildfires_A22_s05160w14520.laz,0,0,0,0,0.0,0.0,1.827,,,,,5.8266,,-123.6170884253,45.691809157,-123.6049129122,45.7003412789
,USGS_LPC_OR_WesternWildfires_A22_s04680w14160.laz,hard_negative,False,219648905,0.219649,https://rockyweb.usgs.gov/vdelivery/Datasets/Staged/Elevation/LPC/Projects/OR_WesternWildfires_A22/OR_WWildfires_2_A22/LAZ/USGS_LPC_OR_WesternWildfires_A22_s04680w14160.laz,0,0,0,0,0.0,0.0,1.827,,,,,5.8266,,-123.799118264,45.5880231735,-123.786939725,45.5965733437
,USGS_LPC_OR_WesternWildfires_A22_s04650w14370.laz,hard_negative,False,197627378,0.197627,https://rockyweb.usgs.gov/vdelivery/Datasets/Staged/Elevation/LPC/Projects/OR_WesternWildfires_A22/OR_WWildfires_2_A22/LAZ/USGS_LPC_OR_WesternWildfires_A22_s04650w14370.laz,0,0,0,0,0.0,0.0,1.827,,,,,5.8265,,-123.81413798,45.6452328537,-123.8019452847,45.6537841751
,USGS_LPC_OR_WesternWildfires_A22_s05190w13950.laz,positive_diversity,False,206474235,0.206474,https://rockyweb.usgs.gov/vdelivery/Datasets/Staged/Elevation/LPC/Projects/OR_WesternWildfires_A22/OR_WWildfires_2_A22/LAZ/USGS_LPC_OR_WesternWildfires_A22_s05190w13950.laz,0,1,0,1,44389.533,0.0,2.826,,,,,5.8259,,-123.5969448895,45.5359229579,-123.5848050339,45.5444539319
,USGS_LPC_OR_WesternWildfires_A22_s05070w13530.laz,hard_negative,False,168140854,0.168141,https://rockyweb.usgs.gov/vdelivery/Datasets/Staged/Elevation/LPC/Projects/OR_WesternWildfires_A22/OR_WWildfires_2_A22/LAZ/USGS_LPC_OR_WesternWildfires_A22_s05070w13530.laz,0,0,0,0,0.0,0.0,1.792,,,,,5.7921,,-123.6374816635,45.419572689,-123.6253606873,45.4281081179
,USGS_LPC_OR_WesternWildfires_A22_s05010w13680.laz,hard_negative,False,217887984,0.217888,https://rockyweb.usgs.gov/vdelivery/Datasets/Staged/Elevation/LPC/Projects/OR_WesternWildfires_A22/OR_WWildfires_2_A22/LAZ/USGS_LPC_OR_WesternWildfires_A22_s05010w13680.laz,0,0,0,0,0.0,0.0,1.792,,,,,5.7917,,-123.6630840795,45.4600493732,-123.6509511122,45.46858708
,USGS_LPC_OR_WesternWildfires_A22_s05040w14070.laz,hard_negative,False,176813960,0.176814,https://rockyweb.usgs.gov/vdelivery/Datasets/Staged/Elevation/LPC/Projects/OR_WesternWildfires_A22/OR_WWildfires_2_A22/LAZ/USGS_LPC_OR_WesternWildfires_A22_s05040w14070.laz,0,0,0,0,0.0,0.0,1.792,,,,,5.7917,,-123.6572437186,45.5672413917,-123.6450890002,45.5757780193
,USGS_LPC_OR_WesternWildfires_A22_s05160w14550.laz,hard_negative,False,177657773,0.177658,https://rockyweb.usgs.gov/vdelivery/Datasets/Staged/Elevation/LPC/Projects/OR_WesternWildfires_A22/OR_WWildfires_2_A22/LAZ/USGS_LPC_OR_WesternWildfires_A22_s05160w14550.laz,0,0,0,0,0.0,0.0,1.792,,,,,5.7917,,-123.6175340958,45.7000296275,-123.6053567817,45.7085617487
,USGS_LPC_OR_WesternWildfires_A22_s05070w14460.laz,hard_negative,False,178990871,0.178991,https://rockyweb.usgs.gov/vdelivery/Datasets/Staged/Elevation/LPC/Projects/OR_WesternWildfires_A22/OR_WWildfires_2_A22/LAZ/USGS_LPC_OR_WesternWildfires_A22_s05070w14460.laz,0,0,0,0,0.0,0.0,1.792,,,,,5.7916,,-123.651381607,45.6744264645,-123.6392050557,45.6829619805
,USGS_LPC_OR_WesternWildfires_A22_s04950w13350.laz,hard_negative,False,211703573,0.211704,https://rockyweb.usgs.gov/vdelivery/Datasets/Staged/Elevation/LPC/Projects/OR_WesternWildfires_A22/OR_WWildfires_2_A22/LAZ/USGS_LPC_OR_WesternWildfires_A22_s04950w13350.laz,0,0,0,0,0.0,0.0,1.792,,,,,5.7915,,-123.6814696165,45.3689763378,-123.6693532318,45.3775162299
,USGS_LPC_OR_WesternWildfires_A22_s04950w13830.laz,hard_negative,False,208140839,0.208141,https://rockyweb.usgs.gov/vdelivery/Datasets/Staged/Elevation/LPC/Projects/OR_WesternWildfires_A22/OR_WWildfires_2_A22/LAZ/USGS_LPC_OR_WesternWildfires_A22_s04950w13830.laz,0,0,0,0,0.0,0.0,1.791,,,,,5.7914,,-123.6887223978,45.5005195388,-123.6765774163,45.5090595219
,USGS_LPC_OR_WesternWildfires_A22_s05070w14280.laz,hard_negative,False,170528432,0.170528,https://rockyweb.usgs.gov/vdelivery/Datasets/Staged/Elevation/LPC/Projects/OR_WesternWildfires_A22/OR_WWildfires_2_A22/LAZ/USGS_LPC_OR_WesternWildfires_A22_s05070w14280.laz,0,0,0,0,0.0,0.0,1.791,,,,,5.7914,,-123.6486816963,45.6251030006,-123.6365159411,45.6336385123
,USGS_LPC_OR_WesternWildfires_A22_s04980w14190.laz,hard_negative,False,220378123,0.220378,https://rockyweb.usgs.gov/vdelivery/Datasets/Staged/Elevation/LPC/Projects/OR_WesternWildfires_A22/OR_WWildfires_2_A22/LAZ/USGS_LPC_OR_WesternWildfires_A22_s04980w14190.laz,0,0,0,0,0.0,0.0,1.791,,,,,5.7913,,-123.6824713448,45.5994896901,-123.6703063656,45.6080285847
,USGS_LPC_OR_WesternWildfires_A22_s04980w14550.laz,hard_negative,False,194564694,0.194565,https://rockyweb.usgs.gov/vdelivery/Datasets/Staged/Elevation/LPC/Projects/OR_WesternWildfires_A22/OR_WWildfires_2_A22/LAZ/USGS_LPC_OR_WesternWildfires_A22_s04980w14550.laz,0,0,0,0,0.0,0.0,1.791,,,,,5.7913,,-123.6879313341,45.698135035,-123.6757447476,45.7066739437
,USGS_LPC_OR_WesternWildfires_A22_s04890w14280.laz,hard_negative,False,189044670,0.189045,https://rockyweb.usgs.gov/vdelivery/Datasets/Staged/Elevation/LPC/Projects/OR_WesternWildfires_A22/OR_WWildfires_2_A22/LAZ/USGS_LPC_OR_WesternWildfires_A22_s04890w14280.laz,0,0,0,0,0.0,0.0,1.791,,,,,5.791,,-123.7189863174,45.62318964,-123.7068113259,45.6317319275
,USGS_LPC_OR_WesternWildfires_A22_s04860w14130.laz,hard_negative,False,234318814,0.234319,https://rockyweb.usgs.gov/vdelivery/Datasets/Staged/Elevation/LPC/Projects/OR_WesternWildfires_A22/OR_WWildfires_2_A22/LAZ/USGS_LPC_OR_WesternWildfires_A22_s04860w14130.laz,0,0,0,0,0.0,0.0,1.79,,,,,5.7905,,-123.7283985044,45.5817641358,-123.7162309715,45.5903075383
,USGS_LPC_OR_WesternWildfires_A22_s04770w14220.laz,hard_negative,False,207851134,0.207851,https://rockyweb.usgs.gov/vdelivery/Datasets/Staged/Elevation/LPC/Projects/OR_WesternWildfires_A22/OR_WWildfires_2_A22/LAZ/USGS_LPC_OR_WesternWildfires_A22_s04770w14220.laz,0,0,0,0,0.0,0.0,1.79,,,,,5.7904,,-123.7649211241,45.6054499972,-123.7527435859,45.6139967925
,USGS_LPC_OR_WesternWildfires_A22_s04770w13380.laz,hard_negative,False,181416205,0.181416,https://rockyweb.usgs.gov/vdelivery/Datasets/Staged/Elevation/LPC/Projects/OR_WesternWildfires_A22/OR_WWildfires_2_A22/LAZ/USGS_LPC_OR_WesternWildfires_A22_s04770w13380.laz,0,0,0,0,0.0,0.0,1.79,,,,,5.7903,,-123.7519242016,45.3752645661,-123.739796881,45.3838112088
,USGS_LPC_OR_WesternWildfires_A22_s04680w14130.laz,hard_negative,False,202538314,0.202538,https://rockyweb.usgs.gov/vdelivery/Datasets/Staged/Elevation/LPC/Projects/OR_WesternWildfires_A22/OR_WWildfires_2_A22/LAZ/USGS_LPC_OR_WesternWildfires_A22_s04680w14130.laz,0,0,0,0,0.0,0.0,1.79,,,,,5.7901,,-123.7986475649,45.5798028596,-123.7864708267,45.5883530258
,USGS_LPC_OR_WesternWildfires_A22_s04530w13740.laz,hard_negative,False,185803,0.000186,https://rockyweb.usgs.gov/vdelivery/Datasets/Staged/Elevation/LPC/Projects/OR_WesternWildfires_A22/OR_WWildfires_2_A22/LAZ/USGS_LPC_OR_WesternWildfires_A22_s04530w13740.laz,0,0,0,0,0.0,0.0,1.79,,,,,5.7899,,-123.8415136354,45.4794468741,-123.839265925,45.4798271572
,USGS_LPC_OR_WesternWildfires_A22_s04650w14400.laz,hard_negative,False,192232527,0.192233,https://rockyweb.usgs.gov/vdelivery/Datasets/Staged/Elevation/LPC/Projects/OR_WesternWildfires_A22/OR_WWildfires_2_A22/LAZ/USGS_LPC_OR_WesternWildfires_A22_s04650w14400.laz,0,0,0,0,0.0,0.0,1.789,,,,,5.7894,,-123.8146114257,45.6534527854,-123.8024169249,45.6620041097
,USGS_LPC_OR_WesternWildfires_A22_s04560w14310.laz,positive_diversity,False,181042967,0.181043,https://rockyweb.usgs.gov/vdelivery/Datasets/Staged/Elevation/LPC/Projects/OR_WesternWildfires_A22/OR_WWildfires_2_A22/LAZ/USGS_LPC_OR_WesternWildfires_A22_s04560w14310.laz,0,1,0,2,20967.016,0.0,1.789,,,,,5.7893,,-123.8483438385,45.6277920574,-123.8361501511,45.6363467544
,USGS_LPC_OR_WesternWildfires_A22_s05190w13440.laz,hard_negative,False,119224733,0.119225,https://rockyweb.usgs.gov/vdelivery/Datasets/Staged/Elevation/LPC/Projects/OR_WesternWildfires_A22/OR_WWildfires_2_A22/LAZ/USGS_LPC_OR_WesternWildfires_A22_s05190w13440.laz,0,0,0,0,0.0,0.0,1.759,,,,,5.7594,,-123.5894569813,45.3961547021,-123.5773474843,45.4046856105
,USGS_LPC_OR_WesternWildfires_A22_s05040w14040.laz,hard_negative,False,146993631,0.146994,https://rockyweb.usgs.gov/vdelivery/Datasets/Staged/Elevation/LPC/Projects/OR_WesternWildfires_A22/OR_WWildfires_2_A22/LAZ/USGS_LPC_OR_WesternWildfires_A22_s05040w14040.laz,0,0,0,0,0.0,0.0,1.758,,,,,5.7584,,-123.6567934134,45.5590204199,-123.6446404893,45.5675570449
,USGS_LPC_OR_WesternWildfires_A22_s05100w14460.laz,hard_negative,False,212224485,0.212224,https://rockyweb.usgs.gov/vdelivery/Datasets/Staged/Elevation/LPC/Projects/OR_WesternWildfires_A22/OR_WWildfires_2_A22/LAZ/USGS_LPC_OR_WesternWildfires_A22_s05100w14460.laz,0,0,0,0,0.0,0.0,1.758,,,,,5.7581,,-123.6396536855,45.6747415125,-123.6274786825,45.6832758975
,USGS_LPC_OR_WesternWildfires_A22_s05040w13290.laz,hard_negative,False,153348252,0.153348,https://rockyweb.usgs.gov/vdelivery/Datasets/Staged/Elevation/LPC/Projects/OR_WesternWildfires_A22/OR_WWildfires_2_A22/LAZ/USGS_LPC_OR_WesternWildfires_A22_s05040w13290.laz,0,0,0,0,0.0,0.0,1.758,,,,,5.758,,-123.6455773626,45.35348335,-123.6334691226,45.3620198549
,USGS_LPC_OR_WesternWildfires_A22_s05010w13920.laz,hard_negative,False,176902660,0.176903,https://rockyweb.usgs.gov/vdelivery/Datasets/Staged/Elevation/LPC/Projects/OR_WesternWildfires_A22/OR_WWildfires_2_A22/LAZ/USGS_LPC_OR_WesternWildfires_A22_s05010w13920.laz,0,0,0,0,0.0,0.0,1.758,,,,,5.758,,-123.6666911046,45.5258195178,-123.6545438162,45.5343572583
,USGS_LPC_OR_WesternWildfires_A22_s04980w14520.laz,hard_negative,False,206176864,0.206177,https://rockyweb.usgs.gov/vdelivery/Datasets/Staged/Elevation/LPC/Projects/OR_WesternWildfires_A22/OR_WWildfires_2_A22/LAZ/USGS_LPC_OR_WesternWildfires_A22_s04980w14520.laz,0,0,0,0,0.0,0.0,1.758,,,,,5.7576,,-123.6874756199,45.6899148255,-123.6752908369,45.698453734
,USGS_LPC_OR_WesternWildfires_A22_s05010w14190.laz,hard_negative,False,215809019,0.215809,https://rockyweb.usgs.gov/vdelivery/Datasets/Staged/Elevation/LPC/Projects/OR_WesternWildfires_A22/OR_WWildfires_2_A22/LAZ/USGS_LPC_OR_WesternWildfires_A22_s05010w14190.laz,0,0,0,0,0.0,0.0,1.758,,,,,5.7575,,-123.6707588489,45.5998078655,-123.6585954088,45.6083456311
,USGS_LPC_OR_WesternWildfires_A22_s04920w13350.laz,hard_negative,False,111805038,0.111805,https://rockyweb.usgs.gov/vdelivery/Datasets/Staged/Elevation/LPC/Projects/OR_WesternWildfires_A22/OR_WWildfires_2_A22/LAZ/USGS_LPC_OR_WesternWildfires_A22_s04920w13350.laz,0,0,0,0,0.0,0.0,1.757,,,,,5.7575,,-123.6931353275,45.3686570515,-123.6810174165,45.3771980679
,USGS_LPC_OR_WesternWildfires_A22_s04950w14370.laz,hard_negative,False,218771359,0.218771,https://rockyweb.usgs.gov/vdelivery/Datasets/Staged/Elevation/LPC/Projects/OR_WesternWildfires_A22/OR_WWildfires_2_A22/LAZ/USGS_LPC_OR_WesternWildfires_A22_s04950w14370.laz,0,0,0,0,0.0,0.0,1.757,,,,,5.7572,,-123.6969213853,45.6484935174,-123.684744071,45.6570335518
,USGS_LPC_OR_WesternWildfires_A22_s04890w14250.laz,hard_negative,False,187811463,0.187811,https://rockyweb.usgs.gov/vdelivery/Datasets/Staged/Elevation/LPC/Projects/OR_WesternWildfires_A22/OR_WWildfires_2_A22/LAZ/USGS_LPC_OR_WesternWildfires_A22_s04890w14250.laz,0,0,0,0,0.0,0.0,1.757,,,,,5.757,,-123.7185267648,45.614969178,-123.7063535733,45.6235114633
,USGS_LPC_OR_WesternWildfires_A22_s04860w14160.laz,hard_negative,False,213743262,0.213743,https://rockyweb.usgs.gov/vdelivery/Datasets/Staged/Elevation/LPC/Projects/OR_WesternWildfires_A22/OR_WWildfires_2_A22/LAZ/USGS_LPC_OR_WesternWildfires_A22_s04860w14160.laz,0,0,0,0,0.0,0.0,1.756,,,,,5.756,,-123.7288592002,45.58998472,-123.7166898691,45.5985281256
,USGS_LPC_OR_WesternWildfires_A22_s04800w14040.laz,hard_negative,False,192465039,0.192465,https://rockyweb.usgs.gov/vdelivery/Datasets/Staged/Elevation/LPC/Projects/OR_WesternWildfires_A22/OR_WWildfires_2_A22/LAZ/USGS_LPC_OR_WesternWildfires_A22_s04800w14040.laz,0,0,0,0,0.0,0.0,1.756,,,,,5.7558,,-123.7504240907,45.5564533346,-123.7382588815,45.5649989813
,USGS_LPC_OR_WesternWildfires_A22_s04740w14220.laz,hard_negative,False,210208576,0.210209,https://rockyweb.usgs.gov/vdelivery/Datasets/Staged/Elevation/LPC/Projects/OR_WesternWildfires_A22/OR_WWildfires_2_A22/LAZ/USGS_LPC_OR_WesternWildfires_A22_s04740w14220.laz,0,0,0,0,0.0,0.0,1.755,,,,,5.7555,,-123.776634242,45.6051223963,-123.7644551646,45.6136703193
,USGS_LPC_OR_WesternWildfires_A22_s04680w14100.laz,hard_negative,False,187221368,0.187221,https://rockyweb.usgs.gov/vdelivery/Datasets/Staged/Elevation/LPC/Projects/OR_WesternWildfires_A22/OR_WWildfires_2_A22/LAZ/USGS_LPC_OR_WesternWildfires_A22_s04680w14100.laz,0,0,0,0,0.0,0.0,1.755,,,,,5.7553,,-123.798177,45.5715825044,-123.7860020621,45.5801326664
,USGS_LPC_OR_WesternWildfires_A22_s04650w14430.laz,hard_negative,False,178470876,0.178471,https://rockyweb.usgs.gov/vdelivery/Datasets/Staged/Elevation/LPC/Projects/OR_WesternWildfires_A22/OR_WWildfires_2_A22/LAZ/USGS_LPC_OR_WesternWildfires_A22_s04650w14430.laz,0,0,0,0,0.0,0.0,1.754,,,,,5.7541,,-123.8150850067,45.6616726744,-123.8028886999,45.6702240012
,USGS_LPC_OR_WesternWildfires_A22_s04590w14310.laz,hard_negative,False,221793383,0.221793,https://rockyweb.usgs.gov/vdelivery/Datasets/Staged/Elevation/LPC/Projects/OR_WesternWildfires_A22/OR_WWildfires_2_A22/LAZ/USGS_LPC_OR_WesternWildfires_A22_s04590w14310.laz,0,0,0,0,0.0,0.0,1.754,,,,,5.7538,,-123.8366265261,45.6281268321,-123.824434372,45.636680402
,USGS_LPC_OR_WesternWildfires_A22_s05190w13830.laz,positive_diversity,False,148355947,0.148356,https://rockyweb.usgs.gov/vdelivery/Datasets/Staged/Elevation/LPC/Projects/OR_WesternWildfires_A22/OR_WWildfires_2_A22/LAZ/USGS_LPC_OR_WesternWildfires_A22_s05190w13830.laz,0,1,0,1,2559.527,0.0,2.705,,,,,5.7054,,-123.5951797667,45.5030373218,-123.5830470679,45.5115682847
,USGS_LPC_OR_WesternWildfires_A22_s04980w13680.laz,positive_diversity,False,283524916,0.283525,https://rockyweb.usgs.gov/vdelivery/Datasets/Staged/Elevation/LPC/Projects/OR_WesternWildfires_A22/OR_WWildfires_2_A22/LAZ/USGS_LPC_OR_WesternWildfires_A22_s04980w13680.laz,0,1,0,1,1750.934,0.0,2.705,,,,,5.705,,-123.6747682819,45.4597319423,-123.6626337828,45.4682707754
,USGS_LPC_OR_WesternWildfires_A22_s04740w13770.laz,positive_diversity,False,180679225,0.180679,https://rockyweb.usgs.gov/vdelivery/Datasets/Staged/Elevation/LPC/Projects/OR_WesternWildfires_A22/OR_WWildfires_2_A22/LAZ/USGS_LPC_OR_WesternWildfires_A22_s04740w13770.laz,0,1,0,1,73171.488,0.0,2.703,,,,,5.7033,,-123.7696337471,45.4818132812,-123.7574816298,45.4903611365
,USGS_LPC_OR_WesternWildfires_A22_s05160w13920.laz,positive_diversity,False,215478285,0.215478,https://rockyweb.usgs.gov/vdelivery/Datasets/Staged/Elevation/LPC/Projects/OR_WesternWildfires_A22/OR_WWildfires_2_A22/LAZ/USGS_LPC_OR_WesternWildfires_A22_s05160w13920.laz,0,1,0,1,63092.048,0.0,2.539,,,,,5.5387,,-123.6082016848,45.527390855,-123.5960620807,45.5359229551
,USGS_LPC_OR_WesternWildfires_A22_s04650w13800.laz,positive_diversity,False,153772830,0.153773,https://rockyweb.usgs.gov/vdelivery/Datasets/Staged/Elevation/LPC/Projects/OR_WesternWildfires_A22/OR_WWildfires_2_A22/LAZ/USGS_LPC_OR_WesternWildfires_A22_s04650w13800.laz,0,1,1,1,111905.071,0.0,0.0,,,,,5.5,,-123.8051681245,45.4890462392,-123.7930096325,45.4975974754
,USGS_LPC_OR_WesternWildfires_A22_s05130w13740.laz,positive_diversity,False,209508084,0.209508,https://rockyweb.usgs.gov/vdelivery/Datasets/Staged/Elevation/LPC/Projects/OR_WesternWildfires_A22/OR_WWildfires_2_A22/LAZ/USGS_LPC_OR_WesternWildfires_A22_s05130w13740.laz,0,1,1,0,7254.406,0.0,0.913,,,,,5.4134,,-123.6172336913,45.4777505159,-123.6051032833,45.4862837239
,USGS_LPC_OR_WesternWildfires_A22_s05130w13800.laz,positive_diversity,False,168346958,0.168347,https://rockyweb.usgs.gov/vdelivery/Datasets/Staged/Elevation/LPC/Projects/OR_WesternWildfires_A22/OR_WWildfires_2_A22/LAZ/USGS_LPC_OR_WesternWildfires_A22_s05130w13800.laz,0,1,1,0,255325.031,0.0,0.913,,,,,5.4134,,-123.6181218957,45.4941934782,-123.6059879118,45.5027266937
,USGS_LPC_OR_WesternWildfires_A22_s04740w13320.laz,hard_negative,False,100827677,0.100828,https://rockyweb.usgs.gov/vdelivery/Datasets/Staged/Elevation/LPC/Projects/OR_WesternWildfires_A22/OR_WWildfires_2_A22/LAZ/USGS_LPC_OR_WesternWildfires_A22_s04740w13320.laz,0,0,0,0,0.0,0.0,1.251,,,,,5.251,,-123.7626630858,45.3584953496,-123.7505378099,45.3670430968
,USGS_LPC_OR_WesternWildfires_A22_s05220w13590.laz,hard_negative,False,207311992,0.207312,https://rockyweb.usgs.gov/vdelivery/Datasets/Staged/Elevation/LPC/Projects/OR_WesternWildfires_A22/OR_WWildfires_2_A22/LAZ/USGS_LPC_OR_WesternWildfires_A22_s05220w13590.laz,0,0,0,0,0.0,0.0,1.247,,,,,5.247,,-123.5799754377,45.4375732804,-123.5678585618,45.446103086
,USGS_LPC_OR_WesternWildfires_A22_s05070w14010.laz,hard_negative,False,163879247,0.163879,https://rockyweb.usgs.gov/vdelivery/Datasets/Staged/Elevation/LPC/Projects/OR_WesternWildfires_A22/OR_WWildfires_2_A22/LAZ/USGS_LPC_OR_WesternWildfires_A22_s05070w14010.laz,0,0,0,0,0.0,0.0,1.246,,,,,5.2464,,-123.6446404891,45.5511149764,-123.6324908923,45.5596504704
,USGS_LPC_OR_WesternWildfires_A22_s05130w14490.laz,hard_negative,False,188345796,0.188346,https://rockyweb.usgs.gov/vdelivery/Datasets/Staged/Elevation/LPC/Projects/OR_WesternWildfires_A22/OR_WWildfires_2_A22/LAZ/USGS_LPC_OR_WesternWildfires_A22_s05130w14490.laz,0,0,0,0,0.0,0.0,1.246,,,,,5.2462,,-123.6283727287,45.6832759004,-123.6161974703,45.6918091542
,USGS_LPC_OR_WesternWildfires_A22_s05010w13320.laz,hard_negative,False,121155715,0.121156,https://rockyweb.usgs.gov/vdelivery/Datasets/Staged/Elevation/LPC/Projects/OR_WesternWildfires_A22/OR_WWildfires_2_A22/LAZ/USGS_LPC_OR_WesternWildfires_A22_s05010w13320.laz,0,0,0,0,0.0,0.0,1.246,,,,,5.246,,-123.6576889151,45.3613895488,-123.6455773666,45.3699271851
,USGS_LPC_OR_WesternWildfires_A22_s04980w13890.laz,hard_negative,False,202141393,0.202141,https://rockyweb.usgs.gov/vdelivery/Datasets/Staged/Elevation/LPC/Projects/OR_WesternWildfires_A22/OR_WWildfires_2_A22/LAZ/USGS_LPC_OR_WesternWildfires_A22_s04980w13890.laz,0,0,0,0,0.0,0.0,1.246,,,,,5.246,,-123.677935613,45.5172806507,-123.6657885817,45.525819515
,USGS_LPC_OR_WesternWildfires_A22_s05010w14490.laz,hard_negative,False,186535443,0.186535,https://rockyweb.usgs.gov/vdelivery/Datasets/Staged/Elevation/LPC/Projects/OR_WesternWildfires_A22/OR_WWildfires_2_A22/LAZ/USGS_LPC_OR_WesternWildfires_A22_s05010w14490.laz,0,0,0,0,0.0,0.0,1.246,,,,,5.2459,,-123.6752908328,45.6820131866,-123.6631093961,45.6905509642
,USGS_LPC_OR_WesternWildfires_A22_s05040w14220.laz,hard_negative,False,182809433,0.182809,https://rockyweb.usgs.gov/vdelivery/Datasets/Staged/Elevation/LPC/Projects/OR_WesternWildfires_A22/OR_WWildfires_2_A22/LAZ/USGS_LPC_OR_WesternWildfires_A22_s05040w14220.laz,0,0,0,0,0.0,0.0,1.246,,,,,5.2458,,-123.6594971717,45.608345634,-123.6473334744,45.6168822722
,USGS_LPC_OR_WesternWildfires_A22_s04890w13320.laz,hard_negative,False,230820544,0.230821,https://rockyweb.usgs.gov/vdelivery/Datasets/Staged/Elevation/LPC/Projects/OR_WesternWildfires_A22/OR_WWildfires_2_A22/LAZ/USGS_LPC_OR_WesternWildfires_A22_s04890w13320.laz,0,0,0,0,0.0,0.0,1.246,,,,,5.2457,,-123.704345396,45.3601149157,-123.6922277428,45.3686570487
,USGS_LPC_OR_WesternWildfires_A22_s04920w14220.laz,hard_negative,False,216628114,0.216628,https://rockyweb.usgs.gov/vdelivery/Datasets/Staged/Elevation/LPC/Projects/OR_WesternWildfires_A22/OR_WWildfires_2_A22/LAZ/USGS_LPC_OR_WesternWildfires_A22_s04920w14220.laz,0,0,0,0,0.0,0.0,1.246,,,,,5.2455,,-123.7063535692,45.6070704116,-123.6941837151,45.6156115659
,USGS_LPC_OR_WesternWildfires_A22_s04920w14340.laz,hard_negative,False,205012283,0.205012,https://rockyweb.usgs.gov/vdelivery/Datasets/Staged/Elevation/LPC/Projects/OR_WesternWildfires_A22/OR_WWildfires_2_A22/LAZ/USGS_LPC_OR_WesternWildfires_A22_s04920w14340.laz,0,0,0,0,0.0,0.0,1.245,,,,,5.2455,,-123.7081853638,45.6399523522,-123.6960083102,45.6484935146
,USGS_LPC_OR_WesternWildfires_A22_s04830w14070.laz,hard_negative,False,197595123,0.197595,https://rockyweb.usgs.gov/vdelivery/Datasets/Staged/Elevation/LPC/Projects/OR_WesternWildfires_A22/OR_WWildfires_2_A22/LAZ/USGS_LPC_OR_WesternWildfires_A22_s04830w14070.laz,0,0,0,0,0.0,0.0,1.245,,,,,5.2448,,-123.7391826814,45.5649989842,-123.7270172089,45.5735435075
,USGS_LPC_OR_WesternWildfires_A22_s04830w14190.laz,hard_negative,False,202838352,0.202838,https://rockyweb.usgs.gov/vdelivery/Datasets/Staged/Elevation/LPC/Projects/OR_WesternWildfires_A22/OR_WWildfires_2_A22/LAZ/USGS_LPC_OR_WesternWildfires_A22_s04830w14190.laz,0,0,0,0,0.0,0.0,1.245,,,,,5.2447,,-123.7410318707,45.5978812245,-123.7288592043,45.6064257611
,USGS_LPC_OR_WesternWildfires_A22_s04680w13830.laz,hard_negative,False,245601278,0.245601,https://rockyweb.usgs.gov/vdelivery/Datasets/Staged/Elevation/LPC/Projects/OR_WesternWildfires_A22/OR_WWildfires_2_A22/LAZ/USGS_LPC_OR_WesternWildfires_A22_s04680w13830.laz,0,0,0,0,0.0,0.0,1.244,,,,,5.2441,,-123.7939479465,45.4975974783,-123.7817891873,45.5061475954
,USGS_LPC_OR_WesternWildfires_A22_s04620w14340.laz,hard_negative,False,217204820,0.217205,https://rockyweb.usgs.gov/vdelivery/Datasets/Staged/Elevation/LPC/Projects/OR_WesternWildfires_A22/OR_WWildfires_2_A22/LAZ/USGS_LPC_OR_WesternWildfires_A22_s04620w14340.laz,0,0,0,0,0.0,0.0,1.244,,,,,5.2436,,-123.825383923,45.6366804048,-123.8131914979,45.6452328508
,USGS_LPC_OR_WesternWildfires_A22_s04620w14460.laz,hard_negative,False,149313895,0.149314,https://rockyweb.usgs.gov/vdelivery/Datasets/Staged/Elevation/LPC/Projects/OR_WesternWildfires_A22/OR_WWildfires_2_A22/LAZ/USGS_LPC_OR_WesternWildfires_A22_s04620w14460.laz,0,0,0,0,0.0,0.0,1.244,,,,,5.2435,,-123.8272846606,45.6695598626,-123.8150850108,45.6781123201
,USGS_LPC_OR_WesternWildfires_A22_s04500w14370.laz,hard_negative,False,4569228,0.004569,https://rockyweb.usgs.gov/vdelivery/Datasets/Staged/Elevation/LPC/Projects/OR_WesternWildfires_A22/OR_WWildfires_2_A22/LAZ/USGS_LPC_OR_WesternWildfires_A22_s04500w14370.laz,0,0,0,0,0.0,0.0,1.068,,,,,5.068,,-123.8629087993,45.6438320619,-123.8605408728,45.6464994191
,USGS_LPC_OR_WesternWildfires_A22_s04530w13830.laz,positive_diversity,False,13054391,0.013054,https://rockyweb.usgs.gov/vdelivery/Datasets/Staged/Elevation/LPC/Projects/OR_WesternWildfires_A22/OR_WWildfires_2_A22/LAZ/USGS_LPC_OR_WesternWildfires_A22_s04530w13830.laz,0,1,0,1,935.601,0.0,2.021,,,,,5.0208,,-123.847225908,45.4960770042,-123.8402355339,45.5016647538
,USGS_LPC_OR_WesternWildfires_A22_s05190w13590.laz,hard_negative,False,191013082,0.191013,https://rockyweb.usgs.gov/vdelivery/Datasets/Staged/Elevation/LPC/Projects/OR_WesternWildfires_A22/OR_WWildfires_2_A22/LAZ/USGS_LPC_OR_WesternWildfires_A22_s05190w13590.laz,0,0,0,0,0.0,0.0,0.913,,,,,4.9134,,-123.5916555476,45.4372641669,-123.5795371373,45.4457950996
,USGS_LPC_OR_WesternWildfires_A22_s04980w13320.laz,hard_negative,False,205293803,0.205294,https://rockyweb.usgs.gov/vdelivery/Datasets/Staged/Elevation/LPC/Projects/OR_WesternWildfires_A22/OR_WWildfires_2_A22/LAZ/USGS_LPC_OR_WesternWildfires_A22_s04980w13320.laz,0,0,0,0,0.0,0.0,0.913,,,,,4.9134,,-123.6693532278,45.3610726424,-123.6572401523,45.3696114032
,USGS_LPC_OR_WesternWildfires_A22_s04890w13290.laz,hard_negative,False,194843003,0.194843,https://rockyweb.usgs.gov/vdelivery/Datasets/Staged/Elevation/LPC/Projects/OR_WesternWildfires_A22/OR_WWildfires_2_A22/LAZ/USGS_LPC_OR_WesternWildfires_A22_s04890w13290.laz,0,0,0,0,0.0,0.0,0.913,,,,,4.9134,,-123.7038900118,45.3518931976,-123.6917741418,45.360435323
,USGS_LPC_OR_WesternWildfires_A22_s04740w13350.laz,hard_negative,False,216032728,0.216033,https://rockyweb.usgs.gov/vdelivery/Datasets/Staged/Elevation/LPC/Projects/OR_WesternWildfires_A22/OR_WWildfires_2_A22/LAZ/USGS_LPC_OR_WesternWildfires_A22_s04740w13350.laz,0,0,0,0,0.0,0.0,0.913,,,,,4.9134,,-123.7631268722,45.3667168052,-123.7509998104,45.3752645633
,USGS_LPC_OR_WesternWildfires_A22_s04980w13860.laz,hard_negative,False,185842592,0.185843,https://rockyweb.usgs.gov/vdelivery/Datasets/Staged/Elevation/LPC/Projects/OR_WesternWildfires_A22/OR_WWildfires_2_A22/LAZ/USGS_LPC_OR_WesternWildfires_A22_s04980w13860.laz,0,0,0,0,0.0,0.0,0.913,,,,,4.9134,,-123.6774827504,45.5090595248,-123.6653375111,45.5175983851
,USGS_LPC_OR_WesternWildfires_A22_s05100w14010.laz,hard_negative,False,189786050,0.189786,https://rockyweb.usgs.gov/vdelivery/Datasets/Staged/Elevation/LPC/Projects/OR_WesternWildfires_A22/OR_WWildfires_2_A22/LAZ/USGS_LPC_OR_WesternWildfires_A22_s05100w14010.laz,0,0,0,0,0.0,0.0,0.913,,,,,4.9134,,-123.6329376059,45.5514293739,-123.6207895511,45.5599637392
,USGS_LPC_OR_WesternWildfires_A22_s05070w14100.laz,hard_negative,False,163002585,0.163003,https://rockyweb.usgs.gov/vdelivery/Datasets/Staged/Elevation/LPC/Projects/OR_WesternWildfires_A22/OR_WWildfires_2_A22/LAZ/USGS_LPC_OR_WesternWildfires_A22_s05070w14100.laz,0,0,0,0,0.0,0.0,0.913,,,,,4.9134,,-123.6459864056,45.575778022,-123.6338314275,45.5843135234
,USGS_LPC_OR_WesternWildfires_A22_s04680w13740.laz,hard_negative,False,30430534,0.030431,https://rockyweb.usgs.gov/vdelivery/Datasets/Staged/Elevation/LPC/Projects/OR_WesternWildfires_A22/OR_WWildfires_2_A22/LAZ/USGS_LPC_OR_WesternWildfires_A22_s04680w13740.laz,0,0,0,0,0.0,0.0,0.913,,,,,4.9133,,-123.7925406659,45.4780693913,-123.7806790448,45.4814851838
,USGS_LPC_OR_WesternWildfires_A22_s05040w14250.laz,hard_negative,False,188734549,0.188735,https://rockyweb.usgs.gov/vdelivery/Datasets/Staged/Elevation/LPC/Projects/OR_WesternWildfires_A22/OR_WWildfires_2_A22/LAZ/USGS_LPC_OR_WesternWildfires_A22_s05040w14250.laz,0,0,0,0,0.0,0.0,0.913,,,,,4.9133,,-123.6599482483,45.6165663579,-123.6477827535,45.6251029978
,USGS_LPC_OR_WesternWildfires_A22_s04950w14220.laz,hard_negative,False,208839812,0.20884,https://rockyweb.usgs.gov/vdelivery/Datasets/Staged/Elevation/LPC/Projects/OR_WesternWildfires_A22/OR_WWildfires_2_A22/LAZ/USGS_LPC_OR_WesternWildfires_A22_s04950w14220.laz,0,0,0,0,0.0,0.0,0.913,,,,,4.9133,,-123.6946396646,45.6073909763,-123.6824713488,45.6159310019
,USGS_LPC_OR_WesternWildfires_A22_s05010w14340.laz,hard_negative,False,205860172,0.20586,https://rockyweb.usgs.gov/vdelivery/Datasets/Staged/Elevation/LPC/Projects/OR_WesternWildfires_A22/OR_WWildfires_2_A22/LAZ/USGS_LPC_OR_WesternWildfires_A22_s05010w14340.laz,0,0,0,0,0.0,0.0,0.913,,,,,4.9133,,-123.6730232234,45.6409110565,-123.6608507917,45.6494488301
,USGS_LPC_OR_WesternWildfires_A22_s04830w14100.laz,hard_negative,False,219489580,0.21949,https://rockyweb.usgs.gov/vdelivery/Datasets/Staged/Elevation/LPC/Projects/OR_WesternWildfires_A22/OR_WWildfires_2_A22/LAZ/USGS_LPC_OR_WesternWildfires_A22_s04830w14100.laz,0,0,0,0,0.0,0.0,0.913,,,,,4.9133,,-123.739644781,45.573219606,-123.7274775108,45.5817641329
,USGS_LPC_OR_WesternWildfires_A22_s04920w14310.laz,hard_negative,False,205189862,0.20519,https://rockyweb.usgs.gov/vdelivery/Datasets/Staged/Elevation/LPC/Projects/OR_WesternWildfires_A22/OR_WWildfires_2_A22/LAZ/USGS_LPC_OR_WesternWildfires_A22_s04920w14310.laz,0,0,0,0,0.0,0.0,0.913,,,,,4.9133,,-123.7077272191,45.6317319303,-123.6955519662,45.6402730909
,USGS_LPC_OR_WesternWildfires_A22_s04800w14190.laz,hard_negative,False,164115794,0.164116,https://rockyweb.usgs.gov/vdelivery/Datasets/Staged/Elevation/LPC/Projects/OR_WesternWildfires_A22/OR_WWildfires_2_A22/LAZ/USGS_LPC_OR_WesternWildfires_A22_s04800w14190.laz,0,0,0,0,0.0,0.0,0.913,,,,,4.9133,,-123.7527435818,45.5975560137,-123.7405693796,45.6061016782
,USGS_LPC_OR_WesternWildfires_A22_s05130w14520.laz,hard_negative,False,174080842,0.174081,https://rockyweb.usgs.gov/vdelivery/Datasets/Staged/Elevation/LPC/Projects/OR_WesternWildfires_A22/OR_WWildfires_2_A22/LAZ/USGS_LPC_OR_WesternWildfires_A22_s05130w14520.laz,0,0,0,0,0.0,0.0,0.913,,,,,4.9133,,-123.6288199455,45.6914963712,-123.6166428862,45.7000296247
,USGS_LPC_OR_WesternWildfires_A22_s04710w14160.laz,hard_negative,False,196507662,0.196508,https://rockyweb.usgs.gov/vdelivery/Datasets/Staged/Elevation/LPC/Projects/OR_WesternWildfires_A22/OR_WWildfires_2_A22/LAZ/USGS_LPC_OR_WesternWildfires_A22_s04710w14160.laz,0,0,0,0,0.0,0.0,0.913,,,,,4.9133,,-123.787408753,45.5883530287,-123.7752317473,45.5969020719
,USGS_LPC_OR_WesternWildfires_A22_s05040w14490.laz,hard_negative,False,184836287,0.184836,https://rockyweb.usgs.gov/vdelivery/Datasets/Staged/Elevation/LPC/Projects/OR_WesternWildfires_A22/OR_WWildfires_2_A22/LAZ/USGS_LPC_OR_WesternWildfires_A22_s05040w14490.laz,0,0,0,0,0.0,0.0,0.913,,,,,4.9133,,-123.6635615001,45.6823306265,-123.6513816072,45.6908672734
,USGS_LPC_OR_WesternWildfires_A22_s04620w14370.laz,hard_negative,False,227511336,0.227511,https://rockyweb.usgs.gov/vdelivery/Datasets/Staged/Elevation/LPC/Projects/OR_WesternWildfires_A22/OR_WWildfires_2_A22/LAZ/USGS_LPC_OR_WesternWildfires_A22_s04620w14370.laz,0,0,0,0,0.0,0.0,0.913,,,,,4.9133,,-123.8258589039,45.6449003335,-123.8136646734,45.6534527826
,USGS_LPC_OR_WesternWildfires_A22_s05130w14550.laz,hard_negative,False,192612538,0.192613,https://rockyweb.usgs.gov/vdelivery/Datasets/Staged/Elevation/LPC/Projects/OR_WesternWildfires_A22/OR_WWildfires_2_A22/LAZ/USGS_LPC_OR_WesternWildfires_A22_s05130w14550.laz,0,0,0,0,0.0,0.0,0.878,,,,,4.8784,,-123.6292672901,45.6997167986,-123.6170884293,45.7082500515
,USGS_LPC_OR_WesternWildfires_A22_s05070w14490.laz,hard_negative,False,170026427,0.170026,https://rockyweb.usgs.gov/vdelivery/Datasets/Staged/Elevation/LPC/Projects/OR_WesternWildfires_A22/OR_WWildfires_2_A22/LAZ/USGS_LPC_OR_WesternWildfires_A22_s05070w14490.laz,0,0,0,0,0.0,0.0,0.878,,,,,4.8783,,-123.6518320421,45.682646892,-123.6396536896,45.6911824081
,USGS_LPC_OR_WesternWildfires_A22_s05010w13260.laz,hard_negative,False,185096642,0.185097,https://rockyweb.usgs.gov/vdelivery/Datasets/Staged/Elevation/LPC/Projects/OR_WesternWildfires_A22/OR_WWildfires_2_A22/LAZ/USGS_LPC_OR_WesternWildfires_A22_s05010w13260.laz,0,0,0,0,0.0,0.0,0.878,,,,,4.8782,,-123.656791509,45.344945725,-123.644683523,45.3534833472
,USGS_LPC_OR_WesternWildfires_A22_s05010w14550.laz,hard_negative,False,184028032,0.184028,https://rockyweb.usgs.gov/vdelivery/Datasets/Staged/Elevation/LPC/Projects/OR_WesternWildfires_A22/OR_WWildfires_2_A22/LAZ/USGS_LPC_OR_WesternWildfires_A22_s05010w14550.laz,0,0,0,0,0.0,0.0,0.878,,,,,4.8781,,-123.6761987839,45.6984537369,-123.6640137415,45.7069915148
,USGS_LPC_OR_WesternWildfires_A22_s04950w13320.laz,hard_negative,False,195971965,0.195972,https://rockyweb.usgs.gov/vdelivery/Datasets/Staged/Elevation/LPC/Projects/OR_WesternWildfires_A22/OR_WWildfires_2_A22/LAZ/USGS_LPC_OR_WesternWildfires_A22_s04950w13320.laz,0,0,0,0,0.0,0.0,0.878,,,,,4.8781,,-123.6810174125,45.3607545681,-123.6689028106,45.3692944531
,USGS_LPC_OR_WesternWildfires_A22_s05040w14280.laz,hard_negative,False,197195188,0.197195,https://rockyweb.usgs.gov/vdelivery/Datasets/Staged/Elevation/LPC/Projects/OR_WesternWildfires_A22/OR_WWildfires_2_A22/LAZ/USGS_LPC_OR_WesternWildfires_A22_s05040w14280.laz,0,0,0,0,0.0,0.0,0.878,,,,,4.878,,-123.6603994535,45.62478704,-123.6482321608,45.6333236813
,USGS_LPC_OR_WesternWildfires_A22_s04980w14220.laz,hard_negative,False,201738585,0.201739,https://rockyweb.usgs.gov/vdelivery/Datasets/Staged/Elevation/LPC/Projects/OR_WesternWildfires_A22/OR_WWildfires_2_A22/LAZ/USGS_LPC_OR_WesternWildfires_A22_s04980w14220.laz,0,0,0,0,0.0,0.0,0.878,,,,,4.878,,-123.6829256298,45.6077103683,-123.670758853,45.616249265
,USGS_LPC_OR_WesternWildfires_A22_s04980w14340.laz,hard_negative,False,216608126,0.216608,https://rockyweb.usgs.gov/vdelivery/Datasets/Staged/Elevation/LPC/Projects/OR_WesternWildfires_A22/OR_WWildfires_2_A22/LAZ/USGS_LPC_OR_WesternWildfires_A22_s04980w14340.laz,0,0,0,0,0.0,0.0,0.878,,,,,4.878,,-123.6847440669,45.6405926618,-123.672570094,45.6491315652
,USGS_LPC_OR_WesternWildfires_A22_s04920w14280.laz,hard_negative,False,187976142,0.187976,https://rockyweb.usgs.gov/vdelivery/Datasets/Staged/Elevation/LPC/Projects/OR_WesternWildfires_A22/OR_WWildfires_2_A22/LAZ/USGS_LPC_OR_WesternWildfires_A22_s04920w14280.laz,0,0,0,0,0.0,0.0,0.878,,,,,4.8778,,-123.7072692051,45.6235114661,-123.6950957523,45.6320526248
,USGS_LPC_OR_WesternWildfires_A22_s04830w14130.laz,hard_negative,False,214031931,0.214032,https://rockyweb.usgs.gov/vdelivery/Datasets/Staged/Elevation/LPC/Projects/OR_WesternWildfires_A22/OR_WWildfires_2_A22/LAZ/USGS_LPC_OR_WesternWildfires_A22_s04830w14130.laz,0,0,0,0,0.0,0.0,0.877,,,,,4.8771,,-123.7401070123,45.5814401868,-123.7279379439,45.5899847171
,USGS_LPC_OR_WesternWildfires_A22_s04770w14190.laz,hard_negative,False,191566506,0.191567,https://rockyweb.usgs.gov/vdelivery/Datasets/Staged/Elevation/LPC/Projects/OR_WesternWildfires_A22/OR_WWildfires_2_A22/LAZ/USGS_LPC_OR_WesternWildfires_A22_s04770w14190.laz,0,0,0,0,0.0,0.0,0.877,,,,,4.8771,,-123.7644551606,45.5972296305,-123.752279423,45.6057764226
,USGS_LPC_OR_WesternWildfires_A22_s04740w13380.laz,hard_negative,False,214836521,0.214837,https://rockyweb.usgs.gov/vdelivery/Datasets/Staged/Elevation/LPC/Projects/OR_WesternWildfires_A22/OR_WWildfires_2_A22/LAZ/USGS_LPC_OR_WesternWildfires_A22_s04740w13380.laz,0,0,0,0,0.0,0.0,0.877,,,,,4.8769,,-123.7635907905,45.3749382267,-123.7514619424,45.3834859928
,USGS_LPC_OR_WesternWildfires_A22_s04710w14130.laz,hard_negative,False,223409713,0.22341,https://rockyweb.usgs.gov/vdelivery/Datasets/Staged/Elevation/LPC/Projects/OR_WesternWildfires_A22/OR_WWildfires_2_A22/LAZ/USGS_LPC_OR_WesternWildfires_A22_s04710w14130.laz,0,0,0,0,0.0,0.0,0.877,,,,,4.8769,,-123.7869397209,45.5801326693,-123.7747645156,45.5886817087
,USGS_LPC_OR_WesternWildfires_A22_s04620w14400.laz,hard_negative,False,223050864,0.223051,https://rockyweb.usgs.gov/vdelivery/Datasets/Staged/Elevation/LPC/Projects/OR_WesternWildfires_A22/OR_WWildfires_2_A22/LAZ/USGS_LPC_OR_WesternWildfires_A22_s04620w14400.laz,0,0,0,0,0.0,0.0,0.876,,,,,4.8761,,-123.8263340204,45.6531202194,-123.814137984,45.6616726715
,USGS_LPC_OR_WesternWildfires_A22_s04560w13740.laz,hard_negative,False,6111934,0.006112,https://rockyweb.usgs.gov/vdelivery/Datasets/Staged/Elevation/LPC/Projects/OR_WesternWildfires_A22/OR_WWildfires_2_A22/LAZ/USGS_LPC_OR_WesternWildfires_A22_s04560w13740.laz,0,0,0,0,0.0,0.0,0.874,,,,,4.8737,,-123.8392840662,45.479037419,-123.8275529966,45.4801611034
,USGS_LPC_OR_WesternWildfires_A22_s04710w13320.laz,hard_negative,False,81036132,0.081036,https://rockyweb.usgs.gov/vdelivery/Datasets/Staged/Elevation/LPC/Projects/OR_WesternWildfires_A22/OR_WWildfires_2_A22/LAZ/USGS_LPC_OR_WesternWildfires_A22_s04710w13320.laz,0,0,0,0,0.0,0.0,0.851,,,,,4.8512,,-123.7743262258,45.3615003224,-123.7623873487,45.3667168024
,USGS_LPC_OR_WesternWildfires_A22_s05070w13620.laz,hard_negative,False,158853928,0.158854,https://rockyweb.usgs.gov/vdelivery/Datasets/Staged/Elevation/LPC/Projects/OR_WesternWildfires_A22/OR_WWildfires_2_A22/LAZ/USGS_LPC_OR_WesternWildfires_A22_s05070w13620.laz,0,0,0,0,0.0,0.0,0.845,,,,,4.8446,,-123.6388214607,45.4442376254,-123.6266951284,45.4527730697
,USGS_LPC_OR_WesternWildfires_A22_s05100w14490.laz,hard_negative,False,183769869,0.18377,https://rockyweb.usgs.gov/vdelivery/Datasets/Staged/Elevation/LPC/Projects/OR_WesternWildfires_A22/OR_WWildfires_2_A22/LAZ/USGS_LPC_OR_WesternWildfires_A22_s05100w14490.laz,0,0,0,0,0.0,0.0,0.844,,,,,4.8441,,-123.6401024476,45.6829619834,-123.6279256438,45.6914963684
,USGS_LPC_OR_WesternWildfires_A22_s05010w13890.laz,hard_negative,False,182001812,0.182002,https://rockyweb.usgs.gov/vdelivery/Datasets/Staged/Elevation/LPC/Projects/OR_WesternWildfires_A22/OR_WWildfires_2_A22/LAZ/USGS_LPC_OR_WesternWildfires_A22_s05010w13890.laz,0,0,0,0,0.0,0.0,0.844,,,,,4.8439,,-123.6662397769,45.517598388,-123.6540942804,45.5261361248
,USGS_LPC_OR_WesternWildfires_A22_s05010w13290.laz,hard_negative,False,154899266,0.154899,https://rockyweb.usgs.gov/vdelivery/Datasets/Staged/Elevation/LPC/Projects/OR_WesternWildfires_A22/OR_WWildfires_2_A22/LAZ/USGS_LPC_OR_WesternWildfires_A22_s05010w13290.laz,0,0,0,0,0.0,0.0,0.844,,,,,4.8438,,-123.6572401483,45.3531676551,-123.6451303813,45.3617052844
,USGS_LPC_OR_WesternWildfires_A22_s05010w14520.laz,hard_negative,False,212654230,0.212654,https://rockyweb.usgs.gov/vdelivery/Datasets/Staged/Elevation/LPC/Projects/OR_WesternWildfires_A22/OR_WWildfires_2_A22/LAZ/USGS_LPC_OR_WesternWildfires_A22_s05010w14520.laz,0,0,0,0,0.0,0.0,0.844,,,,,4.8437,,-123.6757447435,45.6902334835,-123.6635615042,45.6987712613
,USGS_LPC_OR_WesternWildfires_A22_s05010w14220.laz,hard_negative,False,191476797,0.191477,https://rockyweb.usgs.gov/vdelivery/Datasets/Staged/Elevation/LPC/Projects/OR_WesternWildfires_A22/OR_WWildfires_2_A22/LAZ/USGS_LPC_OR_WesternWildfires_A22_s05010w14220.laz,0,0,0,0,0.0,0.0,0.843,,,,,4.8435,,-123.6712114654,45.6080285875,-123.659046228,45.6165663551
,USGS_LPC_OR_WesternWildfires_A22_s04920w13320.laz,hard_negative,False,195264064,0.195264,https://rockyweb.usgs.gov/vdelivery/Datasets/Staged/Elevation/LPC/Projects/OR_WesternWildfires_A22/OR_WWildfires_2_A22/LAZ/USGS_LPC_OR_WesternWildfires_A22_s04920w13320.laz,0,0,0,0,0.0,0.0,0.843,,,,,4.8434,,-123.6926814687,45.3604353258,-123.6805653409,45.3689763349
,USGS_LPC_OR_WesternWildfires_A22_s04950w14340.laz,hard_negative,False,229234647,0.229235,https://rockyweb.usgs.gov/vdelivery/Datasets/Staged/Elevation/LPC/Projects/OR_WesternWildfires_A22/OR_WWildfires_2_A22/LAZ/USGS_LPC_OR_WesternWildfires_A22_s04950w14340.laz,0,0,0,0,0.0,0.0,0.843,,,,,4.8432,,-123.6964647806,45.6402730937,-123.684289267,45.6488131267
,USGS_LPC_OR_WesternWildfires_A22_s04920w14250.laz,hard_negative,False,193440763,0.193441,https://rockyweb.usgs.gov/vdelivery/Datasets/Staged/Elevation/LPC/Projects/OR_WesternWildfires_A22/OR_WWildfires_2_A22/LAZ/USGS_LPC_OR_WesternWildfires_A22_s04920w14250.laz,0,0,0,0,0.0,0.0,0.843,,,,,4.8431,,-123.7068113219,45.6152909598,-123.6946396686,45.6238321164
,USGS_LPC_OR_WesternWildfires_A22_s04830w14160.laz,hard_negative,False,211809969,0.21181,https://rockyweb.usgs.gov/vdelivery/Datasets/Staged/Elevation/LPC/Projects/OR_WesternWildfires_A22/OR_WWildfires_2_A22/LAZ/USGS_LPC_OR_WesternWildfires_A22_s04830w14160.laz,0,0,0,0,0.0,0.0,0.842,,,,,4.8418,,-123.7405693755,45.5896607264,-123.7283985084,45.5982052599
,USGS_LPC_OR_WesternWildfires_A22_s04800w14070.laz,hard_negative,False,213174775,0.213175,https://rockyweb.usgs.gov/vdelivery/Datasets/Staged/Elevation/LPC/Projects/OR_WesternWildfires_A22/OR_WWildfires_2_A22/LAZ/USGS_LPC_OR_WesternWildfires_A22_s04800w14070.laz,0,0,0,0,0.0,0.0,0.842,,,,,4.8417,,-123.7508877244,45.5646739526,-123.7387207176,45.5732196032
,USGS_LPC_OR_WesternWildfires_A22_s04740w14190.laz,hard_negative,False,200428229,0.200428,https://rockyweb.usgs.gov/vdelivery/Datasets/Staged/Elevation/LPC/Projects/OR_WesternWildfires_A22/OR_WWildfires_2_A22/LAZ/USGS_LPC_OR_WesternWildfires_A22_s04740w14190.laz,0,0,0,0,0.0,0.0,0.841,,,,,4.8415,,-123.7761666103,45.5969020747,-123.763989334,45.6054499944
,USGS_LPC_OR_WesternWildfires_A22_s04620w14430.laz,hard_negative,False,209421084,0.209421,https://rockyweb.usgs.gov/vdelivery/Datasets/Staged/Elevation/LPC/Projects/OR_WesternWildfires_A22/OR_WWildfires_2_A22/LAZ/USGS_LPC_OR_WesternWildfires_A22_s04620w14430.laz,0,0,0,0,0.0,0.0,0.84,,,,,4.8399,,-123.8268092727,45.6613400625,-123.8146114298,45.6698925174
,USGS_LPC_OR_WesternWildfires_A22_s04590w14340.laz,hard_negative,False,240003501,0.240004,https://rockyweb.usgs.gov/vdelivery/Datasets/Staged/Elevation/LPC/Projects/OR_WesternWildfires_A22/OR_WWildfires_2_A22/LAZ/USGS_LPC_OR_WesternWildfires_A22_s04590w14340.laz,0,0,0,0,0.0,0.0,0.84,,,,,4.8398,,-123.8371030412,45.6363467572,-123.8249090818,45.6449003306
,USGS_LPC_OR_WesternWildfires_A22_s04560w14490.laz,positive_diversity,False,74223714,0.074224,https://rockyweb.usgs.gov/vdelivery/Datasets/Staged/Elevation/LPC/Projects/OR_WesternWildfires_A22/OR_WWildfires_2_A22/LAZ/USGS_LPC_OR_WesternWildfires_A22_s04560w14490.laz,0,1,0,1,6626.505,0.0,1.798,,,,,4.7984,,-123.8483507588,45.6771926308,-123.8390104665,45.6856654066
,USGS_LPC_OR_WesternWildfires_A22_s04530w13770.laz,positive_diversity,False,40072389,0.040072,https://rockyweb.usgs.gov/vdelivery/Datasets/Staged/Elevation/LPC/Projects/OR_WesternWildfires_A22/OR_WWildfires_2_A22/LAZ/USGS_LPC_OR_WesternWildfires_A22_s04530w13770.laz,0,1,0,1,340.601,0.0,1.79,,,,,4.7895,,-123.8474466921,45.4796068813,-123.8392841949,45.488047773
,USGS_LPC_OR_WesternWildfires_A22_s04530w14430.laz,positive_diversity,False,1174248,0.001174,https://rockyweb.usgs.gov/vdelivery/Datasets/Staged/Elevation/LPC/Projects/OR_WesternWildfires_A22/OR_WWildfires_2_A22/LAZ/USGS_LPC_OR_WesternWildfires_A22_s04530w14430.laz,0,1,1,0,8647.082,0.0,0.0,,,,,4.5,,-123.8509888432,45.6606379984,-123.8497788104,45.6614635651
,USGS_LPC_OR_WesternWildfires_A22_s05070w13710.laz,positive_diversity,False,182752935,0.182753,https://rockyweb.usgs.gov/vdelivery/Datasets/Staged/Elevation/LPC/Projects/OR_WesternWildfires_A22/OR_WWildfires_2_A22/LAZ/USGS_LPC_OR_WesternWildfires_A22_s05070w13710.laz,0,1,1,0,24335.03,0.0,0.0,,,,,4.5,,-123.640162402,45.4689022173,-123.6280307089,45.4774376756
,USGS_LPC_OR_WesternWildfires_A22_s04710w13350.laz,positive_diversity,False,184335367,0.184335,https://rockyweb.usgs.gov/vdelivery/Datasets/Staged/Elevation/LPC/Projects/OR_WesternWildfires_A22/OR_WWildfires_2_A22/LAZ/USGS_LPC_OR_WesternWildfires_A22_s04710w13350.laz,0,1,1,0,10129.545,0.0,0.0,,,,,4.5,,-123.7747916666,45.366389343,-123.762663086,45.374938224
,USGS_LPC_OR_WesternWildfires_A22_s04530w14370.laz,positive_diversity,False,116572665,0.116573,https://rockyweb.usgs.gov/vdelivery/Datasets/Staged/Elevation/LPC/Projects/OR_WesternWildfires_A22/OR_WWildfires_2_A22/LAZ/USGS_LPC_OR_WesternWildfires_A22_s04530w14370.laz,0,1,1,0,37456.005,0.0,0.0,,,,,4.5,,-123.8610208601,45.6438957328,-123.8488220273,45.652451564
,USGS_LPC_OR_WesternWildfires_A22_s04530w14400.laz,positive_diversity,False,56697206,0.056697,https://rockyweb.usgs.gov/vdelivery/Datasets/Staged/Elevation/LPC/Projects/OR_WesternWildfires_A22/OR_WWildfires_2_A22/LAZ/USGS_LPC_OR_WesternWildfires_A22_s04530w14400.laz,0,1,1,0,50779.98,0.0,0.0,,,,,4.5,,-123.8574123602,45.652232839,-123.8493003485,45.660671315
,USGS_LPC_OR_WesternWildfires_A22_s05070w13860.laz,positive_diversity,False,165381359,0.165381,https://rockyweb.usgs.gov/vdelivery/Datasets/Staged/Elevation/LPC/Projects/OR_WesternWildfires_A22/OR_WWildfires_2_A22/LAZ/USGS_LPC_OR_WesternWildfires_A22_s05070w13860.laz,0,1,1,0,32296.552,0.0,0.0,,,,,4.5,,-123.642399851,45.5100090925,-123.6302592126,45.5185445707
,USGS_LPC_OR_WesternWildfires_A22_s05130w14100.laz,positive_diversity,False,135735610,0.135736,https://rockyweb.usgs.gov/vdelivery/Datasets/Staged/Elevation/LPC/Projects/OR_WesternWildfires_A22/OR_WWildfires_2_A22/LAZ/USGS_LPC_OR_WesternWildfires_A22_s05130w14100.laz,0,1,1,0,13729.386,0.0,0.0,,,,,4.5,,-123.6225705174,45.5764059047,-123.6104186224,45.5849391477
,USGS_LPC_OR_WesternWildfires_A22_s05190w13530.laz,positive_diversity,False,199159249,0.199159,https://rockyweb.usgs.gov/vdelivery/Datasets/Staged/Elevation/LPC/Projects/OR_WesternWildfires_A22/OR_WWildfires_2_A22/LAZ/USGS_LPC_OR_WesternWildfires_A22_s05190w13530.laz,0,1,1,0,25349.784,0.0,0.0,,,,,4.5,,-123.5907757459,45.420820494,-123.5786609025,45.4293514175
,USGS_LPC_OR_WesternWildfires_A22_s05040w13620.laz,positive_diversity,False,217580578,0.217581,https://rockyweb.usgs.gov/vdelivery/Datasets/Staged/Elevation/LPC/Projects/OR_WesternWildfires_A22/OR_WWildfires_2_A22/LAZ/USGS_LPC_OR_WesternWildfires_A22_s05040w13620.laz,0,1,0,1,3560.151,0.0,1.246,,,,,4.2463,,-123.6505025952,45.4439226212,-123.6383747347,45.4524591918
,USGS_LPC_OR_WesternWildfires_A22_s05100w14520.laz,hard_negative,False,178569771,0.17857,https://rockyweb.usgs.gov/vdelivery/Datasets/Staged/Elevation/LPC/Projects/OR_WesternWildfires_A22/OR_WWildfires_2_A22/LAZ/USGS_LPC_OR_WesternWildfires_A22_s05100w14520.laz,0,0,0,0,0.0,0.0,0.0,,,,,4.0,,-123.6405513379,45.691182411,-123.6283727328,45.6997167958
,USGS_LPC_OR_WesternWildfires_A22_s04950w14310.laz,hard_negative,False,196960358,0.19696,https://rockyweb.usgs.gov/vdelivery/Datasets/Staged/Elevation/LPC/Projects/OR_WesternWildfires_A22/OR_WWildfires_2_A22/LAZ/USGS_LPC_OR_WesternWildfires_A22_s04950w14310.laz,0,0,0,0,0.0,0.0,0.0,,,,,4.0,,-123.6960083062,45.6320526276,-123.6838345929,45.640592659
,USGS_LPC_OR_WesternWildfires_A22_s05100w14100.laz,hard_negative,False,107504572,0.107505,https://rockyweb.usgs.gov/vdelivery/Datasets/Staged/Elevation/LPC/Projects/OR_WesternWildfires_A22/OR_WWildfires_2_A22/LAZ/USGS_LPC_OR_WesternWildfires_A22_s05100w14100.laz,0,0,0,0,0.0,0.0,0.0,,,,,4.0,,-123.6342785233,45.5760925495,-123.6221250884,45.5846269217
,USGS_LPC_OR_WesternWildfires_A22_s05010w13860.laz,hard_negative,False,161430025,0.16143,https://rockyweb.usgs.gov/vdelivery/Datasets/Staged/Elevation/LPC/Projects/OR_WesternWildfires_A22/OR_WWildfires_2_A22/LAZ/USGS_LPC_OR_WesternWildfires_A22_s05010w13860.laz,0,0,0,0,0.0,0.0,0.0,,,,,4.0,,-123.6657885777,45.5093772182,-123.6536448727,45.5179149513
,USGS_LPC_OR_WesternWildfires_A22_s04740w14160.laz,hard_negative,False,166868459,0.166868,https://rockyweb.usgs.gov/vdelivery/Datasets/Staged/Elevation/LPC/Projects/OR_WesternWildfires_A22/OR_WWildfires_2_A22/LAZ/USGS_LPC_OR_WesternWildfires_A22_s04740w14160.laz,0,0,0,0,0.0,0.0,0.0,,,,,4.0,,-123.7756991121,45.5886817114,-123.7635236363,45.5972296276
,USGS_LPC_OR_WesternWildfires_A22_s04920w13290.laz,hard_negative,False,197646064,0.197646,https://rockyweb.usgs.gov/vdelivery/Datasets/Staged/Elevation/LPC/Projects/OR_WesternWildfires_A22/OR_WWildfires_2_A22/LAZ/USGS_LPC_OR_WesternWildfires_A22_s04920w13290.laz,0,0,0,0,0.0,0.0,0.0,,,,,4.0,,-123.6922277388,45.3522135636,-123.6801133937,45.3607545653
,USGS_LPC_OR_WesternWildfires_A22_s05010w14250.laz,hard_negative,False,180564889,0.180565,https://rockyweb.usgs.gov/vdelivery/Datasets/Staged/Elevation/LPC/Projects/OR_WesternWildfires_A22/OR_WWildfires_2_A22/LAZ/USGS_LPC_OR_WesternWildfires_A22_s05010w14250.laz,0,0,0,0,0.0,0.0,0.0,,,,,4.0,,-123.671664211,45.6162492678,-123.6594971758,45.6247870371
,USGS_LPC_OR_WesternWildfires_A22_s04650w13740.laz,hard_negative,False,42198685,0.042199,https://rockyweb.usgs.gov/vdelivery/Datasets/Staged/Elevation/LPC/Projects/OR_WesternWildfires_A22/OR_WWildfires_2_A22/LAZ/USGS_LPC_OR_WesternWildfires_A22_s04650w13740.laz,0,0,0,0,0.0,0.0,0.0,,,,,4.0,,-123.8042267514,45.475633201,-123.7922445539,45.4811559187
,USGS_LPC_OR_WesternWildfires_A22_s04800w14100.laz,hard_negative,False,232512413,0.232512,https://rockyweb.usgs.gov/vdelivery/Datasets/Staged/Elevation/LPC/Projects/OR_WesternWildfires_A22/OR_WWildfires_2_A22/LAZ/USGS_LPC_OR_WesternWildfires_A22_s04800w14100.laz,0,0,0,0,0.0,0.0,0.0,,,,,4.0,,-123.7513514903,45.5728945297,-123.7391826855,45.581440184
,USGS_LPC_OR_WesternWildfires_A22_s04590w14370.laz,hard_negative,False,222346847,0.222347,https://rockyweb.usgs.gov/vdelivery/Datasets/Staged/Elevation/LPC/Projects/OR_WesternWildfires_A22/OR_WWildfires_2_A22/LAZ/USGS_LPC_OR_WesternWildfires_A22_s04590w14370.laz,0,0,0,0,0.0,0.0,0.0,,,,,4.0,,-123.8375796923,45.6445666399,-123.8253839271,45.6531202166
,USGS_LPC_OR_WesternWildfires_A22_s04590w13740.laz,hard_negative,False,23130460,0.02313,https://rockyweb.usgs.gov/vdelivery/Datasets/Staged/Elevation/LPC/Projects/OR_WesternWildfires_A22/OR_WWildfires_2_A22/LAZ/USGS_LPC_OR_WesternWildfires_A22_s04590w13740.laz,0,0,0,0,0.0,0.0,0.0,,,,,4.0,,-123.8275985085,45.475639551,-123.8156529962,45.4804938788
,USGS_LPC_OR_WesternWildfires_A22_s04740w14100.laz,hard_negative,False,237713026,0.237713,https://rockyweb.usgs.gov/vdelivery/Datasets/Staged/Elevation/LPC/Projects/OR_WesternWildfires_A22/OR_WWildfires_2_A22/LAZ/USGS_LPC_OR_WesternWildfires_A22_s04740w14100.laz,0,0,0,0,0.0,0.0,0.0,,,,,4.0,,-123.7747645155,45.5722408609,-123.7625926392,45.5807887695
,USGS_LPC_OR_WesternWildfires_A22_s04740w14130.laz,hard_negative,False,167236677,0.167237,https://rockyweb.usgs.gov/vdelivery/Datasets/Staged/Elevation/LPC/Projects/OR_WesternWildfires_A22/OR_WWildfires_2_A22/LAZ/USGS_LPC_OR_WesternWildfires_A22_s04740w14130.laz,0,0,0,0,0.0,0.0,0.0,,,,,4.0,,-123.7752317471,45.5804613068,-123.7630580714,45.5890092193
,USGS_LPC_OR_WesternWildfires_A22_s04770w14100.laz,hard_negative,False,235850694,0.235851,https://rockyweb.usgs.gov/vdelivery/Datasets/Staged/Elevation/LPC/Projects/OR_WesternWildfires_A22/OR_WWildfires_2_A22/LAZ/USGS_LPC_OR_WesternWildfires_A22_s04770w14100.laz,0,0,0,0,0.0,0.0,0.0,,,,,4.0,,-123.7630580673,45.5725682813,-123.7508877284,45.5811150628
,USGS_LPC_OR_WesternWildfires_A22_s04770w14160.laz,hard_negative,False,116711697,0.116712,https://rockyweb.usgs.gov/vdelivery/Datasets/Staged/Elevation/LPC/Projects/OR_WesternWildfires_A22/OR_WWildfires_2_A22/LAZ/USGS_LPC_OR_WesternWildfires_A22_s04770w14160.laz,0,0,0,0,0.0,0.0,0.0,,,,,4.0,,-123.76398933,45.5890092222,-123.7518153925,45.5975560109
,USGS_LPC_OR_WesternWildfires_A22_s04800w14130.laz,hard_negative,False,200713729,0.200714,https://rockyweb.usgs.gov/vdelivery/Datasets/Staged/Elevation/LPC/Projects/OR_WesternWildfires_A22/OR_WWildfires_2_A22/LAZ/USGS_LPC_OR_WesternWildfires_A22_s04800w14130.laz,0,0,0,0,0.0,0.0,0.0,,,,,4.0,,-123.7518153884,45.5811150657,-123.739644785,45.5896607235
,USGS_LPC_OR_WesternWildfires_A22_s04800w14160.laz,hard_negative,False,205903733,0.205904,https://rockyweb.usgs.gov/vdelivery/Datasets/Staged/Elevation/LPC/Projects/OR_WesternWildfires_A22/OR_WWildfires_2_A22/LAZ/USGS_LPC_OR_WesternWildfires_A22_s04800w14160.laz,0,0,0,0,0.0,0.0,0.0,,,,,4.0,,-123.752279419,45.5893355604,-123.7401070164,45.5978812216
,USGS_LPC_OR_WesternWildfires_A22_s04920w13260.laz,hard_negative,False,246904398,0.246904,https://rockyweb.usgs.gov/vdelivery/Datasets/Staged/Elevation/LPC/Projects/OR_WesternWildfires_A22/OR_WWildfires_2_A22/LAZ/USGS_LPC_OR_WesternWildfires_A22_s04920w13260.laz,0,0,0,0,0.0,0.0,0.0,,,,,4.0,,-123.6917741377,45.3439917649,-123.6796615749,45.352532759
,USGS_LPC_OR_WesternWildfires_A22_s04950w14250.laz,hard_negative,False,200236119,0.200236,https://rockyweb.usgs.gov/vdelivery/Datasets/Staged/Elevation/LPC/Projects/OR_WesternWildfires_A22/OR_WWildfires_2_A22/LAZ/USGS_LPC_OR_WesternWildfires_A22_s04950w14250.laz,0,0,0,0,0.0,0.0,0.0,,,,,4.0,,-123.6950957482,45.6156115687,-123.6829256338,45.6241515964
,USGS_LPC_OR_WesternWildfires_A22_s04950w14280.laz,hard_negative,False,214705761,0.214706,https://rockyweb.usgs.gov/vdelivery/Datasets/Staged/Elevation/LPC/Projects/OR_WesternWildfires_A22/OR_WWildfires_2_A22/LAZ/USGS_LPC_OR_WesternWildfires_A22_s04950w14280.laz,0,0,0,0,0.0,0.0,0.0,,,,,4.0,,-123.6955519621,45.6238321192,-123.6833800485,45.6323721488
,USGS_LPC_OR_WesternWildfires_A22_s04980w14250.laz,hard_negative,False,194900034,0.1949,https://rockyweb.usgs.gov/vdelivery/Datasets/Staged/Elevation/LPC/Projects/OR_WesternWildfires_A22/OR_WWildfires_2_A22/LAZ/USGS_LPC_OR_WesternWildfires_A22_s04980w14250.laz,0,0,0,0,0.0,0.0,0.0,,,,,4.0,,-123.6833800445,45.6159310047,-123.6712114694,45.6244699033
,USGS_LPC_OR_WesternWildfires_A22_s04980w14310.laz,hard_negative,False,193267048,0.193267,https://rockyweb.usgs.gov/vdelivery/Datasets/Staged/Elevation/LPC/Projects/OR_WesternWildfires_A22/OR_WWildfires_2_A22/LAZ/USGS_LPC_OR_WesternWildfires_A22_s04980w14310.laz,0,0,0,0,0.0,0.0,0.0,,,,,4.0,,-123.684289263,45.6323721517,-123.6721170899,45.6409110536
,USGS_LPC_OR_WesternWildfires_A22_s05010w14280.laz,hard_negative,False,181362257,0.181362,https://rockyweb.usgs.gov/vdelivery/Datasets/Staged/Elevation/LPC/Projects/OR_WesternWildfires_A22/OR_WWildfires_2_A22/LAZ/USGS_LPC_OR_WesternWildfires_A22_s05010w14280.laz,0,0,0,0,0.0,0.0,0.0,,,,,4.0,,-123.6721170858,45.6244699062,-123.6599482523,45.6330076771
,USGS_LPC_OR_WesternWildfires_A22_s05010w14310.laz,hard_negative,False,205607240,0.205607,https://rockyweb.usgs.gov/vdelivery/Datasets/Staged/Elevation/LPC/Projects/OR_WesternWildfires_A22/OR_WWildfires_2_A22/LAZ/USGS_LPC_OR_WesternWildfires_A22_s05010w14310.laz,0,0,0,0,0.0,0.0,0.0,,,,,4.0,,-123.67257009,45.6326905024,-123.6603994576,45.6412282748
,USGS_LPC_OR_WesternWildfires_A22_s05040w14520.laz,hard_negative,False,178059222,0.178059,https://rockyweb.usgs.gov/vdelivery/Datasets/Staged/Elevation/LPC/Projects/OR_WesternWildfires_A22/OR_WWildfires_2_A22/LAZ/USGS_LPC_OR_WesternWildfires_A22_s05040w14520.laz,0,0,0,0,0.0,0.0,0.0,,,,,4.0,,-123.6640137374,45.6905509671,-123.6518320423,45.6990876141
,USGS_LPC_OR_WesternWildfires_A22_s05040w14550.laz,hard_negative,False,169752393,0.169752,https://rockyweb.usgs.gov/vdelivery/Datasets/Staged/Elevation/LPC/Projects/OR_WesternWildfires_A22/OR_WWildfires_2_A22/LAZ/USGS_LPC_OR_WesternWildfires_A22_s05040w14550.laz,0,0,0,0,0.0,0.0,0.0,,,,,4.0,,-123.6644661039,45.6987712642,-123.6522826061,45.7073079112
,USGS_LPC_OR_WesternWildfires_A22_s05070w14520.laz,hard_negative,False,161474568,0.161475,https://rockyweb.usgs.gov/vdelivery/Datasets/Staged/Elevation/LPC/Projects/OR_WesternWildfires_A22/OR_WWildfires_2_A22/LAZ/USGS_LPC_OR_WesternWildfires_A22_s05070w14520.laz,0,0,0,0,0.0,0.0,0.0,,,,,4.0,,-123.652282606,45.6908672761,-123.6401024517,45.6994027922
,USGS_LPC_OR_WesternWildfires_A22_s05100w14550.laz,hard_negative,False,204909681,0.20491,https://rockyweb.usgs.gov/vdelivery/Datasets/Staged/Elevation/LPC/Projects/OR_WesternWildfires_A22/OR_WWildfires_2_A22/LAZ/USGS_LPC_OR_WesternWildfires_A22_s05100w14550.laz,0,0,0,0,0.0,0.0,0.0,,,,,4.0,,-123.6410003566,45.6994027951,-123.6288199496,45.7079371795
,USGS_LPC_OR_WesternWildfires_A22_s05190w13560.laz,hard_negative,False,169408494,0.169408,https://rockyweb.usgs.gov/vdelivery/Datasets/Staged/Elevation/LPC/Projects/OR_WesternWildfires_A22/OR_WWildfires_2_A22/LAZ/USGS_LPC_OR_WesternWildfires_A22_s05190w13560.laz,0,0,0,0,0.0,0.0,0.0,,,,,4.0,,-123.5912155842,45.4290423494,-123.5790989576,45.4375732776
,USGS_LPC_OR_WesternWildfires_A22_s05100w13530.laz,positive_diversity,False,190879589,0.19088,https://rockyweb.usgs.gov/vdelivery/Datasets/Staged/Elevation/LPC/Projects/OR_WesternWildfires_A22/OR_WWildfires_2_A22/LAZ/USGS_LPC_OR_WesternWildfires_A22_s05100w13530.laz,0,1,0,1,2318.471,0.0,0.879,,,,,3.8788,,-123.6258053704,45.4198863941,-123.6136859296,45.4284206968
,USGS_LPC_OR_WesternWildfires_A22_s04980w13830.laz,positive_diversity,False,182709953,0.18271,https://rockyweb.usgs.gov/vdelivery/Datasets/Staged/Elevation/LPC/Projects/OR_WesternWildfires_A22/OR_WWildfires_2_A22/LAZ/USGS_LPC_OR_WesternWildfires_A22_s04980w13830.laz,0,1,0,1,4072.889,0.0,0.878,,,,,3.8782,,-123.6770300169,45.5008383592,-123.6648865688,45.5093772154
,USGS_LPC_OR_WesternWildfires_A22_s04560w13770.laz,positive_diversity,False,115870823,0.115871,https://rockyweb.usgs.gov/vdelivery/Datasets/Staged/Elevation/LPC/Projects/OR_WesternWildfires_A22/OR_WWildfires_2_A22/LAZ/USGS_LPC_OR_WesternWildfires_A22_s04560w13770.laz,0,1,0,1,8748.91,0.0,0.876,,,,,3.8763,,-123.8397597926,45.479827161,-123.8275985165,45.4883817644
,USGS_LPC_OR_WesternWildfires_A22_s04620w13740.laz,positive_diversity,False,55389123,0.055389,https://rockyweb.usgs.gov/vdelivery/Datasets/Staged/Elevation/LPC/Projects/OR_WesternWildfires_A22/OR_WWildfires_2_A22/LAZ/USGS_LPC_OR_WesternWildfires_A22_s04620w13740.laz,0,1,0,1,37.12,0.0,0.0,,,,,3.0,,-123.8159126991,45.4753455701,-123.8039320939,45.480825484
,USGS_LPC_OR_WesternWildfires_A22_s05100w13710.laz,positive_diversity,False,198153817,0.198154,https://rockyweb.usgs.gov/vdelivery/Datasets/Staged/Elevation/LPC/Projects/OR_WesternWildfires_A22/OR_WWildfires_2_A22/LAZ/USGS_LPC_OR_WesternWildfires_A22_s05100w13710.laz,0,1,0,1,6508.543,0.0,0.0,,,,,3.0,,-123.6284761518,45.4692161819,-123.6163459965,45.477750513
,USGS_LPC_OR_WesternWildfires_A22_s05130w13680.laz,positive_diversity,False,154156066,0.154156,https://rockyweb.usgs.gov/vdelivery/Datasets/Staged/Elevation/LPC/Projects/OR_WesternWildfires_A22/OR_WWildfires_2_A22/LAZ/USGS_LPC_OR_WesternWildfires_A22_s05130w13680.laz,0,1,0,1,1314.703,0.0,0.0,,,,,3.0,,-123.6163459925,45.4613073977,-123.6042191583,45.4698405976
,USGS_LPC_OR_WesternWildfires_A22_s05160w13650.laz,positive_diversity,False,184838349,0.184838,https://rockyweb.usgs.gov/vdelivery/Datasets/Staged/Elevation/LPC/Projects/OR_WesternWildfires_A22/OR_WWildfires_2_A22/LAZ/USGS_LPC_OR_WesternWildfires_A22_s05160w13650.laz,0,1,0,1,136877.206,0.0,0.0,,,,,3.0,,-123.6042191542,45.453397319,-123.5920956403,45.4619293875
