patch_id,split,category,tile_name,tile_path,patch_path,row_offset,col_offset,x_min,y_min,x_max,y_max,crs,positive_fraction,ground_fraction,mean_slope_degrees,distance_to_positive_m,is_hard_negative,landslide_ids_in_tile,slido_ref_ids_in_tile,qc_status,qc_notes
USGS_LPC_OR_OLCMetro_2019_A19_w2051n2776_r000000_c000512,test,negative,USGS_LPC_OR_OLCMetro_2019_A19_w2051n2776.laz,D:\LIDAR\oregon\oregon_lidar_pilot\USGS_LPC_OR_OLCMetro_2019_A19_w2051n2776.laz,patches\test\USGS_LPC_OR_OLCMetro_2019_A19_w2051n2776_r000000_c000512.npz,0,512,-2050488.0,2776744.0,-2050232.0,2777000.0,"COMPD_CS[""NAD83(2011) / Conus Albers + NAVD88 height - Geoid12B (m)"",PROJCS[""NAD83(2011) / Conus Albers"",GEOGCS[""NAD83(2011)"",DATUM[""NAD83 (National Spatial Reference System 2011)"",SPHEROID[""GRS 1980"",6378137,298.257222101,AUTHORITY[""EPSG"",""7019""]],AUTHORITY[""EPSG"",""1116""]],PRIMEM[""Greenwich"",0,AUTHORITY[""EPSG"",""8901""]],UNIT[""degree"",0.0174532925199433,AUTHORITY[""EPSG"",""9122""]],AUTHORITY[""EPSG"",""6318""]],PROJECTION[""Albers_Conic_Equal_Area""],PARAMETER[""standard_parallel_1"",29.5],PARAMETER[""standard_parallel_2"",45.5],PARAMETER[""latitude_of_center"",23],PARAMETER[""longitude_of_center"",-96],PARAMETER[""false_easting"",0],PARAMETER[""false_northing"",0],UNIT[""meter"",1,AUTHORITY[""EPSG"",""9001""]],AXIS[""X"",EAST],AXIS[""Y"",NORTH],AUTHORITY[""EPSG"",""6350""]],VERT_CS[""NAVD88 height - Geoid12B (m)"",VERT_DATUM[""North American Vertical Datum 1988"",2005,AUTHORITY[""EPSG"",""5103""]],UNIT[""meter"",1,AUTHORITY[""EPSG"",""9001""]],AXIS[""Up"",UP],AUTHORITY[""EPSG"",""5703""]]]",0.0,0.726318359375,4.062674045562744,inf,False,,,accept,
USGS_LPC_OR_OLCMetro_2019_A19_w2051n2776_r000128_c000000,test,negative,USGS_LPC_OR_OLCMetro_2019_A19_w2051n2776.laz,D:\LIDAR\oregon\oregon_lidar_pilot\USGS_LPC_OR_OLCMetro_2019_A19_w2051n2776.laz,patches\test\USGS_LPC_OR_OLCMetro_2019_A19_w2051n2776_r000128_c000000.npz,128,0,-2051000.0,2776616.0,-2050744.0,2776872.0,"COMPD_CS[""NAD83(2011) / Conus Albers + NAVD88 height - Geoid12B (m)"",PROJCS[""NAD83(2011) / Conus Albers"",GEOGCS[""NAD83(2011)"",DATUM[""NAD83 (National Spatial Reference System 2011)"",SPHEROID[""GRS 1980"",6378137,298.257222101,AUTHORITY[""EPSG"",""7019""]],AUTHORITY[""EPSG"",""1116""]],PRIMEM[""Greenwich"",0,AUTHORITY[""EPSG"",""8901""]],UNIT[""degree"",0.0174532925199433,AUTHORITY[""EPSG"",""9122""]],AUTHORITY[""EPSG"",""6318""]],PROJECTION[""Albers_Conic_Equal_Area""],PARAMETER[""standard_parallel_1"",29.5],PARAMETER[""standard_parallel_2"",45.5],PARAMETER[""latitude_of_center"",23],PARAMETER[""longitude_of_center"",-96],PARAMETER[""false_easting"",0],PARAMETER[""false_northing"",0],UNIT[""meter"",1,AUTHORITY[""EPSG"",""9001""]],AXIS[""X"",EAST],AXIS[""Y"",NORTH],AUTHORITY[""EPSG"",""6350""]],VERT_CS[""NAVD88 height - Geoid12B (m)"",VERT_DATUM[""North American Vertical Datum 1988"",2005,AUTHORITY[""EPSG"",""5103""]],UNIT[""meter"",1,AUTHORITY[""EPSG"",""9001""]],AXIS[""Up"",UP],AUTHORITY[""EPSG"",""5703""]]]",0.0,0.5144805908203125,8.302921295166016,inf,True,,,accept,
USGS_LPC_OR_OLCMetro_2019_A19_w2051n2776_r000384_c000000,test,negative,USGS_LPC_OR_OLCMetro_2019_A19_w2051n2776.laz,D:\LIDAR\oregon\oregon_lidar_pilot\USGS_LPC_OR_OLCMetro_2019_A19_w2051n2776.laz,patches\test\USGS_LPC_OR_OLCMetro_2019_A19_w2051n2776_r000384_c000000.npz,384,0,-2051000.0,2776360.0,-2050744.0,2776616.0,"COMPD_CS[""NAD83(2011) / Conus Albers + NAVD88 height - Geoid12B (m)"",PROJCS[""NAD83(2011) / Conus Albers"",GEOGCS[""NAD83(2011)"",DATUM[""NAD83 (National Spatial Reference System 2011)"",SPHEROID[""GRS 1980"",6378137,298.257222101,AUTHORITY[""EPSG"",""7019""]],AUTHORITY[""EPSG"",""1116""]],PRIMEM[""Greenwich"",0,AUTHORITY[""EPSG"",""8901""]],UNIT[""degree"",0.0174532925199433,AUTHORITY[""EPSG"",""9122""]],AUTHORITY[""EPSG"",""6318""]],PROJECTION[""Albers_Conic_Equal_Area""],PARAMETER[""standard_parallel_1"",29.5],PARAMETER[""standard_parallel_2"",45.5],PARAMETER[""latitude_of_center"",23],PARAMETER[""longitude_of_center"",-96],PARAMETER[""false_easting"",0],PARAMETER[""false_northing"",0],UNIT[""meter"",1,AUTHORITY[""EPSG"",""9001""]],AXIS[""X"",EAST],AXIS[""Y"",NORTH],AUTHORITY[""EPSG"",""6350""]],VERT_CS[""NAVD88 height - Geoid12B (m)"",VERT_DATUM[""North American Vertical Datum 1988"",2005,AUTHORITY[""EPSG"",""5103""]],UNIT[""meter"",1,AUTHORITY[""EPSG"",""9001""]],AXIS[""Up"",UP],AUTHORITY[""EPSG"",""5703""]]]",0.0,0.8144378662109375,7.114310264587402,inf,False,,,reject_engineered_landform,Seems_to_be_a_citye
USGS_LPC_OR_OLCMetro_2019_A19_w2051n2776_r000384_c000512,test,negative,USGS_LPC_OR_OLCMetro_2019_A19_w2051n2776.laz,D:\LIDAR\oregon\oregon_lidar_pilot\USGS_LPC_OR_OLCMetro_2019_A19_w2051n2776.laz,patches\test\USGS_LPC_OR_OLCMetro_2019_A19_w2051n2776_r000384_c000512.npz,384,512,-2050488.0,2776360.0,-2050232.0,2776616.0,"COMPD_CS[""NAD83(2011) / Conus Albers + NAVD88 height - Geoid12B (m)"",PROJCS[""NAD83(2011) / Conus Albers"",GEOGCS[""NAD83(2011)"",DATUM[""NAD83 (National Spatial Reference System 2011)"",SPHEROID[""GRS 1980"",6378137,298.257222101,AUTHORITY[""EPSG"",""7019""]],AUTHORITY[""EPSG"",""1116""]],PRIMEM[""Greenwich"",0,AUTHORITY[""EPSG"",""8901""]],UNIT[""degree"",0.0174532925199433,AUTHORITY[""EPSG"",""9122""]],AUTHORITY[""EPSG"",""6318""]],PROJECTION[""Albers_Conic_Equal_Area""],PARAMETER[""standard_parallel_1"",29.5],PARAMETER[""standard_parallel_2"",45.5],PARAMETER[""latitude_of_center"",23],PARAMETER[""longitude_of_center"",-96],PARAMETER[""false_easting"",0],PARAMETER[""false_northing"",0],UNIT[""meter"",1,AUTHORITY[""EPSG"",""9001""]],AXIS[""X"",EAST],AXIS[""Y"",NORTH],AUTHORITY[""EPSG"",""6350""]],VERT_CS[""NAVD88 height - Geoid12B (m)"",VERT_DATUM[""North American Vertical Datum 1988"",2005,AUTHORITY[""EPSG"",""5103""]],UNIT[""meter"",1,AUTHORITY[""EPSG"",""9001""]],AXIS[""Up"",UP],AUTHORITY[""EPSG"",""5703""]]]",0.0,0.81512451171875,6.065145969390869,inf,False,,,accept,to
USGS_LPC_OR_OLCMetro_2019_A19_w2051n2776_r000384_c000640,test,negative,USGS_LPC_OR_OLCMetro_2019_A19_w2051n2776.laz,D:\LIDAR\oregon\oregon_lidar_pilot\USGS_LPC_OR_OLCMetro_2019_A19_w2051n2776.laz,patches\test\USGS_LPC_OR_OLCMetro_2019_A19_w2051n2776_r000384_c000640.npz,384,640,-2050360.0,2776360.0,-2050104.0,2776616.0,"COMPD_CS[""NAD83(2011) / Conus Albers + NAVD88 height - Geoid12B (m)"",PROJCS[""NAD83(2011) / Conus Albers"",GEOGCS[""NAD83(2011)"",DATUM[""NAD83 (National Spatial Reference System 2011)"",SPHEROID[""GRS 1980"",6378137,298.257222101,AUTHORITY[""EPSG"",""7019""]],AUTHORITY[""EPSG"",""1116""]],PRIMEM[""Greenwich"",0,AUTHORITY[""EPSG"",""8901""]],UNIT[""degree"",0.0174532925199433,AUTHORITY[""EPSG"",""9122""]],AUTHORITY[""EPSG"",""6318""]],PROJECTION[""Albers_Conic_Equal_Area""],PARAMETER[""standard_parallel_1"",29.5],PARAMETER[""standard_parallel_2"",45.5],PARAMETER[""latitude_of_center"",23],PARAMETER[""longitude_of_center"",-96],PARAMETER[""false_easting"",0],PARAMETER[""false_northing"",0],UNIT[""meter"",1,AUTHORITY[""EPSG"",""9001""]],AXIS[""X"",EAST],AXIS[""Y"",NORTH],AUTHORITY[""EPSG"",""6350""]],VERT_CS[""NAVD88 height - Geoid12B (m)"",VERT_DATUM[""North American Vertical Datum 1988"",2005,AUTHORITY[""EPSG"",""5103""]],UNIT[""meter"",1,AUTHORITY[""EPSG"",""9001""]],AXIS[""Up"",UP],AUTHORITY[""EPSG"",""5703""]]]",0.0,0.7719573974609375,8.104065895080566,inf,True,,,accept,
USGS_LPC_OR_OLCMetro_2019_A19_w2051n2776_r000512_c000000,test,negative,USGS_LPC_OR_OLCMetro_2019_A19_w2051n2776.laz,D:\LIDAR\oregon\oregon_lidar_pilot\USGS_LPC_OR_OLCMetro_2019_A19_w2051n2776.laz,patches\test\USGS_LPC_OR_OLCMetro_2019_A19_w2051n2776_r000512_c000000.npz,512,0,-2051000.0,2776232.0,-2050744.0,2776488.0,"COMPD_CS[""NAD83(2011) / Conus Albers + NAVD88 height - Geoid12B (m)"",PROJCS[""NAD83(2011) / Conus Albers"",GEOGCS[""NAD83(2011)"",DATUM[""NAD83 (National Spatial Reference System 2011)"",SPHEROID[""GRS 1980"",6378137,298.257222101,AUTHORITY[""EPSG"",""7019""]],AUTHORITY[""EPSG"",""1116""]],PRIMEM[""Greenwich"",0,AUTHORITY[""EPSG"",""8901""]],UNIT[""degree"",0.0174532925199433,AUTHORITY[""EPSG"",""9122""]],AUTHORITY[""EPSG"",""6318""]],PROJECTION[""Albers_Conic_Equal_Area""],PARAMETER[""standard_parallel_1"",29.5],PARAMETER[""standard_parallel_2"",45.5],PARAMETER[""latitude_of_center"",23],PARAMETER[""longitude_of_center"",-96],PARAMETER[""false_easting"",0],PARAMETER[""false_northing"",0],UNIT[""meter"",1,AUTHORITY[""EPSG"",""9001""]],AXIS[""X"",EAST],AXIS[""Y"",NORTH],AUTHORITY[""EPSG"",""6350""]],VERT_CS[""NAVD88 height - Geoid12B (m)"",VERT_DATUM[""North American Vertical Datum 1988"",2005,AUTHORITY[""EPSG"",""5103""]],UNIT[""meter"",1,AUTHORITY[""EPSG"",""9001""]],AXIS[""Up"",UP],AUTHORITY[""EPSG"",""5703""]]]",0.0,0.84991455078125,8.096380233764648,inf,True,,,reject_engineered_landform,
USGS_LPC_OR_OLCMetro_2019_A19_w2051n2776_r000512_c000384,test,negative,USGS_LPC_OR_OLCMetro_2019_A19_w2051n2776.laz,D:\LIDAR\oregon\oregon_lidar_pilot\USGS_LPC_OR_OLCMetro_2019_A19_w2051n2776.laz,patches\test\USGS_LPC_OR_OLCMetro_2019_A19_w2051n2776_r000512_c000384.npz,512,384,-2050616.0,2776232.0,-2050360.0,2776488.0,"COMPD_CS[""NAD83(2011) / Conus Albers + NAVD88 height - Geoid12B (m)"",PROJCS[""NAD83(2011) / Conus Albers"",GEOGCS[""NAD83(2011)"",DATUM[""NAD83 (National Spatial Reference System 2011)"",SPHEROID[""GRS 1980"",6378137,298.257222101,AUTHORITY[""EPSG"",""7019""]],AUTHORITY[""EPSG"",""1116""]],PRIMEM[""Greenwich"",0,AUTHORITY[""EPSG"",""8901""]],UNIT[""degree"",0.0174532925199433,AUTHORITY[""EPSG"",""9122""]],AUTHORITY[""EPSG"",""6318""]],PROJECTION[""Albers_Conic_Equal_Area""],PARAMETER[""standard_parallel_1"",29.5],PARAMETER[""standard_parallel_2"",45.5],PARAMETER[""latitude_of_center"",23],PARAMETER[""longitude_of_center"",-96],PARAMETER[""false_easting"",0],PARAMETER[""false_northing"",0],UNIT[""meter"",1,AUTHORITY[""EPSG"",""9001""]],AXIS[""X"",EAST],AXIS[""Y"",NORTH],AUTHORITY[""EPSG"",""6350""]],VERT_CS[""NAVD88 height - Geoid12B (m)"",VERT_DATUM[""North American Vertical Datum 1988"",2005,AUTHORITY[""EPSG"",""5103""]],UNIT[""meter"",1,AUTHORITY[""EPSG"",""9001""]],AXIS[""Up"",UP],AUTHORITY[""EPSG"",""5703""]]]",0.0,0.68121337890625,11.198634147644043,inf,True,,,accept,
USGS_LPC_OR_OLCMetro_2019_A19_w2051n2776_r000512_c000512,test,negative,USGS_LPC_OR_OLCMetro_2019_A19_w2051n2776.laz,D:\LIDAR\oregon\oregon_lidar_pilot\USGS_LPC_OR_OLCMetro_2019_A19_w2051n2776.laz,patches\test\USGS_LPC_OR_OLCMetro_2019_A19_w2051n2776_r000512_c000512.npz,512,512,-2050488.0,2776232.0,-2050232.0,2776488.0,"COMPD_CS[""NAD83(2011) / Conus Albers + NAVD88 height - Geoid12B (m)"",PROJCS[""NAD83(2011) / Conus Albers"",GEOGCS[""NAD83(2011)"",DATUM[""NAD83 (National Spatial Reference System 2011)"",SPHEROID[""GRS 1980"",6378137,298.257222101,AUTHORITY[""EPSG"",""7019""]],AUTHORITY[""EPSG"",""1116""]],PRIMEM[""Greenwich"",0,AUTHORITY[""EPSG"",""8901""]],UNIT[""degree"",0.0174532925199433,AUTHORITY[""EPSG"",""9122""]],AUTHORITY[""EPSG"",""6318""]],PROJECTION[""Albers_Conic_Equal_Area""],PARAMETER[""standard_parallel_1"",29.5],PARAMETER[""standard_parallel_2"",45.5],PARAMETER[""latitude_of_center"",23],PARAMETER[""longitude_of_center"",-96],PARAMETER[""false_easting"",0],PARAMETER[""false_northing"",0],UNIT[""meter"",1,AUTHORITY[""EPSG"",""9001""]],AXIS[""X"",EAST],AXIS[""Y"",NORTH],AUTHORITY[""EPSG"",""6350""]],VERT_CS[""NAVD88 height - Geoid12B (m)"",VERT_DATUM[""North American Vertical Datum 1988"",2005,AUTHORITY[""EPSG"",""5103""]],UNIT[""meter"",1,AUTHORITY[""EPSG"",""9001""]],AXIS[""Up"",UP],AUTHORITY[""EPSG"",""5703""]]]",0.0,0.7660675048828125,10.284095764160156,inf,True,,,accept,
USGS_LPC_OR_OLCMetro_2019_A19_w2051n2776_r000640_c000000,test,negative,USGS_LPC_OR_OLCMetro_2019_A19_w2051n2776.laz,D:\LIDAR\oregon\oregon_lidar_pilot\USGS_LPC_OR_OLCMetro_2019_A19_w2051n2776.laz,patches\test\USGS_LPC_OR_OLCMetro_2019_A19_w2051n2776_r000640_c000000.npz,640,0,-2051000.0,2776104.0,-2050744.0,2776360.0,"COMPD_CS[""NAD83(2011) / Conus Albers + NAVD88 height - Geoid12B (m)"",PROJCS[""NAD83(2011) / Conus Albers"",GEOGCS[""NAD83(2011)"",DATUM[""NAD83 (National Spatial Reference System 2011)"",SPHEROID[""GRS 1980"",6378137,298.257222101,AUTHORITY[""EPSG"",""7019""]],AUTHORITY[""EPSG"",""1116""]],PRIMEM[""Greenwich"",0,AUTHORITY[""EPSG"",""8901""]],UNIT[""degree"",0.0174532925199433,AUTHORITY[""EPSG"",""9122""]],AUTHORITY[""EPSG"",""6318""]],PROJECTION[""Albers_Conic_Equal_Area""],PARAMETER[""standard_parallel_1"",29.5],PARAMETER[""standard_parallel_2"",45.5],PARAMETER[""latitude_of_center"",23],PARAMETER[""longitude_of_center"",-96],PARAMETER[""false_easting"",0],PARAMETER[""false_northing"",0],UNIT[""meter"",1,AUTHORITY[""EPSG"",""9001""]],AXIS[""X"",EAST],AXIS[""Y"",NORTH],AUTHORITY[""EPSG"",""6350""]],VERT_CS[""NAVD88 height - Geoid12B (m)"",VERT_DATUM[""North American Vertical Datum 1988"",2005,AUTHORITY[""EPSG"",""5103""]],UNIT[""meter"",1,AUTHORITY[""EPSG"",""9001""]],AXIS[""Up"",UP],AUTHORITY[""EPSG"",""5703""]]]",0.0,0.8478240966796875,10.579763412475586,inf,True,,,accept,
USGS_LPC_OR_OLCMetro_2019_A19_w2051n2776_r000640_c000384,test,negative,USGS_LPC_OR_OLCMetro_2019_A19_w2051n2776.laz,D:\LIDAR\oregon\oregon_lidar_pilot\USGS_LPC_OR_OLCMetro_2019_A19_w2051n2776.laz,patches\test\USGS_LPC_OR_OLCMetro_2019_A19_w2051n2776_r000640_c000384.npz,640,384,-2050616.0,2776104.0,-2050360.0,2776360.0,"COMPD_CS[""NAD83(2011) / Conus Albers + NAVD88 height - Geoid12B (m)"",PROJCS[""NAD83(2011) / Conus Albers"",GEOGCS[""NAD83(2011)"",DATUM[""NAD83 (National Spatial Reference System 2011)"",SPHEROID[""GRS 1980"",6378137,298.257222101,AUTHORITY[""EPSG"",""7019""]],AUTHORITY[""EPSG"",""1116""]],PRIMEM[""Greenwich"",0,AUTHORITY[""EPSG"",""8901""]],UNIT[""degree"",0.0174532925199433,AUTHORITY[""EPSG"",""9122""]],AUTHORITY[""EPSG"",""6318""]],PROJECTION[""Albers_Conic_Equal_Area""],PARAMETER[""standard_parallel_1"",29.5],PARAMETER[""standard_parallel_2"",45.5],PARAMETER[""latitude_of_center"",23],PARAMETER[""longitude_of_center"",-96],PARAMETER[""false_easting"",0],PARAMETER[""false_northing"",0],UNIT[""meter"",1,AUTHORITY[""EPSG"",""9001""]],AXIS[""X"",EAST],AXIS[""Y"",NORTH],AUTHORITY[""EPSG"",""6350""]],VERT_CS[""NAVD88 height - Geoid12B (m)"",VERT_DATUM[""North American Vertical Datum 1988"",2005,AUTHORITY[""EPSG"",""5103""]],UNIT[""meter"",1,AUTHORITY[""EPSG"",""9001""]],AXIS[""Up"",UP],AUTHORITY[""EPSG"",""5703""]]]",0.0,0.610626220703125,15.47799301147461,inf,True,,,accept,
USGS_LPC_OR_OLCMetro_2019_A19_w2051n2777_r000000_c000000,test,positive_boundary,USGS_LPC_OR_OLCMetro_2019_A19_w2051n2777.laz,D:\LIDAR\oregon\oregon_lidar_pilot\USGS_LPC_OR_OLCMetro_2019_A19_w2051n2777.laz,patches\test\USGS_LPC_OR_OLCMetro_2019_A19_w2051n2777_r000000_c000000.npz,0,0,-2051000.0,2777744.0,-2050744.0,2778000.0,"COMPD_CS[""NAD83(2011) / Conus Albers + NAVD88 height - Geoid12B (m)"",PROJCS[""NAD83(2011) / Conus Albers"",GEOGCS[""NAD83(2011)"",DATUM[""NAD83 (National Spatial Reference System 2011)"",SPHEROID[""GRS 1980"",6378137,298.257222101,AUTHORITY[""EPSG"",""7019""]],AUTHORITY[""EPSG"",""1116""]],PRIMEM[""Greenwich"",0,AUTHORITY[""EPSG"",""8901""]],UNIT[""degree"",0.0174532925199433,AUTHORITY[""EPSG"",""9122""]],AUTHORITY[""EPSG"",""6318""]],PROJECTION[""Albers_Conic_Equal_Area""],PARAMETER[""standard_parallel_1"",29.5],PARAMETER[""standard_parallel_2"",45.5],PARAMETER[""latitude_of_center"",23],PARAMETER[""longitude_of_center"",-96],PARAMETER[""false_easting"",0],PARAMETER[""false_northing"",0],UNIT[""meter"",1,AUTHORITY[""EPSG"",""9001""]],AXIS[""X"",EAST],AXIS[""Y"",NORTH],AUTHORITY[""EPSG"",""6350""]],VERT_CS[""NAVD88 height - Geoid12B (m)"",VERT_DATUM[""North American Vertical Datum 1988"",2005,AUTHORITY[""EPSG"",""5103""]],UNIT[""meter"",1,AUTHORITY[""EPSG"",""9001""]],AXIS[""Up"",UP],AUTHORITY[""EPSG"",""5703""]]]",0.062164306640625,0.5266265869140625,10.975542068481445,0.0,False,Gladstone_095;Gladstone_164;Gladstone_182;Gladstone_184;Gladstone_202;Gladstone_216,BurnWJ2012g,reject_engineered_landform,
USGS_LPC_OR_OLCMetro_2019_A19_w2051n2777_r000000_c000128,test,positive_boundary,USGS_LPC_OR_OLCMetro_2019_A19_w2051n2777.laz,D:\LIDAR\oregon\oregon_lidar_pilot\USGS_LPC_OR_OLCMetro_2019_A19_w2051n2777.laz,patches\test\USGS_LPC_OR_OLCMetro_2019_A19_w2051n2777_r000000_c000128.npz,0,128,-2050872.0,2777744.0,-2050616.0,2778000.0,"COMPD_CS[""NAD83(2011) / Conus Albers + NAVD88 height - Geoid12B (m)"",PROJCS[""NAD83(2011) / Conus Albers"",GEOGCS[""NAD83(2011)"",DATUM[""NAD83 (National Spatial Reference System 2011)"",SPHEROID[""GRS 1980"",6378137,298.257222101,AUTHORITY[""EPSG"",""7019""]],AUTHORITY[""EPSG"",""1116""]],PRIMEM[""Greenwich"",0,AUTHORITY[""EPSG"",""8901""]],UNIT[""degree"",0.0174532925199433,AUTHORITY[""EPSG"",""9122""]],AUTHORITY[""EPSG"",""6318""]],PROJECTION[""Albers_Conic_Equal_Area""],PARAMETER[""standard_parallel_1"",29.5],PARAMETER[""standard_parallel_2"",45.5],PARAMETER[""latitude_of_center"",23],PARAMETER[""longitude_of_center"",-96],PARAMETER[""false_easting"",0],PARAMETER[""false_northing"",0],UNIT[""meter"",1,AUTHORITY[""EPSG"",""9001""]],AXIS[""X"",EAST],AXIS[""Y"",NORTH],AUTHORITY[""EPSG"",""6350""]],VERT_CS[""NAVD88 height - Geoid12B (m)"",VERT_DATUM[""North American Vertical Datum 1988"",2005,AUTHORITY[""EPSG"",""5103""]],UNIT[""meter"",1,AUTHORITY[""EPSG"",""9001""]],AXIS[""Up"",UP],AUTHORITY[""EPSG"",""5703""]]]",0.012481689453125,0.6441497802734375,8.987321853637695,0.0,False,Gladstone_095;Gladstone_164;Gladstone_182;Gladstone_184;Gladstone_202;Gladstone_216,BurnWJ2012g,accept,
USGS_LPC_OR_OLCMetro_2019_A19_w2051n2777_r000000_c000384,test,negative,USGS_LPC_OR_OLCMetro_2019_A19_w2051n2777.laz,D:\LIDAR\oregon\oregon_lidar_pilot\USGS_LPC_OR_OLCMetro_2019_A19_w2051n2777.laz,patches\test\USGS_LPC_OR_OLCMetro_2019_A19_w2051n2777_r000000_c000384.npz,0,384,-2050616.0,2777744.0,-2050360.0,2778000.0,"COMPD_CS[""NAD83(2011) / Conus Albers + NAVD88 height - Geoid12B (m)"",PROJCS[""NAD83(2011) / Conus Albers"",GEOGCS[""NAD83(2011)"",DATUM[""NAD83 (National Spatial Reference System 2011)"",SPHEROID[""GRS 1980"",6378137,298.257222101,AUTHORITY[""EPSG"",""7019""]],AUTHORITY[""EPSG"",""1116""]],PRIMEM[""Greenwich"",0,AUTHORITY[""EPSG"",""8901""]],UNIT[""degree"",0.0174532925199433,AUTHORITY[""EPSG"",""9122""]],AUTHORITY[""EPSG"",""6318""]],PROJECTION[""Albers_Conic_Equal_Area""],PARAMETER[""standard_parallel_1"",29.5],PARAMETER[""standard_parallel_2"",45.5],PARAMETER[""latitude_of_center"",23],PARAMETER[""longitude_of_center"",-96],PARAMETER[""false_easting"",0],PARAMETER[""false_northing"",0],UNIT[""meter"",1,AUTHORITY[""EPSG"",""9001""]],AXIS[""X"",EAST],AXIS[""Y"",NORTH],AUTHORITY[""EPSG"",""6350""]],VERT_CS[""NAVD88 height - Geoid12B (m)"",VERT_DATUM[""North American Vertical Datum 1988"",2005,AUTHORITY[""EPSG"",""5103""]],UNIT[""meter"",1,AUTHORITY[""EPSG"",""9001""]],AXIS[""Up"",UP],AUTHORITY[""EPSG"",""5703""]]]",0.0,0.736541748046875,8.149177551269531,153.3883959105121,True,Gladstone_095;Gladstone_164;Gladstone_182;Gladstone_184;Gladstone_202;Gladstone_216,BurnWJ2012g,accept,
USGS_LPC_OR_OLCMetro_2019_A19_w2051n2777_r000128_c000000,test,positive_boundary,USGS_LPC_OR_OLCMetro_2019_A19_w2051n2777.laz,D:\LIDAR\oregon\oregon_lidar_pilot\USGS_LPC_OR_OLCMetro_2019_A19_w2051n2777.laz,patches\test\USGS_LPC_OR_OLCMetro_2019_A19_w2051n2777_r000128_c000000.npz,128,0,-2051000.0,2777616.0,-2050744.0,2777872.0,"COMPD_CS[""NAD83(2011) / Conus Albers + NAVD88 height - Geoid12B (m)"",PROJCS[""NAD83(2011) / Conus Albers"",GEOGCS[""NAD83(2011)"",DATUM[""NAD83 (National Spatial Reference System 2011)"",SPHEROID[""GRS 1980"",6378137,298.257222101,AUTHORITY[""EPSG"",""7019""]],AUTHORITY[""EPSG"",""1116""]],PRIMEM[""Greenwich"",0,AUTHORITY[""EPSG"",""8901""]],UNIT[""degree"",0.0174532925199433,AUTHORITY[""EPSG"",""9122""]],AUTHORITY[""EPSG"",""6318""]],PROJECTION[""Albers_Conic_Equal_Area""],PARAMETER[""standard_parallel_1"",29.5],PARAMETER[""standard_parallel_2"",45.5],PARAMETER[""latitude_of_center"",23],PARAMETER[""longitude_of_center"",-96],PARAMETER[""false_easting"",0],PARAMETER[""false_northing"",0],UNIT[""meter"",1,AUTHORITY[""EPSG"",""9001""]],AXIS[""X"",EAST],AXIS[""Y"",NORTH],AUTHORITY[""EPSG"",""6350""]],VERT_CS[""NAVD88 height - Geoid12B (m)"",VERT_DATUM[""North American Vertical Datum 1988"",2005,AUTHORITY[""EPSG"",""5103""]],UNIT[""meter"",1,AUTHORITY[""EPSG"",""9001""]],AXIS[""Up"",UP],AUTHORITY[""EPSG"",""5703""]]]",0.0875091552734375,0.6001129150390625,12.902246475219727,0.0,False,Gladstone_095;Gladstone_164;Gladstone_182;Gladstone_184;Gladstone_202;Gladstone_216,BurnWJ2012g,accept,
USGS_LPC_OR_OLCMetro_2019_A19_w2051n2777_r000128_c000128,test,positive_boundary,USGS_LPC_OR_OLCMetro_2019_A19_w2051n2777.laz,D:\LIDAR\oregon\oregon_lidar_pilot\USGS_LPC_OR_OLCMetro_2019_A19_w2051n2777.laz,patches\test\USGS_LPC_OR_OLCMetro_2019_A19_w2051n2777_r000128_c000128.npz,128,128,-2050872.0,2777616.0,-2050616.0,2777872.0,"COMPD_CS[""NAD83(2011) / Conus Albers + NAVD88 height - Geoid12B (m)"",PROJCS[""NAD83(2011) / Conus Albers"",GEOGCS[""NAD83(2011)"",DATUM[""NAD83 (National Spatial Reference System 2011)"",SPHEROID[""GRS 1980"",6378137,298.257222101,AUTHORITY[""EPSG"",""7019""]],AUTHORITY[""EPSG"",""1116""]],PRIMEM[""Greenwich"",0,AUTHORITY[""EPSG"",""8901""]],UNIT[""degree"",0.0174532925199433,AUTHORITY[""EPSG"",""9122""]],AUTHORITY[""EPSG"",""6318""]],PROJECTION[""Albers_Conic_Equal_Area""],PARAMETER[""standard_parallel_1"",29.5],PARAMETER[""standard_parallel_2"",45.5],PARAMETER[""latitude_of_center"",23],PARAMETER[""longitude_of_center"",-96],PARAMETER[""false_easting"",0],PARAMETER[""false_northing"",0],UNIT[""meter"",1,AUTHORITY[""EPSG"",""9001""]],AXIS[""X"",EAST],AXIS[""Y"",NORTH],AUTHORITY[""EPSG"",""6350""]],VERT_CS[""NAVD88 height - Geoid12B (m)"",VERT_DATUM[""North American Vertical Datum 1988"",2005,AUTHORITY[""EPSG"",""5103""]],UNIT[""meter"",1,AUTHORITY[""EPSG"",""9001""]],AXIS[""Up"",UP],AUTHORITY[""EPSG"",""5703""]]]",0.041412353515625,0.5799560546875,11.607810020446777,0.0,False,Gladstone_095;Gladstone_164;Gladstone_182;Gladstone_184;Gladstone_202;Gladstone_216,BurnWJ2012g,accept,
USGS_LPC_OR_OLCMetro_2019_A19_w2051n2777_r000128_c000384,test,negative,USGS_LPC_OR_OLCMetro_2019_A19_w2051n2777.laz,D:\LIDAR\oregon\oregon_lidar_pilot\USGS_LPC_OR_OLCMetro_2019_A19_w2051n2777.laz,patches\test\USGS_LPC_OR_OLCMetro_2019_A19_w2051n2777_r000128_c000384.npz,128,384,-2050616.0,2777616.0,-2050360.0,2777872.0,"COMPD_CS[""NAD83(2011) / Conus Albers + NAVD88 height - Geoid12B (m)"",PROJCS[""NAD83(2011) / Conus Albers"",GEOGCS[""NAD83(2011)"",DATUM[""NAD83 (National Spatial Reference System 2011)"",SPHEROID[""GRS 1980"",6378137,298.257222101,AUTHORITY[""EPSG"",""7019""]],AUTHORITY[""EPSG"",""1116""]],PRIMEM[""Greenwich"",0,AUTHORITY[""EPSG"",""8901""]],UNIT[""degree"",0.0174532925199433,AUTHORITY[""EPSG"",""9122""]],AUTHORITY[""EPSG"",""6318""]],PROJECTION[""Albers_Conic_Equal_Area""],PARAMETER[""standard_parallel_1"",29.5],PARAMETER[""standard_parallel_2"",45.5],PARAMETER[""latitude_of_center"",23],PARAMETER[""longitude_of_center"",-96],PARAMETER[""false_easting"",0],PARAMETER[""false_northing"",0],UNIT[""meter"",1,AUTHORITY[""EPSG"",""9001""]],AXIS[""X"",EAST],AXIS[""Y"",NORTH],AUTHORITY[""EPSG"",""6350""]],VERT_CS[""NAVD88 height - Geoid12B (m)"",VERT_DATUM[""North American Vertical Datum 1988"",2005,AUTHORITY[""EPSG"",""5103""]],UNIT[""meter"",1,AUTHORITY[""EPSG"",""9001""]],AXIS[""Up"",UP],AUTHORITY[""EPSG"",""5703""]]]",0.0,0.5790252685546875,6.9164533615112305,115.0,False,Gladstone_095;Gladstone_164;Gladstone_182;Gladstone_184;Gladstone_202;Gladstone_216,BurnWJ2012g,accept,
USGS_LPC_OR_OLCMetro_2019_A19_w2051n2777_r000128_c000640,test,negative,USGS_LPC_OR_OLCMetro_2019_A19_w2051n2777.laz,D:\LIDAR\oregon\oregon_lidar_pilot\USGS_LPC_OR_OLCMetro_2019_A19_w2051n2777.laz,patches\test\USGS_LPC_OR_OLCMetro_2019_A19_w2051n2777_r000128_c000640.npz,128,640,-2050360.0,2777616.0,-2050104.0,2777872.0,"COMPD_CS[""NAD83(2011) / Conus Albers + NAVD88 height - Geoid12B (m)"",PROJCS[""NAD83(2011) / Conus Albers"",GEOGCS[""NAD83(2011)"",DATUM[""NAD83 (National Spatial Reference System 2011)"",SPHEROID[""GRS 1980"",6378137,298.257222101,AUTHORITY[""EPSG"",""7019""]],AUTHORITY[""EPSG"",""1116""]],PRIMEM[""Greenwich"",0,AUTHORITY[""EPSG"",""8901""]],UNIT[""degree"",0.0174532925199433,AUTHORITY[""EPSG"",""9122""]],AUTHORITY[""EPSG"",""6318""]],PROJECTION[""Albers_Conic_Equal_Area""],PARAMETER[""standard_parallel_1"",29.5],PARAMETER[""standard_parallel_2"",45.5],PARAMETER[""latitude_of_center"",23],PARAMETER[""longitude_of_center"",-96],PARAMETER[""false_easting"",0],PARAMETER[""false_northing"",0],UNIT[""meter"",1,AUTHORITY[""EPSG"",""9001""]],AXIS[""X"",EAST],AXIS[""Y"",NORTH],AUTHORITY[""EPSG"",""6350""]],VERT_CS[""NAVD88 height - Geoid12B (m)"",VERT_DATUM[""North American Vertical Datum 1988"",2005,AUTHORITY[""EPSG"",""5103""]],UNIT[""meter"",1,AUTHORITY[""EPSG"",""9001""]],AXIS[""Up"",UP],AUTHORITY[""EPSG"",""5703""]]]",0.0,0.6728515625,4.969283580780029,371.0,False,Gladstone_095;Gladstone_164;Gladstone_182;Gladstone_184;Gladstone_202;Gladstone_216,BurnWJ2012g,accept,
USGS_LPC_OR_OLCMetro_2019_A19_w2051n2777_r000256_c000000,test,positive_boundary,USGS_LPC_OR_OLCMetro_2019_A19_w2051n2777.laz,D:\LIDAR\oregon\oregon_lidar_pilot\USGS_LPC_OR_OLCMetro_2019_A19_w2051n2777.laz,patches\test\USGS_LPC_OR_OLCMetro_2019_A19_w2051n2777_r000256_c000000.npz,256,0,-2051000.0,2777488.0,-2050744.0,2777744.0,"COMPD_CS[""NAD83(2011) / Conus Albers + NAVD88 height - Geoid12B (m)"",PROJCS[""NAD83(2011) / Conus Albers"",GEOGCS[""NAD83(2011)"",DATUM[""NAD83 (National Spatial Reference System 2011)"",SPHEROID[""GRS 1980"",6378137,298.257222101,AUTHORITY[""EPSG"",""7019""]],AUTHORITY[""EPSG"",""1116""]],PRIMEM[""Greenwich"",0,AUTHORITY[""EPSG"",""8901""]],UNIT[""degree"",0.0174532925199433,AUTHORITY[""EPSG"",""9122""]],AUTHORITY[""EPSG"",""6318""]],PROJECTION[""Albers_Conic_Equal_Area""],PARAMETER[""standard_parallel_1"",29.5],PARAMETER[""standard_parallel_2"",45.5],PARAMETER[""latitude_of_center"",23],PARAMETER[""longitude_of_center"",-96],PARAMETER[""false_easting"",0],PARAMETER[""false_northing"",0],UNIT[""meter"",1,AUTHORITY[""EPSG"",""9001""]],AXIS[""X"",EAST],AXIS[""Y"",NORTH],AUTHORITY[""EPSG"",""6350""]],VERT_CS[""NAVD88 height - Geoid12B (m)"",VERT_DATUM[""North American Vertical Datum 1988"",2005,AUTHORITY[""EPSG"",""5103""]],UNIT[""meter"",1,AUTHORITY[""EPSG"",""9001""]],AXIS[""Up"",UP],AUTHORITY[""EPSG"",""5703""]]]",0.0253448486328125,0.75653076171875,6.952182769775391,0.0,False,Gladstone_095;Gladstone_164;Gladstone_182;Gladstone_184;Gladstone_202;Gladstone_216,BurnWJ2012g,accept,
USGS_LPC_OR_OLCMetro_2019_A19_w2051n2777_r000256_c000128,test,positive_boundary,USGS_LPC_OR_OLCMetro_2019_A19_w2051n2777.laz,D:\LIDAR\oregon\oregon_lidar_pilot\USGS_LPC_OR_OLCMetro_2019_A19_w2051n2777.laz,patches\test\USGS_LPC_OR_OLCMetro_2019_A19_w2051n2777_r000256_c000128.npz,256,128,-2050872.0,2777488.0,-2050616.0,2777744.0,"COMPD_CS[""NAD83(2011) / Conus Albers + NAVD88 height - Geoid12B (m)"",PROJCS[""NAD83(2011) / Conus Albers"",GEOGCS[""NAD83(2011)"",DATUM[""NAD83 (National Spatial Reference System 2011)"",SPHEROID[""GRS 1980"",6378137,298.257222101,AUTHORITY[""EPSG"",""7019""]],AUTHORITY[""EPSG"",""1116""]],PRIMEM[""Greenwich"",0,AUTHORITY[""EPSG"",""8901""]],UNIT[""degree"",0.0174532925199433,AUTHORITY[""EPSG"",""9122""]],AUTHORITY[""EPSG"",""6318""]],PROJECTION[""Albers_Conic_Equal_Area""],PARAMETER[""standard_parallel_1"",29.5],PARAMETER[""standard_parallel_2"",45.5],PARAMETER[""latitude_of_center"",23],PARAMETER[""longitude_of_center"",-96],PARAMETER[""false_easting"",0],PARAMETER[""false_northing"",0],UNIT[""meter"",1,AUTHORITY[""EPSG"",""9001""]],AXIS[""X"",EAST],AXIS[""Y"",NORTH],AUTHORITY[""EPSG"",""6350""]],VERT_CS[""NAVD88 height - Geoid12B (m)"",VERT_DATUM[""North American Vertical Datum 1988"",2005,AUTHORITY[""EPSG"",""5103""]],UNIT[""meter"",1,AUTHORITY[""EPSG"",""9001""]],AXIS[""Up"",UP],AUTHORITY[""EPSG"",""5703""]]]",0.0289306640625,0.62225341796875,12.973443984985352,0.0,False,Gladstone_095;Gladstone_164;Gladstone_182;Gladstone_184;Gladstone_202;Gladstone_216,BurnWJ2012g,accept,
USGS_LPC_OR_OLCMetro_2019_A19_w2051n2777_r000512_c000000,test,negative,USGS_LPC_OR_OLCMetro_2019_A19_w2051n2777.laz,D:\LIDAR\oregon\oregon_lidar_pilot\USGS_LPC_OR_OLCMetro_2019_A19_w2051n2777.laz,patches\test\USGS_LPC_OR_OLCMetro_2019_A19_w2051n2777_r000512_c000000.npz,512,0,-2051000.0,2777232.0,-2050744.0,2777488.0,"COMPD_CS[""NAD83(2011) / Conus Albers + NAVD88 height - Geoid12B (m)"",PROJCS[""NAD83(2011) / Conus Albers"",GEOGCS[""NAD83(2011)"",DATUM[""NAD83 (National Spatial Reference System 2011)"",SPHEROID[""GRS 1980"",6378137,298.257222101,AUTHORITY[""EPSG"",""7019""]],AUTHORITY[""EPSG"",""1116""]],PRIMEM[""Greenwich"",0,AUTHORITY[""EPSG"",""8901""]],UNIT[""degree"",0.0174532925199433,AUTHORITY[""EPSG"",""9122""]],AUTHORITY[""EPSG"",""6318""]],PROJECTION[""Albers_Conic_Equal_Area""],PARAMETER[""standard_parallel_1"",29.5],PARAMETER[""standard_parallel_2"",45.5],PARAMETER[""latitude_of_center"",23],PARAMETER[""longitude_of_center"",-96],PARAMETER[""false_easting"",0],PARAMETER[""false_northing"",0],UNIT[""meter"",1,AUTHORITY[""EPSG"",""9001""]],AXIS[""X"",EAST],AXIS[""Y"",NORTH],AUTHORITY[""EPSG"",""6350""]],VERT_CS[""NAVD88 height - Geoid12B (m)"",VERT_DATUM[""North American Vertical Datum 1988"",2005,AUTHORITY[""EPSG"",""5103""]],UNIT[""meter"",1,AUTHORITY[""EPSG"",""9001""]],AXIS[""Up"",UP],AUTHORITY[""EPSG"",""5703""]]]",0.0,0.819549560546875,4.172032356262207,130.0,False,Gladstone_095;Gladstone_164;Gladstone_182;Gladstone_184;Gladstone_202;Gladstone_216,BurnWJ2012g,accept,
USGS_LPC_OR_OLCMetro_2019_A19_w2051n2777_r000512_c000128,test,negative,USGS_LPC_OR_OLCMetro_2019_A19_w2051n2777.laz,D:\LIDAR\oregon\oregon_lidar_pilot\USGS_LPC_OR_OLCMetro_2019_A19_w2051n2777.laz,patches\test\USGS_LPC_OR_OLCMetro_2019_A19_w2051n2777_r000512_c000128.npz,512,128,-2050872.0,2777232.0,-2050616.0,2777488.0,"COMPD_CS[""NAD83(2011) / Conus Albers + NAVD88 height - Geoid12B (m)"",PROJCS[""NAD83(2011) / Conus Albers"",GEOGCS[""NAD83(2011)"",DATUM[""NAD83 (National Spatial Reference System 2011)"",SPHEROID[""GRS 1980"",6378137,298.257222101,AUTHORITY[""EPSG"",""7019""]],AUTHORITY[""EPSG"",""1116""]],PRIMEM[""Greenwich"",0,AUTHORITY[""EPSG"",""8901""]],UNIT[""degree"",0.0174532925199433,AUTHORITY[""EPSG"",""9122""]],AUTHORITY[""EPSG"",""6318""]],PROJECTION[""Albers_Conic_Equal_Area""],PARAMETER[""standard_parallel_1"",29.5],PARAMETER[""standard_parallel_2"",45.5],PARAMETER[""latitude_of_center"",23],PARAMETER[""longitude_of_center"",-96],PARAMETER[""false_easting"",0],PARAMETER[""false_northing"",0],UNIT[""meter"",1,AUTHORITY[""EPSG"",""9001""]],AXIS[""X"",EAST],AXIS[""Y"",NORTH],AUTHORITY[""EPSG"",""6350""]],VERT_CS[""NAVD88 height - Geoid12B (m)"",VERT_DATUM[""North American Vertical Datum 1988"",2005,AUTHORITY[""EPSG"",""5103""]],UNIT[""meter"",1,AUTHORITY[""EPSG"",""9001""]],AXIS[""Up"",UP],AUTHORITY[""EPSG"",""5703""]]]",0.0,0.705718994140625,9.555888175964355,130.0,True,Gladstone_095;Gladstone_164;Gladstone_182;Gladstone_184;Gladstone_202;Gladstone_216,BurnWJ2012g,accept,
USGS_LPC_OR_OLCMetro_2019_A19_w2051n2777_r000512_c000384,test,negative,USGS_LPC_OR_OLCMetro_2019_A19_w2051n2777.laz,D:\LIDAR\oregon\oregon_lidar_pilot\USGS_LPC_OR_OLCMetro_2019_A19_w2051n2777.laz,patches\test\USGS_LPC_OR_OLCMetro_2019_A19_w2051n2777_r000512_c000384.npz,512,384,-2050616.0,2777232.0,-2050360.0,2777488.0,"COMPD_CS[""NAD83(2011) / Conus Albers + NAVD88 height - Geoid12B (m)"",PROJCS[""NAD83(2011) / Conus Albers"",GEOGCS[""NAD83(2011)"",DATUM[""NAD83 (National Spatial Reference System 2011)"",SPHEROID[""GRS 1980"",6378137,298.257222101,AUTHORITY[""EPSG"",""7019""]],AUTHORITY[""EPSG"",""1116""]],PRIMEM[""Greenwich"",0,AUTHORITY[""EPSG"",""8901""]],UNIT[""degree"",0.0174532925199433,AUTHORITY[""EPSG"",""9122""]],AUTHORITY[""EPSG"",""6318""]],PROJECTION[""Albers_Conic_Equal_Area""],PARAMETER[""standard_parallel_1"",29.5],PARAMETER[""standard_parallel_2"",45.5],PARAMETER[""latitude_of_center"",23],PARAMETER[""longitude_of_center"",-96],PARAMETER[""false_easting"",0],PARAMETER[""false_northing"",0],UNIT[""meter"",1,AUTHORITY[""EPSG"",""9001""]],AXIS[""X"",EAST],AXIS[""Y"",NORTH],AUTHORITY[""EPSG"",""6350""]],VERT_CS[""NAVD88 height - Geoid12B (m)"",VERT_DATUM[""North American Vertical Datum 1988"",2005,AUTHORITY[""EPSG"",""5103""]],UNIT[""meter"",1,AUTHORITY[""EPSG"",""9001""]],AXIS[""Up"",UP],AUTHORITY[""EPSG"",""5703""]]]",0.0,0.54937744140625,16.84221839904785,187.09623192357455,True,Gladstone_095;Gladstone_164;Gladstone_182;Gladstone_184;Gladstone_202;Gladstone_216,BurnWJ2012g,accept,
USGS_LPC_OR_OLCMetro_2019_A19_w2051n2777_r000512_c000512,test,negative,USGS_LPC_OR_OLCMetro_2019_A19_w2051n2777.laz,D:\LIDAR\oregon\oregon_lidar_pilot\USGS_LPC_OR_OLCMetro_2019_A19_w2051n2777.laz,patches\test\USGS_LPC_OR_OLCMetro_2019_A19_w2051n2777_r000512_c000512.npz,512,512,-2050488.0,2777232.0,-2050232.0,2777488.0,"COMPD_CS[""NAD83(2011) / Conus Albers + NAVD88 height - Geoid12B (m)"",PROJCS[""NAD83(2011) / Conus Albers"",GEOGCS[""NAD83(2011)"",DATUM[""NAD83 (National Spatial Reference System 2011)"",SPHEROID[""GRS 1980"",6378137,298.257222101,AUTHORITY[""EPSG"",""7019""]],AUTHORITY[""EPSG"",""1116""]],PRIMEM[""Greenwich"",0,AUTHORITY[""EPSG"",""8901""]],UNIT[""degree"",0.0174532925199433,AUTHORITY[""EPSG"",""9122""]],AUTHORITY[""EPSG"",""6318""]],PROJECTION[""Albers_Conic_Equal_Area""],PARAMETER[""standard_parallel_1"",29.5],PARAMETER[""standard_parallel_2"",45.5],PARAMETER[""latitude_of_center"",23],PARAMETER[""longitude_of_center"",-96],PARAMETER[""false_easting"",0],PARAMETER[""false_northing"",0],UNIT[""meter"",1,AUTHORITY[""EPSG"",""9001""]],AXIS[""X"",EAST],AXIS[""Y"",NORTH],AUTHORITY[""EPSG"",""6350""]],VERT_CS[""NAVD88 height - Geoid12B (m)"",VERT_DATUM[""North American Vertical Datum 1988"",2005,AUTHORITY[""EPSG"",""5103""]],UNIT[""meter"",1,AUTHORITY[""EPSG"",""9001""]],AXIS[""Up"",UP],AUTHORITY[""EPSG"",""5703""]]]",0.0,0.54693603515625,21.21993637084961,284.8596145472362,True,Gladstone_095;Gladstone_164;Gladstone_182;Gladstone_184;Gladstone_202;Gladstone_216,BurnWJ2012g,accept,
USGS_LPC_OR_OLCMetro_2019_A19_w2051n2777_r000512_c000640,test,negative,USGS_LPC_OR_OLCMetro_2019_A19_w2051n2777.laz,D:\LIDAR\oregon\oregon_lidar_pilot\USGS_LPC_OR_OLCMetro_2019_A19_w2051n2777.laz,patches\test\USGS_LPC_OR_OLCMetro_2019_A19_w2051n2777_r000512_c000640.npz,512,640,-2050360.0,2777232.0,-2050104.0,2777488.0,"COMPD_CS[""NAD83(2011) / Conus Albers + NAVD88 height - Geoid12B (m)"",PROJCS[""NAD83(2011) / Conus Albers"",GEOGCS[""NAD83(2011)"",DATUM[""NAD83 (National Spatial Reference System 2011)"",SPHEROID[""GRS 1980"",6378137,298.257222101,AUTHORITY[""EPSG"",""7019""]],AUTHORITY[""EPSG"",""1116""]],PRIMEM[""Greenwich"",0,AUTHORITY[""EPSG"",""8901""]],UNIT[""degree"",0.0174532925199433,AUTHORITY[""EPSG"",""9122""]],AUTHORITY[""EPSG"",""6318""]],PROJECTION[""Albers_Conic_Equal_Area""],PARAMETER[""standard_parallel_1"",29.5],PARAMETER[""standard_parallel_2"",45.5],PARAMETER[""latitude_of_center"",23],PARAMETER[""longitude_of_center"",-96],PARAMETER[""false_easting"",0],PARAMETER[""false_northing"",0],UNIT[""meter"",1,AUTHORITY[""EPSG"",""9001""]],AXIS[""X"",EAST],AXIS[""Y"",NORTH],AUTHORITY[""EPSG"",""6350""]],VERT_CS[""NAVD88 height - Geoid12B (m)"",VERT_DATUM[""North American Vertical Datum 1988"",2005,AUTHORITY[""EPSG"",""5103""]],UNIT[""meter"",1,AUTHORITY[""EPSG"",""9001""]],AXIS[""Up"",UP],AUTHORITY[""EPSG"",""5703""]]]",0.0,0.5382537841796875,22.801551818847656,399.80245121809844,True,Gladstone_095;Gladstone_164;Gladstone_182;Gladstone_184;Gladstone_202;Gladstone_216,BurnWJ2012g,accept,
USGS_LPC_OR_OLCMetro_2019_A19_w2051n2777_r000640_c000384,test,negative,USGS_LPC_OR_OLCMetro_2019_A19_w2051n2777.laz,D:\LIDAR\oregon\oregon_lidar_pilot\USGS_LPC_OR_OLCMetro_2019_A19_w2051n2777.laz,patches\test\USGS_LPC_OR_OLCMetro_2019_A19_w2051n2777_r000640_c000384.npz,640,384,-2050616.0,2777104.0,-2050360.0,2777360.0,"COMPD_CS[""NAD83(2011) / Conus Albers + NAVD88 height - Geoid12B (m)"",PROJCS[""NAD83(2011) / Conus Albers"",GEOGCS[""NAD83(2011)"",DATUM[""NAD83 (National Spatial Reference System 2011)"",SPHEROID[""GRS 1980"",6378137,298.257222101,AUTHORITY[""EPSG"",""7019""]],AUTHORITY[""EPSG"",""1116""]],PRIMEM[""Greenwich"",0,AUTHORITY[""EPSG"",""8901""]],UNIT[""degree"",0.0174532925199433,AUTHORITY[""EPSG"",""9122""]],AUTHORITY[""EPSG"",""6318""]],PROJECTION[""Albers_Conic_Equal_Area""],PARAMETER[""standard_parallel_1"",29.5],PARAMETER[""standard_parallel_2"",45.5],PARAMETER[""latitude_of_center"",23],PARAMETER[""longitude_of_center"",-96],PARAMETER[""false_easting"",0],PARAMETER[""false_northing"",0],UNIT[""meter"",1,AUTHORITY[""EPSG"",""9001""]],AXIS[""X"",EAST],AXIS[""Y"",NORTH],AUTHORITY[""EPSG"",""6350""]],VERT_CS[""NAVD88 height - Geoid12B (m)"",VERT_DATUM[""North American Vertical Datum 1988"",2005,AUTHORITY[""EPSG"",""5103""]],UNIT[""meter"",1,AUTHORITY[""EPSG"",""9001""]],AXIS[""Up"",UP],AUTHORITY[""EPSG"",""5703""]]]",0.0,0.6952362060546875,9.625138282775879,291.6504757410829,True,Gladstone_095;Gladstone_164;Gladstone_182;Gladstone_184;Gladstone_202;Gladstone_216,BurnWJ2012g,accept,
USGS_LPC_OR_OLCMetro_2019_A19_w2051n2777_r000640_c000640,test,negative,USGS_LPC_OR_OLCMetro_2019_A19_w2051n2777.laz,D:\LIDAR\oregon\oregon_lidar_pilot\USGS_LPC_OR_OLCMetro_2019_A19_w2051n2777.laz,patches\test\USGS_LPC_OR_OLCMetro_2019_A19_w2051n2777_r000640_c000640.npz,640,640,-2050360.0,2777104.0,-2050104.0,2777360.0,"COMPD_CS[""NAD83(2011) / Conus Albers + NAVD88 height - Geoid12B (m)"",PROJCS[""NAD83(2011) / Conus Albers"",GEOGCS[""NAD83(2011)"",DATUM[""NAD83 (National Spatial Reference System 2011)"",SPHEROID[""GRS 1980"",6378137,298.257222101,AUTHORITY[""EPSG"",""7019""]],AUTHORITY[""EPSG"",""1116""]],PRIMEM[""Greenwich"",0,AUTHORITY[""EPSG"",""8901""]],UNIT[""degree"",0.0174532925199433,AUTHORITY[""EPSG"",""9122""]],AUTHORITY[""EPSG"",""6318""]],PROJECTION[""Albers_Conic_Equal_Area""],PARAMETER[""standard_parallel_1"",29.5],PARAMETER[""standard_parallel_2"",45.5],PARAMETER[""latitude_of_center"",23],PARAMETER[""longitude_of_center"",-96],PARAMETER[""false_easting"",0],PARAMETER[""false_northing"",0],UNIT[""meter"",1,AUTHORITY[""EPSG"",""9001""]],AXIS[""X"",EAST],AXIS[""Y"",NORTH],AUTHORITY[""EPSG"",""6350""]],VERT_CS[""NAVD88 height - Geoid12B (m)"",VERT_DATUM[""North American Vertical Datum 1988"",2005,AUTHORITY[""EPSG"",""5103""]],UNIT[""meter"",1,AUTHORITY[""EPSG"",""9001""]],AXIS[""Up"",UP],AUTHORITY[""EPSG"",""5703""]]]",0.0,0.63702392578125,12.847633361816406,462.6110677448174,True,Gladstone_095;Gladstone_164;Gladstone_182;Gladstone_184;Gladstone_202;Gladstone_216,BurnWJ2012g,accept,
USGS_LPC_OR_OLCMetro_2019_A19_w2051n2779_r000000_c000000,train,positive_boundary,USGS_LPC_OR_OLCMetro_2019_A19_w2051n2779.laz,D:\LIDAR\oregon\oregon_lidar_pilot\USGS_LPC_OR_OLCMetro_2019_A19_w2051n2779.laz,patches\train\USGS_LPC_OR_OLCMetro_2019_A19_w2051n2779_r000000_c000000.npz,0,0,-2051000.0,2779744.0,-2050744.0,2780000.0,"COMPD_CS[""NAD83(2011) / Conus Albers + NAVD88 height - Geoid12B (m)"",PROJCS[""NAD83(2011) / Conus Albers"",GEOGCS[""NAD83(2011)"",DATUM[""NAD83 (National Spatial Reference System 2011)"",SPHEROID[""GRS 1980"",6378137,298.257222101,AUTHORITY[""EPSG"",""7019""]],AUTHORITY[""EPSG"",""1116""]],PRIMEM[""Greenwich"",0,AUTHORITY[""EPSG"",""8901""]],UNIT[""degree"",0.0174532925199433,AUTHORITY[""EPSG"",""9122""]],AUTHORITY[""EPSG"",""6318""]],PROJECTION[""Albers_Conic_Equal_Area""],PARAMETER[""standard_parallel_1"",29.5],PARAMETER[""standard_parallel_2"",45.5],PARAMETER[""latitude_of_center"",23],PARAMETER[""longitude_of_center"",-96],PARAMETER[""false_easting"",0],PARAMETER[""false_northing"",0],UNIT[""meter"",1,AUTHORITY[""EPSG"",""9001""]],AXIS[""X"",EAST],AXIS[""Y"",NORTH],AUTHORITY[""EPSG"",""6350""]],VERT_CS[""NAVD88 height - Geoid12B (m)"",VERT_DATUM[""North American Vertical Datum 1988"",2005,AUTHORITY[""EPSG"",""5103""]],UNIT[""meter"",1,AUTHORITY[""EPSG"",""9001""]],AXIS[""Up"",UP],AUTHORITY[""EPSG"",""5703""]]]",0.0432281494140625,0.9211578369140625,3.738278865814209,0.0,False,Gladstone_122;Gladstone_123;Gladstone_207,BurnWJ2012g,reject_engineered_landform,road
USGS_LPC_OR_OLCMetro_2019_A19_w2051n2779_r000000_c000128,train,positive_interior,USGS_LPC_OR_OLCMetro_2019_A19_w2051n2779.laz,D:\LIDAR\oregon\oregon_lidar_pilot\USGS_LPC_OR_OLCMetro_2019_A19_w2051n2779.laz,patches\train\USGS_LPC_OR_OLCMetro_2019_A19_w2051n2779_r000000_c000128.npz,0,128,-2050872.0,2779744.0,-2050616.0,2780000.0,"COMPD_CS[""NAD83(2011) / Conus Albers + NAVD88 height - Geoid12B (m)"",PROJCS[""NAD83(2011) / Conus Albers"",GEOGCS[""NAD83(2011)"",DATUM[""NAD83 (National Spatial Reference System 2011)"",SPHEROID[""GRS 1980"",6378137,298.257222101,AUTHORITY[""EPSG"",""7019""]],AUTHORITY[""EPSG"",""1116""]],PRIMEM[""Greenwich"",0,AUTHORITY[""EPSG"",""8901""]],UNIT[""degree"",0.0174532925199433,AUTHORITY[""EPSG"",""9122""]],AUTHORITY[""EPSG"",""6318""]],PROJECTION[""Albers_Conic_Equal_Area""],PARAMETER[""standard_parallel_1"",29.5],PARAMETER[""standard_parallel_2"",45.5],PARAMETER[""latitude_of_center"",23],PARAMETER[""longitude_of_center"",-96],PARAMETER[""false_easting"",0],PARAMETER[""false_northing"",0],UNIT[""meter"",1,AUTHORITY[""EPSG"",""9001""]],AXIS[""X"",EAST],AXIS[""Y"",NORTH],AUTHORITY[""EPSG"",""6350""]],VERT_CS[""NAVD88 height - Geoid12B (m)"",VERT_DATUM[""North American Vertical Datum 1988"",2005,AUTHORITY[""EPSG"",""5103""]],UNIT[""meter"",1,AUTHORITY[""EPSG"",""9001""]],AXIS[""Up"",UP],AUTHORITY[""EPSG"",""5703""]]]",0.2831268310546875,0.9111175537109375,7.9740142822265625,0.0,False,Gladstone_122;Gladstone_123;Gladstone_207,BurnWJ2012g,reject_engineered_landform,road
USGS_LPC_OR_OLCMetro_2019_A19_w2051n2779_r000000_c000256,train,positive_interior,USGS_LPC_OR_OLCMetro_2019_A19_w2051n2779.laz,D:\LIDAR\oregon\oregon_lidar_pilot\USGS_LPC_OR_OLCMetro_2019_A19_w2051n2779.laz,patches\train\USGS_LPC_OR_OLCMetro_2019_A19_w2051n2779_r000000_c000256.npz,0,256,-2050744.0,2779744.0,-2050488.0,2780000.0,"COMPD_CS[""NAD83(2011) / Conus Albers + NAVD88 height - Geoid12B (m)"",PROJCS[""NAD83(2011) / Conus Albers"",GEOGCS[""NAD83(2011)"",DATUM[""NAD83 (National Spatial Reference System 2011)"",SPHEROID[""GRS 1980"",6378137,298.257222101,AUTHORITY[""EPSG"",""7019""]],AUTHORITY[""EPSG"",""1116""]],PRIMEM[""Greenwich"",0,AUTHORITY[""EPSG"",""8901""]],UNIT[""degree"",0.0174532925199433,AUTHORITY[""EPSG"",""9122""]],AUTHORITY[""EPSG"",""6318""]],PROJECTION[""Albers_Conic_Equal_Area""],PARAMETER[""standard_parallel_1"",29.5],PARAMETER[""standard_parallel_2"",45.5],PARAMETER[""latitude_of_center"",23],PARAMETER[""longitude_of_center"",-96],PARAMETER[""false_easting"",0],PARAMETER[""false_northing"",0],UNIT[""meter"",1,AUTHORITY[""EPSG"",""9001""]],AXIS[""X"",EAST],AXIS[""Y"",NORTH],AUTHORITY[""EPSG"",""6350""]],VERT_CS[""NAVD88 height - Geoid12B (m)"",VERT_DATUM[""North American Vertical Datum 1988"",2005,AUTHORITY[""EPSG"",""5103""]],UNIT[""meter"",1,AUTHORITY[""EPSG"",""9001""]],AXIS[""Up"",UP],AUTHORITY[""EPSG"",""5703""]]]",0.6357421875,0.8135528564453125,12.269158363342285,0.0,False,Gladstone_122;Gladstone_123;Gladstone_207,BurnWJ2012g,accept,
USGS_LPC_OR_OLCMetro_2019_A19_w2051n2779_r000000_c000384,train,positive_interior,USGS_LPC_OR_OLCMetro_2019_A19_w2051n2779.laz,D:\LIDAR\oregon\oregon_lidar_pilot\USGS_LPC_OR_OLCMetro_2019_A19_w2051n2779.laz,patches\train\USGS_LPC_OR_OLCMetro_2019_A19_w2051n2779_r000000_c000384.npz,0,384,-2050616.0,2779744.0,-2050360.0,2780000.0,"COMPD_CS[""NAD83(2011) / Conus Albers + NAVD88 height - Geoid12B (m)"",PROJCS[""NAD83(2011) / Conus Albers"",GEOGCS[""NAD83(2011)"",DATUM[""NAD83 (National Spatial Reference System 2011)"",SPHEROID[""GRS 1980"",6378137,298.257222101,AUTHORITY[""EPSG"",""7019""]],AUTHORITY[""EPSG"",""1116""]],PRIMEM[""Greenwich"",0,AUTHORITY[""EPSG"",""8901""]],UNIT[""degree"",0.0174532925199433,AUTHORITY[""EPSG"",""9122""]],AUTHORITY[""EPSG"",""6318""]],PROJECTION[""Albers_Conic_Equal_Area""],PARAMETER[""standard_parallel_1"",29.5],PARAMETER[""standard_parallel_2"",45.5],PARAMETER[""latitude_of_center"",23],PARAMETER[""longitude_of_center"",-96],PARAMETER[""false_easting"",0],PARAMETER[""false_northing"",0],UNIT[""meter"",1,AUTHORITY[""EPSG"",""9001""]],AXIS[""X"",EAST],AXIS[""Y"",NORTH],AUTHORITY[""EPSG"",""6350""]],VERT_CS[""NAVD88 height - Geoid12B (m)"",VERT_DATUM[""North American Vertical Datum 1988"",2005,AUTHORITY[""EPSG"",""5103""]],UNIT[""meter"",1,AUTHORITY[""EPSG"",""9001""]],AXIS[""Up"",UP],AUTHORITY[""EPSG"",""5703""]]]",0.5460662841796875,0.7025604248046875,15.111062049865723,0.0,False,Gladstone_122;Gladstone_123;Gladstone_207,BurnWJ2012g,accept,
USGS_LPC_OR_OLCMetro_2019_A19_w2051n2779_r000000_c000512,train,positive_interior,USGS_LPC_OR_OLCMetro_2019_A19_w2051n2779.laz,D:\LIDAR\oregon\oregon_lidar_pilot\USGS_LPC_OR_OLCMetro_2019_A19_w2051n2779.laz,patches\train\USGS_LPC_OR_OLCMetro_2019_A19_w2051n2779_r000000_c000512.npz,0,512,-2050488.0,2779744.0,-2050232.0,2780000.0,"COMPD_CS[""NAD83(2011) / Conus Albers + NAVD88 height - Geoid12B (m)"",PROJCS[""NAD83(2011) / Conus Albers"",GEOGCS[""NAD83(2011)"",DATUM[""NAD83 (National Spatial Reference System 2011)"",SPHEROID[""GRS 1980"",6378137,298.257222101,AUTHORITY[""EPSG"",""7019""]],AUTHORITY[""EPSG"",""1116""]],PRIMEM[""Greenwich"",0,AUTHORITY[""EPSG"",""8901""]],UNIT[""degree"",0.0174532925199433,AUTHORITY[""EPSG"",""9122""]],AUTHORITY[""EPSG"",""6318""]],PROJECTION[""Albers_Conic_Equal_Area""],PARAMETER[""standard_parallel_1"",29.5],PARAMETER[""standard_parallel_2"",45.5],PARAMETER[""latitude_of_center"",23],PARAMETER[""longitude_of_center"",-96],PARAMETER[""false_easting"",0],PARAMETER[""false_northing"",0],UNIT[""meter"",1,AUTHORITY[""EPSG"",""9001""]],AXIS[""X"",EAST],AXIS[""Y"",NORTH],AUTHORITY[""EPSG"",""6350""]],VERT_CS[""NAVD88 height - Geoid12B (m)"",VERT_DATUM[""North American Vertical Datum 1988"",2005,AUTHORITY[""EPSG"",""5103""]],UNIT[""meter"",1,AUTHORITY[""EPSG"",""9001""]],AXIS[""Up"",UP],AUTHORITY[""EPSG"",""5703""]]]",0.1502227783203125,0.6484222412109375,14.820796012878418,0.0,False,Gladstone_122;Gladstone_123;Gladstone_207,BurnWJ2012g,accept,
USGS_LPC_OR_OLCMetro_2019_A19_w2051n2779_r000128_c000128,train,positive_boundary,USGS_LPC_OR_OLCMetro_2019_A19_w2051n2779.laz,D:\LIDAR\oregon\oregon_lidar_pilot\USGS_LPC_OR_OLCMetro_2019_A19_w2051n2779.laz,patches\train\USGS_LPC_OR_OLCMetro_2019_A19_w2051n2779_r000128_c000128.npz,128,128,-2050872.0,2779616.0,-2050616.0,2779872.0,"COMPD_CS[""NAD83(2011) / Conus Albers + NAVD88 height - Geoid12B (m)"",PROJCS[""NAD83(2011) / Conus Albers"",GEOGCS[""NAD83(2011)"",DATUM[""NAD83 (National Spatial Reference System 2011)"",SPHEROID[""GRS 1980"",6378137,298.257222101,AUTHORITY[""EPSG"",""7019""]],AUTHORITY[""EPSG"",""1116""]],PRIMEM[""Greenwich"",0,AUTHORITY[""EPSG"",""8901""]],UNIT[""degree"",0.0174532925199433,AUTHORITY[""EPSG"",""9122""]],AUTHORITY[""EPSG"",""6318""]],PROJECTION[""Albers_Conic_Equal_Area""],PARAMETER[""standard_parallel_1"",29.5],PARAMETER[""standard_parallel_2"",45.5],PARAMETER[""latitude_of_center"",23],PARAMETER[""longitude_of_center"",-96],PARAMETER[""false_easting"",0],PARAMETER[""false_northing"",0],UNIT[""meter"",1,AUTHORITY[""EPSG"",""9001""]],AXIS[""X"",EAST],AXIS[""Y"",NORTH],AUTHORITY[""EPSG"",""6350""]],VERT_CS[""NAVD88 height - Geoid12B (m)"",VERT_DATUM[""North American Vertical Datum 1988"",2005,AUTHORITY[""EPSG"",""5103""]],UNIT[""meter"",1,AUTHORITY[""EPSG"",""9001""]],AXIS[""Up"",UP],AUTHORITY[""EPSG"",""5703""]]]",0.01177978515625,0.756591796875,3.600247859954834,0.0,False,Gladstone_122;Gladstone_123;Gladstone_207,BurnWJ2012g,reject_engineered_landform,road
USGS_LPC_OR_OLCMetro_2019_A19_w2051n2779_r000128_c000256,train,positive_interior,USGS_LPC_OR_OLCMetro_2019_A19_w2051n2779.laz,D:\LIDAR\oregon\oregon_lidar_pilot\USGS_LPC_OR_OLCMetro_2019_A19_w2051n2779.laz,patches\train\USGS_LPC_OR_OLCMetro_2019_A19_w2051n2779_r000128_c000256.npz,128,256,-2050744.0,2779616.0,-2050488.0,2779872.0,"COMPD_CS[""NAD83(2011) / Conus Albers + NAVD88 height - Geoid12B (m)"",PROJCS[""NAD83(2011) / Conus Albers"",GEOGCS[""NAD83(2011)"",DATUM[""NAD83 (National Spatial Reference System 2011)"",SPHEROID[""GRS 1980"",6378137,298.257222101,AUTHORITY[""EPSG"",""7019""]],AUTHORITY[""EPSG"",""1116""]],PRIMEM[""Greenwich"",0,AUTHORITY[""EPSG"",""8901""]],UNIT[""degree"",0.0174532925199433,AUTHORITY[""EPSG"",""9122""]],AUTHORITY[""EPSG"",""6318""]],PROJECTION[""Albers_Conic_Equal_Area""],PARAMETER[""standard_parallel_1"",29.5],PARAMETER[""standard_parallel_2"",45.5],PARAMETER[""latitude_of_center"",23],PARAMETER[""longitude_of_center"",-96],PARAMETER[""false_easting"",0],PARAMETER[""false_northing"",0],UNIT[""meter"",1,AUTHORITY[""EPSG"",""9001""]],AXIS[""X"",EAST],AXIS[""Y"",NORTH],AUTHORITY[""EPSG"",""6350""]],VERT_CS[""NAVD88 height - Geoid12B (m)"",VERT_DATUM[""North American Vertical Datum 1988"",2005,AUTHORITY[""EPSG"",""5103""]],UNIT[""meter"",1,AUTHORITY[""EPSG"",""9001""]],AXIS[""Up"",UP],AUTHORITY[""EPSG"",""5703""]]]",0.162628173828125,0.902740478515625,6.266298770904541,0.0,False,Gladstone_122;Gladstone_123;Gladstone_207,BurnWJ2012g,reject_engineered_landform,
USGS_LPC_OR_OLCMetro_2019_A19_w2051n2779_r000128_c000384,train,positive_interior,USGS_LPC_OR_OLCMetro_2019_A19_w2051n2779.laz,D:\LIDAR\oregon\oregon_lidar_pilot\USGS_LPC_OR_OLCMetro_2019_A19_w2051n2779.laz,patches\train\USGS_LPC_OR_OLCMetro_2019_A19_w2051n2779_r000128_c000384.npz,128,384,-2050616.0,2779616.0,-2050360.0,2779872.0,"COMPD_CS[""NAD83(2011) / Conus Albers + NAVD88 height - Geoid12B (m)"",PROJCS[""NAD83(2011) / Conus Albers"",GEOGCS[""NAD83(2011)"",DATUM[""NAD83 (National Spatial Reference System 2011)"",SPHEROID[""GRS 1980"",6378137,298.257222101,AUTHORITY[""EPSG"",""7019""]],AUTHORITY[""EPSG"",""1116""]],PRIMEM[""Greenwich"",0,AUTHORITY[""EPSG"",""8901""]],UNIT[""degree"",0.0174532925199433,AUTHORITY[""EPSG"",""9122""]],AUTHORITY[""EPSG"",""6318""]],PROJECTION[""Albers_Conic_Equal_Area""],PARAMETER[""standard_parallel_1"",29.5],PARAMETER[""standard_parallel_2"",45.5],PARAMETER[""latitude_of_center"",23],PARAMETER[""longitude_of_center"",-96],PARAMETER[""false_easting"",0],PARAMETER[""false_northing"",0],UNIT[""meter"",1,AUTHORITY[""EPSG"",""9001""]],AXIS[""X"",EAST],AXIS[""Y"",NORTH],AUTHORITY[""EPSG"",""6350""]],VERT_CS[""NAVD88 height - Geoid12B (m)"",VERT_DATUM[""North American Vertical Datum 1988"",2005,AUTHORITY[""EPSG"",""5103""]],UNIT[""meter"",1,AUTHORITY[""EPSG"",""9001""]],AXIS[""Up"",UP],AUTHORITY[""EPSG"",""5703""]]]",0.2641143798828125,0.82049560546875,10.948107719421387,0.0,False,Gladstone_122;Gladstone_123;Gladstone_207,BurnWJ2012g,accept,
USGS_LPC_OR_OLCMetro_2019_A19_w2051n2779_r000128_c000512,train,positive_interior,USGS_LPC_OR_OLCMetro_2019_A19_w2051n2779.laz,D:\LIDAR\oregon\oregon_lidar_pilot\USGS_LPC_OR_OLCMetro_2019_A19_w2051n2779.laz,patches\train\USGS_LPC_OR_OLCMetro_2019_A19_w2051n2779_r000128_c000512.npz,128,512,-2050488.0,2779616.0,-2050232.0,2779872.0,"COMPD_CS[""NAD83(2011) / Conus Albers + NAVD88 height - Geoid12B (m)"",PROJCS[""NAD83(2011) / Conus Albers"",GEOGCS[""NAD83(2011)"",DATUM[""NAD83 (National Spatial Reference System 2011)"",SPHEROID[""GRS 1980"",6378137,298.257222101,AUTHORITY[""EPSG"",""7019""]],AUTHORITY[""EPSG"",""1116""]],PRIMEM[""Greenwich"",0,AUTHORITY[""EPSG"",""8901""]],UNIT[""degree"",0.0174532925199433,AUTHORITY[""EPSG"",""9122""]],AUTHORITY[""EPSG"",""6318""]],PROJECTION[""Albers_Conic_Equal_Area""],PARAMETER[""standard_parallel_1"",29.5],PARAMETER[""standard_parallel_2"",45.5],PARAMETER[""latitude_of_center"",23],PARAMETER[""longitude_of_center"",-96],PARAMETER[""false_easting"",0],PARAMETER[""false_northing"",0],UNIT[""meter"",1,AUTHORITY[""EPSG"",""9001""]],AXIS[""X"",EAST],AXIS[""Y"",NORTH],AUTHORITY[""EPSG"",""6350""]],VERT_CS[""NAVD88 height - Geoid12B (m)"",VERT_DATUM[""North American Vertical Datum 1988"",2005,AUTHORITY[""EPSG"",""5103""]],UNIT[""meter"",1,AUTHORITY[""EPSG"",""9001""]],AXIS[""Up"",UP],AUTHORITY[""EPSG"",""5703""]]]",0.1132659912109375,0.68475341796875,13.91836166381836,0.0,False,Gladstone_122;Gladstone_123;Gladstone_207,BurnWJ2012g,accept,
USGS_LPC_OR_OLCMetro_2019_A19_w2051n2779_r000128_c000640,train,positive_boundary,USGS_LPC_OR_OLCMetro_2019_A19_w2051n2779.laz,D:\LIDAR\oregon\oregon_lidar_pilot\USGS_LPC_OR_OLCMetro_2019_A19_w2051n2779.laz,patches\train\USGS_LPC_OR_OLCMetro_2019_A19_w2051n2779_r000128_c000640.npz,128,640,-2050360.0,2779616.0,-2050104.0,2779872.0,"COMPD_CS[""NAD83(2011) / Conus Albers + NAVD88 height - Geoid12B (m)"",PROJCS[""NAD83(2011) / Conus Albers"",GEOGCS[""NAD83(2011)"",DATUM[""NAD83 (National Spatial Reference System 2011)"",SPHEROID[""GRS 1980"",6378137,298.257222101,AUTHORITY[""EPSG"",""7019""]],AUTHORITY[""EPSG"",""1116""]],PRIMEM[""Greenwich"",0,AUTHORITY[""EPSG"",""8901""]],UNIT[""degree"",0.0174532925199433,AUTHORITY[""EPSG"",""9122""]],AUTHORITY[""EPSG"",""6318""]],PROJECTION[""Albers_Conic_Equal_Area""],PARAMETER[""standard_parallel_1"",29.5],PARAMETER[""standard_parallel_2"",45.5],PARAMETER[""latitude_of_center"",23],PARAMETER[""longitude_of_center"",-96],PARAMETER[""false_easting"",0],PARAMETER[""false_northing"",0],UNIT[""meter"",1,AUTHORITY[""EPSG"",""9001""]],AXIS[""X"",EAST],AXIS[""Y"",NORTH],AUTHORITY[""EPSG"",""6350""]],VERT_CS[""NAVD88 height - Geoid12B (m)"",VERT_DATUM[""North American Vertical Datum 1988"",2005,AUTHORITY[""EPSG"",""5103""]],UNIT[""meter"",1,AUTHORITY[""EPSG"",""9001""]],AXIS[""Up"",UP],AUTHORITY[""EPSG"",""5703""]]]",0.011566162109375,0.665496826171875,14.935772895812988,0.0,False,Gladstone_122;Gladstone_123;Gladstone_207,BurnWJ2012g,accept,
USGS_LPC_OR_OLCMetro_2019_A19_w2051n2779_r000256_c000000,train,negative,USGS_LPC_OR_OLCMetro_2019_A19_w2051n2779.laz,D:\LIDAR\oregon\oregon_lidar_pilot\USGS_LPC_OR_OLCMetro_2019_A19_w2051n2779.laz,patches\train\USGS_LPC_OR_OLCMetro_2019_A19_w2051n2779_r000256_c000000.npz,256,0,-2051000.0,2779488.0,-2050744.0,2779744.0,"COMPD_CS[""NAD83(2011) / Conus Albers + NAVD88 height - Geoid12B (m)"",PROJCS[""NAD83(2011) / Conus Albers"",GEOGCS[""NAD83(2011)"",DATUM[""NAD83 (National Spatial Reference System 2011)"",SPHEROID[""GRS 1980"",6378137,298.257222101,AUTHORITY[""EPSG"",""7019""]],AUTHORITY[""EPSG"",""1116""]],PRIMEM[""Greenwich"",0,AUTHORITY[""EPSG"",""8901""]],UNIT[""degree"",0.0174532925199433,AUTHORITY[""EPSG"",""9122""]],AUTHORITY[""EPSG"",""6318""]],PROJECTION[""Albers_Conic_Equal_Area""],PARAMETER[""standard_parallel_1"",29.5],PARAMETER[""standard_parallel_2"",45.5],PARAMETER[""latitude_of_center"",23],PARAMETER[""longitude_of_center"",-96],PARAMETER[""false_easting"",0],PARAMETER[""false_northing"",0],UNIT[""meter"",1,AUTHORITY[""EPSG"",""9001""]],AXIS[""X"",EAST],AXIS[""Y"",NORTH],AUTHORITY[""EPSG"",""6350""]],VERT_CS[""NAVD88 height - Geoid12B (m)"",VERT_DATUM[""North American Vertical Datum 1988"",2005,AUTHORITY[""EPSG"",""5103""]],UNIT[""meter"",1,AUTHORITY[""EPSG"",""9001""]],AXIS[""Up"",UP],AUTHORITY[""EPSG"",""5703""]]]",0.0,0.5496063232421875,2.3013691902160645,139.46325680981354,False,Gladstone_122;Gladstone_123;Gladstone_207,BurnWJ2012g,reject_engineered_landform,
USGS_LPC_OR_OLCMetro_2019_A19_w2051n2779_r000256_c000128,train,negative,USGS_LPC_OR_OLCMetro_2019_A19_w2051n2779.laz,D:\LIDAR\oregon\oregon_lidar_pilot\USGS_LPC_OR_OLCMetro_2019_A19_w2051n2779.laz,patches\train\USGS_LPC_OR_OLCMetro_2019_A19_w2051n2779_r000256_c000128.npz,256,128,-2050872.0,2779488.0,-2050616.0,2779744.0,"COMPD_CS[""NAD83(2011) / Conus Albers + NAVD88 height - Geoid12B (m)"",PROJCS[""NAD83(2011) / Conus Albers"",GEOGCS[""NAD83(2011)"",DATUM[""NAD83 (National Spatial Reference System 2011)"",SPHEROID[""GRS 1980"",6378137,298.257222101,AUTHORITY[""EPSG"",""7019""]],AUTHORITY[""EPSG"",""1116""]],PRIMEM[""Greenwich"",0,AUTHORITY[""EPSG"",""8901""]],UNIT[""degree"",0.0174532925199433,AUTHORITY[""EPSG"",""9122""]],AUTHORITY[""EPSG"",""6318""]],PROJECTION[""Albers_Conic_Equal_Area""],PARAMETER[""standard_parallel_1"",29.5],PARAMETER[""standard_parallel_2"",45.5],PARAMETER[""latitude_of_center"",23],PARAMETER[""longitude_of_center"",-96],PARAMETER[""false_easting"",0],PARAMETER[""false_northing"",0],UNIT[""meter"",1,AUTHORITY[""EPSG"",""9001""]],AXIS[""X"",EAST],AXIS[""Y"",NORTH],AUTHORITY[""EPSG"",""6350""]],VERT_CS[""NAVD88 height - Geoid12B (m)"",VERT_DATUM[""North American Vertical Datum 1988"",2005,AUTHORITY[""EPSG"",""5103""]],UNIT[""meter"",1,AUTHORITY[""EPSG"",""9001""]],AXIS[""Up"",UP],AUTHORITY[""EPSG"",""5703""]]]",0.0,0.5922393798828125,2.3653087615966797,78.74642849044012,False,Gladstone_122;Gladstone_123;Gladstone_207,BurnWJ2012g,reject_engineered_landform,
USGS_LPC_OR_OLCMetro_2019_A19_w2051n2779_r000256_c000384,train,positive_boundary,USGS_LPC_OR_OLCMetro_2019_A19_w2051n2779.laz,D:\LIDAR\oregon\oregon_lidar_pilot\USGS_LPC_OR_OLCMetro_2019_A19_w2051n2779.laz,patches\train\USGS_LPC_OR_OLCMetro_2019_A19_w2051n2779_r000256_c000384.npz,256,384,-2050616.0,2779488.0,-2050360.0,2779744.0,"COMPD_CS[""NAD83(2011) / Conus Albers + NAVD88 height - Geoid12B (m)"",PROJCS[""NAD83(2011) / Conus Albers"",GEOGCS[""NAD83(2011)"",DATUM[""NAD83 (National Spatial Reference System 2011)"",SPHEROID[""GRS 1980"",6378137,298.257222101,AUTHORITY[""EPSG"",""7019""]],AUTHORITY[""EPSG"",""1116""]],PRIMEM[""Greenwich"",0,AUTHORITY[""EPSG"",""8901""]],UNIT[""degree"",0.0174532925199433,AUTHORITY[""EPSG"",""9122""]],AUTHORITY[""EPSG"",""6318""]],PROJECTION[""Albers_Conic_Equal_Area""],PARAMETER[""standard_parallel_1"",29.5],PARAMETER[""standard_parallel_2"",45.5],PARAMETER[""latitude_of_center"",23],PARAMETER[""longitude_of_center"",-96],PARAMETER[""false_easting"",0],PARAMETER[""false_northing"",0],UNIT[""meter"",1,AUTHORITY[""EPSG"",""9001""]],AXIS[""X"",EAST],AXIS[""Y"",NORTH],AUTHORITY[""EPSG"",""6350""]],VERT_CS[""NAVD88 height - Geoid12B (m)"",VERT_DATUM[""North American Vertical Datum 1988"",2005,AUTHORITY[""EPSG"",""5103""]],UNIT[""meter"",1,AUTHORITY[""EPSG"",""9001""]],AXIS[""Up"",UP],AUTHORITY[""EPSG"",""5703""]]]",0.04254150390625,0.8485107421875,5.117176532745361,0.0,False,Gladstone_122;Gladstone_123;Gladstone_207,BurnWJ2012g,reject_engineered_landform,
USGS_LPC_OR_OLCMetro_2019_A19_w2051n2779_r000256_c000512,train,positive_boundary,USGS_LPC_OR_OLCMetro_2019_A19_w2051n2779.laz,D:\LIDAR\oregon\oregon_lidar_pilot\USGS_LPC_OR_OLCMetro_2019_A19_w2051n2779.laz,patches\train\USGS_LPC_OR_OLCMetro_2019_A19_w2051n2779_r000256_c000512.npz,256,512,-2050488.0,2779488.0,-2050232.0,2779744.0,"COMPD_CS[""NAD83(2011) / Conus Albers + NAVD88 height - Geoid12B (m)"",PROJCS[""NAD83(2011) / Conus Albers"",GEOGCS[""NAD83(2011)"",DATUM[""NAD83 (National Spatial Reference System 2011)"",SPHEROID[""GRS 1980"",6378137,298.257222101,AUTHORITY[""EPSG"",""7019""]],AUTHORITY[""EPSG"",""1116""]],PRIMEM[""Greenwich"",0,AUTHORITY[""EPSG"",""8901""]],UNIT[""degree"",0.0174532925199433,AUTHORITY[""EPSG"",""9122""]],AUTHORITY[""EPSG"",""6318""]],PROJECTION[""Albers_Conic_Equal_Area""],PARAMETER[""standard_parallel_1"",29.5],PARAMETER[""standard_parallel_2"",45.5],PARAMETER[""latitude_of_center"",23],PARAMETER[""longitude_of_center"",-96],PARAMETER[""false_easting"",0],PARAMETER[""false_northing"",0],UNIT[""meter"",1,AUTHORITY[""EPSG"",""9001""]],AXIS[""X"",EAST],AXIS[""Y"",NORTH],AUTHORITY[""EPSG"",""6350""]],VERT_CS[""NAVD88 height - Geoid12B (m)"",VERT_DATUM[""North American Vertical Datum 1988"",2005,AUTHORITY[""EPSG"",""5103""]],UNIT[""meter"",1,AUTHORITY[""EPSG"",""9001""]],AXIS[""Up"",UP],AUTHORITY[""EPSG"",""5703""]]]",0.03753662109375,0.7760009765625,7.680719375610352,0.0,False,Gladstone_122;Gladstone_123;Gladstone_207,BurnWJ2012g,reject_engineered_landform,
USGS_LPC_OR_OLCMetro_2019_A19_w2051n2779_r000256_c000640,train,positive_boundary,USGS_LPC_OR_OLCMetro_2019_A19_w2051n2779.laz,D:\LIDAR\oregon\oregon_lidar_pilot\USGS_LPC_OR_OLCMetro_2019_A19_w2051n2779.laz,patches\train\USGS_LPC_OR_OLCMetro_2019_A19_w2051n2779_r000256_c000640.npz,256,640,-2050360.0,2779488.0,-2050104.0,2779744.0,"COMPD_CS[""NAD83(2011) / Conus Albers + NAVD88 height - Geoid12B (m)"",PROJCS[""NAD83(2011) / Conus Albers"",GEOGCS[""NAD83(2011)"",DATUM[""NAD83 (National Spatial Reference System 2011)"",SPHEROID[""GRS 1980"",6378137,298.257222101,AUTHORITY[""EPSG"",""7019""]],AUTHORITY[""EPSG"",""1116""]],PRIMEM[""Greenwich"",0,AUTHORITY[""EPSG"",""8901""]],UNIT[""degree"",0.0174532925199433,AUTHORITY[""EPSG"",""9122""]],AUTHORITY[""EPSG"",""6318""]],PROJECTION[""Albers_Conic_Equal_Area""],PARAMETER[""standard_parallel_1"",29.5],PARAMETER[""standard_parallel_2"",45.5],PARAMETER[""latitude_of_center"",23],PARAMETER[""longitude_of_center"",-96],PARAMETER[""false_easting"",0],PARAMETER[""false_northing"",0],UNIT[""meter"",1,AUTHORITY[""EPSG"",""9001""]],AXIS[""X"",EAST],AXIS[""Y"",NORTH],AUTHORITY[""EPSG"",""6350""]],VERT_CS[""NAVD88 height - Geoid12B (m)"",VERT_DATUM[""North American Vertical Datum 1988"",2005,AUTHORITY[""EPSG"",""5103""]],UNIT[""meter"",1,AUTHORITY[""EPSG"",""9001""]],AXIS[""Up"",UP],AUTHORITY[""EPSG"",""5703""]]]",0.011566162109375,0.7659759521484375,10.931543350219727,0.0,False,Gladstone_122;Gladstone_123;Gladstone_207,BurnWJ2012g,reject_engineered_landform,
USGS_LPC_OR_OLCMetro_2019_A19_w2051n2779_r000384_c000000,train,negative,USGS_LPC_OR_OLCMetro_2019_A19_w2051n2779.laz,D:\LIDAR\oregon\oregon_lidar_pilot\USGS_LPC_OR_OLCMetro_2019_A19_w2051n2779.laz,patches\train\USGS_LPC_OR_OLCMetro_2019_A19_w2051n2779_r000384_c000000.npz,384,0,-2051000.0,2779360.0,-2050744.0,2779616.0,"COMPD_CS[""NAD83(2011) / Conus Albers + NAVD88 height - Geoid12B (m)"",PROJCS[""NAD83(2011) / Conus Albers"",GEOGCS[""NAD83(2011)"",DATUM[""NAD83 (National Spatial Reference System 2011)"",SPHEROID[""GRS 1980"",6378137,298.257222101,AUTHORITY[""EPSG"",""7019""]],AUTHORITY[""EPSG"",""1116""]],PRIMEM[""Greenwich"",0,AUTHORITY[""EPSG"",""8901""]],UNIT[""degree"",0.0174532925199433,AUTHORITY[""EPSG"",""9122""]],AUTHORITY[""EPSG"",""6318""]],PROJECTION[""Albers_Conic_Equal_Area""],PARAMETER[""standard_parallel_1"",29.5],PARAMETER[""standard_parallel_2"",45.5],PARAMETER[""latitude_of_center"",23],PARAMETER[""longitude_of_center"",-96],PARAMETER[""false_easting"",0],PARAMETER[""false_northing"",0],UNIT[""meter"",1,AUTHORITY[""EPSG"",""9001""]],AXIS[""X"",EAST],AXIS[""Y"",NORTH],AUTHORITY[""EPSG"",""6350""]],VERT_CS[""NAVD88 height - Geoid12B (m)"",VERT_DATUM[""North American Vertical Datum 1988"",2005,AUTHORITY[""EPSG"",""5103""]],UNIT[""meter"",1,AUTHORITY[""EPSG"",""9001""]],AXIS[""Up"",UP],AUTHORITY[""EPSG"",""5703""]]]",0.0,0.692840576171875,2.6312992572784424,253.73411280314676,False,Gladstone_122;Gladstone_123;Gladstone_207,BurnWJ2012g,reject_engineered_landform,
USGS_LPC_OR_OLCMetro_2019_A19_w2051n2779_r000384_c000128,train,negative,USGS_LPC_OR_OLCMetro_2019_A19_w2051n2779.laz,D:\LIDAR\oregon\oregon_lidar_pilot\USGS_LPC_OR_OLCMetro_2019_A19_w2051n2779.laz,patches\train\USGS_LPC_OR_OLCMetro_2019_A19_w2051n2779_r000384_c000128.npz,384,128,-2050872.0,2779360.0,-2050616.0,2779616.0,"COMPD_CS[""NAD83(2011) / Conus Albers + NAVD88 height - Geoid12B (m)"",PROJCS[""NAD83(2011) / Conus Albers"",GEOGCS[""NAD83(2011)"",DATUM[""NAD83 (National Spatial Reference System 2011)"",SPHEROID[""GRS 1980"",6378137,298.257222101,AUTHORITY[""EPSG"",""7019""]],AUTHORITY[""EPSG"",""1116""]],PRIMEM[""Greenwich"",0,AUTHORITY[""EPSG"",""8901""]],UNIT[""degree"",0.0174532925199433,AUTHORITY[""EPSG"",""9122""]],AUTHORITY[""EPSG"",""6318""]],PROJECTION[""Albers_Conic_Equal_Area""],PARAMETER[""standard_parallel_1"",29.5],PARAMETER[""standard_parallel_2"",45.5],PARAMETER[""latitude_of_center"",23],PARAMETER[""longitude_of_center"",-96],PARAMETER[""false_easting"",0],PARAMETER[""false_northing"",0],UNIT[""meter"",1,AUTHORITY[""EPSG"",""9001""]],AXIS[""X"",EAST],AXIS[""Y"",NORTH],AUTHORITY[""EPSG"",""6350""]],VERT_CS[""NAVD88 height - Geoid12B (m)"",VERT_DATUM[""North American Vertical Datum 1988"",2005,AUTHORITY[""EPSG"",""5103""]],UNIT[""meter"",1,AUTHORITY[""EPSG"",""9001""]],AXIS[""Up"",UP],AUTHORITY[""EPSG"",""5703""]]]",0.0,0.6614837646484375,2.652804374694824,134.33167906342868,False,Gladstone_122;Gladstone_123;Gladstone_207,BurnWJ2012g,reject_engineered_landform,
USGS_LPC_OR_OLCMetro_2019_A19_w2051n2779_r000384_c000256,train,negative,USGS_LPC_OR_OLCMetro_2019_A19_w2051n2779.laz,D:\LIDAR\oregon\oregon_lidar_pilot\USGS_LPC_OR_OLCMetro_2019_A19_w2051n2779.laz,patches\train\USGS_LPC_OR_OLCMetro_2019_A19_w2051n2779_r000384_c000256.npz,384,256,-2050744.0,2779360.0,-2050488.0,2779616.0,"COMPD_CS[""NAD83(2011) / Conus Albers + NAVD88 height - Geoid12B (m)"",PROJCS[""NAD83(2011) / Conus Albers"",GEOGCS[""NAD83(2011)"",DATUM[""NAD83 (National Spatial Reference System 2011)"",SPHEROID[""GRS 1980"",6378137,298.257222101,AUTHORITY[""EPSG"",""7019""]],AUTHORITY[""EPSG"",""1116""]],PRIMEM[""Greenwich"",0,AUTHORITY[""EPSG"",""8901""]],UNIT[""degree"",0.0174532925199433,AUTHORITY[""EPSG"",""9122""]],AUTHORITY[""EPSG"",""6318""]],PROJECTION[""Albers_Conic_Equal_Area""],PARAMETER[""standard_parallel_1"",29.5],PARAMETER[""standard_parallel_2"",45.5],PARAMETER[""latitude_of_center"",23],PARAMETER[""longitude_of_center"",-96],PARAMETER[""false_easting"",0],PARAMETER[""false_northing"",0],UNIT[""meter"",1,AUTHORITY[""EPSG"",""9001""]],AXIS[""X"",EAST],AXIS[""Y"",NORTH],AUTHORITY[""EPSG"",""6350""]],VERT_CS[""NAVD88 height - Geoid12B (m)"",VERT_DATUM[""North American Vertical Datum 1988"",2005,AUTHORITY[""EPSG"",""5103""]],UNIT[""meter"",1,AUTHORITY[""EPSG"",""9001""]],AXIS[""Up"",UP],AUTHORITY[""EPSG"",""5703""]]]",0.0,0.7005462646484375,2.187703847885132,57.0701322935211,False,Gladstone_122;Gladstone_123;Gladstone_207,BurnWJ2012g,reject_engineered_landform,
USGS_LPC_OR_OLCMetro_2019_A19_w2051n2779_r000384_c000384,train,negative,USGS_LPC_OR_OLCMetro_2019_A19_w2051n2779.laz,D:\LIDAR\oregon\oregon_lidar_pilot\USGS_LPC_OR_OLCMetro_2019_A19_w2051n2779.laz,patches\train\USGS_LPC_OR_OLCMetro_2019_A19_w2051n2779_r000384_c000384.npz,384,384,-2050616.0,2779360.0,-2050360.0,2779616.0,"COMPD_CS[""NAD83(2011) / Conus Albers + NAVD88 height - Geoid12B (m)"",PROJCS[""NAD83(2011) / Conus Albers"",GEOGCS[""NAD83(2011)"",DATUM[""NAD83 (National Spatial Reference System 2011)"",SPHEROID[""GRS 1980"",6378137,298.257222101,AUTHORITY[""EPSG"",""7019""]],AUTHORITY[""EPSG"",""1116""]],PRIMEM[""Greenwich"",0,AUTHORITY[""EPSG"",""8901""]],UNIT[""degree"",0.0174532925199433,AUTHORITY[""EPSG"",""9122""]],AUTHORITY[""EPSG"",""6318""]],PROJECTION[""Albers_Conic_Equal_Area""],PARAMETER[""standard_parallel_1"",29.5],PARAMETER[""standard_parallel_2"",45.5],PARAMETER[""latitude_of_center"",23],PARAMETER[""longitude_of_center"",-96],PARAMETER[""false_easting"",0],PARAMETER[""false_northing"",0],UNIT[""meter"",1,AUTHORITY[""EPSG"",""9001""]],AXIS[""X"",EAST],AXIS[""Y"",NORTH],AUTHORITY[""EPSG"",""6350""]],VERT_CS[""NAVD88 height - Geoid12B (m)"",VERT_DATUM[""North American Vertical Datum 1988"",2005,AUTHORITY[""EPSG"",""5103""]],UNIT[""meter"",1,AUTHORITY[""EPSG"",""9001""]],AXIS[""Up"",UP],AUTHORITY[""EPSG"",""5703""]]]",0.0,0.7248382568359375,2.1236441135406494,55.0,False,Gladstone_122;Gladstone_123;Gladstone_207,BurnWJ2012g,reject_engineered_landform,
USGS_LPC_OR_OLCMetro_2019_A19_w2051n2779_r000384_c000512,train,negative,USGS_LPC_OR_OLCMetro_2019_A19_w2051n2779.laz,D:\LIDAR\oregon\oregon_lidar_pilot\USGS_LPC_OR_OLCMetro_2019_A19_w2051n2779.laz,patches\train\USGS_LPC_OR_OLCMetro_2019_A19_w2051n2779_r000384_c000512.npz,384,512,-2050488.0,2779360.0,-2050232.0,2779616.0,"COMPD_CS[""NAD83(2011) / Conus Albers + NAVD88 height - Geoid12B (m)"",PROJCS[""NAD83(2011) / Conus Albers"",GEOGCS[""NAD83(2011)"",DATUM[""NAD83 (National Spatial Reference System 2011)"",SPHEROID[""GRS 1980"",6378137,298.257222101,AUTHORITY[""EPSG"",""7019""]],AUTHORITY[""EPSG"",""1116""]],PRIMEM[""Greenwich"",0,AUTHORITY[""EPSG"",""8901""]],UNIT[""degree"",0.0174532925199433,AUTHORITY[""EPSG"",""9122""]],AUTHORITY[""EPSG"",""6318""]],PROJECTION[""Albers_Conic_Equal_Area""],PARAMETER[""standard_parallel_1"",29.5],PARAMETER[""standard_parallel_2"",45.5],PARAMETER[""latitude_of_center"",23],PARAMETER[""longitude_of_center"",-96],PARAMETER[""false_easting"",0],PARAMETER[""false_northing"",0],UNIT[""meter"",1,AUTHORITY[""EPSG"",""9001""]],AXIS[""X"",EAST],AXIS[""Y"",NORTH],AUTHORITY[""EPSG"",""6350""]],VERT_CS[""NAVD88 height - Geoid12B (m)"",VERT_DATUM[""North American Vertical Datum 1988"",2005,AUTHORITY[""EPSG"",""5103""]],UNIT[""meter"",1,AUTHORITY[""EPSG"",""9001""]],AXIS[""Up"",UP],AUTHORITY[""EPSG"",""5703""]]]",0.0,0.784637451171875,2.0321192741394043,55.0,False,Gladstone_122;Gladstone_123;Gladstone_207,BurnWJ2012g,reject_engineered_landform,
USGS_LPC_OR_OLCMetro_2019_A19_w2051n2779_r000384_c000640,train,negative,USGS_LPC_OR_OLCMetro_2019_A19_w2051n2779.laz,D:\LIDAR\oregon\oregon_lidar_pilot\USGS_LPC_OR_OLCMetro_2019_A19_w2051n2779.laz,patches\train\USGS_LPC_OR_OLCMetro_2019_A19_w2051n2779_r000384_c000640.npz,384,640,-2050360.0,2779360.0,-2050104.0,2779616.0,"COMPD_CS[""NAD83(2011) / Conus Albers + NAVD88 height - Geoid12B (m)"",PROJCS[""NAD83(2011) / Conus Albers"",GEOGCS[""NAD83(2011)"",DATUM[""NAD83 (National Spatial Reference System 2011)"",SPHEROID[""GRS 1980"",6378137,298.257222101,AUTHORITY[""EPSG"",""7019""]],AUTHORITY[""EPSG"",""1116""]],PRIMEM[""Greenwich"",0,AUTHORITY[""EPSG"",""8901""]],UNIT[""degree"",0.0174532925199433,AUTHORITY[""EPSG"",""9122""]],AUTHORITY[""EPSG"",""6318""]],PROJECTION[""Albers_Conic_Equal_Area""],PARAMETER[""standard_parallel_1"",29.5],PARAMETER[""standard_parallel_2"",45.5],PARAMETER[""latitude_of_center"",23],PARAMETER[""longitude_of_center"",-96],PARAMETER[""false_easting"",0],PARAMETER[""false_northing"",0],UNIT[""meter"",1,AUTHORITY[""EPSG"",""9001""]],AXIS[""X"",EAST],AXIS[""Y"",NORTH],AUTHORITY[""EPSG"",""6350""]],VERT_CS[""NAVD88 height - Geoid12B (m)"",VERT_DATUM[""North American Vertical Datum 1988"",2005,AUTHORITY[""EPSG"",""5103""]],UNIT[""meter"",1,AUTHORITY[""EPSG"",""9001""]],AXIS[""Up"",UP],AUTHORITY[""EPSG"",""5703""]]]",0.0,0.8416595458984375,3.0297677516937256,58.0,False,Gladstone_122;Gladstone_123;Gladstone_207,BurnWJ2012g,reject_engineered_landform,
USGS_LPC_OR_OLCMetro_2019_A19_w2051n2779_r000512_c000000,train,negative,USGS_LPC_OR_OLCMetro_2019_A19_w2051n2779.laz,D:\LIDAR\oregon\oregon_lidar_pilot\USGS_LPC_OR_OLCMetro_2019_A19_w2051n2779.laz,patches\train\USGS_LPC_OR_OLCMetro_2019_A19_w2051n2779_r000512_c000000.npz,512,0,-2051000.0,2779232.0,-2050744.0,2779488.0,"COMPD_CS[""NAD83(2011) / Conus Albers + NAVD88 height - Geoid12B (m)"",PROJCS[""NAD83(2011) / Conus Albers"",GEOGCS[""NAD83(2011)"",DATUM[""NAD83 (National Spatial Reference System 2011)"",SPHEROID[""GRS 1980"",6378137,298.257222101,AUTHORITY[""EPSG"",""7019""]],AUTHORITY[""EPSG"",""1116""]],PRIMEM[""Greenwich"",0,AUTHORITY[""EPSG"",""8901""]],UNIT[""degree"",0.0174532925199433,AUTHORITY[""EPSG"",""9122""]],AUTHORITY[""EPSG"",""6318""]],PROJECTION[""Albers_Conic_Equal_Area""],PARAMETER[""standard_parallel_1"",29.5],PARAMETER[""standard_parallel_2"",45.5],PARAMETER[""latitude_of_center"",23],PARAMETER[""longitude_of_center"",-96],PARAMETER[""false_easting"",0],PARAMETER[""false_northing"",0],UNIT[""meter"",1,AUTHORITY[""EPSG"",""9001""]],AXIS[""X"",EAST],AXIS[""Y"",NORTH],AUTHORITY[""EPSG"",""6350""]],VERT_CS[""NAVD88 height - Geoid12B (m)"",VERT_DATUM[""North American Vertical Datum 1988"",2005,AUTHORITY[""EPSG"",""5103""]],UNIT[""meter"",1,AUTHORITY[""EPSG"",""9001""]],AXIS[""Up"",UP],AUTHORITY[""EPSG"",""5703""]]]",0.0,0.6889801025390625,2.3510563373565674,312.50759990758627,False,Gladstone_122;Gladstone_123;Gladstone_207,BurnWJ2012g,reject_engineered_landform,
USGS_LPC_OR_OLCMetro_2019_A19_w2051n2779_r000512_c000128,train,negative,USGS_LPC_OR_OLCMetro_2019_A19_w2051n2779.laz,D:\LIDAR\oregon\oregon_lidar_pilot\USGS_LPC_OR_OLCMetro_2019_A19_w2051n2779.laz,patches\train\USGS_LPC_OR_OLCMetro_2019_A19_w2051n2779_r000512_c000128.npz,512,128,-2050872.0,2779232.0,-2050616.0,2779488.0,"COMPD_CS[""NAD83(2011) / Conus Albers + NAVD88 height - Geoid12B (m)"",PROJCS[""NAD83(2011) / Conus Albers"",GEOGCS[""NAD83(2011)"",DATUM[""NAD83 (National Spatial Reference System 2011)"",SPHEROID[""GRS 1980"",6378137,298.257222101,AUTHORITY[""EPSG"",""7019""]],AUTHORITY[""EPSG"",""1116""]],PRIMEM[""Greenwich"",0,AUTHORITY[""EPSG"",""8901""]],UNIT[""degree"",0.0174532925199433,AUTHORITY[""EPSG"",""9122""]],AUTHORITY[""EPSG"",""6318""]],PROJECTION[""Albers_Conic_Equal_Area""],PARAMETER[""standard_parallel_1"",29.5],PARAMETER[""standard_parallel_2"",45.5],PARAMETER[""latitude_of_center"",23],PARAMETER[""longitude_of_center"",-96],PARAMETER[""false_easting"",0],PARAMETER[""false_northing"",0],UNIT[""meter"",1,AUTHORITY[""EPSG"",""9001""]],AXIS[""X"",EAST],AXIS[""Y"",NORTH],AUTHORITY[""EPSG"",""6350""]],VERT_CS[""NAVD88 height - Geoid12B (m)"",VERT_DATUM[""North American Vertical Datum 1988"",2005,AUTHORITY[""EPSG"",""5103""]],UNIT[""meter"",1,AUTHORITY[""EPSG"",""9001""]],AXIS[""Up"",UP],AUTHORITY[""EPSG"",""5703""]]]",0.0,0.7662811279296875,2.5493481159210205,224.66196829904254,False,Gladstone_122;Gladstone_123;Gladstone_207,BurnWJ2012g,reject_engineered_landform,
USGS_LPC_OR_OLCMetro_2019_A19_w2051n2779_r000512_c000256,train,negative,USGS_LPC_OR_OLCMetro_2019_A19_w2051n2779.laz,D:\LIDAR\oregon\oregon_lidar_pilot\USGS_LPC_OR_OLCMetro_2019_A19_w2051n2779.laz,patches\train\USGS_LPC_OR_OLCMetro_2019_A19_w2051n2779_r000512_c000256.npz,512,256,-2050744.0,2779232.0,-2050488.0,2779488.0,"COMPD_CS[""NAD83(2011) / Conus Albers + NAVD88 height - Geoid12B (m)"",PROJCS[""NAD83(2011) / Conus Albers"",GEOGCS[""NAD83(2011)"",DATUM[""NAD83 (National Spatial Reference System 2011)"",SPHEROID[""GRS 1980"",6378137,298.257222101,AUTHORITY[""EPSG"",""7019""]],AUTHORITY[""EPSG"",""1116""]],PRIMEM[""Greenwich"",0,AUTHORITY[""EPSG"",""8901""]],UNIT[""degree"",0.0174532925199433,AUTHORITY[""EPSG"",""9122""]],AUTHORITY[""EPSG"",""6318""]],PROJECTION[""Albers_Conic_Equal_Area""],PARAMETER[""standard_parallel_1"",29.5],PARAMETER[""standard_parallel_2"",45.5],PARAMETER[""latitude_of_center"",23],PARAMETER[""longitude_of_center"",-96],PARAMETER[""false_easting"",0],PARAMETER[""false_northing"",0],UNIT[""meter"",1,AUTHORITY[""EPSG"",""9001""]],AXIS[""X"",EAST],AXIS[""Y"",NORTH],AUTHORITY[""EPSG"",""6350""]],VERT_CS[""NAVD88 height - Geoid12B (m)"",VERT_DATUM[""North American Vertical Datum 1988"",2005,AUTHORITY[""EPSG"",""5103""]],UNIT[""meter"",1,AUTHORITY[""EPSG"",""9001""]],AXIS[""Up"",UP],AUTHORITY[""EPSG"",""5703""]]]",0.0,0.7551727294921875,2.5142822265625,184.08965207202712,False,Gladstone_122;Gladstone_123;Gladstone_207,BurnWJ2012g,reject_engineered_landform,
USGS_LPC_OR_OLCMetro_2019_A19_w2051n2779_r000512_c000384,train,negative,USGS_LPC_OR_OLCMetro_2019_A19_w2051n2779.laz,D:\LIDAR\oregon\oregon_lidar_pilot\USGS_LPC_OR_OLCMetro_2019_A19_w2051n2779.laz,patches\train\USGS_LPC_OR_OLCMetro_2019_A19_w2051n2779_r000512_c000384.npz,512,384,-2050616.0,2779232.0,-2050360.0,2779488.0,"COMPD_CS[""NAD83(2011) / Conus Albers + NAVD88 height - Geoid12B (m)"",PROJCS[""NAD83(2011) / Conus Albers"",GEOGCS[""NAD83(2011)"",DATUM[""NAD83 (National Spatial Reference System 2011)"",SPHEROID[""GRS 1980"",6378137,298.257222101,AUTHORITY[""EPSG"",""7019""]],AUTHORITY[""EPSG"",""1116""]],PRIMEM[""Greenwich"",0,AUTHORITY[""EPSG"",""8901""]],UNIT[""degree"",0.0174532925199433,AUTHORITY[""EPSG"",""9122""]],AUTHORITY[""EPSG"",""6318""]],PROJECTION[""Albers_Conic_Equal_Area""],PARAMETER[""standard_parallel_1"",29.5],PARAMETER[""standard_parallel_2"",45.5],PARAMETER[""latitude_of_center"",23],PARAMETER[""longitude_of_center"",-96],PARAMETER[""false_easting"",0],PARAMETER[""false_northing"",0],UNIT[""meter"",1,AUTHORITY[""EPSG"",""9001""]],AXIS[""X"",EAST],AXIS[""Y"",NORTH],AUTHORITY[""EPSG"",""6350""]],VERT_CS[""NAVD88 height - Geoid12B (m)"",VERT_DATUM[""North American Vertical Datum 1988"",2005,AUTHORITY[""EPSG"",""5103""]],UNIT[""meter"",1,AUTHORITY[""EPSG"",""9001""]],AXIS[""Up"",UP],AUTHORITY[""EPSG"",""5703""]]]",0.0,0.7489776611328125,2.429983139038086,183.0,False,Gladstone_122;Gladstone_123;Gladstone_207,BurnWJ2012g,reject_engineered_landform,
USGS_LPC_OR_OLCMetro_2019_A19_w2051n2779_r000512_c000512,train,negative,USGS_LPC_OR_OLCMetro_2019_A19_w2051n2779.laz,D:\LIDAR\oregon\oregon_lidar_pilot\USGS_LPC_OR_OLCMetro_2019_A19_w2051n2779.laz,patches\train\USGS_LPC_OR_OLCMetro_2019_A19_w2051n2779_r000512_c000512.npz,512,512,-2050488.0,2779232.0,-2050232.0,2779488.0,"COMPD_CS[""NAD83(2011) / Conus Albers + NAVD88 height - Geoid12B (m)"",PROJCS[""NAD83(2011) / Conus Albers"",GEOGCS[""NAD83(2011)"",DATUM[""NAD83 (National Spatial Reference System 2011)"",SPHEROID[""GRS 1980"",6378137,298.257222101,AUTHORITY[""EPSG"",""7019""]],AUTHORITY[""EPSG"",""1116""]],PRIMEM[""Greenwich"",0,AUTHORITY[""EPSG"",""8901""]],UNIT[""degree"",0.0174532925199433,AUTHORITY[""EPSG"",""9122""]],AUTHORITY[""EPSG"",""6318""]],PROJECTION[""Albers_Conic_Equal_Area""],PARAMETER[""standard_parallel_1"",29.5],PARAMETER[""standard_parallel_2"",45.5],PARAMETER[""latitude_of_center"",23],PARAMETER[""longitude_of_center"",-96],PARAMETER[""false_easting"",0],PARAMETER[""false_northing"",0],UNIT[""meter"",1,AUTHORITY[""EPSG"",""9001""]],AXIS[""X"",EAST],AXIS[""Y"",NORTH],AUTHORITY[""EPSG"",""6350""]],VERT_CS[""NAVD88 height - Geoid12B (m)"",VERT_DATUM[""North American Vertical Datum 1988"",2005,AUTHORITY[""EPSG"",""5103""]],UNIT[""meter"",1,AUTHORITY[""EPSG"",""9001""]],AXIS[""Up"",UP],AUTHORITY[""EPSG"",""5703""]]]",0.0,0.8083648681640625,1.901601791381836,183.0,False,Gladstone_122;Gladstone_123;Gladstone_207,BurnWJ2012g,reject_engineered_landform,
USGS_LPC_OR_OLCMetro_2019_A19_w2051n2779_r000512_c000640,train,negative,USGS_LPC_OR_OLCMetro_2019_A19_w2051n2779.laz,D:\LIDAR\oregon\oregon_lidar_pilot\USGS_LPC_OR_OLCMetro_2019_A19_w2051n2779.laz,patches\train\USGS_LPC_OR_OLCMetro_2019_A19_w2051n2779_r000512_c000640.npz,512,640,-2050360.0,2779232.0,-2050104.0,2779488.0,"COMPD_CS[""NAD83(2011) / Conus Albers + NAVD88 height - Geoid12B (m)"",PROJCS[""NAD83(2011) / Conus Albers"",GEOGCS[""NAD83(2011)"",DATUM[""NAD83 (National Spatial Reference System 2011)"",SPHEROID[""GRS 1980"",6378137,298.257222101,AUTHORITY[""EPSG"",""7019""]],AUTHORITY[""EPSG"",""1116""]],PRIMEM[""Greenwich"",0,AUTHORITY[""EPSG"",""8901""]],UNIT[""degree"",0.0174532925199433,AUTHORITY[""EPSG"",""9122""]],AUTHORITY[""EPSG"",""6318""]],PROJECTION[""Albers_Conic_Equal_Area""],PARAMETER[""standard_parallel_1"",29.5],PARAMETER[""standard_parallel_2"",45.5],PARAMETER[""latitude_of_center"",23],PARAMETER[""longitude_of_center"",-96],PARAMETER[""false_easting"",0],PARAMETER[""false_northing"",0],UNIT[""meter"",1,AUTHORITY[""EPSG"",""9001""]],AXIS[""X"",EAST],AXIS[""Y"",NORTH],AUTHORITY[""EPSG"",""6350""]],VERT_CS[""NAVD88 height - Geoid12B (m)"",VERT_DATUM[""North American Vertical Datum 1988"",2005,AUTHORITY[""EPSG"",""5103""]],UNIT[""meter"",1,AUTHORITY[""EPSG"",""9001""]],AXIS[""Up"",UP],AUTHORITY[""EPSG"",""5703""]]]",0.0,0.8336334228515625,2.088667631149292,186.0,False,Gladstone_122;Gladstone_123;Gladstone_207,BurnWJ2012g,reject_engineered_landform,
USGS_LPC_OR_OLCMetro_2019_A19_w2051n2779_r000640_c000256,train,negative,USGS_LPC_OR_OLCMetro_2019_A19_w2051n2779.laz,D:\LIDAR\oregon\oregon_lidar_pilot\USGS_LPC_OR_OLCMetro_2019_A19_w2051n2779.laz,patches\train\USGS_LPC_OR_OLCMetro_2019_A19_w2051n2779_r000640_c000256.npz,640,256,-2050744.0,2779104.0,-2050488.0,2779360.0,"COMPD_CS[""NAD83(2011) / Conus Albers + NAVD88 height - Geoid12B (m)"",PROJCS[""NAD83(2011) / Conus Albers"",GEOGCS[""NAD83(2011)"",DATUM[""NAD83 (National Spatial Reference System 2011)"",SPHEROID[""GRS 1980"",6378137,298.257222101,AUTHORITY[""EPSG"",""7019""]],AUTHORITY[""EPSG"",""1116""]],PRIMEM[""Greenwich"",0,AUTHORITY[""EPSG"",""8901""]],UNIT[""degree"",0.0174532925199433,AUTHORITY[""EPSG"",""9122""]],AUTHORITY[""EPSG"",""6318""]],PROJECTION[""Albers_Conic_Equal_Area""],PARAMETER[""standard_parallel_1"",29.5],PARAMETER[""standard_parallel_2"",45.5],PARAMETER[""latitude_of_center"",23],PARAMETER[""longitude_of_center"",-96],PARAMETER[""false_easting"",0],PARAMETER[""false_northing"",0],UNIT[""meter"",1,AUTHORITY[""EPSG"",""9001""]],AXIS[""X"",EAST],AXIS[""Y"",NORTH],AUTHORITY[""EPSG"",""6350""]],VERT_CS[""NAVD88 height - Geoid12B (m)"",VERT_DATUM[""North American Vertical Datum 1988"",2005,AUTHORITY[""EPSG"",""5103""]],UNIT[""meter"",1,AUTHORITY[""EPSG"",""9001""]],AXIS[""Up"",UP],AUTHORITY[""EPSG"",""5703""]]]",0.0,0.560150146484375,2.3715667724609375,311.64242329952447,False,Gladstone_122;Gladstone_123;Gladstone_207,BurnWJ2012g,reject_engineered_landform,
USGS_LPC_OR_OLCMetro_2019_A19_w2051n2779_r000640_c000384,train,negative,USGS_LPC_OR_OLCMetro_2019_A19_w2051n2779.laz,D:\LIDAR\oregon\oregon_lidar_pilot\USGS_LPC_OR_OLCMetro_2019_A19_w2051n2779.laz,patches\train\USGS_LPC_OR_OLCMetro_2019_A19_w2051n2779_r000640_c000384.npz,640,384,-2050616.0,2779104.0,-2050360.0,2779360.0,"COMPD_CS[""NAD83(2011) / Conus Albers + NAVD88 height - Geoid12B (m)"",PROJCS[""NAD83(2011) / Conus Albers"",GEOGCS[""NAD83(2011)"",DATUM[""NAD83 (National Spatial Reference System 2011)"",SPHEROID[""GRS 1980"",6378137,298.257222101,AUTHORITY[""EPSG"",""7019""]],AUTHORITY[""EPSG"",""1116""]],PRIMEM[""Greenwich"",0,AUTHORITY[""EPSG"",""8901""]],UNIT[""degree"",0.0174532925199433,AUTHORITY[""EPSG"",""9122""]],AUTHORITY[""EPSG"",""6318""]],PROJECTION[""Albers_Conic_Equal_Area""],PARAMETER[""standard_parallel_1"",29.5],PARAMETER[""standard_parallel_2"",45.5],PARAMETER[""latitude_of_center"",23],PARAMETER[""longitude_of_center"",-96],PARAMETER[""false_easting"",0],PARAMETER[""false_northing"",0],UNIT[""meter"",1,AUTHORITY[""EPSG"",""9001""]],AXIS[""X"",EAST],AXIS[""Y"",NORTH],AUTHORITY[""EPSG"",""6350""]],VERT_CS[""NAVD88 height - Geoid12B (m)"",VERT_DATUM[""North American Vertical Datum 1988"",2005,AUTHORITY[""EPSG"",""5103""]],UNIT[""meter"",1,AUTHORITY[""EPSG"",""9001""]],AXIS[""Up"",UP],AUTHORITY[""EPSG"",""5703""]]]",0.0,0.6670989990234375,2.351595401763916,311.0,False,Gladstone_122;Gladstone_123;Gladstone_207,BurnWJ2012g,reject_engineered_landform,
USGS_LPC_OR_OLCMetro_2019_A19_w2051n2779_r000640_c000512,train,negative,USGS_LPC_OR_OLCMetro_2019_A19_w2051n2779.laz,D:\LIDAR\oregon\oregon_lidar_pilot\USGS_LPC_OR_OLCMetro_2019_A19_w2051n2779.laz,patches\train\USGS_LPC_OR_OLCMetro_2019_A19_w2051n2779_r000640_c000512.npz,640,512,-2050488.0,2779104.0,-2050232.0,2779360.0,"COMPD_CS[""NAD83(2011) / Conus Albers + NAVD88 height - Geoid12B (m)"",PROJCS[""NAD83(2011) / Conus Albers"",GEOGCS[""NAD83(2011)"",DATUM[""NAD83 (National Spatial Reference System 2011)"",SPHEROID[""GRS 1980"",6378137,298.257222101,AUTHORITY[""EPSG"",""7019""]],AUTHORITY[""EPSG"",""1116""]],PRIMEM[""Greenwich"",0,AUTHORITY[""EPSG"",""8901""]],UNIT[""degree"",0.0174532925199433,AUTHORITY[""EPSG"",""9122""]],AUTHORITY[""EPSG"",""6318""]],PROJECTION[""Albers_Conic_Equal_Area""],PARAMETER[""standard_parallel_1"",29.5],PARAMETER[""standard_parallel_2"",45.5],PARAMETER[""latitude_of_center"",23],PARAMETER[""longitude_of_center"",-96],PARAMETER[""false_easting"",0],PARAMETER[""false_northing"",0],UNIT[""meter"",1,AUTHORITY[""EPSG"",""9001""]],AXIS[""X"",EAST],AXIS[""Y"",NORTH],AUTHORITY[""EPSG"",""6350""]],VERT_CS[""NAVD88 height - Geoid12B (m)"",VERT_DATUM[""North American Vertical Datum 1988"",2005,AUTHORITY[""EPSG"",""5103""]],UNIT[""meter"",1,AUTHORITY[""EPSG"",""9001""]],AXIS[""Up"",UP],AUTHORITY[""EPSG"",""5703""]]]",0.0,0.77398681640625,2.368283987045288,311.0,False,Gladstone_122;Gladstone_123;Gladstone_207,BurnWJ2012g,reject_engineered_landform,
USGS_LPC_OR_OLCMetro_2019_A19_w2051n2779_r000640_c000640,train,negative,USGS_LPC_OR_OLCMetro_2019_A19_w2051n2779.laz,D:\LIDAR\oregon\oregon_lidar_pilot\USGS_LPC_OR_OLCMetro_2019_A19_w2051n2779.laz,patches\train\USGS_LPC_OR_OLCMetro_2019_A19_w2051n2779_r000640_c000640.npz,640,640,-2050360.0,2779104.0,-2050104.0,2779360.0,"COMPD_CS[""NAD83(2011) / Conus Albers + NAVD88 height - Geoid12B (m)"",PROJCS[""NAD83(2011) / Conus Albers"",GEOGCS[""NAD83(2011)"",DATUM[""NAD83 (National Spatial Reference System 2011)"",SPHEROID[""GRS 1980"",6378137,298.257222101,AUTHORITY[""EPSG"",""7019""]],AUTHORITY[""EPSG"",""1116""]],PRIMEM[""Greenwich"",0,AUTHORITY[""EPSG"",""8901""]],UNIT[""degree"",0.0174532925199433,AUTHORITY[""EPSG"",""9122""]],AUTHORITY[""EPSG"",""6318""]],PROJECTION[""Albers_Conic_Equal_Area""],PARAMETER[""standard_parallel_1"",29.5],PARAMETER[""standard_parallel_2"",45.5],PARAMETER[""latitude_of_center"",23],PARAMETER[""longitude_of_center"",-96],PARAMETER[""false_easting"",0],PARAMETER[""false_northing"",0],UNIT[""meter"",1,AUTHORITY[""EPSG"",""9001""]],AXIS[""X"",EAST],AXIS[""Y"",NORTH],AUTHORITY[""EPSG"",""6350""]],VERT_CS[""NAVD88 height - Geoid12B (m)"",VERT_DATUM[""North American Vertical Datum 1988"",2005,AUTHORITY[""EPSG"",""5103""]],UNIT[""meter"",1,AUTHORITY[""EPSG"",""9001""]],AXIS[""Up"",UP],AUTHORITY[""EPSG"",""5703""]]]",0.0,0.8217926025390625,2.3334975242614746,314.0,False,Gladstone_122;Gladstone_123;Gladstone_207,BurnWJ2012g,reject_engineered_landform,
USGS_LPC_OR_OLCMetro_2019_A19_w2051n2780_r000000_c000000,train,negative,USGS_LPC_OR_OLCMetro_2019_A19_w2051n2780.laz,D:\LIDAR\oregon\oregon_lidar_pilot\USGS_LPC_OR_OLCMetro_2019_A19_w2051n2780.laz,patches\train\USGS_LPC_OR_OLCMetro_2019_A19_w2051n2780_r000000_c000000.npz,0,0,-2051000.0,2780744.0,-2050744.0,2781000.0,"COMPD_CS[""NAD83(2011) / Conus Albers + NAVD88 height - Geoid12B (m)"",PROJCS[""NAD83(2011) / Conus Albers"",GEOGCS[""NAD83(2011)"",DATUM[""NAD83 (National Spatial Reference System 2011)"",SPHEROID[""GRS 1980"",6378137,298.257222101,AUTHORITY[""EPSG"",""7019""]],AUTHORITY[""EPSG"",""1116""]],PRIMEM[""Greenwich"",0,AUTHORITY[""EPSG"",""8901""]],UNIT[""degree"",0.0174532925199433,AUTHORITY[""EPSG"",""9122""]],AUTHORITY[""EPSG"",""6318""]],PROJECTION[""Albers_Conic_Equal_Area""],PARAMETER[""standard_parallel_1"",29.5],PARAMETER[""standard_parallel_2"",45.5],PARAMETER[""latitude_of_center"",23],PARAMETER[""longitude_of_center"",-96],PARAMETER[""false_easting"",0],PARAMETER[""false_northing"",0],UNIT[""meter"",1,AUTHORITY[""EPSG"",""9001""]],AXIS[""X"",EAST],AXIS[""Y"",NORTH],AUTHORITY[""EPSG"",""6350""]],VERT_CS[""NAVD88 height - Geoid12B (m)"",VERT_DATUM[""North American Vertical Datum 1988"",2005,AUTHORITY[""EPSG"",""5103""]],UNIT[""meter"",1,AUTHORITY[""EPSG"",""9001""]],AXIS[""Up"",UP],AUTHORITY[""EPSG"",""5703""]]]",0.0,0.599853515625,12.744935989379883,208.0,True,Gladstone_122;Gladstone_124;Gladstone_126;Gladstone_207,BurnWJ2012g,reject_engineered_landform,
USGS_LPC_OR_OLCMetro_2019_A19_w2051n2780_r000000_c000128,train,negative,USGS_LPC_OR_OLCMetro_2019_A19_w2051n2780.laz,D:\LIDAR\oregon\oregon_lidar_pilot\USGS_LPC_OR_OLCMetro_2019_A19_w2051n2780.laz,patches\train\USGS_LPC_OR_OLCMetro_2019_A19_w2051n2780_r000000_c000128.npz,0,128,-2050872.0,2780744.0,-2050616.0,2781000.0,"COMPD_CS[""NAD83(2011) / Conus Albers + NAVD88 height - Geoid12B (m)"",PROJCS[""NAD83(2011) / Conus Albers"",GEOGCS[""NAD83(2011)"",DATUM[""NAD83 (National Spatial Reference System 2011)"",SPHEROID[""GRS 1980"",6378137,298.257222101,AUTHORITY[""EPSG"",""7019""]],AUTHORITY[""EPSG"",""1116""]],PRIMEM[""Greenwich"",0,AUTHORITY[""EPSG"",""8901""]],UNIT[""degree"",0.0174532925199433,AUTHORITY[""EPSG"",""9122""]],AUTHORITY[""EPSG"",""6318""]],PROJECTION[""Albers_Conic_Equal_Area""],PARAMETER[""standard_parallel_1"",29.5],PARAMETER[""standard_parallel_2"",45.5],PARAMETER[""latitude_of_center"",23],PARAMETER[""longitude_of_center"",-96],PARAMETER[""false_easting"",0],PARAMETER[""false_northing"",0],UNIT[""meter"",1,AUTHORITY[""EPSG"",""9001""]],AXIS[""X"",EAST],AXIS[""Y"",NORTH],AUTHORITY[""EPSG"",""6350""]],VERT_CS[""NAVD88 height - Geoid12B (m)"",VERT_DATUM[""North American Vertical Datum 1988"",2005,AUTHORITY[""EPSG"",""5103""]],UNIT[""meter"",1,AUTHORITY[""EPSG"",""9001""]],AXIS[""Up"",UP],AUTHORITY[""EPSG"",""5703""]]]",0.0,0.663665771484375,10.628281593322754,231.66354913969525,True,Gladstone_122;Gladstone_124;Gladstone_126;Gladstone_207,BurnWJ2012g,reject_engineered_landform,
USGS_LPC_OR_OLCMetro_2019_A19_w2051n2780_r000000_c000256,train,negative,USGS_LPC_OR_OLCMetro_2019_A19_w2051n2780.laz,D:\LIDAR\oregon\oregon_lidar_pilot\USGS_LPC_OR_OLCMetro_2019_A19_w2051n2780.laz,patches\train\USGS_LPC_OR_OLCMetro_2019_A19_w2051n2780_r000000_c000256.npz,0,256,-2050744.0,2780744.0,-2050488.0,2781000.0,"COMPD_CS[""NAD83(2011) / Conus Albers + NAVD88 height - Geoid12B (m)"",PROJCS[""NAD83(2011) / Conus Albers"",GEOGCS[""NAD83(2011)"",DATUM[""NAD83 (National Spatial Reference System 2011)"",SPHEROID[""GRS 1980"",6378137,298.257222101,AUTHORITY[""EPSG"",""7019""]],AUTHORITY[""EPSG"",""1116""]],PRIMEM[""Greenwich"",0,AUTHORITY[""EPSG"",""8901""]],UNIT[""degree"",0.0174532925199433,AUTHORITY[""EPSG"",""9122""]],AUTHORITY[""EPSG"",""6318""]],PROJECTION[""Albers_Conic_Equal_Area""],PARAMETER[""standard_parallel_1"",29.5],PARAMETER[""standard_parallel_2"",45.5],PARAMETER[""latitude_of_center"",23],PARAMETER[""longitude_of_center"",-96],PARAMETER[""false_easting"",0],PARAMETER[""false_northing"",0],UNIT[""meter"",1,AUTHORITY[""EPSG"",""9001""]],AXIS[""X"",EAST],AXIS[""Y"",NORTH],AUTHORITY[""EPSG"",""6350""]],VERT_CS[""NAVD88 height - Geoid12B (m)"",VERT_DATUM[""North American Vertical Datum 1988"",2005,AUTHORITY[""EPSG"",""5103""]],UNIT[""meter"",1,AUTHORITY[""EPSG"",""9001""]],AXIS[""Up"",UP],AUTHORITY[""EPSG"",""5703""]]]",0.0,0.66339111328125,8.63357162475586,305.73845031333565,True,Gladstone_122;Gladstone_124;Gladstone_126;Gladstone_207,BurnWJ2012g,reject_engineered_landform,
USGS_LPC_OR_OLCMetro_2019_A19_w2051n2780_r000000_c000384,train,negative,USGS_LPC_OR_OLCMetro_2019_A19_w2051n2780.laz,D:\LIDAR\oregon\oregon_lidar_pilot\USGS_LPC_OR_OLCMetro_2019_A19_w2051n2780.laz,patches\train\USGS_LPC_OR_OLCMetro_2019_A19_w2051n2780_r000000_c000384.npz,0,384,-2050616.0,2780744.0,-2050360.0,2781000.0,"COMPD_CS[""NAD83(2011) / Conus Albers + NAVD88 height - Geoid12B (m)"",PROJCS[""NAD83(2011) / Conus Albers"",GEOGCS[""NAD83(2011)"",DATUM[""NAD83 (National Spatial Reference System 2011)"",SPHEROID[""GRS 1980"",6378137,298.257222101,AUTHORITY[""EPSG"",""7019""]],AUTHORITY[""EPSG"",""1116""]],PRIMEM[""Greenwich"",0,AUTHORITY[""EPSG"",""8901""]],UNIT[""degree"",0.0174532925199433,AUTHORITY[""EPSG"",""9122""]],AUTHORITY[""EPSG"",""6318""]],PROJECTION[""Albers_Conic_Equal_Area""],PARAMETER[""standard_parallel_1"",29.5],PARAMETER[""standard_parallel_2"",45.5],PARAMETER[""latitude_of_center"",23],PARAMETER[""longitude_of_center"",-96],PARAMETER[""false_easting"",0],PARAMETER[""false_northing"",0],UNIT[""meter"",1,AUTHORITY[""EPSG"",""9001""]],AXIS[""X"",EAST],AXIS[""Y"",NORTH],AUTHORITY[""EPSG"",""6350""]],VERT_CS[""NAVD88 height - Geoid12B (m)"",VERT_DATUM[""North American Vertical Datum 1988"",2005,AUTHORITY[""EPSG"",""5103""]],UNIT[""meter"",1,AUTHORITY[""EPSG"",""9001""]],AXIS[""Up"",UP],AUTHORITY[""EPSG"",""5703""]]]",0.0,0.7294921875,7.180013656616211,375.80047897787466,False,Gladstone_122;Gladstone_124;Gladstone_126;Gladstone_207,BurnWJ2012g,reject_engineered_landform,
USGS_LPC_OR_OLCMetro_2019_A19_w2051n2780_r000000_c000512,train,negative,USGS_LPC_OR_OLCMetro_2019_A19_w2051n2780.laz,D:\LIDAR\oregon\oregon_lidar_pilot\USGS_LPC_OR_OLCMetro_2019_A19_w2051n2780.laz,patches\train\USGS_LPC_OR_OLCMetro_2019_A19_w2051n2780_r000000_c000512.npz,0,512,-2050488.0,2780744.0,-2050232.0,2781000.0,"COMPD_CS[""NAD83(2011) / Conus Albers + NAVD88 height - Geoid12B (m)"",PROJCS[""NAD83(2011) / Conus Albers"",GEOGCS[""NAD83(2011)"",DATUM[""NAD83 (National Spatial Reference System 2011)"",SPHEROID[""GRS 1980"",6378137,298.257222101,AUTHORITY[""EPSG"",""7019""]],AUTHORITY[""EPSG"",""1116""]],PRIMEM[""Greenwich"",0,AUTHORITY[""EPSG"",""8901""]],UNIT[""degree"",0.0174532925199433,AUTHORITY[""EPSG"",""9122""]],AUTHORITY[""EPSG"",""6318""]],PROJECTION[""Albers_Conic_Equal_Area""],PARAMETER[""standard_parallel_1"",29.5],PARAMETER[""standard_parallel_2"",45.5],PARAMETER[""latitude_of_center"",23],PARAMETER[""longitude_of_center"",-96],PARAMETER[""false_easting"",0],PARAMETER[""false_northing"",0],UNIT[""meter"",1,AUTHORITY[""EPSG"",""9001""]],AXIS[""X"",EAST],AXIS[""Y"",NORTH],AUTHORITY[""EPSG"",""6350""]],VERT_CS[""NAVD88 height - Geoid12B (m)"",VERT_DATUM[""North American Vertical Datum 1988"",2005,AUTHORITY[""EPSG"",""5103""]],UNIT[""meter"",1,AUTHORITY[""EPSG"",""9001""]],AXIS[""Up"",UP],AUTHORITY[""EPSG"",""5703""]]]",0.0,0.7369232177734375,5.419854640960693,436.9805487661894,False,Gladstone_122;Gladstone_124;Gladstone_126;Gladstone_207,BurnWJ2012g,reject_engineered_landform,
USGS_LPC_OR_OLCMetro_2019_A19_w2051n2780_r000000_c000640,train,negative,USGS_LPC_OR_OLCMetro_2019_A19_w2051n2780.laz,D:\LIDAR\oregon\oregon_lidar_pilot\USGS_LPC_OR_OLCMetro_2019_A19_w2051n2780.laz,patches\train\USGS_LPC_OR_OLCMetro_2019_A19_w2051n2780_r000000_c000640.npz,0,640,-2050360.0,2780744.0,-2050104.0,2781000.0,"COMPD_CS[""NAD83(2011) / Conus Albers + NAVD88 height - Geoid12B (m)"",PROJCS[""NAD83(2011) / Conus Albers"",GEOGCS[""NAD83(2011)"",DATUM[""NAD83 (National Spatial Reference System 2011)"",SPHEROID[""GRS 1980"",6378137,298.257222101,AUTHORITY[""EPSG"",""7019""]],AUTHORITY[""EPSG"",""1116""]],PRIMEM[""Greenwich"",0,AUTHORITY[""EPSG"",""8901""]],UNIT[""degree"",0.0174532925199433,AUTHORITY[""EPSG"",""9122""]],AUTHORITY[""EPSG"",""6318""]],PROJECTION[""Albers_Conic_Equal_Area""],PARAMETER[""standard_parallel_1"",29.5],PARAMETER[""standard_parallel_2"",45.5],PARAMETER[""latitude_of_center"",23],PARAMETER[""longitude_of_center"",-96],PARAMETER[""false_easting"",0],PARAMETER[""false_northing"",0],UNIT[""meter"",1,AUTHORITY[""EPSG"",""9001""]],AXIS[""X"",EAST],AXIS[""Y"",NORTH],AUTHORITY[""EPSG"",""6350""]],VERT_CS[""NAVD88 height - Geoid12B (m)"",VERT_DATUM[""North American Vertical Datum 1988"",2005,AUTHORITY[""EPSG"",""5103""]],UNIT[""meter"",1,AUTHORITY[""EPSG"",""9001""]],AXIS[""Up"",UP],AUTHORITY[""EPSG"",""5703""]]]",0.0,0.685272216796875,4.155882835388184,495.600645681581,False,Gladstone_122;Gladstone_124;Gladstone_126;Gladstone_207,BurnWJ2012g,reject_engineered_landform,
USGS_LPC_OR_OLCMetro_2019_A19_w2051n2780_r000128_c000000,train,negative,USGS_LPC_OR_OLCMetro_2019_A19_w2051n2780.laz,D:\LIDAR\oregon\oregon_lidar_pilot\USGS_LPC_OR_OLCMetro_2019_A19_w2051n2780.laz,patches\train\USGS_LPC_OR_OLCMetro_2019_A19_w2051n2780_r000128_c000000.npz,128,0,-2051000.0,2780616.0,-2050744.0,2780872.0,"COMPD_CS[""NAD83(2011) / Conus Albers + NAVD88 height - Geoid12B (m)"",PROJCS[""NAD83(2011) / Conus Albers"",GEOGCS[""NAD83(2011)"",DATUM[""NAD83 (National Spatial Reference System 2011)"",SPHEROID[""GRS 1980"",6378137,298.257222101,AUTHORITY[""EPSG"",""7019""]],AUTHORITY[""EPSG"",""1116""]],PRIMEM[""Greenwich"",0,AUTHORITY[""EPSG"",""8901""]],UNIT[""degree"",0.0174532925199433,AUTHORITY[""EPSG"",""9122""]],AUTHORITY[""EPSG"",""6318""]],PROJECTION[""Albers_Conic_Equal_Area""],PARAMETER[""standard_parallel_1"",29.5],PARAMETER[""standard_parallel_2"",45.5],PARAMETER[""latitude_of_center"",23],PARAMETER[""longitude_of_center"",-96],PARAMETER[""false_easting"",0],PARAMETER[""false_northing"",0],UNIT[""meter"",1,AUTHORITY[""EPSG"",""9001""]],AXIS[""X"",EAST],AXIS[""Y"",NORTH],AUTHORITY[""EPSG"",""6350""]],VERT_CS[""NAVD88 height - Geoid12B (m)"",VERT_DATUM[""North American Vertical Datum 1988"",2005,AUTHORITY[""EPSG"",""5103""]],UNIT[""meter"",1,AUTHORITY[""EPSG"",""9001""]],AXIS[""Up"",UP],AUTHORITY[""EPSG"",""5703""]]]",0.0,0.56939697265625,11.380400657653809,80.0,True,Gladstone_122;Gladstone_124;Gladstone_126;Gladstone_207,BurnWJ2012g,accept,
USGS_LPC_OR_OLCMetro_2019_A19_w2051n2780_r000128_c000128,train,negative,USGS_LPC_OR_OLCMetro_2019_A19_w2051n2780.laz,D:\LIDAR\oregon\oregon_lidar_pilot\USGS_LPC_OR_OLCMetro_2019_A19_w2051n2780.laz,patches\train\USGS_LPC_OR_OLCMetro_2019_A19_w2051n2780_r000128_c000128.npz,128,128,-2050872.0,2780616.0,-2050616.0,2780872.0,"COMPD_CS[""NAD83(2011) / Conus Albers + NAVD88 height - Geoid12B (m)"",PROJCS[""NAD83(2011) / Conus Albers"",GEOGCS[""NAD83(2011)"",DATUM[""NAD83 (National Spatial Reference System 2011)"",SPHEROID[""GRS 1980"",6378137,298.257222101,AUTHORITY[""EPSG"",""7019""]],AUTHORITY[""EPSG"",""1116""]],PRIMEM[""Greenwich"",0,AUTHORITY[""EPSG"",""8901""]],UNIT[""degree"",0.0174532925199433,AUTHORITY[""EPSG"",""9122""]],AUTHORITY[""EPSG"",""6318""]],PROJECTION[""Albers_Conic_Equal_Area""],PARAMETER[""standard_parallel_1"",29.5],PARAMETER[""standard_parallel_2"",45.5],PARAMETER[""latitude_of_center"",23],PARAMETER[""longitude_of_center"",-96],PARAMETER[""false_easting"",0],PARAMETER[""false_northing"",0],UNIT[""meter"",1,AUTHORITY[""EPSG"",""9001""]],AXIS[""X"",EAST],AXIS[""Y"",NORTH],AUTHORITY[""EPSG"",""6350""]],VERT_CS[""NAVD88 height - Geoid12B (m)"",VERT_DATUM[""North American Vertical Datum 1988"",2005,AUTHORITY[""EPSG"",""5103""]],UNIT[""meter"",1,AUTHORITY[""EPSG"",""9001""]],AXIS[""Up"",UP],AUTHORITY[""EPSG"",""5703""]]]",0.0,0.662322998046875,8.681200981140137,126.57408897558773,True,Gladstone_122;Gladstone_124;Gladstone_126;Gladstone_207,BurnWJ2012g,accept,
USGS_LPC_OR_OLCMetro_2019_A19_w2051n2780_r000128_c000256,train,negative,USGS_LPC_OR_OLCMetro_2019_A19_w2051n2780.laz,D:\LIDAR\oregon\oregon_lidar_pilot\USGS_LPC_OR_OLCMetro_2019_A19_w2051n2780.laz,patches\train\USGS_LPC_OR_OLCMetro_2019_A19_w2051n2780_r000128_c000256.npz,128,256,-2050744.0,2780616.0,-2050488.0,2780872.0,"COMPD_CS[""NAD83(2011) / Conus Albers + NAVD88 height - Geoid12B (m)"",PROJCS[""NAD83(2011) / Conus Albers"",GEOGCS[""NAD83(2011)"",DATUM[""NAD83 (National Spatial Reference System 2011)"",SPHEROID[""GRS 1980"",6378137,298.257222101,AUTHORITY[""EPSG"",""7019""]],AUTHORITY[""EPSG"",""1116""]],PRIMEM[""Greenwich"",0,AUTHORITY[""EPSG"",""8901""]],UNIT[""degree"",0.0174532925199433,AUTHORITY[""EPSG"",""9122""]],AUTHORITY[""EPSG"",""6318""]],PROJECTION[""Albers_Conic_Equal_Area""],PARAMETER[""standard_parallel_1"",29.5],PARAMETER[""standard_parallel_2"",45.5],PARAMETER[""latitude_of_center"",23],PARAMETER[""longitude_of_center"",-96],PARAMETER[""false_easting"",0],PARAMETER[""false_northing"",0],UNIT[""meter"",1,AUTHORITY[""EPSG"",""9001""]],AXIS[""X"",EAST],AXIS[""Y"",NORTH],AUTHORITY[""EPSG"",""6350""]],VERT_CS[""NAVD88 height - Geoid12B (m)"",VERT_DATUM[""North American Vertical Datum 1988"",2005,AUTHORITY[""EPSG"",""5103""]],UNIT[""meter"",1,AUTHORITY[""EPSG"",""9001""]],AXIS[""Up"",UP],AUTHORITY[""EPSG"",""5703""]]]",0.0,0.69158935546875,7.525885581970215,212.24985276791125,False,Gladstone_122;Gladstone_124;Gladstone_126;Gladstone_207,BurnWJ2012g,accept,
USGS_LPC_OR_OLCMetro_2019_A19_w2051n2780_r000128_c000384,train,negative,USGS_LPC_OR_OLCMetro_2019_A19_w2051n2780.laz,D:\LIDAR\oregon\oregon_lidar_pilot\USGS_LPC_OR_OLCMetro_2019_A19_w2051n2780.laz,patches\train\USGS_LPC_OR_OLCMetro_2019_A19_w2051n2780_r000128_c000384.npz,128,384,-2050616.0,2780616.0,-2050360.0,2780872.0,"COMPD_CS[""NAD83(2011) / Conus Albers + NAVD88 height - Geoid12B (m)"",PROJCS[""NAD83(2011) / Conus Albers"",GEOGCS[""NAD83(2011)"",DATUM[""NAD83 (National Spatial Reference System 2011)"",SPHEROID[""GRS 1980"",6378137,298.257222101,AUTHORITY[""EPSG"",""7019""]],AUTHORITY[""EPSG"",""1116""]],PRIMEM[""Greenwich"",0,AUTHORITY[""EPSG"",""8901""]],UNIT[""degree"",0.0174532925199433,AUTHORITY[""EPSG"",""9122""]],AUTHORITY[""EPSG"",""6318""]],PROJECTION[""Albers_Conic_Equal_Area""],PARAMETER[""standard_parallel_1"",29.5],PARAMETER[""standard_parallel_2"",45.5],PARAMETER[""latitude_of_center"",23],PARAMETER[""longitude_of_center"",-96],PARAMETER[""false_easting"",0],PARAMETER[""false_northing"",0],UNIT[""meter"",1,AUTHORITY[""EPSG"",""9001""]],AXIS[""X"",EAST],AXIS[""Y"",NORTH],AUTHORITY[""EPSG"",""6350""]],VERT_CS[""NAVD88 height - Geoid12B (m)"",VERT_DATUM[""North American Vertical Datum 1988"",2005,AUTHORITY[""EPSG"",""5103""]],UNIT[""meter"",1,AUTHORITY[""EPSG"",""9001""]],AXIS[""Up"",UP],AUTHORITY[""EPSG"",""5703""]]]",0.0,0.73565673828125,6.55377197265625,261.36947029062134,False,Gladstone_122;Gladstone_124;Gladstone_126;Gladstone_207,BurnWJ2012g,accept,
USGS_LPC_OR_OLCMetro_2019_A19_w2051n2780_r000128_c000512,train,negative,USGS_LPC_OR_OLCMetro_2019_A19_w2051n2780.laz,D:\LIDAR\oregon\oregon_lidar_pilot\USGS_LPC_OR_OLCMetro_2019_A19_w2051n2780.laz,patches\train\USGS_LPC_OR_OLCMetro_2019_A19_w2051n2780_r000128_c000512.npz,128,512,-2050488.0,2780616.0,-2050232.0,2780872.0,"COMPD_CS[""NAD83(2011) / Conus Albers + NAVD88 height - Geoid12B (m)"",PROJCS[""NAD83(2011) / Conus Albers"",GEOGCS[""NAD83(2011)"",DATUM[""NAD83 (National Spatial Reference System 2011)"",SPHEROID[""GRS 1980"",6378137,298.257222101,AUTHORITY[""EPSG"",""7019""]],AUTHORITY[""EPSG"",""1116""]],PRIMEM[""Greenwich"",0,AUTHORITY[""EPSG"",""8901""]],UNIT[""degree"",0.0174532925199433,AUTHORITY[""EPSG"",""9122""]],AUTHORITY[""EPSG"",""6318""]],PROJECTION[""Albers_Conic_Equal_Area""],PARAMETER[""standard_parallel_1"",29.5],PARAMETER[""standard_parallel_2"",45.5],PARAMETER[""latitude_of_center"",23],PARAMETER[""longitude_of_center"",-96],PARAMETER[""false_easting"",0],PARAMETER[""false_northing"",0],UNIT[""meter"",1,AUTHORITY[""EPSG"",""9001""]],AXIS[""X"",EAST],AXIS[""Y"",NORTH],AUTHORITY[""EPSG"",""6350""]],VERT_CS[""NAVD88 height - Geoid12B (m)"",VERT_DATUM[""North American Vertical Datum 1988"",2005,AUTHORITY[""EPSG"",""5103""]],UNIT[""meter"",1,AUTHORITY[""EPSG"",""9001""]],AXIS[""Up"",UP],AUTHORITY[""EPSG"",""5703""]]]",0.0,0.7245025634765625,5.1045684814453125,330.64784892692103,False,Gladstone_122;Gladstone_124;Gladstone_126;Gladstone_207,BurnWJ2012g,accept,
USGS_LPC_OR_OLCMetro_2019_A19_w2051n2780_r000128_c000640,train,negative,USGS_LPC_OR_OLCMetro_2019_A19_w2051n2780.laz,D:\LIDAR\oregon\oregon_lidar_pilot\USGS_LPC_OR_OLCMetro_2019_A19_w2051n2780.laz,patches\train\USGS_LPC_OR_OLCMetro_2019_A19_w2051n2780_r000128_c000640.npz,128,640,-2050360.0,2780616.0,-2050104.0,2780872.0,"COMPD_CS[""NAD83(2011) / Conus Albers + NAVD88 height - Geoid12B (m)"",PROJCS[""NAD83(2011) / Conus Albers"",GEOGCS[""NAD83(2011)"",DATUM[""NAD83 (National Spatial Reference System 2011)"",SPHEROID[""GRS 1980"",6378137,298.257222101,AUTHORITY[""EPSG"",""7019""]],AUTHORITY[""EPSG"",""1116""]],PRIMEM[""Greenwich"",0,AUTHORITY[""EPSG"",""8901""]],UNIT[""degree"",0.0174532925199433,AUTHORITY[""EPSG"",""9122""]],AUTHORITY[""EPSG"",""6318""]],PROJECTION[""Albers_Conic_Equal_Area""],PARAMETER[""standard_parallel_1"",29.5],PARAMETER[""standard_parallel_2"",45.5],PARAMETER[""latitude_of_center"",23],PARAMETER[""longitude_of_center"",-96],PARAMETER[""false_easting"",0],PARAMETER[""false_northing"",0],UNIT[""meter"",1,AUTHORITY[""EPSG"",""9001""]],AXIS[""X"",EAST],AXIS[""Y"",NORTH],AUTHORITY[""EPSG"",""6350""]],VERT_CS[""NAVD88 height - Geoid12B (m)"",VERT_DATUM[""North American Vertical Datum 1988"",2005,AUTHORITY[""EPSG"",""5103""]],UNIT[""meter"",1,AUTHORITY[""EPSG"",""9001""]],AXIS[""Up"",UP],AUTHORITY[""EPSG"",""5703""]]]",0.0,0.6642608642578125,4.081264495849609,374.3634597553559,False,Gladstone_122;Gladstone_124;Gladstone_126;Gladstone_207,BurnWJ2012g,accept,
USGS_LPC_OR_OLCMetro_2019_A19_w2051n2780_r000256_c000000,train,positive_boundary,USGS_LPC_OR_OLCMetro_2019_A19_w2051n2780.laz,D:\LIDAR\oregon\oregon_lidar_pilot\USGS_LPC_OR_OLCMetro_2019_A19_w2051n2780.laz,patches\train\USGS_LPC_OR_OLCMetro_2019_A19_w2051n2780_r000256_c000000.npz,256,0,-2051000.0,2780488.0,-2050744.0,2780744.0,"COMPD_CS[""NAD83(2011) / Conus Albers + NAVD88 height - Geoid12B (m)"",PROJCS[""NAD83(2011) / Conus Albers"",GEOGCS[""NAD83(2011)"",DATUM[""NAD83 (National Spatial Reference System 2011)"",SPHEROID[""GRS 1980"",6378137,298.257222101,AUTHORITY[""EPSG"",""7019""]],AUTHORITY[""EPSG"",""1116""]],PRIMEM[""Greenwich"",0,AUTHORITY[""EPSG"",""8901""]],UNIT[""degree"",0.0174532925199433,AUTHORITY[""EPSG"",""9122""]],AUTHORITY[""EPSG"",""6318""]],PROJECTION[""Albers_Conic_Equal_Area""],PARAMETER[""standard_parallel_1"",29.5],PARAMETER[""standard_parallel_2"",45.5],PARAMETER[""latitude_of_center"",23],PARAMETER[""longitude_of_center"",-96],PARAMETER[""false_easting"",0],PARAMETER[""false_northing"",0],UNIT[""meter"",1,AUTHORITY[""EPSG"",""9001""]],AXIS[""X"",EAST],AXIS[""Y"",NORTH],AUTHORITY[""EPSG"",""6350""]],VERT_CS[""NAVD88 height - Geoid12B (m)"",VERT_DATUM[""North American Vertical Datum 1988"",2005,AUTHORITY[""EPSG"",""5103""]],UNIT[""meter"",1,AUTHORITY[""EPSG"",""9001""]],AXIS[""Up"",UP],AUTHORITY[""EPSG"",""5703""]]]",0.034942626953125,0.5193328857421875,11.214216232299805,0.0,False,Gladstone_122;Gladstone_124;Gladstone_126;Gladstone_207,BurnWJ2012g,accept,
USGS_LPC_OR_OLCMetro_2019_A19_w2051n2780_r000256_c000256,train,negative,USGS_LPC_OR_OLCMetro_2019_A19_w2051n2780.laz,D:\LIDAR\oregon\oregon_lidar_pilot\USGS_LPC_OR_OLCMetro_2019_A19_w2051n2780.laz,patches\train\USGS_LPC_OR_OLCMetro_2019_A19_w2051n2780_r000256_c000256.npz,256,256,-2050744.0,2780488.0,-2050488.0,2780744.0,"COMPD_CS[""NAD83(2011) / Conus Albers + NAVD88 height - Geoid12B (m)"",PROJCS[""NAD83(2011) / Conus Albers"",GEOGCS[""NAD83(2011)"",DATUM[""NAD83 (National Spatial Reference System 2011)"",SPHEROID[""GRS 1980"",6378137,298.257222101,AUTHORITY[""EPSG"",""7019""]],AUTHORITY[""EPSG"",""1116""]],PRIMEM[""Greenwich"",0,AUTHORITY[""EPSG"",""8901""]],UNIT[""degree"",0.0174532925199433,AUTHORITY[""EPSG"",""9122""]],AUTHORITY[""EPSG"",""6318""]],PROJECTION[""Albers_Conic_Equal_Area""],PARAMETER[""standard_parallel_1"",29.5],PARAMETER[""standard_parallel_2"",45.5],PARAMETER[""latitude_of_center"",23],PARAMETER[""longitude_of_center"",-96],PARAMETER[""false_easting"",0],PARAMETER[""false_northing"",0],UNIT[""meter"",1,AUTHORITY[""EPSG"",""9001""]],AXIS[""X"",EAST],AXIS[""Y"",NORTH],AUTHORITY[""EPSG"",""6350""]],VERT_CS[""NAVD88 height - Geoid12B (m)"",VERT_DATUM[""North American Vertical Datum 1988"",2005,AUTHORITY[""EPSG"",""5103""]],UNIT[""meter"",1,AUTHORITY[""EPSG"",""9001""]],AXIS[""Up"",UP],AUTHORITY[""EPSG"",""5703""]]]",0.0,0.67596435546875,7.00783634185791,91.21403400793103,False,Gladstone_122;Gladstone_124;Gladstone_126;Gladstone_207,BurnWJ2012g,accept,
USGS_LPC_OR_OLCMetro_2019_A19_w2051n2780_r000256_c000384,train,negative,USGS_LPC_OR_OLCMetro_2019_A19_w2051n2780.laz,D:\LIDAR\oregon\oregon_lidar_pilot\USGS_LPC_OR_OLCMetro_2019_A19_w2051n2780.laz,patches\train\USGS_LPC_OR_OLCMetro_2019_A19_w2051n2780_r000256_c000384.npz,256,384,-2050616.0,2780488.0,-2050360.0,2780744.0,"COMPD_CS[""NAD83(2011) / Conus Albers + NAVD88 height - Geoid12B (m)"",PROJCS[""NAD83(2011) / Conus Albers"",GEOGCS[""NAD83(2011)"",DATUM[""NAD83 (National Spatial Reference System 2011)"",SPHEROID[""GRS 1980"",6378137,298.257222101,AUTHORITY[""EPSG"",""7019""]],AUTHORITY[""EPSG"",""1116""]],PRIMEM[""Greenwich"",0,AUTHORITY[""EPSG"",""8901""]],UNIT[""degree"",0.0174532925199433,AUTHORITY[""EPSG"",""9122""]],AUTHORITY[""EPSG"",""6318""]],PROJECTION[""Albers_Conic_Equal_Area""],PARAMETER[""standard_parallel_1"",29.5],PARAMETER[""standard_parallel_2"",45.5],PARAMETER[""latitude_of_center"",23],PARAMETER[""longitude_of_center"",-96],PARAMETER[""false_easting"",0],PARAMETER[""false_northing"",0],UNIT[""meter"",1,AUTHORITY[""EPSG"",""9001""]],AXIS[""X"",EAST],AXIS[""Y"",NORTH],AUTHORITY[""EPSG"",""6350""]],VERT_CS[""NAVD88 height - Geoid12B (m)"",VERT_DATUM[""North American Vertical Datum 1988"",2005,AUTHORITY[""EPSG"",""5103""]],UNIT[""meter"",1,AUTHORITY[""EPSG"",""9001""]],AXIS[""Up"",UP],AUTHORITY[""EPSG"",""5703""]]]",0.0,0.6939544677734375,8.312122344970703,152.6106156202772,True,Gladstone_122;Gladstone_124;Gladstone_126;Gladstone_207,BurnWJ2012g,accept,
USGS_LPC_OR_OLCMetro_2019_A19_w2051n2780_r000256_c000512,train,negative,USGS_LPC_OR_OLCMetro_2019_A19_w2051n2780.laz,D:\LIDAR\oregon\oregon_lidar_pilot\USGS_LPC_OR_OLCMetro_2019_A19_w2051n2780.laz,patches\train\USGS_LPC_OR_OLCMetro_2019_A19_w2051n2780_r000256_c000512.npz,256,512,-2050488.0,2780488.0,-2050232.0,2780744.0,"COMPD_CS[""NAD83(2011) / Conus Albers + NAVD88 height - Geoid12B (m)"",PROJCS[""NAD83(2011) / Conus Albers"",GEOGCS[""NAD83(2011)"",DATUM[""NAD83 (National Spatial Reference System 2011)"",SPHEROID[""GRS 1980"",6378137,298.257222101,AUTHORITY[""EPSG"",""7019""]],AUTHORITY[""EPSG"",""1116""]],PRIMEM[""Greenwich"",0,AUTHORITY[""EPSG"",""8901""]],UNIT[""degree"",0.0174532925199433,AUTHORITY[""EPSG"",""9122""]],AUTHORITY[""EPSG"",""6318""]],PROJECTION[""Albers_Conic_Equal_Area""],PARAMETER[""standard_parallel_1"",29.5],PARAMETER[""standard_parallel_2"",45.5],PARAMETER[""latitude_of_center"",23],PARAMETER[""longitude_of_center"",-96],PARAMETER[""false_easting"",0],PARAMETER[""false_northing"",0],UNIT[""meter"",1,AUTHORITY[""EPSG"",""9001""]],AXIS[""X"",EAST],AXIS[""Y"",NORTH],AUTHORITY[""EPSG"",""6350""]],VERT_CS[""NAVD88 height - Geoid12B (m)"",VERT_DATUM[""North American Vertical Datum 1988"",2005,AUTHORITY[""EPSG"",""5103""]],UNIT[""meter"",1,AUTHORITY[""EPSG"",""9001""]],AXIS[""Up"",UP],AUTHORITY[""EPSG"",""5703""]]]",0.0,0.689361572265625,8.29415512084961,220.22715545545242,True,Gladstone_122;Gladstone_124;Gladstone_126;Gladstone_207,BurnWJ2012g,accept,
USGS_LPC_OR_OLCMetro_2019_A19_w2051n2780_r000256_c000640,train,negative,USGS_LPC_OR_OLCMetro_2019_A19_w2051n2780.laz,D:\LIDAR\oregon\oregon_lidar_pilot\USGS_LPC_OR_OLCMetro_2019_A19_w2051n2780.laz,patches\train\USGS_LPC_OR_OLCMetro_2019_A19_w2051n2780_r000256_c000640.npz,256,640,-2050360.0,2780488.0,-2050104.0,2780744.0,"COMPD_CS[""NAD83(2011) / Conus Albers + NAVD88 height - Geoid12B (m)"",PROJCS[""NAD83(2011) / Conus Albers"",GEOGCS[""NAD83(2011)"",DATUM[""NAD83 (National Spatial Reference System 2011)"",SPHEROID[""GRS 1980"",6378137,298.257222101,AUTHORITY[""EPSG"",""7019""]],AUTHORITY[""EPSG"",""1116""]],PRIMEM[""Greenwich"",0,AUTHORITY[""EPSG"",""8901""]],UNIT[""degree"",0.0174532925199433,AUTHORITY[""EPSG"",""9122""]],AUTHORITY[""EPSG"",""6318""]],PROJECTION[""Albers_Conic_Equal_Area""],PARAMETER[""standard_parallel_1"",29.5],PARAMETER[""standard_parallel_2"",45.5],PARAMETER[""latitude_of_center"",23],PARAMETER[""longitude_of_center"",-96],PARAMETER[""false_easting"",0],PARAMETER[""false_northing"",0],UNIT[""meter"",1,AUTHORITY[""EPSG"",""9001""]],AXIS[""X"",EAST],AXIS[""Y"",NORTH],AUTHORITY[""EPSG"",""6350""]],VERT_CS[""NAVD88 height - Geoid12B (m)"",VERT_DATUM[""North American Vertical Datum 1988"",2005,AUTHORITY[""EPSG"",""5103""]],UNIT[""meter"",1,AUTHORITY[""EPSG"",""9001""]],AXIS[""Up"",UP],AUTHORITY[""EPSG"",""5703""]]]",0.0,0.6906585693359375,6.16686487197876,258.9903473104741,False,Gladstone_122;Gladstone_124;Gladstone_126;Gladstone_207,BurnWJ2012g,accept,
USGS_LPC_OR_OLCMetro_2019_A19_w2051n2780_r000384_c000000,train,positive_interior,USGS_LPC_OR_OLCMetro_2019_A19_w2051n2780.laz,D:\LIDAR\oregon\oregon_lidar_pilot\USGS_LPC_OR_OLCMetro_2019_A19_w2051n2780.laz,patches\train\USGS_LPC_OR_OLCMetro_2019_A19_w2051n2780_r000384_c000000.npz,384,0,-2051000.0,2780360.0,-2050744.0,2780616.0,"COMPD_CS[""NAD83(2011) / Conus Albers + NAVD88 height - Geoid12B (m)"",PROJCS[""NAD83(2011) / Conus Albers"",GEOGCS[""NAD83(2011)"",DATUM[""NAD83 (National Spatial Reference System 2011)"",SPHEROID[""GRS 1980"",6378137,298.257222101,AUTHORITY[""EPSG"",""7019""]],AUTHORITY[""EPSG"",""1116""]],PRIMEM[""Greenwich"",0,AUTHORITY[""EPSG"",""8901""]],UNIT[""degree"",0.0174532925199433,AUTHORITY[""EPSG"",""9122""]],AUTHORITY[""EPSG"",""6318""]],PROJECTION[""Albers_Conic_Equal_Area""],PARAMETER[""standard_parallel_1"",29.5],PARAMETER[""standard_parallel_2"",45.5],PARAMETER[""latitude_of_center"",23],PARAMETER[""longitude_of_center"",-96],PARAMETER[""false_easting"",0],PARAMETER[""false_northing"",0],UNIT[""meter"",1,AUTHORITY[""EPSG"",""9001""]],AXIS[""X"",EAST],AXIS[""Y"",NORTH],AUTHORITY[""EPSG"",""6350""]],VERT_CS[""NAVD88 height - Geoid12B (m)"",VERT_DATUM[""North American Vertical Datum 1988"",2005,AUTHORITY[""EPSG"",""5103""]],UNIT[""meter"",1,AUTHORITY[""EPSG"",""9001""]],AXIS[""Up"",UP],AUTHORITY[""EPSG"",""5703""]]]",0.3469085693359375,0.5090484619140625,17.042911529541016,0.0,False,Gladstone_122;Gladstone_124;Gladstone_126;Gladstone_207,BurnWJ2012g,accept,
USGS_LPC_OR_OLCMetro_2019_A19_w2051n2780_r000384_c000128,train,positive_boundary,USGS_LPC_OR_OLCMetro_2019_A19_w2051n2780.laz,D:\LIDAR\oregon\oregon_lidar_pilot\USGS_LPC_OR_OLCMetro_2019_A19_w2051n2780.laz,patches\train\USGS_LPC_OR_OLCMetro_2019_A19_w2051n2780_r000384_c000128.npz,384,128,-2050872.0,2780360.0,-2050616.0,2780616.0,"COMPD_CS[""NAD83(2011) / Conus Albers + NAVD88 height - Geoid12B (m)"",PROJCS[""NAD83(2011) / Conus Albers"",GEOGCS[""NAD83(2011)"",DATUM[""NAD83 (National Spatial Reference System 2011)"",SPHEROID[""GRS 1980"",6378137,298.257222101,AUTHORITY[""EPSG"",""7019""]],AUTHORITY[""EPSG"",""1116""]],PRIMEM[""Greenwich"",0,AUTHORITY[""EPSG"",""8901""]],UNIT[""degree"",0.0174532925199433,AUTHORITY[""EPSG"",""9122""]],AUTHORITY[""EPSG"",""6318""]],PROJECTION[""Albers_Conic_Equal_Area""],PARAMETER[""standard_parallel_1"",29.5],PARAMETER[""standard_parallel_2"",45.5],PARAMETER[""latitude_of_center"",23],PARAMETER[""longitude_of_center"",-96],PARAMETER[""false_easting"",0],PARAMETER[""false_northing"",0],UNIT[""meter"",1,AUTHORITY[""EPSG"",""9001""]],AXIS[""X"",EAST],AXIS[""Y"",NORTH],AUTHORITY[""EPSG"",""6350""]],VERT_CS[""NAVD88 height - Geoid12B (m)"",VERT_DATUM[""North American Vertical Datum 1988"",2005,AUTHORITY[""EPSG"",""5103""]],UNIT[""meter"",1,AUTHORITY[""EPSG"",""9001""]],AXIS[""Up"",UP],AUTHORITY[""EPSG"",""5703""]]]",0.09576416015625,0.60711669921875,10.957120895385742,0.0,False,Gladstone_122;Gladstone_124;Gladstone_126;Gladstone_207,BurnWJ2012g,accept,
USGS_LPC_OR_OLCMetro_2019_A19_w2051n2780_r000384_c000256,train,positive_boundary,USGS_LPC_OR_OLCMetro_2019_A19_w2051n2780.laz,D:\LIDAR\oregon\oregon_lidar_pilot\USGS_LPC_OR_OLCMetro_2019_A19_w2051n2780.laz,patches\train\USGS_LPC_OR_OLCMetro_2019_A19_w2051n2780_r000384_c000256.npz,384,256,-2050744.0,2780360.0,-2050488.0,2780616.0,"COMPD_CS[""NAD83(2011) / Conus Albers + NAVD88 height - Geoid12B (m)"",PROJCS[""NAD83(2011) / Conus Albers"",GEOGCS[""NAD83(2011)"",DATUM[""NAD83 (National Spatial Reference System 2011)"",SPHEROID[""GRS 1980"",6378137,298.257222101,AUTHORITY[""EPSG"",""7019""]],AUTHORITY[""EPSG"",""1116""]],PRIMEM[""Greenwich"",0,AUTHORITY[""EPSG"",""8901""]],UNIT[""degree"",0.0174532925199433,AUTHORITY[""EPSG"",""9122""]],AUTHORITY[""EPSG"",""6318""]],PROJECTION[""Albers_Conic_Equal_Area""],PARAMETER[""standard_parallel_1"",29.5],PARAMETER[""standard_parallel_2"",45.5],PARAMETER[""latitude_of_center"",23],PARAMETER[""longitude_of_center"",-96],PARAMETER[""false_easting"",0],PARAMETER[""false_northing"",0],UNIT[""meter"",1,AUTHORITY[""EPSG"",""9001""]],AXIS[""X"",EAST],AXIS[""Y"",NORTH],AUTHORITY[""EPSG"",""6350""]],VERT_CS[""NAVD88 height - Geoid12B (m)"",VERT_DATUM[""North American Vertical Datum 1988"",2005,AUTHORITY[""EPSG"",""5103""]],UNIT[""meter"",1,AUTHORITY[""EPSG"",""9001""]],AXIS[""Up"",UP],AUTHORITY[""EPSG"",""5703""]]]",0.01043701171875,0.662994384765625,7.560572624206543,0.0,False,Gladstone_122;Gladstone_124;Gladstone_126;Gladstone_207,BurnWJ2012g,accept,
USGS_LPC_OR_OLCMetro_2019_A19_w2051n2780_r000384_c000384,train,negative,USGS_LPC_OR_OLCMetro_2019_A19_w2051n2780.laz,D:\LIDAR\oregon\oregon_lidar_pilot\USGS_LPC_OR_OLCMetro_2019_A19_w2051n2780.laz,patches\train\USGS_LPC_OR_OLCMetro_2019_A19_w2051n2780_r000384_c000384.npz,384,384,-2050616.0,2780360.0,-2050360.0,2780616.0,"COMPD_CS[""NAD83(2011) / Conus Albers + NAVD88 height - Geoid12B (m)"",PROJCS[""NAD83(2011) / Conus Albers"",GEOGCS[""NAD83(2011)"",DATUM[""NAD83 (National Spatial Reference System 2011)"",SPHEROID[""GRS 1980"",6378137,298.257222101,AUTHORITY[""EPSG"",""7019""]],AUTHORITY[""EPSG"",""1116""]],PRIMEM[""Greenwich"",0,AUTHORITY[""EPSG"",""8901""]],UNIT[""degree"",0.0174532925199433,AUTHORITY[""EPSG"",""9122""]],AUTHORITY[""EPSG"",""6318""]],PROJECTION[""Albers_Conic_Equal_Area""],PARAMETER[""standard_parallel_1"",29.5],PARAMETER[""standard_parallel_2"",45.5],PARAMETER[""latitude_of_center"",23],PARAMETER[""longitude_of_center"",-96],PARAMETER[""false_easting"",0],PARAMETER[""false_northing"",0],UNIT[""meter"",1,AUTHORITY[""EPSG"",""9001""]],AXIS[""X"",EAST],AXIS[""Y"",NORTH],AUTHORITY[""EPSG"",""6350""]],VERT_CS[""NAVD88 height - Geoid12B (m)"",VERT_DATUM[""North American Vertical Datum 1988"",2005,AUTHORITY[""EPSG"",""5103""]],UNIT[""meter"",1,AUTHORITY[""EPSG"",""9001""]],AXIS[""Up"",UP],AUTHORITY[""EPSG"",""5703""]]]",0.0,0.6535491943359375,7.580897331237793,50.32891812864648,False,Gladstone_122;Gladstone_124;Gladstone_126;Gladstone_207,BurnWJ2012g,accept,
USGS_LPC_OR_OLCMetro_2019_A19_w2051n2780_r000384_c000512,train,negative,USGS_LPC_OR_OLCMetro_2019_A19_w2051n2780.laz,D:\LIDAR\oregon\oregon_lidar_pilot\USGS_LPC_OR_OLCMetro_2019_A19_w2051n2780.laz,patches\train\USGS_LPC_OR_OLCMetro_2019_A19_w2051n2780_r000384_c000512.npz,384,512,-2050488.0,2780360.0,-2050232.0,2780616.0,"COMPD_CS[""NAD83(2011) / Conus Albers + NAVD88 height - Geoid12B (m)"",PROJCS[""NAD83(2011) / Conus Albers"",GEOGCS[""NAD83(2011)"",DATUM[""NAD83 (National Spatial Reference System 2011)"",SPHEROID[""GRS 1980"",6378137,298.257222101,AUTHORITY[""EPSG"",""7019""]],AUTHORITY[""EPSG"",""1116""]],PRIMEM[""Greenwich"",0,AUTHORITY[""EPSG"",""8901""]],UNIT[""degree"",0.0174532925199433,AUTHORITY[""EPSG"",""9122""]],AUTHORITY[""EPSG"",""6318""]],PROJECTION[""Albers_Conic_Equal_Area""],PARAMETER[""standard_parallel_1"",29.5],PARAMETER[""standard_parallel_2"",45.5],PARAMETER[""latitude_of_center"",23],PARAMETER[""longitude_of_center"",-96],PARAMETER[""false_easting"",0],PARAMETER[""false_northing"",0],UNIT[""meter"",1,AUTHORITY[""EPSG"",""9001""]],AXIS[""X"",EAST],AXIS[""Y"",NORTH],AUTHORITY[""EPSG"",""6350""]],VERT_CS[""NAVD88 height - Geoid12B (m)"",VERT_DATUM[""North American Vertical Datum 1988"",2005,AUTHORITY[""EPSG"",""5103""]],UNIT[""meter"",1,AUTHORITY[""EPSG"",""9001""]],AXIS[""Up"",UP],AUTHORITY[""EPSG"",""5703""]]]",0.0,0.6587982177734375,9.643280982971191,92.5418824100742,True,Gladstone_122;Gladstone_124;Gladstone_126;Gladstone_207,BurnWJ2012g,accept,
USGS_LPC_OR_OLCMetro_2019_A19_w2051n2780_r000384_c000640,train,negative,USGS_LPC_OR_OLCMetro_2019_A19_w2051n2780.laz,D:\LIDAR\oregon\oregon_lidar_pilot\USGS_LPC_OR_OLCMetro_2019_A19_w2051n2780.laz,patches\train\USGS_LPC_OR_OLCMetro_2019_A19_w2051n2780_r000384_c000640.npz,384,640,-2050360.0,2780360.0,-2050104.0,2780616.0,"COMPD_CS[""NAD83(2011) / Conus Albers + NAVD88 height - Geoid12B (m)"",PROJCS[""NAD83(2011) / Conus Albers"",GEOGCS[""NAD83(2011)"",DATUM[""NAD83 (National Spatial Reference System 2011)"",SPHEROID[""GRS 1980"",6378137,298.257222101,AUTHORITY[""EPSG"",""7019""]],AUTHORITY[""EPSG"",""1116""]],PRIMEM[""Greenwich"",0,AUTHORITY[""EPSG"",""8901""]],UNIT[""degree"",0.0174532925199433,AUTHORITY[""EPSG"",""9122""]],AUTHORITY[""EPSG"",""6318""]],PROJECTION[""Albers_Conic_Equal_Area""],PARAMETER[""standard_parallel_1"",29.5],PARAMETER[""standard_parallel_2"",45.5],PARAMETER[""latitude_of_center"",23],PARAMETER[""longitude_of_center"",-96],PARAMETER[""false_easting"",0],PARAMETER[""false_northing"",0],UNIT[""meter"",1,AUTHORITY[""EPSG"",""9001""]],AXIS[""X"",EAST],AXIS[""Y"",NORTH],AUTHORITY[""EPSG"",""6350""]],VERT_CS[""NAVD88 height - Geoid12B (m)"",VERT_DATUM[""North American Vertical Datum 1988"",2005,AUTHORITY[""EPSG"",""5103""]],UNIT[""meter"",1,AUTHORITY[""EPSG"",""9001""]],AXIS[""Up"",UP],AUTHORITY[""EPSG"",""5703""]]]",0.0,0.7158355712890625,8.841531753540039,150.57224179774968,True,Gladstone_122;Gladstone_124;Gladstone_126;Gladstone_207,BurnWJ2012g,accept,
USGS_LPC_OR_OLCMetro_2019_A19_w2051n2780_r000512_c000000,train,positive_interior,USGS_LPC_OR_OLCMetro_2019_A19_w2051n2780.laz,D:\LIDAR\oregon\oregon_lidar_pilot\USGS_LPC_OR_OLCMetro_2019_A19_w2051n2780.laz,patches\train\USGS_LPC_OR_OLCMetro_2019_A19_w2051n2780_r000512_c000000.npz,512,0,-2051000.0,2780232.0,-2050744.0,2780488.0,"COMPD_CS[""NAD83(2011) / Conus Albers + NAVD88 height - Geoid12B (m)"",PROJCS[""NAD83(2011) / Conus Albers"",GEOGCS[""NAD83(2011)"",DATUM[""NAD83 (National Spatial Reference System 2011)"",SPHEROID[""GRS 1980"",6378137,298.257222101,AUTHORITY[""EPSG"",""7019""]],AUTHORITY[""EPSG"",""1116""]],PRIMEM[""Greenwich"",0,AUTHORITY[""EPSG"",""8901""]],UNIT[""degree"",0.0174532925199433,AUTHORITY[""EPSG"",""9122""]],AUTHORITY[""EPSG"",""6318""]],PROJECTION[""Albers_Conic_Equal_Area""],PARAMETER[""standard_parallel_1"",29.5],PARAMETER[""standard_parallel_2"",45.5],PARAMETER[""latitude_of_center"",23],PARAMETER[""longitude_of_center"",-96],PARAMETER[""false_easting"",0],PARAMETER[""false_northing"",0],UNIT[""meter"",1,AUTHORITY[""EPSG"",""9001""]],AXIS[""X"",EAST],AXIS[""Y"",NORTH],AUTHORITY[""EPSG"",""6350""]],VERT_CS[""NAVD88 height - Geoid12B (m)"",VERT_DATUM[""North American Vertical Datum 1988"",2005,AUTHORITY[""EPSG"",""5103""]],UNIT[""meter"",1,AUTHORITY[""EPSG"",""9001""]],AXIS[""Up"",UP],AUTHORITY[""EPSG"",""5703""]]]",0.746917724609375,0.5855865478515625,19.16368865966797,0.0,False,Gladstone_122;Gladstone_124;Gladstone_126;Gladstone_207,BurnWJ2012g,accept,
USGS_LPC_OR_OLCMetro_2019_A19_w2051n2780_r000512_c000128,train,positive_interior,USGS_LPC_OR_OLCMetro_2019_A19_w2051n2780.laz,D:\LIDAR\oregon\oregon_lidar_pilot\USGS_LPC_OR_OLCMetro_2019_A19_w2051n2780.laz,patches\train\USGS_LPC_OR_OLCMetro_2019_A19_w2051n2780_r000512_c000128.npz,512,128,-2050872.0,2780232.0,-2050616.0,2780488.0,"COMPD_CS[""NAD83(2011) / Conus Albers + NAVD88 height - Geoid12B (m)"",PROJCS[""NAD83(2011) / Conus Albers"",GEOGCS[""NAD83(2011)"",DATUM[""NAD83 (National Spatial Reference System 2011)"",SPHEROID[""GRS 1980"",6378137,298.257222101,AUTHORITY[""EPSG"",""7019""]],AUTHORITY[""EPSG"",""1116""]],PRIMEM[""Greenwich"",0,AUTHORITY[""EPSG"",""8901""]],UNIT[""degree"",0.0174532925199433,AUTHORITY[""EPSG"",""9122""]],AUTHORITY[""EPSG"",""6318""]],PROJECTION[""Albers_Conic_Equal_Area""],PARAMETER[""standard_parallel_1"",29.5],PARAMETER[""standard_parallel_2"",45.5],PARAMETER[""latitude_of_center"",23],PARAMETER[""longitude_of_center"",-96],PARAMETER[""false_easting"",0],PARAMETER[""false_northing"",0],UNIT[""meter"",1,AUTHORITY[""EPSG"",""9001""]],AXIS[""X"",EAST],AXIS[""Y"",NORTH],AUTHORITY[""EPSG"",""6350""]],VERT_CS[""NAVD88 height - Geoid12B (m)"",VERT_DATUM[""North American Vertical Datum 1988"",2005,AUTHORITY[""EPSG"",""5103""]],UNIT[""meter"",1,AUTHORITY[""EPSG"",""9001""]],AXIS[""Up"",UP],AUTHORITY[""EPSG"",""5703""]]]",0.5556793212890625,0.6043701171875,15.712679862976074,0.0,False,Gladstone_122;Gladstone_124;Gladstone_126;Gladstone_207,BurnWJ2012g,accept,
USGS_LPC_OR_OLCMetro_2019_A19_w2051n2780_r000512_c000256,train,positive_interior,USGS_LPC_OR_OLCMetro_2019_A19_w2051n2780.laz,D:\LIDAR\oregon\oregon_lidar_pilot\USGS_LPC_OR_OLCMetro_2019_A19_w2051n2780.laz,patches\train\USGS_LPC_OR_OLCMetro_2019_A19_w2051n2780_r000512_c000256.npz,512,256,-2050744.0,2780232.0,-2050488.0,2780488.0,"COMPD_CS[""NAD83(2011) / Conus Albers + NAVD88 height - Geoid12B (m)"",PROJCS[""NAD83(2011) / Conus Albers"",GEOGCS[""NAD83(2011)"",DATUM[""NAD83 (National Spatial Reference System 2011)"",SPHEROID[""GRS 1980"",6378137,298.257222101,AUTHORITY[""EPSG"",""7019""]],AUTHORITY[""EPSG"",""1116""]],PRIMEM[""Greenwich"",0,AUTHORITY[""EPSG"",""8901""]],UNIT[""degree"",0.0174532925199433,AUTHORITY[""EPSG"",""9122""]],AUTHORITY[""EPSG"",""6318""]],PROJECTION[""Albers_Conic_Equal_Area""],PARAMETER[""standard_parallel_1"",29.5],PARAMETER[""standard_parallel_2"",45.5],PARAMETER[""latitude_of_center"",23],PARAMETER[""longitude_of_center"",-96],PARAMETER[""false_easting"",0],PARAMETER[""false_northing"",0],UNIT[""meter"",1,AUTHORITY[""EPSG"",""9001""]],AXIS[""X"",EAST],AXIS[""Y"",NORTH],AUTHORITY[""EPSG"",""6350""]],VERT_CS[""NAVD88 height - Geoid12B (m)"",VERT_DATUM[""North American Vertical Datum 1988"",2005,AUTHORITY[""EPSG"",""5103""]],UNIT[""meter"",1,AUTHORITY[""EPSG"",""9001""]],AXIS[""Up"",UP],AUTHORITY[""EPSG"",""5703""]]]",0.292572021484375,0.6355743408203125,12.955557823181152,0.0,False,Gladstone_122;Gladstone_124;Gladstone_126;Gladstone_207,BurnWJ2012g,accept,
USGS_LPC_OR_OLCMetro_2019_A19_w2051n2780_r000512_c000384,train,positive_boundary,USGS_LPC_OR_OLCMetro_2019_A19_w2051n2780.laz,D:\LIDAR\oregon\oregon_lidar_pilot\USGS_LPC_OR_OLCMetro_2019_A19_w2051n2780.laz,patches\train\USGS_LPC_OR_OLCMetro_2019_A19_w2051n2780_r000512_c000384.npz,512,384,-2050616.0,2780232.0,-2050360.0,2780488.0,"COMPD_CS[""NAD83(2011) / Conus Albers + NAVD88 height - Geoid12B (m)"",PROJCS[""NAD83(2011) / Conus Albers"",GEOGCS[""NAD83(2011)"",DATUM[""NAD83 (National Spatial Reference System 2011)"",SPHEROID[""GRS 1980"",6378137,298.257222101,AUTHORITY[""EPSG"",""7019""]],AUTHORITY[""EPSG"",""1116""]],PRIMEM[""Greenwich"",0,AUTHORITY[""EPSG"",""8901""]],UNIT[""degree"",0.0174532925199433,AUTHORITY[""EPSG"",""9122""]],AUTHORITY[""EPSG"",""6318""]],PROJECTION[""Albers_Conic_Equal_Area""],PARAMETER[""standard_parallel_1"",29.5],PARAMETER[""standard_parallel_2"",45.5],PARAMETER[""latitude_of_center"",23],PARAMETER[""longitude_of_center"",-96],PARAMETER[""false_easting"",0],PARAMETER[""false_northing"",0],UNIT[""meter"",1,AUTHORITY[""EPSG"",""9001""]],AXIS[""X"",EAST],AXIS[""Y"",NORTH],AUTHORITY[""EPSG"",""6350""]],VERT_CS[""NAVD88 height - Geoid12B (m)"",VERT_DATUM[""North American Vertical Datum 1988"",2005,AUTHORITY[""EPSG"",""5103""]],UNIT[""meter"",1,AUTHORITY[""EPSG"",""9001""]],AXIS[""Up"",UP],AUTHORITY[""EPSG"",""5703""]]]",0.083709716796875,0.6472930908203125,11.102670669555664,0.0,False,Gladstone_122;Gladstone_124;Gladstone_126;Gladstone_207,BurnWJ2012g,accept,
USGS_LPC_OR_OLCMetro_2019_A19_w2051n2780_r000512_c000512,train,positive_boundary,USGS_LPC_OR_OLCMetro_2019_A19_w2051n2780.laz,D:\LIDAR\oregon\oregon_lidar_pilot\USGS_LPC_OR_OLCMetro_2019_A19_w2051n2780.laz,patches\train\USGS_LPC_OR_OLCMetro_2019_A19_w2051n2780_r000512_c000512.npz,512,512,-2050488.0,2780232.0,-2050232.0,2780488.0,"COMPD_CS[""NAD83(2011) / Conus Albers + NAVD88 height - Geoid12B (m)"",PROJCS[""NAD83(2011) / Conus Albers"",GEOGCS[""NAD83(2011)"",DATUM[""NAD83 (National Spatial Reference System 2011)"",SPHEROID[""GRS 1980"",6378137,298.257222101,AUTHORITY[""EPSG"",""7019""]],AUTHORITY[""EPSG"",""1116""]],PRIMEM[""Greenwich"",0,AUTHORITY[""EPSG"",""8901""]],UNIT[""degree"",0.0174532925199433,AUTHORITY[""EPSG"",""9122""]],AUTHORITY[""EPSG"",""6318""]],PROJECTION[""Albers_Conic_Equal_Area""],PARAMETER[""standard_parallel_1"",29.5],PARAMETER[""standard_parallel_2"",45.5],PARAMETER[""latitude_of_center"",23],PARAMETER[""longitude_of_center"",-96],PARAMETER[""false_easting"",0],PARAMETER[""false_northing"",0],UNIT[""meter"",1,AUTHORITY[""EPSG"",""9001""]],AXIS[""X"",EAST],AXIS[""Y"",NORTH],AUTHORITY[""EPSG"",""6350""]],VERT_CS[""NAVD88 height - Geoid12B (m)"",VERT_DATUM[""North American Vertical Datum 1988"",2005,AUTHORITY[""EPSG"",""5103""]],UNIT[""meter"",1,AUTHORITY[""EPSG"",""9001""]],AXIS[""Up"",UP],AUTHORITY[""EPSG"",""5703""]]]",0.0114898681640625,0.6755523681640625,8.904869079589844,0.0,False,Gladstone_122;Gladstone_124;Gladstone_126;Gladstone_207,BurnWJ2012g,accept,
USGS_LPC_OR_OLCMetro_2019_A19_w2051n2780_r000512_c000640,train,negative,USGS_LPC_OR_OLCMetro_2019_A19_w2051n2780.laz,D:\LIDAR\oregon\oregon_lidar_pilot\USGS_LPC_OR_OLCMetro_2019_A19_w2051n2780.laz,patches\train\USGS_LPC_OR_OLCMetro_2019_A19_w2051n2780_r000512_c000640.npz,512,640,-2050360.0,2780232.0,-2050104.0,2780488.0,"COMPD_CS[""NAD83(2011) / Conus Albers + NAVD88 height - Geoid12B (m)"",PROJCS[""NAD83(2011) / Conus Albers"",GEOGCS[""NAD83(2011)"",DATUM[""NAD83 (National Spatial Reference System 2011)"",SPHEROID[""GRS 1980"",6378137,298.257222101,AUTHORITY[""EPSG"",""7019""]],AUTHORITY[""EPSG"",""1116""]],PRIMEM[""Greenwich"",0,AUTHORITY[""EPSG"",""8901""]],UNIT[""degree"",0.0174532925199433,AUTHORITY[""EPSG"",""9122""]],AUTHORITY[""EPSG"",""6318""]],PROJECTION[""Albers_Conic_Equal_Area""],PARAMETER[""standard_parallel_1"",29.5],PARAMETER[""standard_parallel_2"",45.5],PARAMETER[""latitude_of_center"",23],PARAMETER[""longitude_of_center"",-96],PARAMETER[""false_easting"",0],PARAMETER[""false_northing"",0],UNIT[""meter"",1,AUTHORITY[""EPSG"",""9001""]],AXIS[""X"",EAST],AXIS[""Y"",NORTH],AUTHORITY[""EPSG"",""6350""]],VERT_CS[""NAVD88 height - Geoid12B (m)"",VERT_DATUM[""North American Vertical Datum 1988"",2005,AUTHORITY[""EPSG"",""5103""]],UNIT[""meter"",1,AUTHORITY[""EPSG"",""9001""]],AXIS[""Up"",UP],AUTHORITY[""EPSG"",""5703""]]]",0.0,0.6873016357421875,9.035808563232422,63.50590523722971,True,Gladstone_122;Gladstone_124;Gladstone_126;Gladstone_207,BurnWJ2012g,accept,
USGS_LPC_OR_OLCMetro_2019_A19_w2051n2780_r000640_c000000,train,positive_interior,USGS_LPC_OR_OLCMetro_2019_A19_w2051n2780.laz,D:\LIDAR\oregon\oregon_lidar_pilot\USGS_LPC_OR_OLCMetro_2019_A19_w2051n2780.laz,patches\train\USGS_LPC_OR_OLCMetro_2019_A19_w2051n2780_r000640_c000000.npz,640,0,-2051000.0,2780104.0,-2050744.0,2780360.0,"COMPD_CS[""NAD83(2011) / Conus Albers + NAVD88 height - Geoid12B (m)"",PROJCS[""NAD83(2011) / Conus Albers"",GEOGCS[""NAD83(2011)"",DATUM[""NAD83 (National Spatial Reference System 2011)"",SPHEROID[""GRS 1980"",6378137,298.257222101,AUTHORITY[""EPSG"",""7019""]],AUTHORITY[""EPSG"",""1116""]],PRIMEM[""Greenwich"",0,AUTHORITY[""EPSG"",""8901""]],UNIT[""degree"",0.0174532925199433,AUTHORITY[""EPSG"",""9122""]],AUTHORITY[""EPSG"",""6318""]],PROJECTION[""Albers_Conic_Equal_Area""],PARAMETER[""standard_parallel_1"",29.5],PARAMETER[""standard_parallel_2"",45.5],PARAMETER[""latitude_of_center"",23],PARAMETER[""longitude_of_center"",-96],PARAMETER[""false_easting"",0],PARAMETER[""false_northing"",0],UNIT[""meter"",1,AUTHORITY[""EPSG"",""9001""]],AXIS[""X"",EAST],AXIS[""Y"",NORTH],AUTHORITY[""EPSG"",""6350""]],VERT_CS[""NAVD88 height - Geoid12B (m)"",VERT_DATUM[""North American Vertical Datum 1988"",2005,AUTHORITY[""EPSG"",""5103""]],UNIT[""meter"",1,AUTHORITY[""EPSG"",""9001""]],AXIS[""Up"",UP],AUTHORITY[""EPSG"",""5703""]]]",0.8373565673828125,0.672271728515625,12.197683334350586,0.0,False,Gladstone_122;Gladstone_124;Gladstone_126;Gladstone_207,BurnWJ2012g,accept,
USGS_LPC_OR_OLCMetro_2019_A19_w2051n2780_r000640_c000128,train,positive_interior,USGS_LPC_OR_OLCMetro_2019_A19_w2051n2780.laz,D:\LIDAR\oregon\oregon_lidar_pilot\USGS_LPC_OR_OLCMetro_2019_A19_w2051n2780.laz,patches\train\USGS_LPC_OR_OLCMetro_2019_A19_w2051n2780_r000640_c000128.npz,640,128,-2050872.0,2780104.0,-2050616.0,2780360.0,"COMPD_CS[""NAD83(2011) / Conus Albers + NAVD88 height - Geoid12B (m)"",PROJCS[""NAD83(2011) / Conus Albers"",GEOGCS[""NAD83(2011)"",DATUM[""NAD83 (National Spatial Reference System 2011)"",SPHEROID[""GRS 1980"",6378137,298.257222101,AUTHORITY[""EPSG"",""7019""]],AUTHORITY[""EPSG"",""1116""]],PRIMEM[""Greenwich"",0,AUTHORITY[""EPSG"",""8901""]],UNIT[""degree"",0.0174532925199433,AUTHORITY[""EPSG"",""9122""]],AUTHORITY[""EPSG"",""6318""]],PROJECTION[""Albers_Conic_Equal_Area""],PARAMETER[""standard_parallel_1"",29.5],PARAMETER[""standard_parallel_2"",45.5],PARAMETER[""latitude_of_center"",23],PARAMETER[""longitude_of_center"",-96],PARAMETER[""false_easting"",0],PARAMETER[""false_northing"",0],UNIT[""meter"",1,AUTHORITY[""EPSG"",""9001""]],AXIS[""X"",EAST],AXIS[""Y"",NORTH],AUTHORITY[""EPSG"",""6350""]],VERT_CS[""NAVD88 height - Geoid12B (m)"",VERT_DATUM[""North American Vertical Datum 1988"",2005,AUTHORITY[""EPSG"",""5103""]],UNIT[""meter"",1,AUTHORITY[""EPSG"",""9001""]],AXIS[""Up"",UP],AUTHORITY[""EPSG"",""5703""]]]",0.9599151611328125,0.5826873779296875,12.730255126953125,0.0,False,Gladstone_122;Gladstone_124;Gladstone_126;Gladstone_207,BurnWJ2012g,accept,
USGS_LPC_OR_OLCMetro_2019_A19_w2051n2780_r000640_c000256,train,positive_interior,USGS_LPC_OR_OLCMetro_2019_A19_w2051n2780.laz,D:\LIDAR\oregon\oregon_lidar_pilot\USGS_LPC_OR_OLCMetro_2019_A19_w2051n2780.laz,patches\train\USGS_LPC_OR_OLCMetro_2019_A19_w2051n2780_r000640_c000256.npz,640,256,-2050744.0,2780104.0,-2050488.0,2780360.0,"COMPD_CS[""NAD83(2011) / Conus Albers + NAVD88 height - Geoid12B (m)"",PROJCS[""NAD83(2011) / Conus Albers"",GEOGCS[""NAD83(2011)"",DATUM[""NAD83 (National Spatial Reference System 2011)"",SPHEROID[""GRS 1980"",6378137,298.257222101,AUTHORITY[""EPSG"",""7019""]],AUTHORITY[""EPSG"",""1116""]],PRIMEM[""Greenwich"",0,AUTHORITY[""EPSG"",""8901""]],UNIT[""degree"",0.0174532925199433,AUTHORITY[""EPSG"",""9122""]],AUTHORITY[""EPSG"",""6318""]],PROJECTION[""Albers_Conic_Equal_Area""],PARAMETER[""standard_parallel_1"",29.5],PARAMETER[""standard_parallel_2"",45.5],PARAMETER[""latitude_of_center"",23],PARAMETER[""longitude_of_center"",-96],PARAMETER[""false_easting"",0],PARAMETER[""false_northing"",0],UNIT[""meter"",1,AUTHORITY[""EPSG"",""9001""]],AXIS[""X"",EAST],AXIS[""Y"",NORTH],AUTHORITY[""EPSG"",""6350""]],VERT_CS[""NAVD88 height - Geoid12B (m)"",VERT_DATUM[""North American Vertical Datum 1988"",2005,AUTHORITY[""EPSG"",""5103""]],UNIT[""meter"",1,AUTHORITY[""EPSG"",""9001""]],AXIS[""Up"",UP],AUTHORITY[""EPSG"",""5703""]]]",0.782135009765625,0.60015869140625,14.137786865234375,0.0,False,Gladstone_122;Gladstone_124;Gladstone_126;Gladstone_207,BurnWJ2012g,accept,
USGS_LPC_OR_OLCMetro_2019_A19_w2051n2780_r000640_c000384,train,positive_interior,USGS_LPC_OR_OLCMetro_2019_A19_w2051n2780.laz,D:\LIDAR\oregon\oregon_lidar_pilot\USGS_LPC_OR_OLCMetro_2019_A19_w2051n2780.laz,patches\train\USGS_LPC_OR_OLCMetro_2019_A19_w2051n2780_r000640_c000384.npz,640,384,-2050616.0,2780104.0,-2050360.0,2780360.0,"COMPD_CS[""NAD83(2011) / Conus Albers + NAVD88 height - Geoid12B (m)"",PROJCS[""NAD83(2011) / Conus Albers"",GEOGCS[""NAD83(2011)"",DATUM[""NAD83 (National Spatial Reference System 2011)"",SPHEROID[""GRS 1980"",6378137,298.257222101,AUTHORITY[""EPSG"",""7019""]],AUTHORITY[""EPSG"",""1116""]],PRIMEM[""Greenwich"",0,AUTHORITY[""EPSG"",""8901""]],UNIT[""degree"",0.0174532925199433,AUTHORITY[""EPSG"",""9122""]],AUTHORITY[""EPSG"",""6318""]],PROJECTION[""Albers_Conic_Equal_Area""],PARAMETER[""standard_parallel_1"",29.5],PARAMETER[""standard_parallel_2"",45.5],PARAMETER[""latitude_of_center"",23],PARAMETER[""longitude_of_center"",-96],PARAMETER[""false_easting"",0],PARAMETER[""false_northing"",0],UNIT[""meter"",1,AUTHORITY[""EPSG"",""9001""]],AXIS[""X"",EAST],AXIS[""Y"",NORTH],AUTHORITY[""EPSG"",""6350""]],VERT_CS[""NAVD88 height - Geoid12B (m)"",VERT_DATUM[""North American Vertical Datum 1988"",2005,AUTHORITY[""EPSG"",""5103""]],UNIT[""meter"",1,AUTHORITY[""EPSG"",""9001""]],AXIS[""Up"",UP],AUTHORITY[""EPSG"",""5703""]]]",0.458831787109375,0.6400604248046875,15.876754760742188,0.0,False,Gladstone_122;Gladstone_124;Gladstone_126;Gladstone_207,BurnWJ2012g,accept,
USGS_LPC_OR_OLCMetro_2019_A19_w2051n2780_r000640_c000512,train,positive_interior,USGS_LPC_OR_OLCMetro_2019_A19_w2051n2780.laz,D:\LIDAR\oregon\oregon_lidar_pilot\USGS_LPC_OR_OLCMetro_2019_A19_w2051n2780.laz,patches\train\USGS_LPC_OR_OLCMetro_2019_A19_w2051n2780_r000640_c000512.npz,640,512,-2050488.0,2780104.0,-2050232.0,2780360.0,"COMPD_CS[""NAD83(2011) / Conus Albers + NAVD88 height - Geoid12B (m)"",PROJCS[""NAD83(2011) / Conus Albers"",GEOGCS[""NAD83(2011)"",DATUM[""NAD83 (National Spatial Reference System 2011)"",SPHEROID[""GRS 1980"",6378137,298.257222101,AUTHORITY[""EPSG"",""7019""]],AUTHORITY[""EPSG"",""1116""]],PRIMEM[""Greenwich"",0,AUTHORITY[""EPSG"",""8901""]],UNIT[""degree"",0.0174532925199433,AUTHORITY[""EPSG"",""9122""]],AUTHORITY[""EPSG"",""6318""]],PROJECTION[""Albers_Conic_Equal_Area""],PARAMETER[""standard_parallel_1"",29.5],PARAMETER[""standard_parallel_2"",45.5],PARAMETER[""latitude_of_center"",23],PARAMETER[""longitude_of_center"",-96],PARAMETER[""false_easting"",0],PARAMETER[""false_northing"",0],UNIT[""meter"",1,AUTHORITY[""EPSG"",""9001""]],AXIS[""X"",EAST],AXIS[""Y"",NORTH],AUTHORITY[""EPSG"",""6350""]],VERT_CS[""NAVD88 height - Geoid12B (m)"",VERT_DATUM[""North American Vertical Datum 1988"",2005,AUTHORITY[""EPSG"",""5103""]],UNIT[""meter"",1,AUTHORITY[""EPSG"",""9001""]],AXIS[""Up"",UP],AUTHORITY[""EPSG"",""5703""]]]",0.1366119384765625,0.6894378662109375,11.216647148132324,0.0,False,Gladstone_122;Gladstone_124;Gladstone_126;Gladstone_207,BurnWJ2012g,accept,
USGS_LPC_OR_OLCMetro_2019_A19_w2051n2780_r000640_c000640,train,negative,USGS_LPC_OR_OLCMetro_2019_A19_w2051n2780.laz,D:\LIDAR\oregon\oregon_lidar_pilot\USGS_LPC_OR_OLCMetro_2019_A19_w2051n2780.laz,patches\train\USGS_LPC_OR_OLCMetro_2019_A19_w2051n2780_r000640_c000640.npz,640,640,-2050360.0,2780104.0,-2050104.0,2780360.0,"COMPD_CS[""NAD83(2011) / Conus Albers + NAVD88 height - Geoid12B (m)"",PROJCS[""NAD83(2011) / Conus Albers"",GEOGCS[""NAD83(2011)"",DATUM[""NAD83 (National Spatial Reference System 2011)"",SPHEROID[""GRS 1980"",6378137,298.257222101,AUTHORITY[""EPSG"",""7019""]],AUTHORITY[""EPSG"",""1116""]],PRIMEM[""Greenwich"",0,AUTHORITY[""EPSG"",""8901""]],UNIT[""degree"",0.0174532925199433,AUTHORITY[""EPSG"",""9122""]],AUTHORITY[""EPSG"",""6318""]],PROJECTION[""Albers_Conic_Equal_Area""],PARAMETER[""standard_parallel_1"",29.5],PARAMETER[""standard_parallel_2"",45.5],PARAMETER[""latitude_of_center"",23],PARAMETER[""longitude_of_center"",-96],PARAMETER[""false_easting"",0],PARAMETER[""false_northing"",0],UNIT[""meter"",1,AUTHORITY[""EPSG"",""9001""]],AXIS[""X"",EAST],AXIS[""Y"",NORTH],AUTHORITY[""EPSG"",""6350""]],VERT_CS[""NAVD88 height - Geoid12B (m)"",VERT_DATUM[""North American Vertical Datum 1988"",2005,AUTHORITY[""EPSG"",""5103""]],UNIT[""meter"",1,AUTHORITY[""EPSG"",""9001""]],AXIS[""Up"",UP],AUTHORITY[""EPSG"",""5703""]]]",0.0,0.6752166748046875,7.9919023513793945,54.0,False,Gladstone_122;Gladstone_124;Gladstone_126;Gladstone_207,BurnWJ2012g,accept,
USGS_LPC_OR_OLCMetro_2019_A19_w2051n2781_r000000_c000512,validation,negative,USGS_LPC_OR_OLCMetro_2019_A19_w2051n2781.laz,D:\LIDAR\oregon\oregon_lidar_pilot\USGS_LPC_OR_OLCMetro_2019_A19_w2051n2781.laz,patches\validation\USGS_LPC_OR_OLCMetro_2019_A19_w2051n2781_r000000_c000512.npz,0,512,-2050488.0,2781744.0,-2050232.0,2782000.0,"COMPD_CS[""NAD83(2011) / Conus Albers + NAVD88 height - Geoid12B (m)"",PROJCS[""NAD83(2011) / Conus Albers"",GEOGCS[""NAD83(2011)"",DATUM[""NAD83 (National Spatial Reference System 2011)"",SPHEROID[""GRS 1980"",6378137,298.257222101,AUTHORITY[""EPSG"",""7019""]],AUTHORITY[""EPSG"",""1116""]],PRIMEM[""Greenwich"",0,AUTHORITY[""EPSG"",""8901""]],UNIT[""degree"",0.0174532925199433,AUTHORITY[""EPSG"",""9122""]],AUTHORITY[""EPSG"",""6318""]],PROJECTION[""Albers_Conic_Equal_Area""],PARAMETER[""standard_parallel_1"",29.5],PARAMETER[""standard_parallel_2"",45.5],PARAMETER[""latitude_of_center"",23],PARAMETER[""longitude_of_center"",-96],PARAMETER[""false_easting"",0],PARAMETER[""false_northing"",0],UNIT[""meter"",1,AUTHORITY[""EPSG"",""9001""]],AXIS[""X"",EAST],AXIS[""Y"",NORTH],AUTHORITY[""EPSG"",""6350""]],VERT_CS[""NAVD88 height - Geoid12B (m)"",VERT_DATUM[""North American Vertical Datum 1988"",2005,AUTHORITY[""EPSG"",""5103""]],UNIT[""meter"",1,AUTHORITY[""EPSG"",""9001""]],AXIS[""Up"",UP],AUTHORITY[""EPSG"",""5703""]]]",0.0,0.5141448974609375,16.457433700561523,271.0,True,Gladstone_116;Gladstone_199;Gladstone_208,BurnWJ2012g,accept,
USGS_LPC_OR_OLCMetro_2019_A19_w2051n2781_r000256_c000128,validation,negative,USGS_LPC_OR_OLCMetro_2019_A19_w2051n2781.laz,D:\LIDAR\oregon\oregon_lidar_pilot\USGS_LPC_OR_OLCMetro_2019_A19_w2051n2781.laz,patches\validation\USGS_LPC_OR_OLCMetro_2019_A19_w2051n2781_r000256_c000128.npz,256,128,-2050872.0,2781488.0,-2050616.0,2781744.0,"COMPD_CS[""NAD83(2011) / Conus Albers + NAVD88 height - Geoid12B (m)"",PROJCS[""NAD83(2011) / Conus Albers"",GEOGCS[""NAD83(2011)"",DATUM[""NAD83 (National Spatial Reference System 2011)"",SPHEROID[""GRS 1980"",6378137,298.257222101,AUTHORITY[""EPSG"",""7019""]],AUTHORITY[""EPSG"",""1116""]],PRIMEM[""Greenwich"",0,AUTHORITY[""EPSG"",""8901""]],UNIT[""degree"",0.0174532925199433,AUTHORITY[""EPSG"",""9122""]],AUTHORITY[""EPSG"",""6318""]],PROJECTION[""Albers_Conic_Equal_Area""],PARAMETER[""standard_parallel_1"",29.5],PARAMETER[""standard_parallel_2"",45.5],PARAMETER[""latitude_of_center"",23],PARAMETER[""longitude_of_center"",-96],PARAMETER[""false_easting"",0],PARAMETER[""false_northing"",0],UNIT[""meter"",1,AUTHORITY[""EPSG"",""9001""]],AXIS[""X"",EAST],AXIS[""Y"",NORTH],AUTHORITY[""EPSG"",""6350""]],VERT_CS[""NAVD88 height - Geoid12B (m)"",VERT_DATUM[""North American Vertical Datum 1988"",2005,AUTHORITY[""EPSG"",""5103""]],UNIT[""meter"",1,AUTHORITY[""EPSG"",""9001""]],AXIS[""Up"",UP],AUTHORITY[""EPSG"",""5703""]]]",0.0,0.5332489013671875,16.701580047607422,101.0,True,Gladstone_116;Gladstone_199;Gladstone_208,BurnWJ2012g,accept,
USGS_LPC_OR_OLCMetro_2019_A19_w2051n2781_r000384_c000128,validation,negative,USGS_LPC_OR_OLCMetro_2019_A19_w2051n2781.laz,D:\LIDAR\oregon\oregon_lidar_pilot\USGS_LPC_OR_OLCMetro_2019_A19_w2051n2781.laz,patches\validation\USGS_LPC_OR_OLCMetro_2019_A19_w2051n2781_r000384_c000128.npz,384,128,-2050872.0,2781360.0,-2050616.0,2781616.0,"COMPD_CS[""NAD83(2011) / Conus Albers + NAVD88 height - Geoid12B (m)"",PROJCS[""NAD83(2011) / Conus Albers"",GEOGCS[""NAD83(2011)"",DATUM[""NAD83 (National Spatial Reference System 2011)"",SPHEROID[""GRS 1980"",6378137,298.257222101,AUTHORITY[""EPSG"",""7019""]],AUTHORITY[""EPSG"",""1116""]],PRIMEM[""Greenwich"",0,AUTHORITY[""EPSG"",""8901""]],UNIT[""degree"",0.0174532925199433,AUTHORITY[""EPSG"",""9122""]],AUTHORITY[""EPSG"",""6318""]],PROJECTION[""Albers_Conic_Equal_Area""],PARAMETER[""standard_parallel_1"",29.5],PARAMETER[""standard_parallel_2"",45.5],PARAMETER[""latitude_of_center"",23],PARAMETER[""longitude_of_center"",-96],PARAMETER[""false_easting"",0],PARAMETER[""false_northing"",0],UNIT[""meter"",1,AUTHORITY[""EPSG"",""9001""]],AXIS[""X"",EAST],AXIS[""Y"",NORTH],AUTHORITY[""EPSG"",""6350""]],VERT_CS[""NAVD88 height - Geoid12B (m)"",VERT_DATUM[""North American Vertical Datum 1988"",2005,AUTHORITY[""EPSG"",""5103""]],UNIT[""meter"",1,AUTHORITY[""EPSG"",""9001""]],AXIS[""Up"",UP],AUTHORITY[""EPSG"",""5703""]]]",0.0,0.6560516357421875,12.818557739257812,128.57682528356344,True,Gladstone_116;Gladstone_199;Gladstone_208,BurnWJ2012g,accept,
USGS_LPC_OR_OLCMetro_2019_A19_w2051n2781_r000384_c000256,validation,negative,USGS_LPC_OR_OLCMetro_2019_A19_w2051n2781.laz,D:\LIDAR\oregon\oregon_lidar_pilot\USGS_LPC_OR_OLCMetro_2019_A19_w2051n2781.laz,patches\validation\USGS_LPC_OR_OLCMetro_2019_A19_w2051n2781_r000384_c000256.npz,384,256,-2050744.0,2781360.0,-2050488.0,2781616.0,"COMPD_CS[""NAD83(2011) / Conus Albers + NAVD88 height - Geoid12B (m)"",PROJCS[""NAD83(2011) / Conus Albers"",GEOGCS[""NAD83(2011)"",DATUM[""NAD83 (National Spatial Reference System 2011)"",SPHEROID[""GRS 1980"",6378137,298.257222101,AUTHORITY[""EPSG"",""7019""]],AUTHORITY[""EPSG"",""1116""]],PRIMEM[""Greenwich"",0,AUTHORITY[""EPSG"",""8901""]],UNIT[""degree"",0.0174532925199433,AUTHORITY[""EPSG"",""9122""]],AUTHORITY[""EPSG"",""6318""]],PROJECTION[""Albers_Conic_Equal_Area""],PARAMETER[""standard_parallel_1"",29.5],PARAMETER[""standard_parallel_2"",45.5],PARAMETER[""latitude_of_center"",23],PARAMETER[""longitude_of_center"",-96],PARAMETER[""false_easting"",0],PARAMETER[""false_northing"",0],UNIT[""meter"",1,AUTHORITY[""EPSG"",""9001""]],AXIS[""X"",EAST],AXIS[""Y"",NORTH],AUTHORITY[""EPSG"",""6350""]],VERT_CS[""NAVD88 height - Geoid12B (m)"",VERT_DATUM[""North American Vertical Datum 1988"",2005,AUTHORITY[""EPSG"",""5103""]],UNIT[""meter"",1,AUTHORITY[""EPSG"",""9001""]],AXIS[""Up"",UP],AUTHORITY[""EPSG"",""5703""]]]",0.0,0.6815338134765625,14.777850151062012,229.78685776170926,True,Gladstone_116;Gladstone_199;Gladstone_208,BurnWJ2012g,accept,
USGS_LPC_OR_OLCMetro_2019_A19_w2051n2781_r000384_c000512,validation,negative,USGS_LPC_OR_OLCMetro_2019_A19_w2051n2781.laz,D:\LIDAR\oregon\oregon_lidar_pilot\USGS_LPC_OR_OLCMetro_2019_A19_w2051n2781.laz,patches\validation\USGS_LPC_OR_OLCMetro_2019_A19_w2051n2781_r000384_c000512.npz,384,512,-2050488.0,2781360.0,-2050232.0,2781616.0,"COMPD_CS[""NAD83(2011) / Conus Albers + NAVD88 height - Geoid12B (m)"",PROJCS[""NAD83(2011) / Conus Albers"",GEOGCS[""NAD83(2011)"",DATUM[""NAD83 (National Spatial Reference System 2011)"",SPHEROID[""GRS 1980"",6378137,298.257222101,AUTHORITY[""EPSG"",""7019""]],AUTHORITY[""EPSG"",""1116""]],PRIMEM[""Greenwich"",0,AUTHORITY[""EPSG"",""8901""]],UNIT[""degree"",0.0174532925199433,AUTHORITY[""EPSG"",""9122""]],AUTHORITY[""EPSG"",""6318""]],PROJECTION[""Albers_Conic_Equal_Area""],PARAMETER[""standard_parallel_1"",29.5],PARAMETER[""standard_parallel_2"",45.5],PARAMETER[""latitude_of_center"",23],PARAMETER[""longitude_of_center"",-96],PARAMETER[""false_easting"",0],PARAMETER[""false_northing"",0],UNIT[""meter"",1,AUTHORITY[""EPSG"",""9001""]],AXIS[""X"",EAST],AXIS[""Y"",NORTH],AUTHORITY[""EPSG"",""6350""]],VERT_CS[""NAVD88 height - Geoid12B (m)"",VERT_DATUM[""North American Vertical Datum 1988"",2005,AUTHORITY[""EPSG"",""5103""]],UNIT[""meter"",1,AUTHORITY[""EPSG"",""9001""]],AXIS[""Up"",UP],AUTHORITY[""EPSG"",""5703""]]]",0.0,0.51153564453125,18.684001922607422,357.8631023170732,True,Gladstone_116;Gladstone_199;Gladstone_208,BurnWJ2012g,accept,
USGS_LPC_OR_OLCMetro_2019_A19_w2051n2781_r000384_c000640,validation,negative,USGS_LPC_OR_OLCMetro_2019_A19_w2051n2781.laz,D:\LIDAR\oregon\oregon_lidar_pilot\USGS_LPC_OR_OLCMetro_2019_A19_w2051n2781.laz,patches\validation\USGS_LPC_OR_OLCMetro_2019_A19_w2051n2781_r000384_c000640.npz,384,640,-2050360.0,2781360.0,-2050104.0,2781616.0,"COMPD_CS[""NAD83(2011) / Conus Albers + NAVD88 height - Geoid12B (m)"",PROJCS[""NAD83(2011) / Conus Albers"",GEOGCS[""NAD83(2011)"",DATUM[""NAD83 (National Spatial Reference System 2011)"",SPHEROID[""GRS 1980"",6378137,298.257222101,AUTHORITY[""EPSG"",""7019""]],AUTHORITY[""EPSG"",""1116""]],PRIMEM[""Greenwich"",0,AUTHORITY[""EPSG"",""8901""]],UNIT[""degree"",0.0174532925199433,AUTHORITY[""EPSG"",""9122""]],AUTHORITY[""EPSG"",""6318""]],PROJECTION[""Albers_Conic_Equal_Area""],PARAMETER[""standard_parallel_1"",29.5],PARAMETER[""standard_parallel_2"",45.5],PARAMETER[""latitude_of_center"",23],PARAMETER[""longitude_of_center"",-96],PARAMETER[""false_easting"",0],PARAMETER[""false_northing"",0],UNIT[""meter"",1,AUTHORITY[""EPSG"",""9001""]],AXIS[""X"",EAST],AXIS[""Y"",NORTH],AUTHORITY[""EPSG"",""6350""]],VERT_CS[""NAVD88 height - Geoid12B (m)"",VERT_DATUM[""North American Vertical Datum 1988"",2005,AUTHORITY[""EPSG"",""5103""]],UNIT[""meter"",1,AUTHORITY[""EPSG"",""9001""]],AXIS[""Up"",UP],AUTHORITY[""EPSG"",""5703""]]]",0.0,0.5487823486328125,15.286275863647461,463.51914739307153,True,Gladstone_116;Gladstone_199;Gladstone_208,BurnWJ2012g,accept,
USGS_LPC_OR_OLCMetro_2019_A19_w2051n2781_r000512_c000384,validation,negative,USGS_LPC_OR_OLCMetro_2019_A19_w2051n2781.laz,D:\LIDAR\oregon\oregon_lidar_pilot\USGS_LPC_OR_OLCMetro_2019_A19_w2051n2781.laz,patches\validation\USGS_LPC_OR_OLCMetro_2019_A19_w2051n2781_r000512_c000384.npz,512,384,-2050616.0,2781232.0,-2050360.0,2781488.0,"COMPD_CS[""NAD83(2011) / Conus Albers + NAVD88 height - Geoid12B (m)"",PROJCS[""NAD83(2011) / Conus Albers"",GEOGCS[""NAD83(2011)"",DATUM[""NAD83 (National Spatial Reference System 2011)"",SPHEROID[""GRS 1980"",6378137,298.257222101,AUTHORITY[""EPSG"",""7019""]],AUTHORITY[""EPSG"",""1116""]],PRIMEM[""Greenwich"",0,AUTHORITY[""EPSG"",""8901""]],UNIT[""degree"",0.0174532925199433,AUTHORITY[""EPSG"",""9122""]],AUTHORITY[""EPSG"",""6318""]],PROJECTION[""Albers_Conic_Equal_Area""],PARAMETER[""standard_parallel_1"",29.5],PARAMETER[""standard_parallel_2"",45.5],PARAMETER[""latitude_of_center"",23],PARAMETER[""longitude_of_center"",-96],PARAMETER[""false_easting"",0],PARAMETER[""false_northing"",0],UNIT[""meter"",1,AUTHORITY[""EPSG"",""9001""]],AXIS[""X"",EAST],AXIS[""Y"",NORTH],AUTHORITY[""EPSG"",""6350""]],VERT_CS[""NAVD88 height - Geoid12B (m)"",VERT_DATUM[""North American Vertical Datum 1988"",2005,AUTHORITY[""EPSG"",""5103""]],UNIT[""meter"",1,AUTHORITY[""EPSG"",""9001""]],AXIS[""Up"",UP],AUTHORITY[""EPSG"",""5703""]]]",0.0,0.7104034423828125,14.446352005004883,380.0,True,Gladstone_116;Gladstone_199;Gladstone_208,BurnWJ2012g,accept,
USGS_LPC_OR_OLCMetro_2019_A19_w2051n2781_r000512_c000512,validation,negative,USGS_LPC_OR_OLCMetro_2019_A19_w2051n2781.laz,D:\LIDAR\oregon\oregon_lidar_pilot\USGS_LPC_OR_OLCMetro_2019_A19_w2051n2781.laz,patches\validation\USGS_LPC_OR_OLCMetro_2019_A19_w2051n2781_r000512_c000512.npz,512,512,-2050488.0,2781232.0,-2050232.0,2781488.0,"COMPD_CS[""NAD83(2011) / Conus Albers + NAVD88 height - Geoid12B (m)"",PROJCS[""NAD83(2011) / Conus Albers"",GEOGCS[""NAD83(2011)"",DATUM[""NAD83 (National Spatial Reference System 2011)"",SPHEROID[""GRS 1980"",6378137,298.257222101,AUTHORITY[""EPSG"",""7019""]],AUTHORITY[""EPSG"",""1116""]],PRIMEM[""Greenwich"",0,AUTHORITY[""EPSG"",""8901""]],UNIT[""degree"",0.0174532925199433,AUTHORITY[""EPSG"",""9122""]],AUTHORITY[""EPSG"",""6318""]],PROJECTION[""Albers_Conic_Equal_Area""],PARAMETER[""standard_parallel_1"",29.5],PARAMETER[""standard_parallel_2"",45.5],PARAMETER[""latitude_of_center"",23],PARAMETER[""longitude_of_center"",-96],PARAMETER[""false_easting"",0],PARAMETER[""false_northing"",0],UNIT[""meter"",1,AUTHORITY[""EPSG"",""9001""]],AXIS[""X"",EAST],AXIS[""Y"",NORTH],AUTHORITY[""EPSG"",""6350""]],VERT_CS[""NAVD88 height - Geoid12B (m)"",VERT_DATUM[""North American Vertical Datum 1988"",2005,AUTHORITY[""EPSG"",""5103""]],UNIT[""meter"",1,AUTHORITY[""EPSG"",""9001""]],AXIS[""Up"",UP],AUTHORITY[""EPSG"",""5703""]]]",0.0,0.5558929443359375,18.382537841796875,450.6373264610911,True,Gladstone_116;Gladstone_199;Gladstone_208,BurnWJ2012g,accept,
USGS_LPC_OR_OLCMetro_2019_A19_w2051n2781_r000640_c000128,validation,negative,USGS_LPC_OR_OLCMetro_2019_A19_w2051n2781.laz,D:\LIDAR\oregon\oregon_lidar_pilot\USGS_LPC_OR_OLCMetro_2019_A19_w2051n2781.laz,patches\validation\USGS_LPC_OR_OLCMetro_2019_A19_w2051n2781_r000640_c000128.npz,640,128,-2050872.0,2781104.0,-2050616.0,2781360.0,"COMPD_CS[""NAD83(2011) / Conus Albers + NAVD88 height - Geoid12B (m)"",PROJCS[""NAD83(2011) / Conus Albers"",GEOGCS[""NAD83(2011)"",DATUM[""NAD83 (National Spatial Reference System 2011)"",SPHEROID[""GRS 1980"",6378137,298.257222101,AUTHORITY[""EPSG"",""7019""]],AUTHORITY[""EPSG"",""1116""]],PRIMEM[""Greenwich"",0,AUTHORITY[""EPSG"",""8901""]],UNIT[""degree"",0.0174532925199433,AUTHORITY[""EPSG"",""9122""]],AUTHORITY[""EPSG"",""6318""]],PROJECTION[""Albers_Conic_Equal_Area""],PARAMETER[""standard_parallel_1"",29.5],PARAMETER[""standard_parallel_2"",45.5],PARAMETER[""latitude_of_center"",23],PARAMETER[""longitude_of_center"",-96],PARAMETER[""false_easting"",0],PARAMETER[""false_northing"",0],UNIT[""meter"",1,AUTHORITY[""EPSG"",""9001""]],AXIS[""X"",EAST],AXIS[""Y"",NORTH],AUTHORITY[""EPSG"",""6350""]],VERT_CS[""NAVD88 height - Geoid12B (m)"",VERT_DATUM[""North American Vertical Datum 1988"",2005,AUTHORITY[""EPSG"",""5103""]],UNIT[""meter"",1,AUTHORITY[""EPSG"",""9001""]],AXIS[""Up"",UP],AUTHORITY[""EPSG"",""5703""]]]",0.0,0.667236328125,7.512264251708984,124.0,False,Gladstone_116;Gladstone_199;Gladstone_208,BurnWJ2012g,accept,
USGS_LPC_OR_OLCMetro_2019_A19_w2051n2781_r000640_c000256,validation,negative,USGS_LPC_OR_OLCMetro_2019_A19_w2051n2781.laz,D:\LIDAR\oregon\oregon_lidar_pilot\USGS_LPC_OR_OLCMetro_2019_A19_w2051n2781.laz,patches\validation\USGS_LPC_OR_OLCMetro_2019_A19_w2051n2781_r000640_c000256.npz,640,256,-2050744.0,2781104.0,-2050488.0,2781360.0,"COMPD_CS[""NAD83(2011) / Conus Albers + NAVD88 height - Geoid12B (m)"",PROJCS[""NAD83(2011) / Conus Albers"",GEOGCS[""NAD83(2011)"",DATUM[""NAD83 (National Spatial Reference System 2011)"",SPHEROID[""GRS 1980"",6378137,298.257222101,AUTHORITY[""EPSG"",""7019""]],AUTHORITY[""EPSG"",""1116""]],PRIMEM[""Greenwich"",0,AUTHORITY[""EPSG"",""8901""]],UNIT[""degree"",0.0174532925199433,AUTHORITY[""EPSG"",""9122""]],AUTHORITY[""EPSG"",""6318""]],PROJECTION[""Albers_Conic_Equal_Area""],PARAMETER[""standard_parallel_1"",29.5],PARAMETER[""standard_parallel_2"",45.5],PARAMETER[""latitude_of_center"",23],PARAMETER[""longitude_of_center"",-96],PARAMETER[""false_easting"",0],PARAMETER[""false_northing"",0],UNIT[""meter"",1,AUTHORITY[""EPSG"",""9001""]],AXIS[""X"",EAST],AXIS[""Y"",NORTH],AUTHORITY[""EPSG"",""6350""]],VERT_CS[""NAVD88 height - Geoid12B (m)"",VERT_DATUM[""North American Vertical Datum 1988"",2005,AUTHORITY[""EPSG"",""5103""]],UNIT[""meter"",1,AUTHORITY[""EPSG"",""9001""]],AXIS[""Up"",UP],AUTHORITY[""EPSG"",""5703""]]]",0.0,0.736053466796875,9.351635932922363,252.0,True,Gladstone_116;Gladstone_199;Gladstone_208,BurnWJ2012g,accept,
USGS_LPC_OR_OLCMetro_2019_A19_w2051n2782_r000000_c000128,train,negative,USGS_LPC_OR_OLCMetro_2019_A19_w2051n2782.laz,D:\LIDAR\oregon\oregon_lidar_pilot\USGS_LPC_OR_OLCMetro_2019_A19_w2051n2782.laz,patches\train\USGS_LPC_OR_OLCMetro_2019_A19_w2051n2782_r000000_c000128.npz,0,128,-2050872.0,2782744.0,-2050616.0,2783000.0,"COMPD_CS[""NAD83(2011) / Conus Albers + NAVD88 height - Geoid12B (m)"",PROJCS[""NAD83(2011) / Conus Albers"",GEOGCS[""NAD83(2011)"",DATUM[""NAD83 (National Spatial Reference System 2011)"",SPHEROID[""GRS 1980"",6378137,298.257222101,AUTHORITY[""EPSG"",""7019""]],AUTHORITY[""EPSG"",""1116""]],PRIMEM[""Greenwich"",0,AUTHORITY[""EPSG"",""8901""]],UNIT[""degree"",0.0174532925199433,AUTHORITY[""EPSG"",""9122""]],AUTHORITY[""EPSG"",""6318""]],PROJECTION[""Albers_Conic_Equal_Area""],PARAMETER[""standard_parallel_1"",29.5],PARAMETER[""standard_parallel_2"",45.5],PARAMETER[""latitude_of_center"",23],PARAMETER[""longitude_of_center"",-96],PARAMETER[""false_easting"",0],PARAMETER[""false_northing"",0],UNIT[""meter"",1,AUTHORITY[""EPSG"",""9001""]],AXIS[""X"",EAST],AXIS[""Y"",NORTH],AUTHORITY[""EPSG"",""6350""]],VERT_CS[""NAVD88 height - Geoid12B (m)"",VERT_DATUM[""North American Vertical Datum 1988"",2005,AUTHORITY[""EPSG"",""5103""]],UNIT[""meter"",1,AUTHORITY[""EPSG"",""9001""]],AXIS[""Up"",UP],AUTHORITY[""EPSG"",""5703""]]]",0.0,0.8516387939453125,6.371078968048096,709.0,False,Gladstone_208,BurnWJ2012g,accept,
USGS_LPC_OR_OLCMetro_2019_A19_w2051n2782_r000128_c000512,train,negative,USGS_LPC_OR_OLCMetro_2019_A19_w2051n2782.laz,D:\LIDAR\oregon\oregon_lidar_pilot\USGS_LPC_OR_OLCMetro_2019_A19_w2051n2782.laz,patches\train\USGS_LPC_OR_OLCMetro_2019_A19_w2051n2782_r000128_c000512.npz,128,512,-2050488.0,2782616.0,-2050232.0,2782872.0,"COMPD_CS[""NAD83(2011) / Conus Albers + NAVD88 height - Geoid12B (m)"",PROJCS[""NAD83(2011) / Conus Albers"",GEOGCS[""NAD83(2011)"",DATUM[""NAD83 (National Spatial Reference System 2011)"",SPHEROID[""GRS 1980"",6378137,298.257222101,AUTHORITY[""EPSG"",""7019""]],AUTHORITY[""EPSG"",""1116""]],PRIMEM[""Greenwich"",0,AUTHORITY[""EPSG"",""8901""]],UNIT[""degree"",0.0174532925199433,AUTHORITY[""EPSG"",""9122""]],AUTHORITY[""EPSG"",""6318""]],PROJECTION[""Albers_Conic_Equal_Area""],PARAMETER[""standard_parallel_1"",29.5],PARAMETER[""standard_parallel_2"",45.5],PARAMETER[""latitude_of_center"",23],PARAMETER[""longitude_of_center"",-96],PARAMETER[""false_easting"",0],PARAMETER[""false_northing"",0],UNIT[""meter"",1,AUTHORITY[""EPSG"",""9001""]],AXIS[""X"",EAST],AXIS[""Y"",NORTH],AUTHORITY[""EPSG"",""6350""]],VERT_CS[""NAVD88 height - Geoid12B (m)"",VERT_DATUM[""North American Vertical Datum 1988"",2005,AUTHORITY[""EPSG"",""5103""]],UNIT[""meter"",1,AUTHORITY[""EPSG"",""9001""]],AXIS[""Up"",UP],AUTHORITY[""EPSG"",""5703""]]]",0.0,0.629791259765625,6.062590599060059,652.0559791919709,False,Gladstone_208,BurnWJ2012g,accept,
USGS_LPC_OR_OLCMetro_2019_A19_w2051n2782_r000256_c000384,train,negative,USGS_LPC_OR_OLCMetro_2019_A19_w2051n2782.laz,D:\LIDAR\oregon\oregon_lidar_pilot\USGS_LPC_OR_OLCMetro_2019_A19_w2051n2782.laz,patches\train\USGS_LPC_OR_OLCMetro_2019_A19_w2051n2782_r000256_c000384.npz,256,384,-2050616.0,2782488.0,-2050360.0,2782744.0,"COMPD_CS[""NAD83(2011) / Conus Albers + NAVD88 height - Geoid12B (m)"",PROJCS[""NAD83(2011) / Conus Albers"",GEOGCS[""NAD83(2011)"",DATUM[""NAD83 (National Spatial Reference System 2011)"",SPHEROID[""GRS 1980"",6378137,298.257222101,AUTHORITY[""EPSG"",""7019""]],AUTHORITY[""EPSG"",""1116""]],PRIMEM[""Greenwich"",0,AUTHORITY[""EPSG"",""8901""]],UNIT[""degree"",0.0174532925199433,AUTHORITY[""EPSG"",""9122""]],AUTHORITY[""EPSG"",""6318""]],PROJECTION[""Albers_Conic_Equal_Area""],PARAMETER[""standard_parallel_1"",29.5],PARAMETER[""standard_parallel_2"",45.5],PARAMETER[""latitude_of_center"",23],PARAMETER[""longitude_of_center"",-96],PARAMETER[""false_easting"",0],PARAMETER[""false_northing"",0],UNIT[""meter"",1,AUTHORITY[""EPSG"",""9001""]],AXIS[""X"",EAST],AXIS[""Y"",NORTH],AUTHORITY[""EPSG"",""6350""]],VERT_CS[""NAVD88 height - Geoid12B (m)"",VERT_DATUM[""North American Vertical Datum 1988"",2005,AUTHORITY[""EPSG"",""5103""]],UNIT[""meter"",1,AUTHORITY[""EPSG"",""9001""]],AXIS[""Up"",UP],AUTHORITY[""EPSG"",""5703""]]]",0.0,0.6728515625,5.9180192947387695,483.14904532659483,False,Gladstone_208,BurnWJ2012g,accept,
USGS_LPC_OR_OLCMetro_2019_A19_w2051n2782_r000384_c000128,train,negative,USGS_LPC_OR_OLCMetro_2019_A19_w2051n2782.laz,D:\LIDAR\oregon\oregon_lidar_pilot\USGS_LPC_OR_OLCMetro_2019_A19_w2051n2782.laz,patches\train\USGS_LPC_OR_OLCMetro_2019_A19_w2051n2782_r000384_c000128.npz,384,128,-2050872.0,2782360.0,-2050616.0,2782616.0,"COMPD_CS[""NAD83(2011) / Conus Albers + NAVD88 height - Geoid12B (m)"",PROJCS[""NAD83(2011) / Conus Albers"",GEOGCS[""NAD83(2011)"",DATUM[""NAD83 (National Spatial Reference System 2011)"",SPHEROID[""GRS 1980"",6378137,298.257222101,AUTHORITY[""EPSG"",""7019""]],AUTHORITY[""EPSG"",""1116""]],PRIMEM[""Greenwich"",0,AUTHORITY[""EPSG"",""8901""]],UNIT[""degree"",0.0174532925199433,AUTHORITY[""EPSG"",""9122""]],AUTHORITY[""EPSG"",""6318""]],PROJECTION[""Albers_Conic_Equal_Area""],PARAMETER[""standard_parallel_1"",29.5],PARAMETER[""standard_parallel_2"",45.5],PARAMETER[""latitude_of_center"",23],PARAMETER[""longitude_of_center"",-96],PARAMETER[""false_easting"",0],PARAMETER[""false_northing"",0],UNIT[""meter"",1,AUTHORITY[""EPSG"",""9001""]],AXIS[""X"",EAST],AXIS[""Y"",NORTH],AUTHORITY[""EPSG"",""6350""]],VERT_CS[""NAVD88 height - Geoid12B (m)"",VERT_DATUM[""North American Vertical Datum 1988"",2005,AUTHORITY[""EPSG"",""5103""]],UNIT[""meter"",1,AUTHORITY[""EPSG"",""9001""]],AXIS[""Up"",UP],AUTHORITY[""EPSG"",""5703""]]]",0.0,0.678192138671875,4.860471725463867,325.0,False,Gladstone_208,BurnWJ2012g,accept,
USGS_LPC_OR_OLCMetro_2019_A19_w2051n2782_r000384_c000640,train,negative,USGS_LPC_OR_OLCMetro_2019_A19_w2051n2782.laz,D:\LIDAR\oregon\oregon_lidar_pilot\USGS_LPC_OR_OLCMetro_2019_A19_w2051n2782.laz,patches\train\USGS_LPC_OR_OLCMetro_2019_A19_w2051n2782_r000384_c000640.npz,384,640,-2050360.0,2782360.0,-2050104.0,2782616.0,"COMPD_CS[""NAD83(2011) / Conus Albers + NAVD88 height - Geoid12B (m)"",PROJCS[""NAD83(2011) / Conus Albers"",GEOGCS[""NAD83(2011)"",DATUM[""NAD83 (National Spatial Reference System 2011)"",SPHEROID[""GRS 1980"",6378137,298.257222101,AUTHORITY[""EPSG"",""7019""]],AUTHORITY[""EPSG"",""1116""]],PRIMEM[""Greenwich"",0,AUTHORITY[""EPSG"",""8901""]],UNIT[""degree"",0.0174532925199433,AUTHORITY[""EPSG"",""9122""]],AUTHORITY[""EPSG"",""6318""]],PROJECTION[""Albers_Conic_Equal_Area""],PARAMETER[""standard_parallel_1"",29.5],PARAMETER[""standard_parallel_2"",45.5],PARAMETER[""latitude_of_center"",23],PARAMETER[""longitude_of_center"",-96],PARAMETER[""false_easting"",0],PARAMETER[""false_northing"",0],UNIT[""meter"",1,AUTHORITY[""EPSG"",""9001""]],AXIS[""X"",EAST],AXIS[""Y"",NORTH],AUTHORITY[""EPSG"",""6350""]],VERT_CS[""NAVD88 height - Geoid12B (m)"",VERT_DATUM[""North American Vertical Datum 1988"",2005,AUTHORITY[""EPSG"",""5103""]],UNIT[""meter"",1,AUTHORITY[""EPSG"",""9001""]],AXIS[""Up"",UP],AUTHORITY[""EPSG"",""5703""]]]",0.0,0.7077178955078125,5.554146766662598,534.0458781790194,False,Gladstone_208,BurnWJ2012g,accept,
USGS_LPC_OR_OLCMetro_2019_A19_w2051n2782_r000512_c000000,train,negative,USGS_LPC_OR_OLCMetro_2019_A19_w2051n2782.laz,D:\LIDAR\oregon\oregon_lidar_pilot\USGS_LPC_OR_OLCMetro_2019_A19_w2051n2782.laz,patches\train\USGS_LPC_OR_OLCMetro_2019_A19_w2051n2782_r000512_c000000.npz,512,0,-2051000.0,2782232.0,-2050744.0,2782488.0,"COMPD_CS[""NAD83(2011) / Conus Albers + NAVD88 height - Geoid12B (m)"",PROJCS[""NAD83(2011) / Conus Albers"",GEOGCS[""NAD83(2011)"",DATUM[""NAD83 (National Spatial Reference System 2011)"",SPHEROID[""GRS 1980"",6378137,298.257222101,AUTHORITY[""EPSG"",""7019""]],AUTHORITY[""EPSG"",""1116""]],PRIMEM[""Greenwich"",0,AUTHORITY[""EPSG"",""8901""]],UNIT[""degree"",0.0174532925199433,AUTHORITY[""EPSG"",""9122""]],AUTHORITY[""EPSG"",""6318""]],PROJECTION[""Albers_Conic_Equal_Area""],PARAMETER[""standard_parallel_1"",29.5],PARAMETER[""standard_parallel_2"",45.5],PARAMETER[""latitude_of_center"",23],PARAMETER[""longitude_of_center"",-96],PARAMETER[""false_easting"",0],PARAMETER[""false_northing"",0],UNIT[""meter"",1,AUTHORITY[""EPSG"",""9001""]],AXIS[""X"",EAST],AXIS[""Y"",NORTH],AUTHORITY[""EPSG"",""6350""]],VERT_CS[""NAVD88 height - Geoid12B (m)"",VERT_DATUM[""North American Vertical Datum 1988"",2005,AUTHORITY[""EPSG"",""5103""]],UNIT[""meter"",1,AUTHORITY[""EPSG"",""9001""]],AXIS[""Up"",UP],AUTHORITY[""EPSG"",""5703""]]]",0.0,0.7086944580078125,4.128727912902832,197.0,False,Gladstone_208,BurnWJ2012g,accept,
USGS_LPC_OR_OLCMetro_2019_A19_w2051n2782_r000512_c000640,train,negative,USGS_LPC_OR_OLCMetro_2019_A19_w2051n2782.laz,D:\LIDAR\oregon\oregon_lidar_pilot\USGS_LPC_OR_OLCMetro_2019_A19_w2051n2782.laz,patches\train\USGS_LPC_OR_OLCMetro_2019_A19_w2051n2782_r000512_c000640.npz,512,640,-2050360.0,2782232.0,-2050104.0,2782488.0,"COMPD_CS[""NAD83(2011) / Conus Albers + NAVD88 height - Geoid12B (m)"",PROJCS[""NAD83(2011) / Conus Albers"",GEOGCS[""NAD83(2011)"",DATUM[""NAD83 (National Spatial Reference System 2011)"",SPHEROID[""GRS 1980"",6378137,298.257222101,AUTHORITY[""EPSG"",""7019""]],AUTHORITY[""EPSG"",""1116""]],PRIMEM[""Greenwich"",0,AUTHORITY[""EPSG"",""8901""]],UNIT[""degree"",0.0174532925199433,AUTHORITY[""EPSG"",""9122""]],AUTHORITY[""EPSG"",""6318""]],PROJECTION[""Albers_Conic_Equal_Area""],PARAMETER[""standard_parallel_1"",29.5],PARAMETER[""standard_parallel_2"",45.5],PARAMETER[""latitude_of_center"",23],PARAMETER[""longitude_of_center"",-96],PARAMETER[""false_easting"",0],PARAMETER[""false_northing"",0],UNIT[""meter"",1,AUTHORITY[""EPSG"",""9001""]],AXIS[""X"",EAST],AXIS[""Y"",NORTH],AUTHORITY[""EPSG"",""6350""]],VERT_CS[""NAVD88 height - Geoid12B (m)"",VERT_DATUM[""North American Vertical Datum 1988"",2005,AUTHORITY[""EPSG"",""5103""]],UNIT[""meter"",1,AUTHORITY[""EPSG"",""9001""]],AXIS[""Up"",UP],AUTHORITY[""EPSG"",""5703""]]]",0.0,0.724639892578125,5.417548656463623,466.99464665025874,False,Gladstone_208,BurnWJ2012g,accept,
USGS_LPC_OR_OLCMetro_2019_A19_w2051n2782_r000640_c000128,train,negative,USGS_LPC_OR_OLCMetro_2019_A19_w2051n2782.laz,D:\LIDAR\oregon\oregon_lidar_pilot\USGS_LPC_OR_OLCMetro_2019_A19_w2051n2782.laz,patches\train\USGS_LPC_OR_OLCMetro_2019_A19_w2051n2782_r000640_c000128.npz,640,128,-2050872.0,2782104.0,-2050616.0,2782360.0,"COMPD_CS[""NAD83(2011) / Conus Albers + NAVD88 height - Geoid12B (m)"",PROJCS[""NAD83(2011) / Conus Albers"",GEOGCS[""NAD83(2011)"",DATUM[""NAD83 (National Spatial Reference System 2011)"",SPHEROID[""GRS 1980"",6378137,298.257222101,AUTHORITY[""EPSG"",""7019""]],AUTHORITY[""EPSG"",""1116""]],PRIMEM[""Greenwich"",0,AUTHORITY[""EPSG"",""8901""]],UNIT[""degree"",0.0174532925199433,AUTHORITY[""EPSG"",""9122""]],AUTHORITY[""EPSG"",""6318""]],PROJECTION[""Albers_Conic_Equal_Area""],PARAMETER[""standard_parallel_1"",29.5],PARAMETER[""standard_parallel_2"",45.5],PARAMETER[""latitude_of_center"",23],PARAMETER[""longitude_of_center"",-96],PARAMETER[""false_easting"",0],PARAMETER[""false_northing"",0],UNIT[""meter"",1,AUTHORITY[""EPSG"",""9001""]],AXIS[""X"",EAST],AXIS[""Y"",NORTH],AUTHORITY[""EPSG"",""6350""]],VERT_CS[""NAVD88 height - Geoid12B (m)"",VERT_DATUM[""North American Vertical Datum 1988"",2005,AUTHORITY[""EPSG"",""5103""]],UNIT[""meter"",1,AUTHORITY[""EPSG"",""9001""]],AXIS[""Up"",UP],AUTHORITY[""EPSG"",""5703""]]]",0.0,0.6419677734375,5.670777320861816,69.0,False,Gladstone_208,BurnWJ2012g,accept,
USGS_LPC_OR_OLCMetro_2019_A19_w2051n2782_r000640_c000384,train,negative,USGS_LPC_OR_OLCMetro_2019_A19_w2051n2782.laz,D:\LIDAR\oregon\oregon_lidar_pilot\USGS_LPC_OR_OLCMetro_2019_A19_w2051n2782.laz,patches\train\USGS_LPC_OR_OLCMetro_2019_A19_w2051n2782_r000640_c000384.npz,640,384,-2050616.0,2782104.0,-2050360.0,2782360.0,"COMPD_CS[""NAD83(2011) / Conus Albers + NAVD88 height - Geoid12B (m)"",PROJCS[""NAD83(2011) / Conus Albers"",GEOGCS[""NAD83(2011)"",DATUM[""NAD83 (National Spatial Reference System 2011)"",SPHEROID[""GRS 1980"",6378137,298.257222101,AUTHORITY[""EPSG"",""7019""]],AUTHORITY[""EPSG"",""1116""]],PRIMEM[""Greenwich"",0,AUTHORITY[""EPSG"",""8901""]],UNIT[""degree"",0.0174532925199433,AUTHORITY[""EPSG"",""9122""]],AUTHORITY[""EPSG"",""6318""]],PROJECTION[""Albers_Conic_Equal_Area""],PARAMETER[""standard_parallel_1"",29.5],PARAMETER[""standard_parallel_2"",45.5],PARAMETER[""latitude_of_center"",23],PARAMETER[""longitude_of_center"",-96],PARAMETER[""false_easting"",0],PARAMETER[""false_northing"",0],UNIT[""meter"",1,AUTHORITY[""EPSG"",""9001""]],AXIS[""X"",EAST],AXIS[""Y"",NORTH],AUTHORITY[""EPSG"",""6350""]],VERT_CS[""NAVD88 height - Geoid12B (m)"",VERT_DATUM[""North American Vertical Datum 1988"",2005,AUTHORITY[""EPSG"",""5103""]],UNIT[""meter"",1,AUTHORITY[""EPSG"",""9001""]],AXIS[""Up"",UP],AUTHORITY[""EPSG"",""5703""]]]",0.0,0.5919952392578125,8.724832534790039,180.94197965093673,True,Gladstone_208,BurnWJ2012g,accept,
USGS_LPC_OR_OLCMetro_2019_A19_w2051n2782_r000640_c000512,train,negative,USGS_LPC_OR_OLCMetro_2019_A19_w2051n2782.laz,D:\LIDAR\oregon\oregon_lidar_pilot\USGS_LPC_OR_OLCMetro_2019_A19_w2051n2782.laz,patches\train\USGS_LPC_OR_OLCMetro_2019_A19_w2051n2782_r000640_c000512.npz,640,512,-2050488.0,2782104.0,-2050232.0,2782360.0,"COMPD_CS[""NAD83(2011) / Conus Albers + NAVD88 height - Geoid12B (m)"",PROJCS[""NAD83(2011) / Conus Albers"",GEOGCS[""NAD83(2011)"",DATUM[""NAD83 (National Spatial Reference System 2011)"",SPHEROID[""GRS 1980"",6378137,298.257222101,AUTHORITY[""EPSG"",""7019""]],AUTHORITY[""EPSG"",""1116""]],PRIMEM[""Greenwich"",0,AUTHORITY[""EPSG"",""8901""]],UNIT[""degree"",0.0174532925199433,AUTHORITY[""EPSG"",""9122""]],AUTHORITY[""EPSG"",""6318""]],PROJECTION[""Albers_Conic_Equal_Area""],PARAMETER[""standard_parallel_1"",29.5],PARAMETER[""standard_parallel_2"",45.5],PARAMETER[""latitude_of_center"",23],PARAMETER[""longitude_of_center"",-96],PARAMETER[""false_easting"",0],PARAMETER[""false_northing"",0],UNIT[""meter"",1,AUTHORITY[""EPSG"",""9001""]],AXIS[""X"",EAST],AXIS[""Y"",NORTH],AUTHORITY[""EPSG"",""6350""]],VERT_CS[""NAVD88 height - Geoid12B (m)"",VERT_DATUM[""North American Vertical Datum 1988"",2005,AUTHORITY[""EPSG"",""5103""]],UNIT[""meter"",1,AUTHORITY[""EPSG"",""9001""]],AXIS[""Up"",UP],AUTHORITY[""EPSG"",""5703""]]]",0.0,0.6241455078125,9.137312889099121,302.44668951734286,True,Gladstone_208,BurnWJ2012g,accept,
USGS_LPC_OR_OLCMetro_2019_A19_w2052n2773_r000000_c000000,train,positive_interior,USGS_LPC_OR_OLCMetro_2019_A19_w2052n2773.laz,D:\LIDAR\oregon\oregon_lidar_pilot\USGS_LPC_OR_OLCMetro_2019_A19_w2052n2773.laz,patches\train\USGS_LPC_OR_OLCMetro_2019_A19_w2052n2773_r000000_c000000.npz,0,0,-2052000.0,2773744.0,-2051744.0,2774000.0,"COMPD_CS[""NAD83(2011) / Conus Albers + NAVD88 height - Geoid12B (m)"",PROJCS[""NAD83(2011) / Conus Albers"",GEOGCS[""NAD83(2011)"",DATUM[""NAD83 (National Spatial Reference System 2011)"",SPHEROID[""GRS 1980"",6378137,298.257222101,AUTHORITY[""EPSG"",""7019""]],AUTHORITY[""EPSG"",""1116""]],PRIMEM[""Greenwich"",0,AUTHORITY[""EPSG"",""8901""]],UNIT[""degree"",0.0174532925199433,AUTHORITY[""EPSG"",""9122""]],AUTHORITY[""EPSG"",""6318""]],PROJECTION[""Albers_Conic_Equal_Area""],PARAMETER[""standard_parallel_1"",29.5],PARAMETER[""standard_parallel_2"",45.5],PARAMETER[""latitude_of_center"",23],PARAMETER[""longitude_of_center"",-96],PARAMETER[""false_easting"",0],PARAMETER[""false_northing"",0],UNIT[""meter"",1,AUTHORITY[""EPSG"",""9001""]],AXIS[""X"",EAST],AXIS[""Y"",NORTH],AUTHORITY[""EPSG"",""6350""]],VERT_CS[""NAVD88 height - Geoid12B (m)"",VERT_DATUM[""North American Vertical Datum 1988"",2005,AUTHORITY[""EPSG"",""5103""]],UNIT[""meter"",1,AUTHORITY[""EPSG"",""9001""]],AXIS[""Up"",UP],AUTHORITY[""EPSG"",""5703""]]]",0.7017364501953125,0.6501007080078125,14.824674606323242,0.0,False,Oregon_City_532;Oregon_City_557;Oregon_City_561,BurnWJ2010a,accept,
USGS_LPC_OR_OLCMetro_2019_A19_w2052n2773_r000000_c000128,train,positive_interior,USGS_LPC_OR_OLCMetro_2019_A19_w2052n2773.laz,D:\LIDAR\oregon\oregon_lidar_pilot\USGS_LPC_OR_OLCMetro_2019_A19_w2052n2773.laz,patches\train\USGS_LPC_OR_OLCMetro_2019_A19_w2052n2773_r000000_c000128.npz,0,128,-2051872.0,2773744.0,-2051616.0,2774000.0,"COMPD_CS[""NAD83(2011) / Conus Albers + NAVD88 height - Geoid12B (m)"",PROJCS[""NAD83(2011) / Conus Albers"",GEOGCS[""NAD83(2011)"",DATUM[""NAD83 (National Spatial Reference System 2011)"",SPHEROID[""GRS 1980"",6378137,298.257222101,AUTHORITY[""EPSG"",""7019""]],AUTHORITY[""EPSG"",""1116""]],PRIMEM[""Greenwich"",0,AUTHORITY[""EPSG"",""8901""]],UNIT[""degree"",0.0174532925199433,AUTHORITY[""EPSG"",""9122""]],AUTHORITY[""EPSG"",""6318""]],PROJECTION[""Albers_Conic_Equal_Area""],PARAMETER[""standard_parallel_1"",29.5],PARAMETER[""standard_parallel_2"",45.5],PARAMETER[""latitude_of_center"",23],PARAMETER[""longitude_of_center"",-96],PARAMETER[""false_easting"",0],PARAMETER[""false_northing"",0],UNIT[""meter"",1,AUTHORITY[""EPSG"",""9001""]],AXIS[""X"",EAST],AXIS[""Y"",NORTH],AUTHORITY[""EPSG"",""6350""]],VERT_CS[""NAVD88 height - Geoid12B (m)"",VERT_DATUM[""North American Vertical Datum 1988"",2005,AUTHORITY[""EPSG"",""5103""]],UNIT[""meter"",1,AUTHORITY[""EPSG"",""9001""]],AXIS[""Up"",UP],AUTHORITY[""EPSG"",""5703""]]]",0.643402099609375,0.6362457275390625,13.705697059631348,0.0,False,Oregon_City_532;Oregon_City_557;Oregon_City_561,BurnWJ2010a,accept,
USGS_LPC_OR_OLCMetro_2019_A19_w2052n2773_r000000_c000256,train,positive_interior,USGS_LPC_OR_OLCMetro_2019_A19_w2052n2773.laz,D:\LIDAR\oregon\oregon_lidar_pilot\USGS_LPC_OR_OLCMetro_2019_A19_w2052n2773.laz,patches\train\USGS_LPC_OR_OLCMetro_2019_A19_w2052n2773_r000000_c000256.npz,0,256,-2051744.0,2773744.0,-2051488.0,2774000.0,"COMPD_CS[""NAD83(2011) / Conus Albers + NAVD88 height - Geoid12B (m)"",PROJCS[""NAD83(2011) / Conus Albers"",GEOGCS[""NAD83(2011)"",DATUM[""NAD83 (National Spatial Reference System 2011)"",SPHEROID[""GRS 1980"",6378137,298.257222101,AUTHORITY[""EPSG"",""7019""]],AUTHORITY[""EPSG"",""1116""]],PRIMEM[""Greenwich"",0,AUTHORITY[""EPSG"",""8901""]],UNIT[""degree"",0.0174532925199433,AUTHORITY[""EPSG"",""9122""]],AUTHORITY[""EPSG"",""6318""]],PROJECTION[""Albers_Conic_Equal_Area""],PARAMETER[""standard_parallel_1"",29.5],PARAMETER[""standard_parallel_2"",45.5],PARAMETER[""latitude_of_center"",23],PARAMETER[""longitude_of_center"",-96],PARAMETER[""false_easting"",0],PARAMETER[""false_northing"",0],UNIT[""meter"",1,AUTHORITY[""EPSG"",""9001""]],AXIS[""X"",EAST],AXIS[""Y"",NORTH],AUTHORITY[""EPSG"",""6350""]],VERT_CS[""NAVD88 height - Geoid12B (m)"",VERT_DATUM[""North American Vertical Datum 1988"",2005,AUTHORITY[""EPSG"",""5103""]],UNIT[""meter"",1,AUTHORITY[""EPSG"",""9001""]],AXIS[""Up"",UP],AUTHORITY[""EPSG"",""5703""]]]",0.3880767822265625,0.6138458251953125,13.95233154296875,0.0,False,Oregon_City_532;Oregon_City_557;Oregon_City_561,BurnWJ2010a,accept,
USGS_LPC_OR_OLCMetro_2019_A19_w2052n2773_r000000_c000384,train,positive_interior,USGS_LPC_OR_OLCMetro_2019_A19_w2052n2773.laz,D:\LIDAR\oregon\oregon_lidar_pilot\USGS_LPC_OR_OLCMetro_2019_A19_w2052n2773.laz,patches\train\USGS_LPC_OR_OLCMetro_2019_A19_w2052n2773_r000000_c000384.npz,0,384,-2051616.0,2773744.0,-2051360.0,2774000.0,"COMPD_CS[""NAD83(2011) / Conus Albers + NAVD88 height - Geoid12B (m)"",PROJCS[""NAD83(2011) / Conus Albers"",GEOGCS[""NAD83(2011)"",DATUM[""NAD83 (National Spatial Reference System 2011)"",SPHEROID[""GRS 1980"",6378137,298.257222101,AUTHORITY[""EPSG"",""7019""]],AUTHORITY[""EPSG"",""1116""]],PRIMEM[""Greenwich"",0,AUTHORITY[""EPSG"",""8901""]],UNIT[""degree"",0.0174532925199433,AUTHORITY[""EPSG"",""9122""]],AUTHORITY[""EPSG"",""6318""]],PROJECTION[""Albers_Conic_Equal_Area""],PARAMETER[""standard_parallel_1"",29.5],PARAMETER[""standard_parallel_2"",45.5],PARAMETER[""latitude_of_center"",23],PARAMETER[""longitude_of_center"",-96],PARAMETER[""false_easting"",0],PARAMETER[""false_northing"",0],UNIT[""meter"",1,AUTHORITY[""EPSG"",""9001""]],AXIS[""X"",EAST],AXIS[""Y"",NORTH],AUTHORITY[""EPSG"",""6350""]],VERT_CS[""NAVD88 height - Geoid12B (m)"",VERT_DATUM[""North American Vertical Datum 1988"",2005,AUTHORITY[""EPSG"",""5103""]],UNIT[""meter"",1,AUTHORITY[""EPSG"",""9001""]],AXIS[""Up"",UP],AUTHORITY[""EPSG"",""5703""]]]",0.1075439453125,0.6324310302734375,14.36928653717041,0.0,False,Oregon_City_532;Oregon_City_557;Oregon_City_561,BurnWJ2010a,accept,
USGS_LPC_OR_OLCMetro_2019_A19_w2052n2773_r000000_c000512,train,negative,USGS_LPC_OR_OLCMetro_2019_A19_w2052n2773.laz,D:\LIDAR\oregon\oregon_lidar_pilot\USGS_LPC_OR_OLCMetro_2019_A19_w2052n2773.laz,patches\train\USGS_LPC_OR_OLCMetro_2019_A19_w2052n2773_r000000_c000512.npz,0,512,-2051488.0,2773744.0,-2051232.0,2774000.0,"COMPD_CS[""NAD83(2011) / Conus Albers + NAVD88 height - Geoid12B (m)"",PROJCS[""NAD83(2011) / Conus Albers"",GEOGCS[""NAD83(2011)"",DATUM[""NAD83 (National Spatial Reference System 2011)"",SPHEROID[""GRS 1980"",6378137,298.257222101,AUTHORITY[""EPSG"",""7019""]],AUTHORITY[""EPSG"",""1116""]],PRIMEM[""Greenwich"",0,AUTHORITY[""EPSG"",""8901""]],UNIT[""degree"",0.0174532925199433,AUTHORITY[""EPSG"",""9122""]],AUTHORITY[""EPSG"",""6318""]],PROJECTION[""Albers_Conic_Equal_Area""],PARAMETER[""standard_parallel_1"",29.5],PARAMETER[""standard_parallel_2"",45.5],PARAMETER[""latitude_of_center"",23],PARAMETER[""longitude_of_center"",-96],PARAMETER[""false_easting"",0],PARAMETER[""false_northing"",0],UNIT[""meter"",1,AUTHORITY[""EPSG"",""9001""]],AXIS[""X"",EAST],AXIS[""Y"",NORTH],AUTHORITY[""EPSG"",""6350""]],VERT_CS[""NAVD88 height - Geoid12B (m)"",VERT_DATUM[""North American Vertical Datum 1988"",2005,AUTHORITY[""EPSG"",""5103""]],UNIT[""meter"",1,AUTHORITY[""EPSG"",""9001""]],AXIS[""Up"",UP],AUTHORITY[""EPSG"",""5703""]]]",0.0,0.5751495361328125,15.267562866210938,54.0,True,Oregon_City_532;Oregon_City_557;Oregon_City_561,BurnWJ2010a,accept,
USGS_LPC_OR_OLCMetro_2019_A19_w2052n2773_r000000_c000640,train,negative,USGS_LPC_OR_OLCMetro_2019_A19_w2052n2773.laz,D:\LIDAR\oregon\oregon_lidar_pilot\USGS_LPC_OR_OLCMetro_2019_A19_w2052n2773.laz,patches\train\USGS_LPC_OR_OLCMetro_2019_A19_w2052n2773_r000000_c000640.npz,0,640,-2051360.0,2773744.0,-2051104.0,2774000.0,"COMPD_CS[""NAD83(2011) / Conus Albers + NAVD88 height - Geoid12B (m)"",PROJCS[""NAD83(2011) / Conus Albers"",GEOGCS[""NAD83(2011)"",DATUM[""NAD83 (National Spatial Reference System 2011)"",SPHEROID[""GRS 1980"",6378137,298.257222101,AUTHORITY[""EPSG"",""7019""]],AUTHORITY[""EPSG"",""1116""]],PRIMEM[""Greenwich"",0,AUTHORITY[""EPSG"",""8901""]],UNIT[""degree"",0.0174532925199433,AUTHORITY[""EPSG"",""9122""]],AUTHORITY[""EPSG"",""6318""]],PROJECTION[""Albers_Conic_Equal_Area""],PARAMETER[""standard_parallel_1"",29.5],PARAMETER[""standard_parallel_2"",45.5],PARAMETER[""latitude_of_center"",23],PARAMETER[""longitude_of_center"",-96],PARAMETER[""false_easting"",0],PARAMETER[""false_northing"",0],UNIT[""meter"",1,AUTHORITY[""EPSG"",""9001""]],AXIS[""X"",EAST],AXIS[""Y"",NORTH],AUTHORITY[""EPSG"",""6350""]],VERT_CS[""NAVD88 height - Geoid12B (m)"",VERT_DATUM[""North American Vertical Datum 1988"",2005,AUTHORITY[""EPSG"",""5103""]],UNIT[""meter"",1,AUTHORITY[""EPSG"",""9001""]],AXIS[""Up"",UP],AUTHORITY[""EPSG"",""5703""]]]",0.0,0.5361175537109375,16.89715576171875,182.0,True,Oregon_City_532;Oregon_City_557;Oregon_City_561,BurnWJ2010a,accept,
USGS_LPC_OR_OLCMetro_2019_A19_w2052n2773_r000128_c000000,train,positive_interior,USGS_LPC_OR_OLCMetro_2019_A19_w2052n2773.laz,D:\LIDAR\oregon\oregon_lidar_pilot\USGS_LPC_OR_OLCMetro_2019_A19_w2052n2773.laz,patches\train\USGS_LPC_OR_OLCMetro_2019_A19_w2052n2773_r000128_c000000.npz,128,0,-2052000.0,2773616.0,-2051744.0,2773872.0,"COMPD_CS[""NAD83(2011) / Conus Albers + NAVD88 height - Geoid12B (m)"",PROJCS[""NAD83(2011) / Conus Albers"",GEOGCS[""NAD83(2011)"",DATUM[""NAD83 (National Spatial Reference System 2011)"",SPHEROID[""GRS 1980"",6378137,298.257222101,AUTHORITY[""EPSG"",""7019""]],AUTHORITY[""EPSG"",""1116""]],PRIMEM[""Greenwich"",0,AUTHORITY[""EPSG"",""8901""]],UNIT[""degree"",0.0174532925199433,AUTHORITY[""EPSG"",""9122""]],AUTHORITY[""EPSG"",""6318""]],PROJECTION[""Albers_Conic_Equal_Area""],PARAMETER[""standard_parallel_1"",29.5],PARAMETER[""standard_parallel_2"",45.5],PARAMETER[""latitude_of_center"",23],PARAMETER[""longitude_of_center"",-96],PARAMETER[""false_easting"",0],PARAMETER[""false_northing"",0],UNIT[""meter"",1,AUTHORITY[""EPSG"",""9001""]],AXIS[""X"",EAST],AXIS[""Y"",NORTH],AUTHORITY[""EPSG"",""6350""]],VERT_CS[""NAVD88 height - Geoid12B (m)"",VERT_DATUM[""North American Vertical Datum 1988"",2005,AUTHORITY[""EPSG"",""5103""]],UNIT[""meter"",1,AUTHORITY[""EPSG"",""9001""]],AXIS[""Up"",UP],AUTHORITY[""EPSG"",""5703""]]]",0.535247802734375,0.634063720703125,14.58829402923584,0.0,False,Oregon_City_532;Oregon_City_557;Oregon_City_561,BurnWJ2010a,accept,
USGS_LPC_OR_OLCMetro_2019_A19_w2052n2773_r000128_c000128,train,positive_interior,USGS_LPC_OR_OLCMetro_2019_A19_w2052n2773.laz,D:\LIDAR\oregon\oregon_lidar_pilot\USGS_LPC_OR_OLCMetro_2019_A19_w2052n2773.laz,patches\train\USGS_LPC_OR_OLCMetro_2019_A19_w2052n2773_r000128_c000128.npz,128,128,-2051872.0,2773616.0,-2051616.0,2773872.0,"COMPD_CS[""NAD83(2011) / Conus Albers + NAVD88 height - Geoid12B (m)"",PROJCS[""NAD83(2011) / Conus Albers"",GEOGCS[""NAD83(2011)"",DATUM[""NAD83 (National Spatial Reference System 2011)"",SPHEROID[""GRS 1980"",6378137,298.257222101,AUTHORITY[""EPSG"",""7019""]],AUTHORITY[""EPSG"",""1116""]],PRIMEM[""Greenwich"",0,AUTHORITY[""EPSG"",""8901""]],UNIT[""degree"",0.0174532925199433,AUTHORITY[""EPSG"",""9122""]],AUTHORITY[""EPSG"",""6318""]],PROJECTION[""Albers_Conic_Equal_Area""],PARAMETER[""standard_parallel_1"",29.5],PARAMETER[""standard_parallel_2"",45.5],PARAMETER[""latitude_of_center"",23],PARAMETER[""longitude_of_center"",-96],PARAMETER[""false_easting"",0],PARAMETER[""false_northing"",0],UNIT[""meter"",1,AUTHORITY[""EPSG"",""9001""]],AXIS[""X"",EAST],AXIS[""Y"",NORTH],AUTHORITY[""EPSG"",""6350""]],VERT_CS[""NAVD88 height - Geoid12B (m)"",VERT_DATUM[""North American Vertical Datum 1988"",2005,AUTHORITY[""EPSG"",""5103""]],UNIT[""meter"",1,AUTHORITY[""EPSG"",""9001""]],AXIS[""Up"",UP],AUTHORITY[""EPSG"",""5703""]]]",0.3907623291015625,0.6006927490234375,15.363972663879395,0.0,False,Oregon_City_532;Oregon_City_557;Oregon_City_561,BurnWJ2010a,accept,
USGS_LPC_OR_OLCMetro_2019_A19_w2052n2773_r000128_c000256,train,positive_boundary,USGS_LPC_OR_OLCMetro_2019_A19_w2052n2773.laz,D:\LIDAR\oregon\oregon_lidar_pilot\USGS_LPC_OR_OLCMetro_2019_A19_w2052n2773.laz,patches\train\USGS_LPC_OR_OLCMetro_2019_A19_w2052n2773_r000128_c000256.npz,128,256,-2051744.0,2773616.0,-2051488.0,2773872.0,"COMPD_CS[""NAD83(2011) / Conus Albers + NAVD88 height - Geoid12B (m)"",PROJCS[""NAD83(2011) / Conus Albers"",GEOGCS[""NAD83(2011)"",DATUM[""NAD83 (National Spatial Reference System 2011)"",SPHEROID[""GRS 1980"",6378137,298.257222101,AUTHORITY[""EPSG"",""7019""]],AUTHORITY[""EPSG"",""1116""]],PRIMEM[""Greenwich"",0,AUTHORITY[""EPSG"",""8901""]],UNIT[""degree"",0.0174532925199433,AUTHORITY[""EPSG"",""9122""]],AUTHORITY[""EPSG"",""6318""]],PROJECTION[""Albers_Conic_Equal_Area""],PARAMETER[""standard_parallel_1"",29.5],PARAMETER[""standard_parallel_2"",45.5],PARAMETER[""latitude_of_center"",23],PARAMETER[""longitude_of_center"",-96],PARAMETER[""false_easting"",0],PARAMETER[""false_northing"",0],UNIT[""meter"",1,AUTHORITY[""EPSG"",""9001""]],AXIS[""X"",EAST],AXIS[""Y"",NORTH],AUTHORITY[""EPSG"",""6350""]],VERT_CS[""NAVD88 height - Geoid12B (m)"",VERT_DATUM[""North American Vertical Datum 1988"",2005,AUTHORITY[""EPSG"",""5103""]],UNIT[""meter"",1,AUTHORITY[""EPSG"",""9001""]],AXIS[""Up"",UP],AUTHORITY[""EPSG"",""5703""]]]",0.0670623779296875,0.5737457275390625,14.120954513549805,0.0,False,Oregon_City_532;Oregon_City_557;Oregon_City_561,BurnWJ2010a,accept,
USGS_LPC_OR_OLCMetro_2019_A19_w2052n2773_r000128_c000384,train,positive_boundary,USGS_LPC_OR_OLCMetro_2019_A19_w2052n2773.laz,D:\LIDAR\oregon\oregon_lidar_pilot\USGS_LPC_OR_OLCMetro_2019_A19_w2052n2773.laz,patches\train\USGS_LPC_OR_OLCMetro_2019_A19_w2052n2773_r000128_c000384.npz,128,384,-2051616.0,2773616.0,-2051360.0,2773872.0,"COMPD_CS[""NAD83(2011) / Conus Albers + NAVD88 height - Geoid12B (m)"",PROJCS[""NAD83(2011) / Conus Albers"",GEOGCS[""NAD83(2011)"",DATUM[""NAD83 (National Spatial Reference System 2011)"",SPHEROID[""GRS 1980"",6378137,298.257222101,AUTHORITY[""EPSG"",""7019""]],AUTHORITY[""EPSG"",""1116""]],PRIMEM[""Greenwich"",0,AUTHORITY[""EPSG"",""8901""]],UNIT[""degree"",0.0174532925199433,AUTHORITY[""EPSG"",""9122""]],AUTHORITY[""EPSG"",""6318""]],PROJECTION[""Albers_Conic_Equal_Area""],PARAMETER[""standard_parallel_1"",29.5],PARAMETER[""standard_parallel_2"",45.5],PARAMETER[""latitude_of_center"",23],PARAMETER[""longitude_of_center"",-96],PARAMETER[""false_easting"",0],PARAMETER[""false_northing"",0],UNIT[""meter"",1,AUTHORITY[""EPSG"",""9001""]],AXIS[""X"",EAST],AXIS[""Y"",NORTH],AUTHORITY[""EPSG"",""6350""]],VERT_CS[""NAVD88 height - Geoid12B (m)"",VERT_DATUM[""North American Vertical Datum 1988"",2005,AUTHORITY[""EPSG"",""5103""]],UNIT[""meter"",1,AUTHORITY[""EPSG"",""9001""]],AXIS[""Up"",UP],AUTHORITY[""EPSG"",""5703""]]]",0.0250244140625,0.58282470703125,13.8118314743042,0.0,False,Oregon_City_532;Oregon_City_557;Oregon_City_561,BurnWJ2010a,accept,
USGS_LPC_OR_OLCMetro_2019_A19_w2052n2773_r000128_c000512,train,negative,USGS_LPC_OR_OLCMetro_2019_A19_w2052n2773.laz,D:\LIDAR\oregon\oregon_lidar_pilot\USGS_LPC_OR_OLCMetro_2019_A19_w2052n2773.laz,patches\train\USGS_LPC_OR_OLCMetro_2019_A19_w2052n2773_r000128_c000512.npz,128,512,-2051488.0,2773616.0,-2051232.0,2773872.0,"COMPD_CS[""NAD83(2011) / Conus Albers + NAVD88 height - Geoid12B (m)"",PROJCS[""NAD83(2011) / Conus Albers"",GEOGCS[""NAD83(2011)"",DATUM[""NAD83 (National Spatial Reference System 2011)"",SPHEROID[""GRS 1980"",6378137,298.257222101,AUTHORITY[""EPSG"",""7019""]],AUTHORITY[""EPSG"",""1116""]],PRIMEM[""Greenwich"",0,AUTHORITY[""EPSG"",""8901""]],UNIT[""degree"",0.0174532925199433,AUTHORITY[""EPSG"",""9122""]],AUTHORITY[""EPSG"",""6318""]],PROJECTION[""Albers_Conic_Equal_Area""],PARAMETER[""standard_parallel_1"",29.5],PARAMETER[""standard_parallel_2"",45.5],PARAMETER[""latitude_of_center"",23],PARAMETER[""longitude_of_center"",-96],PARAMETER[""false_easting"",0],PARAMETER[""false_northing"",0],UNIT[""meter"",1,AUTHORITY[""EPSG"",""9001""]],AXIS[""X"",EAST],AXIS[""Y"",NORTH],AUTHORITY[""EPSG"",""6350""]],VERT_CS[""NAVD88 height - Geoid12B (m)"",VERT_DATUM[""North American Vertical Datum 1988"",2005,AUTHORITY[""EPSG"",""5103""]],UNIT[""meter"",1,AUTHORITY[""EPSG"",""9001""]],AXIS[""Up"",UP],AUTHORITY[""EPSG"",""5703""]]]",0.0,0.5303192138671875,14.626120567321777,55.0,True,Oregon_City_532;Oregon_City_557;Oregon_City_561,BurnWJ2010a,accept,
USGS_LPC_OR_OLCMetro_2019_A19_w2052n2773_r000256_c000000,train,positive_interior,USGS_LPC_OR_OLCMetro_2019_A19_w2052n2773.laz,D:\LIDAR\oregon\oregon_lidar_pilot\USGS_LPC_OR_OLCMetro_2019_A19_w2052n2773.laz,patches\train\USGS_LPC_OR_OLCMetro_2019_A19_w2052n2773_r000256_c000000.npz,256,0,-2052000.0,2773488.0,-2051744.0,2773744.0,"COMPD_CS[""NAD83(2011) / Conus Albers + NAVD88 height - Geoid12B (m)"",PROJCS[""NAD83(2011) / Conus Albers"",GEOGCS[""NAD83(2011)"",DATUM[""NAD83 (National Spatial Reference System 2011)"",SPHEROID[""GRS 1980"",6378137,298.257222101,AUTHORITY[""EPSG"",""7019""]],AUTHORITY[""EPSG"",""1116""]],PRIMEM[""Greenwich"",0,AUTHORITY[""EPSG"",""8901""]],UNIT[""degree"",0.0174532925199433,AUTHORITY[""EPSG"",""9122""]],AUTHORITY[""EPSG"",""6318""]],PROJECTION[""Albers_Conic_Equal_Area""],PARAMETER[""standard_parallel_1"",29.5],PARAMETER[""standard_parallel_2"",45.5],PARAMETER[""latitude_of_center"",23],PARAMETER[""longitude_of_center"",-96],PARAMETER[""false_easting"",0],PARAMETER[""false_northing"",0],UNIT[""meter"",1,AUTHORITY[""EPSG"",""9001""]],AXIS[""X"",EAST],AXIS[""Y"",NORTH],AUTHORITY[""EPSG"",""6350""]],VERT_CS[""NAVD88 height - Geoid12B (m)"",VERT_DATUM[""North American Vertical Datum 1988"",2005,AUTHORITY[""EPSG"",""5103""]],UNIT[""meter"",1,AUTHORITY[""EPSG"",""9001""]],AXIS[""Up"",UP],AUTHORITY[""EPSG"",""5703""]]]",0.3189544677734375,0.749359130859375,13.260550498962402,0.0,False,Oregon_City_532;Oregon_City_557;Oregon_City_561,BurnWJ2010a,accept,
USGS_LPC_OR_OLCMetro_2019_A19_w2052n2773_r000256_c000128,train,positive_interior,USGS_LPC_OR_OLCMetro_2019_A19_w2052n2773.laz,D:\LIDAR\oregon\oregon_lidar_pilot\USGS_LPC_OR_OLCMetro_2019_A19_w2052n2773.laz,patches\train\USGS_LPC_OR_OLCMetro_2019_A19_w2052n2773_r000256_c000128.npz,256,128,-2051872.0,2773488.0,-2051616.0,2773744.0,"COMPD_CS[""NAD83(2011) / Conus Albers + NAVD88 height - Geoid12B (m)"",PROJCS[""NAD83(2011) / Conus Albers"",GEOGCS[""NAD83(2011)"",DATUM[""NAD83 (National Spatial Reference System 2011)"",SPHEROID[""GRS 1980"",6378137,298.257222101,AUTHORITY[""EPSG"",""7019""]],AUTHORITY[""EPSG"",""1116""]],PRIMEM[""Greenwich"",0,AUTHORITY[""EPSG"",""8901""]],UNIT[""degree"",0.0174532925199433,AUTHORITY[""EPSG"",""9122""]],AUTHORITY[""EPSG"",""6318""]],PROJECTION[""Albers_Conic_Equal_Area""],PARAMETER[""standard_parallel_1"",29.5],PARAMETER[""standard_parallel_2"",45.5],PARAMETER[""latitude_of_center"",23],PARAMETER[""longitude_of_center"",-96],PARAMETER[""false_easting"",0],PARAMETER[""false_northing"",0],UNIT[""meter"",1,AUTHORITY[""EPSG"",""9001""]],AXIS[""X"",EAST],AXIS[""Y"",NORTH],AUTHORITY[""EPSG"",""6350""]],VERT_CS[""NAVD88 height - Geoid12B (m)"",VERT_DATUM[""North American Vertical Datum 1988"",2005,AUTHORITY[""EPSG"",""5103""]],UNIT[""meter"",1,AUTHORITY[""EPSG"",""9001""]],AXIS[""Up"",UP],AUTHORITY[""EPSG"",""5703""]]]",0.3375091552734375,0.608245849609375,15.106410026550293,0.0,False,Oregon_City_532;Oregon_City_557;Oregon_City_561,BurnWJ2010a,accept,
USGS_LPC_OR_OLCMetro_2019_A19_w2052n2773_r000256_c000256,train,positive_boundary,USGS_LPC_OR_OLCMetro_2019_A19_w2052n2773.laz,D:\LIDAR\oregon\oregon_lidar_pilot\USGS_LPC_OR_OLCMetro_2019_A19_w2052n2773.laz,patches\train\USGS_LPC_OR_OLCMetro_2019_A19_w2052n2773_r000256_c000256.npz,256,256,-2051744.0,2773488.0,-2051488.0,2773744.0,"COMPD_CS[""NAD83(2011) / Conus Albers + NAVD88 height - Geoid12B (m)"",PROJCS[""NAD83(2011) / Conus Albers"",GEOGCS[""NAD83(2011)"",DATUM[""NAD83 (National Spatial Reference System 2011)"",SPHEROID[""GRS 1980"",6378137,298.257222101,AUTHORITY[""EPSG"",""7019""]],AUTHORITY[""EPSG"",""1116""]],PRIMEM[""Greenwich"",0,AUTHORITY[""EPSG"",""8901""]],UNIT[""degree"",0.0174532925199433,AUTHORITY[""EPSG"",""9122""]],AUTHORITY[""EPSG"",""6318""]],PROJECTION[""Albers_Conic_Equal_Area""],PARAMETER[""standard_parallel_1"",29.5],PARAMETER[""standard_parallel_2"",45.5],PARAMETER[""latitude_of_center"",23],PARAMETER[""longitude_of_center"",-96],PARAMETER[""false_easting"",0],PARAMETER[""false_northing"",0],UNIT[""meter"",1,AUTHORITY[""EPSG"",""9001""]],AXIS[""X"",EAST],AXIS[""Y"",NORTH],AUTHORITY[""EPSG"",""6350""]],VERT_CS[""NAVD88 height - Geoid12B (m)"",VERT_DATUM[""North American Vertical Datum 1988"",2005,AUTHORITY[""EPSG"",""5103""]],UNIT[""meter"",1,AUTHORITY[""EPSG"",""9001""]],AXIS[""Up"",UP],AUTHORITY[""EPSG"",""5703""]]]",0.0253143310546875,0.6152801513671875,10.892804145812988,0.0,False,Oregon_City_532;Oregon_City_557;Oregon_City_561,BurnWJ2010a,accept,
USGS_LPC_OR_OLCMetro_2019_A19_w2052n2773_r000256_c000384,train,negative,USGS_LPC_OR_OLCMetro_2019_A19_w2052n2773.laz,D:\LIDAR\oregon\oregon_lidar_pilot\USGS_LPC_OR_OLCMetro_2019_A19_w2052n2773.laz,patches\train\USGS_LPC_OR_OLCMetro_2019_A19_w2052n2773_r000256_c000384.npz,256,384,-2051616.0,2773488.0,-2051360.0,2773744.0,"COMPD_CS[""NAD83(2011) / Conus Albers + NAVD88 height - Geoid12B (m)"",PROJCS[""NAD83(2011) / Conus Albers"",GEOGCS[""NAD83(2011)"",DATUM[""NAD83 (National Spatial Reference System 2011)"",SPHEROID[""GRS 1980"",6378137,298.257222101,AUTHORITY[""EPSG"",""7019""]],AUTHORITY[""EPSG"",""1116""]],PRIMEM[""Greenwich"",0,AUTHORITY[""EPSG"",""8901""]],UNIT[""degree"",0.0174532925199433,AUTHORITY[""EPSG"",""9122""]],AUTHORITY[""EPSG"",""6318""]],PROJECTION[""Albers_Conic_Equal_Area""],PARAMETER[""standard_parallel_1"",29.5],PARAMETER[""standard_parallel_2"",45.5],PARAMETER[""latitude_of_center"",23],PARAMETER[""longitude_of_center"",-96],PARAMETER[""false_easting"",0],PARAMETER[""false_northing"",0],UNIT[""meter"",1,AUTHORITY[""EPSG"",""9001""]],AXIS[""X"",EAST],AXIS[""Y"",NORTH],AUTHORITY[""EPSG"",""6350""]],VERT_CS[""NAVD88 height - Geoid12B (m)"",VERT_DATUM[""North American Vertical Datum 1988"",2005,AUTHORITY[""EPSG"",""5103""]],UNIT[""meter"",1,AUTHORITY[""EPSG"",""9001""]],AXIS[""Up"",UP],AUTHORITY[""EPSG"",""5703""]]]",0.0,0.686492919921875,8.557683944702148,62.24146527838174,True,Oregon_City_532;Oregon_City_557;Oregon_City_561,BurnWJ2010a,accept,
USGS_LPC_OR_OLCMetro_2019_A19_w2052n2773_r000256_c000512,train,negative,USGS_LPC_OR_OLCMetro_2019_A19_w2052n2773.laz,D:\LIDAR\oregon\oregon_lidar_pilot\USGS_LPC_OR_OLCMetro_2019_A19_w2052n2773.laz,patches\train\USGS_LPC_OR_OLCMetro_2019_A19_w2052n2773_r000256_c000512.npz,256,512,-2051488.0,2773488.0,-2051232.0,2773744.0,"COMPD_CS[""NAD83(2011) / Conus Albers + NAVD88 height - Geoid12B (m)"",PROJCS[""NAD83(2011) / Conus Albers"",GEOGCS[""NAD83(2011)"",DATUM[""NAD83 (National Spatial Reference System 2011)"",SPHEROID[""GRS 1980"",6378137,298.257222101,AUTHORITY[""EPSG"",""7019""]],AUTHORITY[""EPSG"",""1116""]],PRIMEM[""Greenwich"",0,AUTHORITY[""EPSG"",""8901""]],UNIT[""degree"",0.0174532925199433,AUTHORITY[""EPSG"",""9122""]],AUTHORITY[""EPSG"",""6318""]],PROJECTION[""Albers_Conic_Equal_Area""],PARAMETER[""standard_parallel_1"",29.5],PARAMETER[""standard_parallel_2"",45.5],PARAMETER[""latitude_of_center"",23],PARAMETER[""longitude_of_center"",-96],PARAMETER[""false_easting"",0],PARAMETER[""false_northing"",0],UNIT[""meter"",1,AUTHORITY[""EPSG"",""9001""]],AXIS[""X"",EAST],AXIS[""Y"",NORTH],AUTHORITY[""EPSG"",""6350""]],VERT_CS[""NAVD88 height - Geoid12B (m)"",VERT_DATUM[""North American Vertical Datum 1988"",2005,AUTHORITY[""EPSG"",""5103""]],UNIT[""meter"",1,AUTHORITY[""EPSG"",""9001""]],AXIS[""Up"",UP],AUTHORITY[""EPSG"",""5703""]]]",0.0,0.5804443359375,10.478630065917969,125.93649193144932,True,Oregon_City_532;Oregon_City_557;Oregon_City_561,BurnWJ2010a,accept,
USGS_LPC_OR_OLCMetro_2019_A19_w2052n2773_r000256_c000640,train,negative,USGS_LPC_OR_OLCMetro_2019_A19_w2052n2773.laz,D:\LIDAR\oregon\oregon_lidar_pilot\USGS_LPC_OR_OLCMetro_2019_A19_w2052n2773.laz,patches\train\USGS_LPC_OR_OLCMetro_2019_A19_w2052n2773_r000256_c000640.npz,256,640,-2051360.0,2773488.0,-2051104.0,2773744.0,"COMPD_CS[""NAD83(2011) / Conus Albers + NAVD88 height - Geoid12B (m)"",PROJCS[""NAD83(2011) / Conus Albers"",GEOGCS[""NAD83(2011)"",DATUM[""NAD83 (National Spatial Reference System 2011)"",SPHEROID[""GRS 1980"",6378137,298.257222101,AUTHORITY[""EPSG"",""7019""]],AUTHORITY[""EPSG"",""1116""]],PRIMEM[""Greenwich"",0,AUTHORITY[""EPSG"",""8901""]],UNIT[""degree"",0.0174532925199433,AUTHORITY[""EPSG"",""9122""]],AUTHORITY[""EPSG"",""6318""]],PROJECTION[""Albers_Conic_Equal_Area""],PARAMETER[""standard_parallel_1"",29.5],PARAMETER[""standard_parallel_2"",45.5],PARAMETER[""latitude_of_center"",23],PARAMETER[""longitude_of_center"",-96],PARAMETER[""false_easting"",0],PARAMETER[""false_northing"",0],UNIT[""meter"",1,AUTHORITY[""EPSG"",""9001""]],AXIS[""X"",EAST],AXIS[""Y"",NORTH],AUTHORITY[""EPSG"",""6350""]],VERT_CS[""NAVD88 height - Geoid12B (m)"",VERT_DATUM[""North American Vertical Datum 1988"",2005,AUTHORITY[""EPSG"",""5103""]],UNIT[""meter"",1,AUTHORITY[""EPSG"",""9001""]],AXIS[""Up"",UP],AUTHORITY[""EPSG"",""5703""]]]",0.0,0.5262451171875,13.102205276489258,220.2203442009843,True,Oregon_City_532;Oregon_City_557;Oregon_City_561,BurnWJ2010a,accept,
USGS_LPC_OR_OLCMetro_2019_A19_w2052n2773_r000384_c000000,train,positive_interior,USGS_LPC_OR_OLCMetro_2019_A19_w2052n2773.laz,D:\LIDAR\oregon\oregon_lidar_pilot\USGS_LPC_OR_OLCMetro_2019_A19_w2052n2773.laz,patches\train\USGS_LPC_OR_OLCMetro_2019_A19_w2052n2773_r000384_c000000.npz,384,0,-2052000.0,2773360.0,-2051744.0,2773616.0,"COMPD_CS[""NAD83(2011) / Conus Albers + NAVD88 height - Geoid12B (m)"",PROJCS[""NAD83(2011) / Conus Albers"",GEOGCS[""NAD83(2011)"",DATUM[""NAD83 (National Spatial Reference System 2011)"",SPHEROID[""GRS 1980"",6378137,298.257222101,AUTHORITY[""EPSG"",""7019""]],AUTHORITY[""EPSG"",""1116""]],PRIMEM[""Greenwich"",0,AUTHORITY[""EPSG"",""8901""]],UNIT[""degree"",0.0174532925199433,AUTHORITY[""EPSG"",""9122""]],AUTHORITY[""EPSG"",""6318""]],PROJECTION[""Albers_Conic_Equal_Area""],PARAMETER[""standard_parallel_1"",29.5],PARAMETER[""standard_parallel_2"",45.5],PARAMETER[""latitude_of_center"",23],PARAMETER[""longitude_of_center"",-96],PARAMETER[""false_easting"",0],PARAMETER[""false_northing"",0],UNIT[""meter"",1,AUTHORITY[""EPSG"",""9001""]],AXIS[""X"",EAST],AXIS[""Y"",NORTH],AUTHORITY[""EPSG"",""6350""]],VERT_CS[""NAVD88 height - Geoid12B (m)"",VERT_DATUM[""North American Vertical Datum 1988"",2005,AUTHORITY[""EPSG"",""5103""]],UNIT[""meter"",1,AUTHORITY[""EPSG"",""9001""]],AXIS[""Up"",UP],AUTHORITY[""EPSG"",""5703""]]]",0.1270751953125,0.81964111328125,13.048964500427246,0.0,False,Oregon_City_532;Oregon_City_557;Oregon_City_561,BurnWJ2010a,accept,
USGS_LPC_OR_OLCMetro_2019_A19_w2052n2773_r000384_c000128,train,positive_interior,USGS_LPC_OR_OLCMetro_2019_A19_w2052n2773.laz,D:\LIDAR\oregon\oregon_lidar_pilot\USGS_LPC_OR_OLCMetro_2019_A19_w2052n2773.laz,patches\train\USGS_LPC_OR_OLCMetro_2019_A19_w2052n2773_r000384_c000128.npz,384,128,-2051872.0,2773360.0,-2051616.0,2773616.0,"COMPD_CS[""NAD83(2011) / Conus Albers + NAVD88 height - Geoid12B (m)"",PROJCS[""NAD83(2011) / Conus Albers"",GEOGCS[""NAD83(2011)"",DATUM[""NAD83 (National Spatial Reference System 2011)"",SPHEROID[""GRS 1980"",6378137,298.257222101,AUTHORITY[""EPSG"",""7019""]],AUTHORITY[""EPSG"",""1116""]],PRIMEM[""Greenwich"",0,AUTHORITY[""EPSG"",""8901""]],UNIT[""degree"",0.0174532925199433,AUTHORITY[""EPSG"",""9122""]],AUTHORITY[""EPSG"",""6318""]],PROJECTION[""Albers_Conic_Equal_Area""],PARAMETER[""standard_parallel_1"",29.5],PARAMETER[""standard_parallel_2"",45.5],PARAMETER[""latitude_of_center"",23],PARAMETER[""longitude_of_center"",-96],PARAMETER[""false_easting"",0],PARAMETER[""false_northing"",0],UNIT[""meter"",1,AUTHORITY[""EPSG"",""9001""]],AXIS[""X"",EAST],AXIS[""Y"",NORTH],AUTHORITY[""EPSG"",""6350""]],VERT_CS[""NAVD88 height - Geoid12B (m)"",VERT_DATUM[""North American Vertical Datum 1988"",2005,AUTHORITY[""EPSG"",""5103""]],UNIT[""meter"",1,AUTHORITY[""EPSG"",""9001""]],AXIS[""Up"",UP],AUTHORITY[""EPSG"",""5703""]]]",0.2111968994140625,0.5945892333984375,17.002758026123047,0.0,False,Oregon_City_532;Oregon_City_557;Oregon_City_561,BurnWJ2010a,accept,
USGS_LPC_OR_OLCMetro_2019_A19_w2052n2773_r000384_c000256,train,positive_boundary,USGS_LPC_OR_OLCMetro_2019_A19_w2052n2773.laz,D:\LIDAR\oregon\oregon_lidar_pilot\USGS_LPC_OR_OLCMetro_2019_A19_w2052n2773.laz,patches\train\USGS_LPC_OR_OLCMetro_2019_A19_w2052n2773_r000384_c000256.npz,384,256,-2051744.0,2773360.0,-2051488.0,2773616.0,"COMPD_CS[""NAD83(2011) / Conus Albers + NAVD88 height - Geoid12B (m)"",PROJCS[""NAD83(2011) / Conus Albers"",GEOGCS[""NAD83(2011)"",DATUM[""NAD83 (National Spatial Reference System 2011)"",SPHEROID[""GRS 1980"",6378137,298.257222101,AUTHORITY[""EPSG"",""7019""]],AUTHORITY[""EPSG"",""1116""]],PRIMEM[""Greenwich"",0,AUTHORITY[""EPSG"",""8901""]],UNIT[""degree"",0.0174532925199433,AUTHORITY[""EPSG"",""9122""]],AUTHORITY[""EPSG"",""6318""]],PROJECTION[""Albers_Conic_Equal_Area""],PARAMETER[""standard_parallel_1"",29.5],PARAMETER[""standard_parallel_2"",45.5],PARAMETER[""latitude_of_center"",23],PARAMETER[""longitude_of_center"",-96],PARAMETER[""false_easting"",0],PARAMETER[""false_northing"",0],UNIT[""meter"",1,AUTHORITY[""EPSG"",""9001""]],AXIS[""X"",EAST],AXIS[""Y"",NORTH],AUTHORITY[""EPSG"",""6350""]],VERT_CS[""NAVD88 height - Geoid12B (m)"",VERT_DATUM[""North American Vertical Datum 1988"",2005,AUTHORITY[""EPSG"",""5103""]],UNIT[""meter"",1,AUTHORITY[""EPSG"",""9001""]],AXIS[""Up"",UP],AUTHORITY[""EPSG"",""5703""]]]",0.0841217041015625,0.645172119140625,12.576801300048828,0.0,False,Oregon_City_532;Oregon_City_557;Oregon_City_561,BurnWJ2010a,accept,
USGS_LPC_OR_OLCMetro_2019_A19_w2052n2773_r000384_c000512,train,negative,USGS_LPC_OR_OLCMetro_2019_A19_w2052n2773.laz,D:\LIDAR\oregon\oregon_lidar_pilot\USGS_LPC_OR_OLCMetro_2019_A19_w2052n2773.laz,patches\train\USGS_LPC_OR_OLCMetro_2019_A19_w2052n2773_r000384_c000512.npz,384,512,-2051488.0,2773360.0,-2051232.0,2773616.0,"COMPD_CS[""NAD83(2011) / Conus Albers + NAVD88 height - Geoid12B (m)"",PROJCS[""NAD83(2011) / Conus Albers"",GEOGCS[""NAD83(2011)"",DATUM[""NAD83 (National Spatial Reference System 2011)"",SPHEROID[""GRS 1980"",6378137,298.257222101,AUTHORITY[""EPSG"",""7019""]],AUTHORITY[""EPSG"",""1116""]],PRIMEM[""Greenwich"",0,AUTHORITY[""EPSG"",""8901""]],UNIT[""degree"",0.0174532925199433,AUTHORITY[""EPSG"",""9122""]],AUTHORITY[""EPSG"",""6318""]],PROJECTION[""Albers_Conic_Equal_Area""],PARAMETER[""standard_parallel_1"",29.5],PARAMETER[""standard_parallel_2"",45.5],PARAMETER[""latitude_of_center"",23],PARAMETER[""longitude_of_center"",-96],PARAMETER[""false_easting"",0],PARAMETER[""false_northing"",0],UNIT[""meter"",1,AUTHORITY[""EPSG"",""9001""]],AXIS[""X"",EAST],AXIS[""Y"",NORTH],AUTHORITY[""EPSG"",""6350""]],VERT_CS[""NAVD88 height - Geoid12B (m)"",VERT_DATUM[""North American Vertical Datum 1988"",2005,AUTHORITY[""EPSG"",""5103""]],UNIT[""meter"",1,AUTHORITY[""EPSG"",""9001""]],AXIS[""Up"",UP],AUTHORITY[""EPSG"",""5703""]]]",0.0,0.6337738037109375,7.496193885803223,175.0,False,Oregon_City_532;Oregon_City_557;Oregon_City_561,BurnWJ2010a,accept,
USGS_LPC_OR_OLCMetro_2019_A19_w2052n2773_r000384_c000640,train,negative,USGS_LPC_OR_OLCMetro_2019_A19_w2052n2773.laz,D:\LIDAR\oregon\oregon_lidar_pilot\USGS_LPC_OR_OLCMetro_2019_A19_w2052n2773.laz,patches\train\USGS_LPC_OR_OLCMetro_2019_A19_w2052n2773_r000384_c000640.npz,384,640,-2051360.0,2773360.0,-2051104.0,2773616.0,"COMPD_CS[""NAD83(2011) / Conus Albers + NAVD88 height - Geoid12B (m)"",PROJCS[""NAD83(2011) / Conus Albers"",GEOGCS[""NAD83(2011)"",DATUM[""NAD83 (National Spatial Reference System 2011)"",SPHEROID[""GRS 1980"",6378137,298.257222101,AUTHORITY[""EPSG"",""7019""]],AUTHORITY[""EPSG"",""1116""]],PRIMEM[""Greenwich"",0,AUTHORITY[""EPSG"",""8901""]],UNIT[""degree"",0.0174532925199433,AUTHORITY[""EPSG"",""9122""]],AUTHORITY[""EPSG"",""6318""]],PROJECTION[""Albers_Conic_Equal_Area""],PARAMETER[""standard_parallel_1"",29.5],PARAMETER[""standard_parallel_2"",45.5],PARAMETER[""latitude_of_center"",23],PARAMETER[""longitude_of_center"",-96],PARAMETER[""false_easting"",0],PARAMETER[""false_northing"",0],UNIT[""meter"",1,AUTHORITY[""EPSG"",""9001""]],AXIS[""X"",EAST],AXIS[""Y"",NORTH],AUTHORITY[""EPSG"",""6350""]],VERT_CS[""NAVD88 height - Geoid12B (m)"",VERT_DATUM[""North American Vertical Datum 1988"",2005,AUTHORITY[""EPSG"",""5103""]],UNIT[""meter"",1,AUTHORITY[""EPSG"",""9001""]],AXIS[""Up"",UP],AUTHORITY[""EPSG"",""5703""]]]",0.0,0.559478759765625,9.60183334350586,303.0,True,Oregon_City_532;Oregon_City_557;Oregon_City_561,BurnWJ2010a,accept,
USGS_LPC_OR_OLCMetro_2019_A19_w2052n2773_r000512_c000128,train,positive_boundary,USGS_LPC_OR_OLCMetro_2019_A19_w2052n2773.laz,D:\LIDAR\oregon\oregon_lidar_pilot\USGS_LPC_OR_OLCMetro_2019_A19_w2052n2773.laz,patches\train\USGS_LPC_OR_OLCMetro_2019_A19_w2052n2773_r000512_c000128.npz,512,128,-2051872.0,2773232.0,-2051616.0,2773488.0,"COMPD_CS[""NAD83(2011) / Conus Albers + NAVD88 height - Geoid12B (m)"",PROJCS[""NAD83(2011) / Conus Albers"",GEOGCS[""NAD83(2011)"",DATUM[""NAD83 (National Spatial Reference System 2011)"",SPHEROID[""GRS 1980"",6378137,298.257222101,AUTHORITY[""EPSG"",""7019""]],AUTHORITY[""EPSG"",""1116""]],PRIMEM[""Greenwich"",0,AUTHORITY[""EPSG"",""8901""]],UNIT[""degree"",0.0174532925199433,AUTHORITY[""EPSG"",""9122""]],AUTHORITY[""EPSG"",""6318""]],PROJECTION[""Albers_Conic_Equal_Area""],PARAMETER[""standard_parallel_1"",29.5],PARAMETER[""standard_parallel_2"",45.5],PARAMETER[""latitude_of_center"",23],PARAMETER[""longitude_of_center"",-96],PARAMETER[""false_easting"",0],PARAMETER[""false_northing"",0],UNIT[""meter"",1,AUTHORITY[""EPSG"",""9001""]],AXIS[""X"",EAST],AXIS[""Y"",NORTH],AUTHORITY[""EPSG"",""6350""]],VERT_CS[""NAVD88 height - Geoid12B (m)"",VERT_DATUM[""North American Vertical Datum 1988"",2005,AUTHORITY[""EPSG"",""5103""]],UNIT[""meter"",1,AUTHORITY[""EPSG"",""9001""]],AXIS[""Up"",UP],AUTHORITY[""EPSG"",""5703""]]]",0.0606536865234375,0.6626739501953125,15.419757843017578,0.0,False,Oregon_City_532;Oregon_City_557;Oregon_City_561,BurnWJ2010a,accept,
USGS_LPC_OR_OLCMetro_2019_A19_w2052n2773_r000512_c000256,train,positive_boundary,USGS_LPC_OR_OLCMetro_2019_A19_w2052n2773.laz,D:\LIDAR\oregon\oregon_lidar_pilot\USGS_LPC_OR_OLCMetro_2019_A19_w2052n2773.laz,patches\train\USGS_LPC_OR_OLCMetro_2019_A19_w2052n2773_r000512_c000256.npz,512,256,-2051744.0,2773232.0,-2051488.0,2773488.0,"COMPD_CS[""NAD83(2011) / Conus Albers + NAVD88 height - Geoid12B (m)"",PROJCS[""NAD83(2011) / Conus Albers"",GEOGCS[""NAD83(2011)"",DATUM[""NAD83 (National Spatial Reference System 2011)"",SPHEROID[""GRS 1980"",6378137,298.257222101,AUTHORITY[""EPSG"",""7019""]],AUTHORITY[""EPSG"",""1116""]],PRIMEM[""Greenwich"",0,AUTHORITY[""EPSG"",""8901""]],UNIT[""degree"",0.0174532925199433,AUTHORITY[""EPSG"",""9122""]],AUTHORITY[""EPSG"",""6318""]],PROJECTION[""Albers_Conic_Equal_Area""],PARAMETER[""standard_parallel_1"",29.5],PARAMETER[""standard_parallel_2"",45.5],PARAMETER[""latitude_of_center"",23],PARAMETER[""longitude_of_center"",-96],PARAMETER[""false_easting"",0],PARAMETER[""false_northing"",0],UNIT[""meter"",1,AUTHORITY[""EPSG"",""9001""]],AXIS[""X"",EAST],AXIS[""Y"",NORTH],AUTHORITY[""EPSG"",""6350""]],VERT_CS[""NAVD88 height - Geoid12B (m)"",VERT_DATUM[""North American Vertical Datum 1988"",2005,AUTHORITY[""EPSG"",""5103""]],UNIT[""meter"",1,AUTHORITY[""EPSG"",""9001""]],AXIS[""Up"",UP],AUTHORITY[""EPSG"",""5703""]]]",0.058807373046875,0.620086669921875,15.154930114746094,0.0,False,Oregon_City_532;Oregon_City_557;Oregon_City_561,BurnWJ2010a,accept,
USGS_LPC_OR_OLCMetro_2019_A19_w2052n2773_r000512_c000512,train,negative,USGS_LPC_OR_OLCMetro_2019_A19_w2052n2773.laz,D:\LIDAR\oregon\oregon_lidar_pilot\USGS_LPC_OR_OLCMetro_2019_A19_w2052n2773.laz,patches\train\USGS_LPC_OR_OLCMetro_2019_A19_w2052n2773_r000512_c000512.npz,512,512,-2051488.0,2773232.0,-2051232.0,2773488.0,"COMPD_CS[""NAD83(2011) / Conus Albers + NAVD88 height - Geoid12B (m)"",PROJCS[""NAD83(2011) / Conus Albers"",GEOGCS[""NAD83(2011)"",DATUM[""NAD83 (National Spatial Reference System 2011)"",SPHEROID[""GRS 1980"",6378137,298.257222101,AUTHORITY[""EPSG"",""7019""]],AUTHORITY[""EPSG"",""1116""]],PRIMEM[""Greenwich"",0,AUTHORITY[""EPSG"",""8901""]],UNIT[""degree"",0.0174532925199433,AUTHORITY[""EPSG"",""9122""]],AUTHORITY[""EPSG"",""6318""]],PROJECTION[""Albers_Conic_Equal_Area""],PARAMETER[""standard_parallel_1"",29.5],PARAMETER[""standard_parallel_2"",45.5],PARAMETER[""latitude_of_center"",23],PARAMETER[""longitude_of_center"",-96],PARAMETER[""false_easting"",0],PARAMETER[""false_northing"",0],UNIT[""meter"",1,AUTHORITY[""EPSG"",""9001""]],AXIS[""X"",EAST],AXIS[""Y"",NORTH],AUTHORITY[""EPSG"",""6350""]],VERT_CS[""NAVD88 height - Geoid12B (m)"",VERT_DATUM[""North American Vertical Datum 1988"",2005,AUTHORITY[""EPSG"",""5103""]],UNIT[""meter"",1,AUTHORITY[""EPSG"",""9001""]],AXIS[""Up"",UP],AUTHORITY[""EPSG"",""5703""]]]",0.0,0.6733551025390625,7.949178218841553,175.0,False,Oregon_City_532;Oregon_City_557;Oregon_City_561,BurnWJ2010a,accept,
USGS_LPC_OR_OLCMetro_2019_A19_w2052n2773_r000512_c000640,train,negative,USGS_LPC_OR_OLCMetro_2019_A19_w2052n2773.laz,D:\LIDAR\oregon\oregon_lidar_pilot\USGS_LPC_OR_OLCMetro_2019_A19_w2052n2773.laz,patches\train\USGS_LPC_OR_OLCMetro_2019_A19_w2052n2773_r000512_c000640.npz,512,640,-2051360.0,2773232.0,-2051104.0,2773488.0,"COMPD_CS[""NAD83(2011) / Conus Albers + NAVD88 height - Geoid12B (m)"",PROJCS[""NAD83(2011) / Conus Albers"",GEOGCS[""NAD83(2011)"",DATUM[""NAD83 (National Spatial Reference System 2011)"",SPHEROID[""GRS 1980"",6378137,298.257222101,AUTHORITY[""EPSG"",""7019""]],AUTHORITY[""EPSG"",""1116""]],PRIMEM[""Greenwich"",0,AUTHORITY[""EPSG"",""8901""]],UNIT[""degree"",0.0174532925199433,AUTHORITY[""EPSG"",""9122""]],AUTHORITY[""EPSG"",""6318""]],PROJECTION[""Albers_Conic_Equal_Area""],PARAMETER[""standard_parallel_1"",29.5],PARAMETER[""standard_parallel_2"",45.5],PARAMETER[""latitude_of_center"",23],PARAMETER[""longitude_of_center"",-96],PARAMETER[""false_easting"",0],PARAMETER[""false_northing"",0],UNIT[""meter"",1,AUTHORITY[""EPSG"",""9001""]],AXIS[""X"",EAST],AXIS[""Y"",NORTH],AUTHORITY[""EPSG"",""6350""]],VERT_CS[""NAVD88 height - Geoid12B (m)"",VERT_DATUM[""North American Vertical Datum 1988"",2005,AUTHORITY[""EPSG"",""5103""]],UNIT[""meter"",1,AUTHORITY[""EPSG"",""9001""]],AXIS[""Up"",UP],AUTHORITY[""EPSG"",""5703""]]]",0.0,0.6822967529296875,9.037819862365723,303.0,True,Oregon_City_532;Oregon_City_557;Oregon_City_561,BurnWJ2010a,accept,
USGS_LPC_OR_OLCMetro_2019_A19_w2052n2773_r000640_c000000,train,negative,USGS_LPC_OR_OLCMetro_2019_A19_w2052n2773.laz,D:\LIDAR\oregon\oregon_lidar_pilot\USGS_LPC_OR_OLCMetro_2019_A19_w2052n2773.laz,patches\train\USGS_LPC_OR_OLCMetro_2019_A19_w2052n2773_r000640_c000000.npz,640,0,-2052000.0,2773104.0,-2051744.0,2773360.0,"COMPD_CS[""NAD83(2011) / Conus Albers + NAVD88 height - Geoid12B (m)"",PROJCS[""NAD83(2011) / Conus Albers"",GEOGCS[""NAD83(2011)"",DATUM[""NAD83 (National Spatial Reference System 2011)"",SPHEROID[""GRS 1980"",6378137,298.257222101,AUTHORITY[""EPSG"",""7019""]],AUTHORITY[""EPSG"",""1116""]],PRIMEM[""Greenwich"",0,AUTHORITY[""EPSG"",""8901""]],UNIT[""degree"",0.0174532925199433,AUTHORITY[""EPSG"",""9122""]],AUTHORITY[""EPSG"",""6318""]],PROJECTION[""Albers_Conic_Equal_Area""],PARAMETER[""standard_parallel_1"",29.5],PARAMETER[""standard_parallel_2"",45.5],PARAMETER[""latitude_of_center"",23],PARAMETER[""longitude_of_center"",-96],PARAMETER[""false_easting"",0],PARAMETER[""false_northing"",0],UNIT[""meter"",1,AUTHORITY[""EPSG"",""9001""]],AXIS[""X"",EAST],AXIS[""Y"",NORTH],AUTHORITY[""EPSG"",""6350""]],VERT_CS[""NAVD88 height - Geoid12B (m)"",VERT_DATUM[""North American Vertical Datum 1988"",2005,AUTHORITY[""EPSG"",""5103""]],UNIT[""meter"",1,AUTHORITY[""EPSG"",""9001""]],AXIS[""Up"",UP],AUTHORITY[""EPSG"",""5703""]]]",0.0,0.85009765625,6.31095027923584,76.27581530209953,False,Oregon_City_532;Oregon_City_557;Oregon_City_561,BurnWJ2010a,accept,
USGS_LPC_OR_OLCMetro_2019_A19_w2052n2773_r000640_c000128,train,negative,USGS_LPC_OR_OLCMetro_2019_A19_w2052n2773.laz,D:\LIDAR\oregon\oregon_lidar_pilot\USGS_LPC_OR_OLCMetro_2019_A19_w2052n2773.laz,patches\train\USGS_LPC_OR_OLCMetro_2019_A19_w2052n2773_r000640_c000128.npz,640,128,-2051872.0,2773104.0,-2051616.0,2773360.0,"COMPD_CS[""NAD83(2011) / Conus Albers + NAVD88 height - Geoid12B (m)"",PROJCS[""NAD83(2011) / Conus Albers"",GEOGCS[""NAD83(2011)"",DATUM[""NAD83 (National Spatial Reference System 2011)"",SPHEROID[""GRS 1980"",6378137,298.257222101,AUTHORITY[""EPSG"",""7019""]],AUTHORITY[""EPSG"",""1116""]],PRIMEM[""Greenwich"",0,AUTHORITY[""EPSG"",""8901""]],UNIT[""degree"",0.0174532925199433,AUTHORITY[""EPSG"",""9122""]],AUTHORITY[""EPSG"",""6318""]],PROJECTION[""Albers_Conic_Equal_Area""],PARAMETER[""standard_parallel_1"",29.5],PARAMETER[""standard_parallel_2"",45.5],PARAMETER[""latitude_of_center"",23],PARAMETER[""longitude_of_center"",-96],PARAMETER[""false_easting"",0],PARAMETER[""false_northing"",0],UNIT[""meter"",1,AUTHORITY[""EPSG"",""9001""]],AXIS[""X"",EAST],AXIS[""Y"",NORTH],AUTHORITY[""EPSG"",""6350""]],VERT_CS[""NAVD88 height - Geoid12B (m)"",VERT_DATUM[""North American Vertical Datum 1988"",2005,AUTHORITY[""EPSG"",""5103""]],UNIT[""meter"",1,AUTHORITY[""EPSG"",""9001""]],AXIS[""Up"",UP],AUTHORITY[""EPSG"",""5703""]]]",0.0,0.7678375244140625,12.000334739685059,53.0,True,Oregon_City_532;Oregon_City_557;Oregon_City_561,BurnWJ2010a,accept,
USGS_LPC_OR_OLCMetro_2019_A19_w2052n2773_r000640_c000256,train,negative,USGS_LPC_OR_OLCMetro_2019_A19_w2052n2773.laz,D:\LIDAR\oregon\oregon_lidar_pilot\USGS_LPC_OR_OLCMetro_2019_A19_w2052n2773.laz,patches\train\USGS_LPC_OR_OLCMetro_2019_A19_w2052n2773_r000640_c000256.npz,640,256,-2051744.0,2773104.0,-2051488.0,2773360.0,"COMPD_CS[""NAD83(2011) / Conus Albers + NAVD88 height - Geoid12B (m)"",PROJCS[""NAD83(2011) / Conus Albers"",GEOGCS[""NAD83(2011)"",DATUM[""NAD83 (National Spatial Reference System 2011)"",SPHEROID[""GRS 1980"",6378137,298.257222101,AUTHORITY[""EPSG"",""7019""]],AUTHORITY[""EPSG"",""1116""]],PRIMEM[""Greenwich"",0,AUTHORITY[""EPSG"",""8901""]],UNIT[""degree"",0.0174532925199433,AUTHORITY[""EPSG"",""9122""]],AUTHORITY[""EPSG"",""6318""]],PROJECTION[""Albers_Conic_Equal_Area""],PARAMETER[""standard_parallel_1"",29.5],PARAMETER[""standard_parallel_2"",45.5],PARAMETER[""latitude_of_center"",23],PARAMETER[""longitude_of_center"",-96],PARAMETER[""false_easting"",0],PARAMETER[""false_northing"",0],UNIT[""meter"",1,AUTHORITY[""EPSG"",""9001""]],AXIS[""X"",EAST],AXIS[""Y"",NORTH],AUTHORITY[""EPSG"",""6350""]],VERT_CS[""NAVD88 height - Geoid12B (m)"",VERT_DATUM[""North American Vertical Datum 1988"",2005,AUTHORITY[""EPSG"",""5103""]],UNIT[""meter"",1,AUTHORITY[""EPSG"",""9001""]],AXIS[""Up"",UP],AUTHORITY[""EPSG"",""5703""]]]",0.0,0.6472015380859375,14.624457359313965,53.0,True,Oregon_City_532;Oregon_City_557;Oregon_City_561,BurnWJ2010a,accept,
USGS_LPC_OR_OLCMetro_2019_A19_w2052n2773_r000640_c000384,train,negative,USGS_LPC_OR_OLCMetro_2019_A19_w2052n2773.laz,D:\LIDAR\oregon\oregon_lidar_pilot\USGS_LPC_OR_OLCMetro_2019_A19_w2052n2773.laz,patches\train\USGS_LPC_OR_OLCMetro_2019_A19_w2052n2773_r000640_c000384.npz,640,384,-2051616.0,2773104.0,-2051360.0,2773360.0,"COMPD_CS[""NAD83(2011) / Conus Albers + NAVD88 height - Geoid12B (m)"",PROJCS[""NAD83(2011) / Conus Albers"",GEOGCS[""NAD83(2011)"",DATUM[""NAD83 (National Spatial Reference System 2011)"",SPHEROID[""GRS 1980"",6378137,298.257222101,AUTHORITY[""EPSG"",""7019""]],AUTHORITY[""EPSG"",""1116""]],PRIMEM[""Greenwich"",0,AUTHORITY[""EPSG"",""8901""]],UNIT[""degree"",0.0174532925199433,AUTHORITY[""EPSG"",""9122""]],AUTHORITY[""EPSG"",""6318""]],PROJECTION[""Albers_Conic_Equal_Area""],PARAMETER[""standard_parallel_1"",29.5],PARAMETER[""standard_parallel_2"",45.5],PARAMETER[""latitude_of_center"",23],PARAMETER[""longitude_of_center"",-96],PARAMETER[""false_easting"",0],PARAMETER[""false_northing"",0],UNIT[""meter"",1,AUTHORITY[""EPSG"",""9001""]],AXIS[""X"",EAST],AXIS[""Y"",NORTH],AUTHORITY[""EPSG"",""6350""]],VERT_CS[""NAVD88 height - Geoid12B (m)"",VERT_DATUM[""North American Vertical Datum 1988"",2005,AUTHORITY[""EPSG"",""5103""]],UNIT[""meter"",1,AUTHORITY[""EPSG"",""9001""]],AXIS[""Up"",UP],AUTHORITY[""EPSG"",""5703""]]]",0.0,0.5248565673828125,12.97900104522705,80.61017305526642,True,Oregon_City_532;Oregon_City_557;Oregon_City_561,BurnWJ2010a,accept,
USGS_LPC_OR_OLCMetro_2019_A19_w2052n2773_r000640_c000512,train,negative,USGS_LPC_OR_OLCMetro_2019_A19_w2052n2773.laz,D:\LIDAR\oregon\oregon_lidar_pilot\USGS_LPC_OR_OLCMetro_2019_A19_w2052n2773.laz,patches\train\USGS_LPC_OR_OLCMetro_2019_A19_w2052n2773_r000640_c000512.npz,640,512,-2051488.0,2773104.0,-2051232.0,2773360.0,"COMPD_CS[""NAD83(2011) / Conus Albers + NAVD88 height - Geoid12B (m)"",PROJCS[""NAD83(2011) / Conus Albers"",GEOGCS[""NAD83(2011)"",DATUM[""NAD83 (National Spatial Reference System 2011)"",SPHEROID[""GRS 1980"",6378137,298.257222101,AUTHORITY[""EPSG"",""7019""]],AUTHORITY[""EPSG"",""1116""]],PRIMEM[""Greenwich"",0,AUTHORITY[""EPSG"",""8901""]],UNIT[""degree"",0.0174532925199433,AUTHORITY[""EPSG"",""9122""]],AUTHORITY[""EPSG"",""6318""]],PROJECTION[""Albers_Conic_Equal_Area""],PARAMETER[""standard_parallel_1"",29.5],PARAMETER[""standard_parallel_2"",45.5],PARAMETER[""latitude_of_center"",23],PARAMETER[""longitude_of_center"",-96],PARAMETER[""false_easting"",0],PARAMETER[""false_northing"",0],UNIT[""meter"",1,AUTHORITY[""EPSG"",""9001""]],AXIS[""X"",EAST],AXIS[""Y"",NORTH],AUTHORITY[""EPSG"",""6350""]],VERT_CS[""NAVD88 height - Geoid12B (m)"",VERT_DATUM[""North American Vertical Datum 1988"",2005,AUTHORITY[""EPSG"",""5103""]],UNIT[""meter"",1,AUTHORITY[""EPSG"",""9001""]],AXIS[""Up"",UP],AUTHORITY[""EPSG"",""5703""]]]",0.0,0.5890350341796875,11.128931045532227,189.25643978475344,True,Oregon_City_532;Oregon_City_557;Oregon_City_561,BurnWJ2010a,accept,
USGS_LPC_OR_OLCMetro_2019_A19_w2052n2773_r000640_c000640,train,negative,USGS_LPC_OR_OLCMetro_2019_A19_w2052n2773.laz,D:\LIDAR\oregon\oregon_lidar_pilot\USGS_LPC_OR_OLCMetro_2019_A19_w2052n2773.laz,patches\train\USGS_LPC_OR_OLCMetro_2019_A19_w2052n2773_r000640_c000640.npz,640,640,-2051360.0,2773104.0,-2051104.0,2773360.0,"COMPD_CS[""NAD83(2011) / Conus Albers + NAVD88 height - Geoid12B (m)"",PROJCS[""NAD83(2011) / Conus Albers"",GEOGCS[""NAD83(2011)"",DATUM[""NAD83 (National Spatial Reference System 2011)"",SPHEROID[""GRS 1980"",6378137,298.257222101,AUTHORITY[""EPSG"",""7019""]],AUTHORITY[""EPSG"",""1116""]],PRIMEM[""Greenwich"",0,AUTHORITY[""EPSG"",""8901""]],UNIT[""degree"",0.0174532925199433,AUTHORITY[""EPSG"",""9122""]],AUTHORITY[""EPSG"",""6318""]],PROJECTION[""Albers_Conic_Equal_Area""],PARAMETER[""standard_parallel_1"",29.5],PARAMETER[""standard_parallel_2"",45.5],PARAMETER[""latitude_of_center"",23],PARAMETER[""longitude_of_center"",-96],PARAMETER[""false_easting"",0],PARAMETER[""false_northing"",0],UNIT[""meter"",1,AUTHORITY[""EPSG"",""9001""]],AXIS[""X"",EAST],AXIS[""Y"",NORTH],AUTHORITY[""EPSG"",""6350""]],VERT_CS[""NAVD88 height - Geoid12B (m)"",VERT_DATUM[""North American Vertical Datum 1988"",2005,AUTHORITY[""EPSG"",""5103""]],UNIT[""meter"",1,AUTHORITY[""EPSG"",""9001""]],AXIS[""Up"",UP],AUTHORITY[""EPSG"",""5703""]]]",0.0,0.70562744140625,10.219385147094727,311.9054343867705,True,Oregon_City_532;Oregon_City_557;Oregon_City_561,BurnWJ2010a,accept,
USGS_LPC_OR_OLCMetro_2019_A19_w2052n2774_r000000_c000128,train,positive_interior,USGS_LPC_OR_OLCMetro_2019_A19_w2052n2774.laz,D:\LIDAR\oregon\oregon_lidar_pilot\USGS_LPC_OR_OLCMetro_2019_A19_w2052n2774.laz,patches\train\USGS_LPC_OR_OLCMetro_2019_A19_w2052n2774_r000000_c000128.npz,0,128,-2051872.0,2774744.0,-2051616.0,2775000.0,"COMPD_CS[""NAD83(2011) / Conus Albers + NAVD88 height - Geoid12B (m)"",PROJCS[""NAD83(2011) / Conus Albers"",GEOGCS[""NAD83(2011)"",DATUM[""NAD83 (National Spatial Reference System 2011)"",SPHEROID[""GRS 1980"",6378137,298.257222101,AUTHORITY[""EPSG"",""7019""]],AUTHORITY[""EPSG"",""1116""]],PRIMEM[""Greenwich"",0,AUTHORITY[""EPSG"",""8901""]],UNIT[""degree"",0.0174532925199433,AUTHORITY[""EPSG"",""9122""]],AUTHORITY[""EPSG"",""6318""]],PROJECTION[""Albers_Conic_Equal_Area""],PARAMETER[""standard_parallel_1"",29.5],PARAMETER[""standard_parallel_2"",45.5],PARAMETER[""latitude_of_center"",23],PARAMETER[""longitude_of_center"",-96],PARAMETER[""false_easting"",0],PARAMETER[""false_northing"",0],UNIT[""meter"",1,AUTHORITY[""EPSG"",""9001""]],AXIS[""X"",EAST],AXIS[""Y"",NORTH],AUTHORITY[""EPSG"",""6350""]],VERT_CS[""NAVD88 height - Geoid12B (m)"",VERT_DATUM[""North American Vertical Datum 1988"",2005,AUTHORITY[""EPSG"",""5103""]],UNIT[""meter"",1,AUTHORITY[""EPSG"",""9001""]],AXIS[""Up"",UP],AUTHORITY[""EPSG"",""5703""]]]",0.1010284423828125,0.7023162841796875,10.126609802246094,0.0,False,Oregon_City_503;Oregon_City_532;Oregon_City_541;Oregon_City_560;Oregon_City_565,BurnWJ2010a,accept,
USGS_LPC_OR_OLCMetro_2019_A19_w2052n2774_r000000_c000256,train,positive_interior,USGS_LPC_OR_OLCMetro_2019_A19_w2052n2774.laz,D:\LIDAR\oregon\oregon_lidar_pilot\USGS_LPC_OR_OLCMetro_2019_A19_w2052n2774.laz,patches\train\USGS_LPC_OR_OLCMetro_2019_A19_w2052n2774_r000000_c000256.npz,0,256,-2051744.0,2774744.0,-2051488.0,2775000.0,"COMPD_CS[""NAD83(2011) / Conus Albers + NAVD88 height - Geoid12B (m)"",PROJCS[""NAD83(2011) / Conus Albers"",GEOGCS[""NAD83(2011)"",DATUM[""NAD83 (National Spatial Reference System 2011)"",SPHEROID[""GRS 1980"",6378137,298.257222101,AUTHORITY[""EPSG"",""7019""]],AUTHORITY[""EPSG"",""1116""]],PRIMEM[""Greenwich"",0,AUTHORITY[""EPSG"",""8901""]],UNIT[""degree"",0.0174532925199433,AUTHORITY[""EPSG"",""9122""]],AUTHORITY[""EPSG"",""6318""]],PROJECTION[""Albers_Conic_Equal_Area""],PARAMETER[""standard_parallel_1"",29.5],PARAMETER[""standard_parallel_2"",45.5],PARAMETER[""latitude_of_center"",23],PARAMETER[""longitude_of_center"",-96],PARAMETER[""false_easting"",0],PARAMETER[""false_northing"",0],UNIT[""meter"",1,AUTHORITY[""EPSG"",""9001""]],AXIS[""X"",EAST],AXIS[""Y"",NORTH],AUTHORITY[""EPSG"",""6350""]],VERT_CS[""NAVD88 height - Geoid12B (m)"",VERT_DATUM[""North American Vertical Datum 1988"",2005,AUTHORITY[""EPSG"",""5103""]],UNIT[""meter"",1,AUTHORITY[""EPSG"",""9001""]],AXIS[""Up"",UP],AUTHORITY[""EPSG"",""5703""]]]",0.150299072265625,0.6328125,11.069145202636719,0.0,False,Oregon_City_503;Oregon_City_532;Oregon_City_541;Oregon_City_560;Oregon_City_565,BurnWJ2010a,accept,
USGS_LPC_OR_OLCMetro_2019_A19_w2052n2774_r000000_c000384,train,positive_boundary,USGS_LPC_OR_OLCMetro_2019_A19_w2052n2774.laz,D:\LIDAR\oregon\oregon_lidar_pilot\USGS_LPC_OR_OLCMetro_2019_A19_w2052n2774.laz,patches\train\USGS_LPC_OR_OLCMetro_2019_A19_w2052n2774_r000000_c000384.npz,0,384,-2051616.0,2774744.0,-2051360.0,2775000.0,"COMPD_CS[""NAD83(2011) / Conus Albers + NAVD88 height - Geoid12B (m)"",PROJCS[""NAD83(2011) / Conus Albers"",GEOGCS[""NAD83(2011)"",DATUM[""NAD83 (National Spatial Reference System 2011)"",SPHEROID[""GRS 1980"",6378137,298.257222101,AUTHORITY[""EPSG"",""7019""]],AUTHORITY[""EPSG"",""1116""]],PRIMEM[""Greenwich"",0,AUTHORITY[""EPSG"",""8901""]],UNIT[""degree"",0.0174532925199433,AUTHORITY[""EPSG"",""9122""]],AUTHORITY[""EPSG"",""6318""]],PROJECTION[""Albers_Conic_Equal_Area""],PARAMETER[""standard_parallel_1"",29.5],PARAMETER[""standard_parallel_2"",45.5],PARAMETER[""latitude_of_center"",23],PARAMETER[""longitude_of_center"",-96],PARAMETER[""false_easting"",0],PARAMETER[""false_northing"",0],UNIT[""meter"",1,AUTHORITY[""EPSG"",""9001""]],AXIS[""X"",EAST],AXIS[""Y"",NORTH],AUTHORITY[""EPSG"",""6350""]],VERT_CS[""NAVD88 height - Geoid12B (m)"",VERT_DATUM[""North American Vertical Datum 1988"",2005,AUTHORITY[""EPSG"",""5103""]],UNIT[""meter"",1,AUTHORITY[""EPSG"",""9001""]],AXIS[""Up"",UP],AUTHORITY[""EPSG"",""5703""]]]",0.0492706298828125,0.738555908203125,7.3410964012146,0.0,False,Oregon_City_503;Oregon_City_532;Oregon_City_541;Oregon_City_560;Oregon_City_565,BurnWJ2010a,accept,
USGS_LPC_OR_OLCMetro_2019_A19_w2052n2774_r000000_c000512,train,negative,USGS_LPC_OR_OLCMetro_2019_A19_w2052n2774.laz,D:\LIDAR\oregon\oregon_lidar_pilot\USGS_LPC_OR_OLCMetro_2019_A19_w2052n2774.laz,patches\train\USGS_LPC_OR_OLCMetro_2019_A19_w2052n2774_r000000_c000512.npz,0,512,-2051488.0,2774744.0,-2051232.0,2775000.0,"COMPD_CS[""NAD83(2011) / Conus Albers + NAVD88 height - Geoid12B (m)"",PROJCS[""NAD83(2011) / Conus Albers"",GEOGCS[""NAD83(2011)"",DATUM[""NAD83 (National Spatial Reference System 2011)"",SPHEROID[""GRS 1980"",6378137,298.257222101,AUTHORITY[""EPSG"",""7019""]],AUTHORITY[""EPSG"",""1116""]],PRIMEM[""Greenwich"",0,AUTHORITY[""EPSG"",""8901""]],UNIT[""degree"",0.0174532925199433,AUTHORITY[""EPSG"",""9122""]],AUTHORITY[""EPSG"",""6318""]],PROJECTION[""Albers_Conic_Equal_Area""],PARAMETER[""standard_parallel_1"",29.5],PARAMETER[""standard_parallel_2"",45.5],PARAMETER[""latitude_of_center"",23],PARAMETER[""longitude_of_center"",-96],PARAMETER[""false_easting"",0],PARAMETER[""false_northing"",0],UNIT[""meter"",1,AUTHORITY[""EPSG"",""9001""]],AXIS[""X"",EAST],AXIS[""Y"",NORTH],AUTHORITY[""EPSG"",""6350""]],VERT_CS[""NAVD88 height - Geoid12B (m)"",VERT_DATUM[""North American Vertical Datum 1988"",2005,AUTHORITY[""EPSG"",""5103""]],UNIT[""meter"",1,AUTHORITY[""EPSG"",""9001""]],AXIS[""Up"",UP],AUTHORITY[""EPSG"",""5703""]]]",0.0,0.84112548828125,5.237692356109619,76.0,False,Oregon_City_503;Oregon_City_532;Oregon_City_541;Oregon_City_560;Oregon_City_565,BurnWJ2010a,reject_engineered_landform,
USGS_LPC_OR_OLCMetro_2019_A19_w2052n2774_r000000_c000640,train,negative,USGS_LPC_OR_OLCMetro_2019_A19_w2052n2774.laz,D:\LIDAR\oregon\oregon_lidar_pilot\USGS_LPC_OR_OLCMetro_2019_A19_w2052n2774.laz,patches\train\USGS_LPC_OR_OLCMetro_2019_A19_w2052n2774_r000000_c000640.npz,0,640,-2051360.0,2774744.0,-2051104.0,2775000.0,"COMPD_CS[""NAD83(2011) / Conus Albers + NAVD88 height - Geoid12B (m)"",PROJCS[""NAD83(2011) / Conus Albers"",GEOGCS[""NAD83(2011)"",DATUM[""NAD83 (National Spatial Reference System 2011)"",SPHEROID[""GRS 1980"",6378137,298.257222101,AUTHORITY[""EPSG"",""7019""]],AUTHORITY[""EPSG"",""1116""]],PRIMEM[""Greenwich"",0,AUTHORITY[""EPSG"",""8901""]],UNIT[""degree"",0.0174532925199433,AUTHORITY[""EPSG"",""9122""]],AUTHORITY[""EPSG"",""6318""]],PROJECTION[""Albers_Conic_Equal_Area""],PARAMETER[""standard_parallel_1"",29.5],PARAMETER[""standard_parallel_2"",45.5],PARAMETER[""latitude_of_center"",23],PARAMETER[""longitude_of_center"",-96],PARAMETER[""false_easting"",0],PARAMETER[""false_northing"",0],UNIT[""meter"",1,AUTHORITY[""EPSG"",""9001""]],AXIS[""X"",EAST],AXIS[""Y"",NORTH],AUTHORITY[""EPSG"",""6350""]],VERT_CS[""NAVD88 height - Geoid12B (m)"",VERT_DATUM[""North American Vertical Datum 1988"",2005,AUTHORITY[""EPSG"",""5103""]],UNIT[""meter"",1,AUTHORITY[""EPSG"",""9001""]],AXIS[""Up"",UP],AUTHORITY[""EPSG"",""5703""]]]",0.0,0.81329345703125,4.200395584106445,204.0,False,Oregon_City_503;Oregon_City_532;Oregon_City_541;Oregon_City_560;Oregon_City_565,BurnWJ2010a,reject_engineered_landform,
USGS_LPC_OR_OLCMetro_2019_A19_w2052n2774_r000128_c000000,train,positive_interior,USGS_LPC_OR_OLCMetro_2019_A19_w2052n2774.laz,D:\LIDAR\oregon\oregon_lidar_pilot\USGS_LPC_OR_OLCMetro_2019_A19_w2052n2774.laz,patches\train\USGS_LPC_OR_OLCMetro_2019_A19_w2052n2774_r000128_c000000.npz,128,0,-2052000.0,2774616.0,-2051744.0,2774872.0,"COMPD_CS[""NAD83(2011) / Conus Albers + NAVD88 height - Geoid12B (m)"",PROJCS[""NAD83(2011) / Conus Albers"",GEOGCS[""NAD83(2011)"",DATUM[""NAD83 (National Spatial Reference System 2011)"",SPHEROID[""GRS 1980"",6378137,298.257222101,AUTHORITY[""EPSG"",""7019""]],AUTHORITY[""EPSG"",""1116""]],PRIMEM[""Greenwich"",0,AUTHORITY[""EPSG"",""8901""]],UNIT[""degree"",0.0174532925199433,AUTHORITY[""EPSG"",""9122""]],AUTHORITY[""EPSG"",""6318""]],PROJECTION[""Albers_Conic_Equal_Area""],PARAMETER[""standard_parallel_1"",29.5],PARAMETER[""standard_parallel_2"",45.5],PARAMETER[""latitude_of_center"",23],PARAMETER[""longitude_of_center"",-96],PARAMETER[""false_easting"",0],PARAMETER[""false_northing"",0],UNIT[""meter"",1,AUTHORITY[""EPSG"",""9001""]],AXIS[""X"",EAST],AXIS[""Y"",NORTH],AUTHORITY[""EPSG"",""6350""]],VERT_CS[""NAVD88 height - Geoid12B (m)"",VERT_DATUM[""North American Vertical Datum 1988"",2005,AUTHORITY[""EPSG"",""5103""]],UNIT[""meter"",1,AUTHORITY[""EPSG"",""9001""]],AXIS[""Up"",UP],AUTHORITY[""EPSG"",""5703""]]]",0.1209564208984375,0.7220611572265625,9.191088676452637,0.0,False,Oregon_City_503;Oregon_City_532;Oregon_City_541;Oregon_City_560;Oregon_City_565,BurnWJ2010a,accept,
USGS_LPC_OR_OLCMetro_2019_A19_w2052n2774_r000128_c000128,train,positive_interior,USGS_LPC_OR_OLCMetro_2019_A19_w2052n2774.laz,D:\LIDAR\oregon\oregon_lidar_pilot\USGS_LPC_OR_OLCMetro_2019_A19_w2052n2774.laz,patches\train\USGS_LPC_OR_OLCMetro_2019_A19_w2052n2774_r000128_c000128.npz,128,128,-2051872.0,2774616.0,-2051616.0,2774872.0,"COMPD_CS[""NAD83(2011) / Conus Albers + NAVD88 height - Geoid12B (m)"",PROJCS[""NAD83(2011) / Conus Albers"",GEOGCS[""NAD83(2011)"",DATUM[""NAD83 (National Spatial Reference System 2011)"",SPHEROID[""GRS 1980"",6378137,298.257222101,AUTHORITY[""EPSG"",""7019""]],AUTHORITY[""EPSG"",""1116""]],PRIMEM[""Greenwich"",0,AUTHORITY[""EPSG"",""8901""]],UNIT[""degree"",0.0174532925199433,AUTHORITY[""EPSG"",""9122""]],AUTHORITY[""EPSG"",""6318""]],PROJECTION[""Albers_Conic_Equal_Area""],PARAMETER[""standard_parallel_1"",29.5],PARAMETER[""standard_parallel_2"",45.5],PARAMETER[""latitude_of_center"",23],PARAMETER[""longitude_of_center"",-96],PARAMETER[""false_easting"",0],PARAMETER[""false_northing"",0],UNIT[""meter"",1,AUTHORITY[""EPSG"",""9001""]],AXIS[""X"",EAST],AXIS[""Y"",NORTH],AUTHORITY[""EPSG"",""6350""]],VERT_CS[""NAVD88 height - Geoid12B (m)"",VERT_DATUM[""North American Vertical Datum 1988"",2005,AUTHORITY[""EPSG"",""5103""]],UNIT[""meter"",1,AUTHORITY[""EPSG"",""9001""]],AXIS[""Up"",UP],AUTHORITY[""EPSG"",""5703""]]]",0.1680450439453125,0.6196136474609375,13.10002613067627,0.0,False,Oregon_City_503;Oregon_City_532;Oregon_City_541;Oregon_City_560;Oregon_City_565,BurnWJ2010a,accept,
USGS_LPC_OR_OLCMetro_2019_A19_w2052n2774_r000128_c000256,train,positive_boundary,USGS_LPC_OR_OLCMetro_2019_A19_w2052n2774.laz,D:\LIDAR\oregon\oregon_lidar_pilot\USGS_LPC_OR_OLCMetro_2019_A19_w2052n2774.laz,patches\train\USGS_LPC_OR_OLCMetro_2019_A19_w2052n2774_r000128_c000256.npz,128,256,-2051744.0,2774616.0,-2051488.0,2774872.0,"COMPD_CS[""NAD83(2011) / Conus Albers + NAVD88 height - Geoid12B (m)"",PROJCS[""NAD83(2011) / Conus Albers"",GEOGCS[""NAD83(2011)"",DATUM[""NAD83 (National Spatial Reference System 2011)"",SPHEROID[""GRS 1980"",6378137,298.257222101,AUTHORITY[""EPSG"",""7019""]],AUTHORITY[""EPSG"",""1116""]],PRIMEM[""Greenwich"",0,AUTHORITY[""EPSG"",""8901""]],UNIT[""degree"",0.0174532925199433,AUTHORITY[""EPSG"",""9122""]],AUTHORITY[""EPSG"",""6318""]],PROJECTION[""Albers_Conic_Equal_Area""],PARAMETER[""standard_parallel_1"",29.5],PARAMETER[""standard_parallel_2"",45.5],PARAMETER[""latitude_of_center"",23],PARAMETER[""longitude_of_center"",-96],PARAMETER[""false_easting"",0],PARAMETER[""false_northing"",0],UNIT[""meter"",1,AUTHORITY[""EPSG"",""9001""]],AXIS[""X"",EAST],AXIS[""Y"",NORTH],AUTHORITY[""EPSG"",""6350""]],VERT_CS[""NAVD88 height - Geoid12B (m)"",VERT_DATUM[""North American Vertical Datum 1988"",2005,AUTHORITY[""EPSG"",""5103""]],UNIT[""meter"",1,AUTHORITY[""EPSG"",""9001""]],AXIS[""Up"",UP],AUTHORITY[""EPSG"",""5703""]]]",0.0490570068359375,0.59326171875,12.385520935058594,0.0,False,Oregon_City_503;Oregon_City_532;Oregon_City_541;Oregon_City_560;Oregon_City_565,BurnWJ2010a,accept,
USGS_LPC_OR_OLCMetro_2019_A19_w2052n2774_r000128_c000512,train,negative,USGS_LPC_OR_OLCMetro_2019_A19_w2052n2774.laz,D:\LIDAR\oregon\oregon_lidar_pilot\USGS_LPC_OR_OLCMetro_2019_A19_w2052n2774.laz,patches\train\USGS_LPC_OR_OLCMetro_2019_A19_w2052n2774_r000128_c000512.npz,128,512,-2051488.0,2774616.0,-2051232.0,2774872.0,"COMPD_CS[""NAD83(2011) / Conus Albers + NAVD88 height - Geoid12B (m)"",PROJCS[""NAD83(2011) / Conus Albers"",GEOGCS[""NAD83(2011)"",DATUM[""NAD83 (National Spatial Reference System 2011)"",SPHEROID[""GRS 1980"",6378137,298.257222101,AUTHORITY[""EPSG"",""7019""]],AUTHORITY[""EPSG"",""1116""]],PRIMEM[""Greenwich"",0,AUTHORITY[""EPSG"",""8901""]],UNIT[""degree"",0.0174532925199433,AUTHORITY[""EPSG"",""9122""]],AUTHORITY[""EPSG"",""6318""]],PROJECTION[""Albers_Conic_Equal_Area""],PARAMETER[""standard_parallel_1"",29.5],PARAMETER[""standard_parallel_2"",45.5],PARAMETER[""latitude_of_center"",23],PARAMETER[""longitude_of_center"",-96],PARAMETER[""false_easting"",0],PARAMETER[""false_northing"",0],UNIT[""meter"",1,AUTHORITY[""EPSG"",""9001""]],AXIS[""X"",EAST],AXIS[""Y"",NORTH],AUTHORITY[""EPSG"",""6350""]],VERT_CS[""NAVD88 height - Geoid12B (m)"",VERT_DATUM[""North American Vertical Datum 1988"",2005,AUTHORITY[""EPSG"",""5103""]],UNIT[""meter"",1,AUTHORITY[""EPSG"",""9001""]],AXIS[""Up"",UP],AUTHORITY[""EPSG"",""5703""]]]",0.0,0.7854766845703125,5.311648368835449,110.9414259868693,False,Oregon_City_503;Oregon_City_532;Oregon_City_541;Oregon_City_560;Oregon_City_565,BurnWJ2010a,accept,
USGS_LPC_OR_OLCMetro_2019_A19_w2052n2774_r000128_c000640,train,negative,USGS_LPC_OR_OLCMetro_2019_A19_w2052n2774.laz,D:\LIDAR\oregon\oregon_lidar_pilot\USGS_LPC_OR_OLCMetro_2019_A19_w2052n2774.laz,patches\train\USGS_LPC_OR_OLCMetro_2019_A19_w2052n2774_r000128_c000640.npz,128,640,-2051360.0,2774616.0,-2051104.0,2774872.0,"COMPD_CS[""NAD83(2011) / Conus Albers + NAVD88 height - Geoid12B (m)"",PROJCS[""NAD83(2011) / Conus Albers"",GEOGCS[""NAD83(2011)"",DATUM[""NAD83 (National Spatial Reference System 2011)"",SPHEROID[""GRS 1980"",6378137,298.257222101,AUTHORITY[""EPSG"",""7019""]],AUTHORITY[""EPSG"",""1116""]],PRIMEM[""Greenwich"",0,AUTHORITY[""EPSG"",""8901""]],UNIT[""degree"",0.0174532925199433,AUTHORITY[""EPSG"",""9122""]],AUTHORITY[""EPSG"",""6318""]],PROJECTION[""Albers_Conic_Equal_Area""],PARAMETER[""standard_parallel_1"",29.5],PARAMETER[""standard_parallel_2"",45.5],PARAMETER[""latitude_of_center"",23],PARAMETER[""longitude_of_center"",-96],PARAMETER[""false_easting"",0],PARAMETER[""false_northing"",0],UNIT[""meter"",1,AUTHORITY[""EPSG"",""9001""]],AXIS[""X"",EAST],AXIS[""Y"",NORTH],AUTHORITY[""EPSG"",""6350""]],VERT_CS[""NAVD88 height - Geoid12B (m)"",VERT_DATUM[""North American Vertical Datum 1988"",2005,AUTHORITY[""EPSG"",""5103""]],UNIT[""meter"",1,AUTHORITY[""EPSG"",""9001""]],AXIS[""Up"",UP],AUTHORITY[""EPSG"",""5703""]]]",0.0,0.7749481201171875,5.587019920349121,225.32199182503248,False,Oregon_City_503;Oregon_City_532;Oregon_City_541;Oregon_City_560;Oregon_City_565,BurnWJ2010a,reject_engineered_landform,
USGS_LPC_OR_OLCMetro_2019_A19_w2052n2774_r000256_c000000,train,positive_interior,USGS_LPC_OR_OLCMetro_2019_A19_w2052n2774.laz,D:\LIDAR\oregon\oregon_lidar_pilot\USGS_LPC_OR_OLCMetro_2019_A19_w2052n2774.laz,patches\train\USGS_LPC_OR_OLCMetro_2019_A19_w2052n2774_r000256_c000000.npz,256,0,-2052000.0,2774488.0,-2051744.0,2774744.0,"COMPD_CS[""NAD83(2011) / Conus Albers + NAVD88 height - Geoid12B (m)"",PROJCS[""NAD83(2011) / Conus Albers"",GEOGCS[""NAD83(2011)"",DATUM[""NAD83 (National Spatial Reference System 2011)"",SPHEROID[""GRS 1980"",6378137,298.257222101,AUTHORITY[""EPSG"",""7019""]],AUTHORITY[""EPSG"",""1116""]],PRIMEM[""Greenwich"",0,AUTHORITY[""EPSG"",""8901""]],UNIT[""degree"",0.0174532925199433,AUTHORITY[""EPSG"",""9122""]],AUTHORITY[""EPSG"",""6318""]],PROJECTION[""Albers_Conic_Equal_Area""],PARAMETER[""standard_parallel_1"",29.5],PARAMETER[""standard_parallel_2"",45.5],PARAMETER[""latitude_of_center"",23],PARAMETER[""longitude_of_center"",-96],PARAMETER[""false_easting"",0],PARAMETER[""false_northing"",0],UNIT[""meter"",1,AUTHORITY[""EPSG"",""9001""]],AXIS[""X"",EAST],AXIS[""Y"",NORTH],AUTHORITY[""EPSG"",""6350""]],VERT_CS[""NAVD88 height - Geoid12B (m)"",VERT_DATUM[""North American Vertical Datum 1988"",2005,AUTHORITY[""EPSG"",""5103""]],UNIT[""meter"",1,AUTHORITY[""EPSG"",""9001""]],AXIS[""Up"",UP],AUTHORITY[""EPSG"",""5703""]]]",0.4753570556640625,0.588714599609375,16.809818267822266,0.0,False,Oregon_City_503;Oregon_City_532;Oregon_City_541;Oregon_City_560;Oregon_City_565,BurnWJ2010a,accept,
USGS_LPC_OR_OLCMetro_2019_A19_w2052n2774_r000256_c000128,train,positive_interior,USGS_LPC_OR_OLCMetro_2019_A19_w2052n2774.laz,D:\LIDAR\oregon\oregon_lidar_pilot\USGS_LPC_OR_OLCMetro_2019_A19_w2052n2774.laz,patches\train\USGS_LPC_OR_OLCMetro_2019_A19_w2052n2774_r000256_c000128.npz,256,128,-2051872.0,2774488.0,-2051616.0,2774744.0,"COMPD_CS[""NAD83(2011) / Conus Albers + NAVD88 height - Geoid12B (m)"",PROJCS[""NAD83(2011) / Conus Albers"",GEOGCS[""NAD83(2011)"",DATUM[""NAD83 (National Spatial Reference System 2011)"",SPHEROID[""GRS 1980"",6378137,298.257222101,AUTHORITY[""EPSG"",""7019""]],AUTHORITY[""EPSG"",""1116""]],PRIMEM[""Greenwich"",0,AUTHORITY[""EPSG"",""8901""]],UNIT[""degree"",0.0174532925199433,AUTHORITY[""EPSG"",""9122""]],AUTHORITY[""EPSG"",""6318""]],PROJECTION[""Albers_Conic_Equal_Area""],PARAMETER[""standard_parallel_1"",29.5],PARAMETER[""standard_parallel_2"",45.5],PARAMETER[""latitude_of_center"",23],PARAMETER[""longitude_of_center"",-96],PARAMETER[""false_easting"",0],PARAMETER[""false_northing"",0],UNIT[""meter"",1,AUTHORITY[""EPSG"",""9001""]],AXIS[""X"",EAST],AXIS[""Y"",NORTH],AUTHORITY[""EPSG"",""6350""]],VERT_CS[""NAVD88 height - Geoid12B (m)"",VERT_DATUM[""North American Vertical Datum 1988"",2005,AUTHORITY[""EPSG"",""5103""]],UNIT[""meter"",1,AUTHORITY[""EPSG"",""9001""]],AXIS[""Up"",UP],AUTHORITY[""EPSG"",""5703""]]]",0.3676910400390625,0.60223388671875,15.649863243103027,0.0,False,Oregon_City_503;Oregon_City_532;Oregon_City_541;Oregon_City_560;Oregon_City_565,BurnWJ2010a,accept,
USGS_LPC_OR_OLCMetro_2019_A19_w2052n2774_r000256_c000256,train,positive_boundary,USGS_LPC_OR_OLCMetro_2019_A19_w2052n2774.laz,D:\LIDAR\oregon\oregon_lidar_pilot\USGS_LPC_OR_OLCMetro_2019_A19_w2052n2774.laz,patches\train\USGS_LPC_OR_OLCMetro_2019_A19_w2052n2774_r000256_c000256.npz,256,256,-2051744.0,2774488.0,-2051488.0,2774744.0,"COMPD_CS[""NAD83(2011) / Conus Albers + NAVD88 height - Geoid12B (m)"",PROJCS[""NAD83(2011) / Conus Albers"",GEOGCS[""NAD83(2011)"",DATUM[""NAD83 (National Spatial Reference System 2011)"",SPHEROID[""GRS 1980"",6378137,298.257222101,AUTHORITY[""EPSG"",""7019""]],AUTHORITY[""EPSG"",""1116""]],PRIMEM[""Greenwich"",0,AUTHORITY[""EPSG"",""8901""]],UNIT[""degree"",0.0174532925199433,AUTHORITY[""EPSG"",""9122""]],AUTHORITY[""EPSG"",""6318""]],PROJECTION[""Albers_Conic_Equal_Area""],PARAMETER[""standard_parallel_1"",29.5],PARAMETER[""standard_parallel_2"",45.5],PARAMETER[""latitude_of_center"",23],PARAMETER[""longitude_of_center"",-96],PARAMETER[""false_easting"",0],PARAMETER[""false_northing"",0],UNIT[""meter"",1,AUTHORITY[""EPSG"",""9001""]],AXIS[""X"",EAST],AXIS[""Y"",NORTH],AUTHORITY[""EPSG"",""6350""]],VERT_CS[""NAVD88 height - Geoid12B (m)"",VERT_DATUM[""North American Vertical Datum 1988"",2005,AUTHORITY[""EPSG"",""5103""]],UNIT[""meter"",1,AUTHORITY[""EPSG"",""9001""]],AXIS[""Up"",UP],AUTHORITY[""EPSG"",""5703""]]]",0.0490570068359375,0.685638427734375,10.55301284790039,0.0,False,Oregon_City_503;Oregon_City_532;Oregon_City_541;Oregon_City_560;Oregon_City_565,BurnWJ2010a,accept,
USGS_LPC_OR_OLCMetro_2019_A19_w2052n2774_r000256_c000384,train,negative,USGS_LPC_OR_OLCMetro_2019_A19_w2052n2774.laz,D:\LIDAR\oregon\oregon_lidar_pilot\USGS_LPC_OR_OLCMetro_2019_A19_w2052n2774.laz,patches\train\USGS_LPC_OR_OLCMetro_2019_A19_w2052n2774_r000256_c000384.npz,256,384,-2051616.0,2774488.0,-2051360.0,2774744.0,"COMPD_CS[""NAD83(2011) / Conus Albers + NAVD88 height - Geoid12B (m)"",PROJCS[""NAD83(2011) / Conus Albers"",GEOGCS[""NAD83(2011)"",DATUM[""NAD83 (National Spatial Reference System 2011)"",SPHEROID[""GRS 1980"",6378137,298.257222101,AUTHORITY[""EPSG"",""7019""]],AUTHORITY[""EPSG"",""1116""]],PRIMEM[""Greenwich"",0,AUTHORITY[""EPSG"",""8901""]],UNIT[""degree"",0.0174532925199433,AUTHORITY[""EPSG"",""9122""]],AUTHORITY[""EPSG"",""6318""]],PROJECTION[""Albers_Conic_Equal_Area""],PARAMETER[""standard_parallel_1"",29.5],PARAMETER[""standard_parallel_2"",45.5],PARAMETER[""latitude_of_center"",23],PARAMETER[""longitude_of_center"",-96],PARAMETER[""false_easting"",0],PARAMETER[""false_northing"",0],UNIT[""meter"",1,AUTHORITY[""EPSG"",""9001""]],AXIS[""X"",EAST],AXIS[""Y"",NORTH],AUTHORITY[""EPSG"",""6350""]],VERT_CS[""NAVD88 height - Geoid12B (m)"",VERT_DATUM[""North American Vertical Datum 1988"",2005,AUTHORITY[""EPSG"",""5103""]],UNIT[""meter"",1,AUTHORITY[""EPSG"",""9001""]],AXIS[""Up"",UP],AUTHORITY[""EPSG"",""5703""]]]",0.0,0.7065887451171875,7.354888439178467,77.0,False,Oregon_City_503;Oregon_City_532;Oregon_City_541;Oregon_City_560;Oregon_City_565,BurnWJ2010a,accept,
USGS_LPC_OR_OLCMetro_2019_A19_w2052n2774_r000256_c000512,train,negative,USGS_LPC_OR_OLCMetro_2019_A19_w2052n2774.laz,D:\LIDAR\oregon\oregon_lidar_pilot\USGS_LPC_OR_OLCMetro_2019_A19_w2052n2774.laz,patches\train\USGS_LPC_OR_OLCMetro_2019_A19_w2052n2774_r000256_c000512.npz,256,512,-2051488.0,2774488.0,-2051232.0,2774744.0,"COMPD_CS[""NAD83(2011) / Conus Albers + NAVD88 height - Geoid12B (m)"",PROJCS[""NAD83(2011) / Conus Albers"",GEOGCS[""NAD83(2011)"",DATUM[""NAD83 (National Spatial Reference System 2011)"",SPHEROID[""GRS 1980"",6378137,298.257222101,AUTHORITY[""EPSG"",""7019""]],AUTHORITY[""EPSG"",""1116""]],PRIMEM[""Greenwich"",0,AUTHORITY[""EPSG"",""8901""]],UNIT[""degree"",0.0174532925199433,AUTHORITY[""EPSG"",""9122""]],AUTHORITY[""EPSG"",""6318""]],PROJECTION[""Albers_Conic_Equal_Area""],PARAMETER[""standard_parallel_1"",29.5],PARAMETER[""standard_parallel_2"",45.5],PARAMETER[""latitude_of_center"",23],PARAMETER[""longitude_of_center"",-96],PARAMETER[""false_easting"",0],PARAMETER[""false_northing"",0],UNIT[""meter"",1,AUTHORITY[""EPSG"",""9001""]],AXIS[""X"",EAST],AXIS[""Y"",NORTH],AUTHORITY[""EPSG"",""6350""]],VERT_CS[""NAVD88 height - Geoid12B (m)"",VERT_DATUM[""North American Vertical Datum 1988"",2005,AUTHORITY[""EPSG"",""5103""]],UNIT[""meter"",1,AUTHORITY[""EPSG"",""9001""]],AXIS[""Up"",UP],AUTHORITY[""EPSG"",""5703""]]]",0.0,0.749725341796875,6.560914516448975,205.0,False,Oregon_City_503;Oregon_City_532;Oregon_City_541;Oregon_City_560;Oregon_City_565,BurnWJ2010a,accept,
USGS_LPC_OR_OLCMetro_2019_A19_w2052n2774_r000256_c000640,train,negative,USGS_LPC_OR_OLCMetro_2019_A19_w2052n2774.laz,D:\LIDAR\oregon\oregon_lidar_pilot\USGS_LPC_OR_OLCMetro_2019_A19_w2052n2774.laz,patches\train\USGS_LPC_OR_OLCMetro_2019_A19_w2052n2774_r000256_c000640.npz,256,640,-2051360.0,2774488.0,-2051104.0,2774744.0,"COMPD_CS[""NAD83(2011) / Conus Albers + NAVD88 height - Geoid12B (m)"",PROJCS[""NAD83(2011) / Conus Albers"",GEOGCS[""NAD83(2011)"",DATUM[""NAD83 (National Spatial Reference System 2011)"",SPHEROID[""GRS 1980"",6378137,298.257222101,AUTHORITY[""EPSG"",""7019""]],AUTHORITY[""EPSG"",""1116""]],PRIMEM[""Greenwich"",0,AUTHORITY[""EPSG"",""8901""]],UNIT[""degree"",0.0174532925199433,AUTHORITY[""EPSG"",""9122""]],AUTHORITY[""EPSG"",""6318""]],PROJECTION[""Albers_Conic_Equal_Area""],PARAMETER[""standard_parallel_1"",29.5],PARAMETER[""standard_parallel_2"",45.5],PARAMETER[""latitude_of_center"",23],PARAMETER[""longitude_of_center"",-96],PARAMETER[""false_easting"",0],PARAMETER[""false_northing"",0],UNIT[""meter"",1,AUTHORITY[""EPSG"",""9001""]],AXIS[""X"",EAST],AXIS[""Y"",NORTH],AUTHORITY[""EPSG"",""6350""]],VERT_CS[""NAVD88 height - Geoid12B (m)"",VERT_DATUM[""North American Vertical Datum 1988"",2005,AUTHORITY[""EPSG"",""5103""]],UNIT[""meter"",1,AUTHORITY[""EPSG"",""9001""]],AXIS[""Up"",UP],AUTHORITY[""EPSG"",""5703""]]]",0.0,0.7837371826171875,6.839034080505371,290.68883707497264,False,Oregon_City_503;Oregon_City_532;Oregon_City_541;Oregon_City_560;Oregon_City_565,BurnWJ2010a,accept,
USGS_LPC_OR_OLCMetro_2019_A19_w2052n2774_r000384_c000000,train,positive_interior,USGS_LPC_OR_OLCMetro_2019_A19_w2052n2774.laz,D:\LIDAR\oregon\oregon_lidar_pilot\USGS_LPC_OR_OLCMetro_2019_A19_w2052n2774.laz,patches\train\USGS_LPC_OR_OLCMetro_2019_A19_w2052n2774_r000384_c000000.npz,384,0,-2052000.0,2774360.0,-2051744.0,2774616.0,"COMPD_CS[""NAD83(2011) / Conus Albers + NAVD88 height - Geoid12B (m)"",PROJCS[""NAD83(2011) / Conus Albers"",GEOGCS[""NAD83(2011)"",DATUM[""NAD83 (National Spatial Reference System 2011)"",SPHEROID[""GRS 1980"",6378137,298.257222101,AUTHORITY[""EPSG"",""7019""]],AUTHORITY[""EPSG"",""1116""]],PRIMEM[""Greenwich"",0,AUTHORITY[""EPSG"",""8901""]],UNIT[""degree"",0.0174532925199433,AUTHORITY[""EPSG"",""9122""]],AUTHORITY[""EPSG"",""6318""]],PROJECTION[""Albers_Conic_Equal_Area""],PARAMETER[""standard_parallel_1"",29.5],PARAMETER[""standard_parallel_2"",45.5],PARAMETER[""latitude_of_center"",23],PARAMETER[""longitude_of_center"",-96],PARAMETER[""false_easting"",0],PARAMETER[""false_northing"",0],UNIT[""meter"",1,AUTHORITY[""EPSG"",""9001""]],AXIS[""X"",EAST],AXIS[""Y"",NORTH],AUTHORITY[""EPSG"",""6350""]],VERT_CS[""NAVD88 height - Geoid12B (m)"",VERT_DATUM[""North American Vertical Datum 1988"",2005,AUTHORITY[""EPSG"",""5103""]],UNIT[""meter"",1,AUTHORITY[""EPSG"",""9001""]],AXIS[""Up"",UP],AUTHORITY[""EPSG"",""5703""]]]",0.7224273681640625,0.5319061279296875,19.35679817199707,0.0,False,Oregon_City_503;Oregon_City_532;Oregon_City_541;Oregon_City_560;Oregon_City_565,BurnWJ2010a,accept,
USGS_LPC_OR_OLCMetro_2019_A19_w2052n2774_r000384_c000128,train,positive_interior,USGS_LPC_OR_OLCMetro_2019_A19_w2052n2774.laz,D:\LIDAR\oregon\oregon_lidar_pilot\USGS_LPC_OR_OLCMetro_2019_A19_w2052n2774.laz,patches\train\USGS_LPC_OR_OLCMetro_2019_A19_w2052n2774_r000384_c000128.npz,384,128,-2051872.0,2774360.0,-2051616.0,2774616.0,"COMPD_CS[""NAD83(2011) / Conus Albers + NAVD88 height - Geoid12B (m)"",PROJCS[""NAD83(2011) / Conus Albers"",GEOGCS[""NAD83(2011)"",DATUM[""NAD83 (National Spatial Reference System 2011)"",SPHEROID[""GRS 1980"",6378137,298.257222101,AUTHORITY[""EPSG"",""7019""]],AUTHORITY[""EPSG"",""1116""]],PRIMEM[""Greenwich"",0,AUTHORITY[""EPSG"",""8901""]],UNIT[""degree"",0.0174532925199433,AUTHORITY[""EPSG"",""9122""]],AUTHORITY[""EPSG"",""6318""]],PROJECTION[""Albers_Conic_Equal_Area""],PARAMETER[""standard_parallel_1"",29.5],PARAMETER[""standard_parallel_2"",45.5],PARAMETER[""latitude_of_center"",23],PARAMETER[""longitude_of_center"",-96],PARAMETER[""false_easting"",0],PARAMETER[""false_northing"",0],UNIT[""meter"",1,AUTHORITY[""EPSG"",""9001""]],AXIS[""X"",EAST],AXIS[""Y"",NORTH],AUTHORITY[""EPSG"",""6350""]],VERT_CS[""NAVD88 height - Geoid12B (m)"",VERT_DATUM[""North American Vertical Datum 1988"",2005,AUTHORITY[""EPSG"",""5103""]],UNIT[""meter"",1,AUTHORITY[""EPSG"",""9001""]],AXIS[""Up"",UP],AUTHORITY[""EPSG"",""5703""]]]",0.39154052734375,0.6593017578125,13.216817855834961,0.0,False,Oregon_City_503;Oregon_City_532;Oregon_City_541;Oregon_City_560;Oregon_City_565,BurnWJ2010a,accept,
USGS_LPC_OR_OLCMetro_2019_A19_w2052n2774_r000384_c000384,train,negative,USGS_LPC_OR_OLCMetro_2019_A19_w2052n2774.laz,D:\LIDAR\oregon\oregon_lidar_pilot\USGS_LPC_OR_OLCMetro_2019_A19_w2052n2774.laz,patches\train\USGS_LPC_OR_OLCMetro_2019_A19_w2052n2774_r000384_c000384.npz,384,384,-2051616.0,2774360.0,-2051360.0,2774616.0,"COMPD_CS[""NAD83(2011) / Conus Albers + NAVD88 height - Geoid12B (m)"",PROJCS[""NAD83(2011) / Conus Albers"",GEOGCS[""NAD83(2011)"",DATUM[""NAD83 (National Spatial Reference System 2011)"",SPHEROID[""GRS 1980"",6378137,298.257222101,AUTHORITY[""EPSG"",""7019""]],AUTHORITY[""EPSG"",""1116""]],PRIMEM[""Greenwich"",0,AUTHORITY[""EPSG"",""8901""]],UNIT[""degree"",0.0174532925199433,AUTHORITY[""EPSG"",""9122""]],AUTHORITY[""EPSG"",""6318""]],PROJECTION[""Albers_Conic_Equal_Area""],PARAMETER[""standard_parallel_1"",29.5],PARAMETER[""standard_parallel_2"",45.5],PARAMETER[""latitude_of_center"",23],PARAMETER[""longitude_of_center"",-96],PARAMETER[""false_easting"",0],PARAMETER[""false_northing"",0],UNIT[""meter"",1,AUTHORITY[""EPSG"",""9001""]],AXIS[""X"",EAST],AXIS[""Y"",NORTH],AUTHORITY[""EPSG"",""6350""]],VERT_CS[""NAVD88 height - Geoid12B (m)"",VERT_DATUM[""North American Vertical Datum 1988"",2005,AUTHORITY[""EPSG"",""5103""]],UNIT[""meter"",1,AUTHORITY[""EPSG"",""9001""]],AXIS[""Up"",UP],AUTHORITY[""EPSG"",""5703""]]]",0.0,0.7546539306640625,5.401458740234375,98.60020283954795,False,Oregon_City_503;Oregon_City_532;Oregon_City_541;Oregon_City_560;Oregon_City_565,BurnWJ2010a,accept,
USGS_LPC_OR_OLCMetro_2019_A19_w2052n2774_r000384_c000512,train,negative,USGS_LPC_OR_OLCMetro_2019_A19_w2052n2774.laz,D:\LIDAR\oregon\oregon_lidar_pilot\USGS_LPC_OR_OLCMetro_2019_A19_w2052n2774.laz,patches\train\USGS_LPC_OR_OLCMetro_2019_A19_w2052n2774_r000384_c000512.npz,384,512,-2051488.0,2774360.0,-2051232.0,2774616.0,"COMPD_CS[""NAD83(2011) / Conus Albers + NAVD88 height - Geoid12B (m)"",PROJCS[""NAD83(2011) / Conus Albers"",GEOGCS[""NAD83(2011)"",DATUM[""NAD83 (National Spatial Reference System 2011)"",SPHEROID[""GRS 1980"",6378137,298.257222101,AUTHORITY[""EPSG"",""7019""]],AUTHORITY[""EPSG"",""1116""]],PRIMEM[""Greenwich"",0,AUTHORITY[""EPSG"",""8901""]],UNIT[""degree"",0.0174532925199433,AUTHORITY[""EPSG"",""9122""]],AUTHORITY[""EPSG"",""6318""]],PROJECTION[""Albers_Conic_Equal_Area""],PARAMETER[""standard_parallel_1"",29.5],PARAMETER[""standard_parallel_2"",45.5],PARAMETER[""latitude_of_center"",23],PARAMETER[""longitude_of_center"",-96],PARAMETER[""false_easting"",0],PARAMETER[""false_northing"",0],UNIT[""meter"",1,AUTHORITY[""EPSG"",""9001""]],AXIS[""X"",EAST],AXIS[""Y"",NORTH],AUTHORITY[""EPSG"",""6350""]],VERT_CS[""NAVD88 height - Geoid12B (m)"",VERT_DATUM[""North American Vertical Datum 1988"",2005,AUTHORITY[""EPSG"",""5103""]],UNIT[""meter"",1,AUTHORITY[""EPSG"",""9001""]],AXIS[""Up"",UP],AUTHORITY[""EPSG"",""5703""]]]",0.0,0.7356719970703125,6.334151744842529,214.84180226389836,False,Oregon_City_503;Oregon_City_532;Oregon_City_541;Oregon_City_560;Oregon_City_565,BurnWJ2010a,accept,
USGS_LPC_OR_OLCMetro_2019_A19_w2052n2774_r000384_c000640,train,negative,USGS_LPC_OR_OLCMetro_2019_A19_w2052n2774.laz,D:\LIDAR\oregon\oregon_lidar_pilot\USGS_LPC_OR_OLCMetro_2019_A19_w2052n2774.laz,patches\train\USGS_LPC_OR_OLCMetro_2019_A19_w2052n2774_r000384_c000640.npz,384,640,-2051360.0,2774360.0,-2051104.0,2774616.0,"COMPD_CS[""NAD83(2011) / Conus Albers + NAVD88 height - Geoid12B (m)"",PROJCS[""NAD83(2011) / Conus Albers"",GEOGCS[""NAD83(2011)"",DATUM[""NAD83 (National Spatial Reference System 2011)"",SPHEROID[""GRS 1980"",6378137,298.257222101,AUTHORITY[""EPSG"",""7019""]],AUTHORITY[""EPSG"",""1116""]],PRIMEM[""Greenwich"",0,AUTHORITY[""EPSG"",""8901""]],UNIT[""degree"",0.0174532925199433,AUTHORITY[""EPSG"",""9122""]],AUTHORITY[""EPSG"",""6318""]],PROJECTION[""Albers_Conic_Equal_Area""],PARAMETER[""standard_parallel_1"",29.5],PARAMETER[""standard_parallel_2"",45.5],PARAMETER[""latitude_of_center"",23],PARAMETER[""longitude_of_center"",-96],PARAMETER[""false_easting"",0],PARAMETER[""false_northing"",0],UNIT[""meter"",1,AUTHORITY[""EPSG"",""9001""]],AXIS[""X"",EAST],AXIS[""Y"",NORTH],AUTHORITY[""EPSG"",""6350""]],VERT_CS[""NAVD88 height - Geoid12B (m)"",VERT_DATUM[""North American Vertical Datum 1988"",2005,AUTHORITY[""EPSG"",""5103""]],UNIT[""meter"",1,AUTHORITY[""EPSG"",""9001""]],AXIS[""Up"",UP],AUTHORITY[""EPSG"",""5703""]]]",0.0,0.6832733154296875,7.029297351837158,339.52466773417217,False,Oregon_City_503;Oregon_City_532;Oregon_City_541;Oregon_City_560;Oregon_City_565,BurnWJ2010a,accept,
USGS_LPC_OR_OLCMetro_2019_A19_w2052n2774_r000512_c000000,train,positive_interior,USGS_LPC_OR_OLCMetro_2019_A19_w2052n2774.laz,D:\LIDAR\oregon\oregon_lidar_pilot\USGS_LPC_OR_OLCMetro_2019_A19_w2052n2774.laz,patches\train\USGS_LPC_OR_OLCMetro_2019_A19_w2052n2774_r000512_c000000.npz,512,0,-2052000.0,2774232.0,-2051744.0,2774488.0,"COMPD_CS[""NAD83(2011) / Conus Albers + NAVD88 height - Geoid12B (m)"",PROJCS[""NAD83(2011) / Conus Albers"",GEOGCS[""NAD83(2011)"",DATUM[""NAD83 (National Spatial Reference System 2011)"",SPHEROID[""GRS 1980"",6378137,298.257222101,AUTHORITY[""EPSG"",""7019""]],AUTHORITY[""EPSG"",""1116""]],PRIMEM[""Greenwich"",0,AUTHORITY[""EPSG"",""8901""]],UNIT[""degree"",0.0174532925199433,AUTHORITY[""EPSG"",""9122""]],AUTHORITY[""EPSG"",""6318""]],PROJECTION[""Albers_Conic_Equal_Area""],PARAMETER[""standard_parallel_1"",29.5],PARAMETER[""standard_parallel_2"",45.5],PARAMETER[""latitude_of_center"",23],PARAMETER[""longitude_of_center"",-96],PARAMETER[""false_easting"",0],PARAMETER[""false_northing"",0],UNIT[""meter"",1,AUTHORITY[""EPSG"",""9001""]],AXIS[""X"",EAST],AXIS[""Y"",NORTH],AUTHORITY[""EPSG"",""6350""]],VERT_CS[""NAVD88 height - Geoid12B (m)"",VERT_DATUM[""North American Vertical Datum 1988"",2005,AUTHORITY[""EPSG"",""5103""]],UNIT[""meter"",1,AUTHORITY[""EPSG"",""9001""]],AXIS[""Up"",UP],AUTHORITY[""EPSG"",""5703""]]]",0.6189422607421875,0.5653533935546875,15.5637788772583,0.0,False,Oregon_City_503;Oregon_City_532;Oregon_City_541;Oregon_City_560;Oregon_City_565,BurnWJ2010a,accept,
USGS_LPC_OR_OLCMetro_2019_A19_w2052n2774_r000512_c000128,train,positive_interior,USGS_LPC_OR_OLCMetro_2019_A19_w2052n2774.laz,D:\LIDAR\oregon\oregon_lidar_pilot\USGS_LPC_OR_OLCMetro_2019_A19_w2052n2774.laz,patches\train\USGS_LPC_OR_OLCMetro_2019_A19_w2052n2774_r000512_c000128.npz,512,128,-2051872.0,2774232.0,-2051616.0,2774488.0,"COMPD_CS[""NAD83(2011) / Conus Albers + NAVD88 height - Geoid12B (m)"",PROJCS[""NAD83(2011) / Conus Albers"",GEOGCS[""NAD83(2011)"",DATUM[""NAD83 (National Spatial Reference System 2011)"",SPHEROID[""GRS 1980"",6378137,298.257222101,AUTHORITY[""EPSG"",""7019""]],AUTHORITY[""EPSG"",""1116""]],PRIMEM[""Greenwich"",0,AUTHORITY[""EPSG"",""8901""]],UNIT[""degree"",0.0174532925199433,AUTHORITY[""EPSG"",""9122""]],AUTHORITY[""EPSG"",""6318""]],PROJECTION[""Albers_Conic_Equal_Area""],PARAMETER[""standard_parallel_1"",29.5],PARAMETER[""standard_parallel_2"",45.5],PARAMETER[""latitude_of_center"",23],PARAMETER[""longitude_of_center"",-96],PARAMETER[""false_easting"",0],PARAMETER[""false_northing"",0],UNIT[""meter"",1,AUTHORITY[""EPSG"",""9001""]],AXIS[""X"",EAST],AXIS[""Y"",NORTH],AUTHORITY[""EPSG"",""6350""]],VERT_CS[""NAVD88 height - Geoid12B (m)"",VERT_DATUM[""North American Vertical Datum 1988"",2005,AUTHORITY[""EPSG"",""5103""]],UNIT[""meter"",1,AUTHORITY[""EPSG"",""9001""]],AXIS[""Up"",UP],AUTHORITY[""EPSG"",""5703""]]]",0.281036376953125,0.6722259521484375,10.859888076782227,0.0,False,Oregon_City_503;Oregon_City_532;Oregon_City_541;Oregon_City_560;Oregon_City_565,BurnWJ2010a,accept,
USGS_LPC_OR_OLCMetro_2019_A19_w2052n2774_r000512_c000384,train,negative,USGS_LPC_OR_OLCMetro_2019_A19_w2052n2774.laz,D:\LIDAR\oregon\oregon_lidar_pilot\USGS_LPC_OR_OLCMetro_2019_A19_w2052n2774.laz,patches\train\USGS_LPC_OR_OLCMetro_2019_A19_w2052n2774_r000512_c000384.npz,512,384,-2051616.0,2774232.0,-2051360.0,2774488.0,"COMPD_CS[""NAD83(2011) / Conus Albers + NAVD88 height - Geoid12B (m)"",PROJCS[""NAD83(2011) / Conus Albers"",GEOGCS[""NAD83(2011)"",DATUM[""NAD83 (National Spatial Reference System 2011)"",SPHEROID[""GRS 1980"",6378137,298.257222101,AUTHORITY[""EPSG"",""7019""]],AUTHORITY[""EPSG"",""1116""]],PRIMEM[""Greenwich"",0,AUTHORITY[""EPSG"",""8901""]],UNIT[""degree"",0.0174532925199433,AUTHORITY[""EPSG"",""9122""]],AUTHORITY[""EPSG"",""6318""]],PROJECTION[""Albers_Conic_Equal_Area""],PARAMETER[""standard_parallel_1"",29.5],PARAMETER[""standard_parallel_2"",45.5],PARAMETER[""latitude_of_center"",23],PARAMETER[""longitude_of_center"",-96],PARAMETER[""false_easting"",0],PARAMETER[""false_northing"",0],UNIT[""meter"",1,AUTHORITY[""EPSG"",""9001""]],AXIS[""X"",EAST],AXIS[""Y"",NORTH],AUTHORITY[""EPSG"",""6350""]],VERT_CS[""NAVD88 height - Geoid12B (m)"",VERT_DATUM[""North American Vertical Datum 1988"",2005,AUTHORITY[""EPSG"",""5103""]],UNIT[""meter"",1,AUTHORITY[""EPSG"",""9001""]],AXIS[""Up"",UP],AUTHORITY[""EPSG"",""5703""]]]",0.0,0.7539825439453125,4.111690521240234,144.15616532080756,False,Oregon_City_503;Oregon_City_532;Oregon_City_541;Oregon_City_560;Oregon_City_565,BurnWJ2010a,reject_engineered_landform,
USGS_LPC_OR_OLCMetro_2019_A19_w2052n2774_r000512_c000512,train,negative,USGS_LPC_OR_OLCMetro_2019_A19_w2052n2774.laz,D:\LIDAR\oregon\oregon_lidar_pilot\USGS_LPC_OR_OLCMetro_2019_A19_w2052n2774.laz,patches\train\USGS_LPC_OR_OLCMetro_2019_A19_w2052n2774_r000512_c000512.npz,512,512,-2051488.0,2774232.0,-2051232.0,2774488.0,"COMPD_CS[""NAD83(2011) / Conus Albers + NAVD88 height - Geoid12B (m)"",PROJCS[""NAD83(2011) / Conus Albers"",GEOGCS[""NAD83(2011)"",DATUM[""NAD83 (National Spatial Reference System 2011)"",SPHEROID[""GRS 1980"",6378137,298.257222101,AUTHORITY[""EPSG"",""7019""]],AUTHORITY[""EPSG"",""1116""]],PRIMEM[""Greenwich"",0,AUTHORITY[""EPSG"",""8901""]],UNIT[""degree"",0.0174532925199433,AUTHORITY[""EPSG"",""9122""]],AUTHORITY[""EPSG"",""6318""]],PROJECTION[""Albers_Conic_Equal_Area""],PARAMETER[""standard_parallel_1"",29.5],PARAMETER[""standard_parallel_2"",45.5],PARAMETER[""latitude_of_center"",23],PARAMETER[""longitude_of_center"",-96],PARAMETER[""false_easting"",0],PARAMETER[""false_northing"",0],UNIT[""meter"",1,AUTHORITY[""EPSG"",""9001""]],AXIS[""X"",EAST],AXIS[""Y"",NORTH],AUTHORITY[""EPSG"",""6350""]],VERT_CS[""NAVD88 height - Geoid12B (m)"",VERT_DATUM[""North American Vertical Datum 1988"",2005,AUTHORITY[""EPSG"",""5103""]],UNIT[""meter"",1,AUTHORITY[""EPSG"",""9001""]],AXIS[""Up"",UP],AUTHORITY[""EPSG"",""5703""]]]",0.0,0.6953887939453125,4.383410930633545,261.3063336392748,False,Oregon_City_503;Oregon_City_532;Oregon_City_541;Oregon_City_560;Oregon_City_565,BurnWJ2010a,reject_engineered_landform,
USGS_LPC_OR_OLCMetro_2019_A19_w2052n2774_r000512_c000640,train,negative,USGS_LPC_OR_OLCMetro_2019_A19_w2052n2774.laz,D:\LIDAR\oregon\oregon_lidar_pilot\USGS_LPC_OR_OLCMetro_2019_A19_w2052n2774.laz,patches\train\USGS_LPC_OR_OLCMetro_2019_A19_w2052n2774_r000512_c000640.npz,512,640,-2051360.0,2774232.0,-2051104.0,2774488.0,"COMPD_CS[""NAD83(2011) / Conus Albers + NAVD88 height - Geoid12B (m)"",PROJCS[""NAD83(2011) / Conus Albers"",GEOGCS[""NAD83(2011)"",DATUM[""NAD83 (National Spatial Reference System 2011)"",SPHEROID[""GRS 1980"",6378137,298.257222101,AUTHORITY[""EPSG"",""7019""]],AUTHORITY[""EPSG"",""1116""]],PRIMEM[""Greenwich"",0,AUTHORITY[""EPSG"",""8901""]],UNIT[""degree"",0.0174532925199433,AUTHORITY[""EPSG"",""9122""]],AUTHORITY[""EPSG"",""6318""]],PROJECTION[""Albers_Conic_Equal_Area""],PARAMETER[""standard_parallel_1"",29.5],PARAMETER[""standard_parallel_2"",45.5],PARAMETER[""latitude_of_center"",23],PARAMETER[""longitude_of_center"",-96],PARAMETER[""false_easting"",0],PARAMETER[""false_northing"",0],UNIT[""meter"",1,AUTHORITY[""EPSG"",""9001""]],AXIS[""X"",EAST],AXIS[""Y"",NORTH],AUTHORITY[""EPSG"",""6350""]],VERT_CS[""NAVD88 height - Geoid12B (m)"",VERT_DATUM[""North American Vertical Datum 1988"",2005,AUTHORITY[""EPSG"",""5103""]],UNIT[""meter"",1,AUTHORITY[""EPSG"",""9001""]],AXIS[""Up"",UP],AUTHORITY[""EPSG"",""5703""]]]",0.0,0.5296630859375,5.337684631347656,360.4843963336,False,Oregon_City_503;Oregon_City_532;Oregon_City_541;Oregon_City_560;Oregon_City_565,BurnWJ2010a,reject_engineered_landform,
USGS_LPC_OR_OLCMetro_2019_A19_w2052n2774_r000640_c000000,train,positive_interior,USGS_LPC_OR_OLCMetro_2019_A19_w2052n2774.laz,D:\LIDAR\oregon\oregon_lidar_pilot\USGS_LPC_OR_OLCMetro_2019_A19_w2052n2774.laz,patches\train\USGS_LPC_OR_OLCMetro_2019_A19_w2052n2774_r000640_c000000.npz,640,0,-2052000.0,2774104.0,-2051744.0,2774360.0,"COMPD_CS[""NAD83(2011) / Conus Albers + NAVD88 height - Geoid12B (m)"",PROJCS[""NAD83(2011) / Conus Albers"",GEOGCS[""NAD83(2011)"",DATUM[""NAD83 (National Spatial Reference System 2011)"",SPHEROID[""GRS 1980"",6378137,298.257222101,AUTHORITY[""EPSG"",""7019""]],AUTHORITY[""EPSG"",""1116""]],PRIMEM[""Greenwich"",0,AUTHORITY[""EPSG"",""8901""]],UNIT[""degree"",0.0174532925199433,AUTHORITY[""EPSG"",""9122""]],AUTHORITY[""EPSG"",""6318""]],PROJECTION[""Albers_Conic_Equal_Area""],PARAMETER[""standard_parallel_1"",29.5],PARAMETER[""standard_parallel_2"",45.5],PARAMETER[""latitude_of_center"",23],PARAMETER[""longitude_of_center"",-96],PARAMETER[""false_easting"",0],PARAMETER[""false_northing"",0],UNIT[""meter"",1,AUTHORITY[""EPSG"",""9001""]],AXIS[""X"",EAST],AXIS[""Y"",NORTH],AUTHORITY[""EPSG"",""6350""]],VERT_CS[""NAVD88 height - Geoid12B (m)"",VERT_DATUM[""North American Vertical Datum 1988"",2005,AUTHORITY[""EPSG"",""5103""]],UNIT[""meter"",1,AUTHORITY[""EPSG"",""9001""]],AXIS[""Up"",UP],AUTHORITY[""EPSG"",""5703""]]]",0.371612548828125,0.568603515625,12.544015884399414,0.0,False,Oregon_City_503;Oregon_City_532;Oregon_City_541;Oregon_City_560;Oregon_City_565,BurnWJ2010a,accept,
USGS_LPC_OR_OLCMetro_2019_A19_w2052n2774_r000640_c000128,train,positive_interior,USGS_LPC_OR_OLCMetro_2019_A19_w2052n2774.laz,D:\LIDAR\oregon\oregon_lidar_pilot\USGS_LPC_OR_OLCMetro_2019_A19_w2052n2774.laz,patches\train\USGS_LPC_OR_OLCMetro_2019_A19_w2052n2774_r000640_c000128.npz,640,128,-2051872.0,2774104.0,-2051616.0,2774360.0,"COMPD_CS[""NAD83(2011) / Conus Albers + NAVD88 height - Geoid12B (m)"",PROJCS[""NAD83(2011) / Conus Albers"",GEOGCS[""NAD83(2011)"",DATUM[""NAD83 (National Spatial Reference System 2011)"",SPHEROID[""GRS 1980"",6378137,298.257222101,AUTHORITY[""EPSG"",""7019""]],AUTHORITY[""EPSG"",""1116""]],PRIMEM[""Greenwich"",0,AUTHORITY[""EPSG"",""8901""]],UNIT[""degree"",0.0174532925199433,AUTHORITY[""EPSG"",""9122""]],AUTHORITY[""EPSG"",""6318""]],PROJECTION[""Albers_Conic_Equal_Area""],PARAMETER[""standard_parallel_1"",29.5],PARAMETER[""standard_parallel_2"",45.5],PARAMETER[""latitude_of_center"",23],PARAMETER[""longitude_of_center"",-96],PARAMETER[""false_easting"",0],PARAMETER[""false_northing"",0],UNIT[""meter"",1,AUTHORITY[""EPSG"",""9001""]],AXIS[""X"",EAST],AXIS[""Y"",NORTH],AUTHORITY[""EPSG"",""6350""]],VERT_CS[""NAVD88 height - Geoid12B (m)"",VERT_DATUM[""North American Vertical Datum 1988"",2005,AUTHORITY[""EPSG"",""5103""]],UNIT[""meter"",1,AUTHORITY[""EPSG"",""9001""]],AXIS[""Up"",UP],AUTHORITY[""EPSG"",""5703""]]]",0.2049407958984375,0.61285400390625,11.493648529052734,0.0,False,Oregon_City_503;Oregon_City_532;Oregon_City_541;Oregon_City_560;Oregon_City_565,BurnWJ2010a,accept,
USGS_LPC_OR_OLCMetro_2019_A19_w2052n2774_r000640_c000384,train,negative,USGS_LPC_OR_OLCMetro_2019_A19_w2052n2774.laz,D:\LIDAR\oregon\oregon_lidar_pilot\USGS_LPC_OR_OLCMetro_2019_A19_w2052n2774.laz,patches\train\USGS_LPC_OR_OLCMetro_2019_A19_w2052n2774_r000640_c000384.npz,640,384,-2051616.0,2774104.0,-2051360.0,2774360.0,"COMPD_CS[""NAD83(2011) / Conus Albers + NAVD88 height - Geoid12B (m)"",PROJCS[""NAD83(2011) / Conus Albers"",GEOGCS[""NAD83(2011)"",DATUM[""NAD83 (National Spatial Reference System 2011)"",SPHEROID[""GRS 1980"",6378137,298.257222101,AUTHORITY[""EPSG"",""7019""]],AUTHORITY[""EPSG"",""1116""]],PRIMEM[""Greenwich"",0,AUTHORITY[""EPSG"",""8901""]],UNIT[""degree"",0.0174532925199433,AUTHORITY[""EPSG"",""9122""]],AUTHORITY[""EPSG"",""6318""]],PROJECTION[""Albers_Conic_Equal_Area""],PARAMETER[""standard_parallel_1"",29.5],PARAMETER[""standard_parallel_2"",45.5],PARAMETER[""latitude_of_center"",23],PARAMETER[""longitude_of_center"",-96],PARAMETER[""false_easting"",0],PARAMETER[""false_northing"",0],UNIT[""meter"",1,AUTHORITY[""EPSG"",""9001""]],AXIS[""X"",EAST],AXIS[""Y"",NORTH],AUTHORITY[""EPSG"",""6350""]],VERT_CS[""NAVD88 height - Geoid12B (m)"",VERT_DATUM[""North American Vertical Datum 1988"",2005,AUTHORITY[""EPSG"",""5103""]],UNIT[""meter"",1,AUTHORITY[""EPSG"",""9001""]],AXIS[""Up"",UP],AUTHORITY[""EPSG"",""5703""]]]",0.0,0.6848907470703125,4.768470764160156,82.46211251235322,False,Oregon_City_503;Oregon_City_532;Oregon_City_541;Oregon_City_560;Oregon_City_565,BurnWJ2010a,reject_engineered_landform,
USGS_LPC_OR_OLCMetro_2019_A19_w2052n2774_r000640_c000512,train,negative,USGS_LPC_OR_OLCMetro_2019_A19_w2052n2774.laz,D:\LIDAR\oregon\oregon_lidar_pilot\USGS_LPC_OR_OLCMetro_2019_A19_w2052n2774.laz,patches\train\USGS_LPC_OR_OLCMetro_2019_A19_w2052n2774_r000640_c000512.npz,640,512,-2051488.0,2774104.0,-2051232.0,2774360.0,"COMPD_CS[""NAD83(2011) / Conus Albers + NAVD88 height - Geoid12B (m)"",PROJCS[""NAD83(2011) / Conus Albers"",GEOGCS[""NAD83(2011)"",DATUM[""NAD83 (National Spatial Reference System 2011)"",SPHEROID[""GRS 1980"",6378137,298.257222101,AUTHORITY[""EPSG"",""7019""]],AUTHORITY[""EPSG"",""1116""]],PRIMEM[""Greenwich"",0,AUTHORITY[""EPSG"",""8901""]],UNIT[""degree"",0.0174532925199433,AUTHORITY[""EPSG"",""9122""]],AUTHORITY[""EPSG"",""6318""]],PROJECTION[""Albers_Conic_Equal_Area""],PARAMETER[""standard_parallel_1"",29.5],PARAMETER[""standard_parallel_2"",45.5],PARAMETER[""latitude_of_center"",23],PARAMETER[""longitude_of_center"",-96],PARAMETER[""false_easting"",0],PARAMETER[""false_northing"",0],UNIT[""meter"",1,AUTHORITY[""EPSG"",""9001""]],AXIS[""X"",EAST],AXIS[""Y"",NORTH],AUTHORITY[""EPSG"",""6350""]],VERT_CS[""NAVD88 height - Geoid12B (m)"",VERT_DATUM[""North American Vertical Datum 1988"",2005,AUTHORITY[""EPSG"",""5103""]],UNIT[""meter"",1,AUTHORITY[""EPSG"",""9001""]],AXIS[""Up"",UP],AUTHORITY[""EPSG"",""5703""]]]",0.0,0.675994873046875,4.121511936187744,184.25254408012933,False,Oregon_City_503;Oregon_City_532;Oregon_City_541;Oregon_City_560;Oregon_City_565,BurnWJ2010a,reject_engineered_landform,
USGS_LPC_OR_OLCMetro_2019_A19_w2052n2774_r000640_c000640,train,negative,USGS_LPC_OR_OLCMetro_2019_A19_w2052n2774.laz,D:\LIDAR\oregon\oregon_lidar_pilot\USGS_LPC_OR_OLCMetro_2019_A19_w2052n2774.laz,patches\train\USGS_LPC_OR_OLCMetro_2019_A19_w2052n2774_r000640_c000640.npz,640,640,-2051360.0,2774104.0,-2051104.0,2774360.0,"COMPD_CS[""NAD83(2011) / Conus Albers + NAVD88 height - Geoid12B (m)"",PROJCS[""NAD83(2011) / Conus Albers"",GEOGCS[""NAD83(2011)"",DATUM[""NAD83 (National Spatial Reference System 2011)"",SPHEROID[""GRS 1980"",6378137,298.257222101,AUTHORITY[""EPSG"",""7019""]],AUTHORITY[""EPSG"",""1116""]],PRIMEM[""Greenwich"",0,AUTHORITY[""EPSG"",""8901""]],UNIT[""degree"",0.0174532925199433,AUTHORITY[""EPSG"",""9122""]],AUTHORITY[""EPSG"",""6318""]],PROJECTION[""Albers_Conic_Equal_Area""],PARAMETER[""standard_parallel_1"",29.5],PARAMETER[""standard_parallel_2"",45.5],PARAMETER[""latitude_of_center"",23],PARAMETER[""longitude_of_center"",-96],PARAMETER[""false_easting"",0],PARAMETER[""false_northing"",0],UNIT[""meter"",1,AUTHORITY[""EPSG"",""9001""]],AXIS[""X"",EAST],AXIS[""Y"",NORTH],AUTHORITY[""EPSG"",""6350""]],VERT_CS[""NAVD88 height - Geoid12B (m)"",VERT_DATUM[""North American Vertical Datum 1988"",2005,AUTHORITY[""EPSG"",""5103""]],UNIT[""meter"",1,AUTHORITY[""EPSG"",""9001""]],AXIS[""Up"",UP],AUTHORITY[""EPSG"",""5703""]]]",0.0,0.552154541015625,4.609795093536377,303.7268509697488,False,Oregon_City_503;Oregon_City_532;Oregon_City_541;Oregon_City_560;Oregon_City_565,BurnWJ2010a,accept,
USGS_LPC_OR_OLCMetro_2019_A19_w2052n2775_r000000_c000384,train,negative,USGS_LPC_OR_OLCMetro_2019_A19_w2052n2775.laz,D:\LIDAR\oregon\oregon_lidar_pilot\USGS_LPC_OR_OLCMetro_2019_A19_w2052n2775.laz,patches\train\USGS_LPC_OR_OLCMetro_2019_A19_w2052n2775_r000000_c000384.npz,0,384,-2051616.0,2775744.0,-2051360.0,2776000.0,"COMPD_CS[""NAD83(2011) / Conus Albers + NAVD88 height - Geoid12B (m)"",PROJCS[""NAD83(2011) / Conus Albers"",GEOGCS[""NAD83(2011)"",DATUM[""NAD83 (National Spatial Reference System 2011)"",SPHEROID[""GRS 1980"",6378137,298.257222101,AUTHORITY[""EPSG"",""7019""]],AUTHORITY[""EPSG"",""1116""]],PRIMEM[""Greenwich"",0,AUTHORITY[""EPSG"",""8901""]],UNIT[""degree"",0.0174532925199433,AUTHORITY[""EPSG"",""9122""]],AUTHORITY[""EPSG"",""6318""]],PROJECTION[""Albers_Conic_Equal_Area""],PARAMETER[""standard_parallel_1"",29.5],PARAMETER[""standard_parallel_2"",45.5],PARAMETER[""latitude_of_center"",23],PARAMETER[""longitude_of_center"",-96],PARAMETER[""false_easting"",0],PARAMETER[""false_northing"",0],UNIT[""meter"",1,AUTHORITY[""EPSG"",""9001""]],AXIS[""X"",EAST],AXIS[""Y"",NORTH],AUTHORITY[""EPSG"",""6350""]],VERT_CS[""NAVD88 height - Geoid12B (m)"",VERT_DATUM[""North American Vertical Datum 1988"",2005,AUTHORITY[""EPSG"",""5103""]],UNIT[""meter"",1,AUTHORITY[""EPSG"",""9001""]],AXIS[""Up"",UP],AUTHORITY[""EPSG"",""5703""]]]",0.0,0.7205352783203125,7.807822227478027,709.964787859229,False,Oregon_City_503,BurnWJ2010a,accept,
USGS_LPC_OR_OLCMetro_2019_A19_w2052n2775_r000000_c000512,train,negative,USGS_LPC_OR_OLCMetro_2019_A19_w2052n2775.laz,D:\LIDAR\oregon\oregon_lidar_pilot\USGS_LPC_OR_OLCMetro_2019_A19_w2052n2775.laz,patches\train\USGS_LPC_OR_OLCMetro_2019_A19_w2052n2775_r000000_c000512.npz,0,512,-2051488.0,2775744.0,-2051232.0,2776000.0,"COMPD_CS[""NAD83(2011) / Conus Albers + NAVD88 height - Geoid12B (m)"",PROJCS[""NAD83(2011) / Conus Albers"",GEOGCS[""NAD83(2011)"",DATUM[""NAD83 (National Spatial Reference System 2011)"",SPHEROID[""GRS 1980"",6378137,298.257222101,AUTHORITY[""EPSG"",""7019""]],AUTHORITY[""EPSG"",""1116""]],PRIMEM[""Greenwich"",0,AUTHORITY[""EPSG"",""8901""]],UNIT[""degree"",0.0174532925199433,AUTHORITY[""EPSG"",""9122""]],AUTHORITY[""EPSG"",""6318""]],PROJECTION[""Albers_Conic_Equal_Area""],PARAMETER[""standard_parallel_1"",29.5],PARAMETER[""standard_parallel_2"",45.5],PARAMETER[""latitude_of_center"",23],PARAMETER[""longitude_of_center"",-96],PARAMETER[""false_easting"",0],PARAMETER[""false_northing"",0],UNIT[""meter"",1,AUTHORITY[""EPSG"",""9001""]],AXIS[""X"",EAST],AXIS[""Y"",NORTH],AUTHORITY[""EPSG"",""6350""]],VERT_CS[""NAVD88 height - Geoid12B (m)"",VERT_DATUM[""North American Vertical Datum 1988"",2005,AUTHORITY[""EPSG"",""5103""]],UNIT[""meter"",1,AUTHORITY[""EPSG"",""9001""]],AXIS[""Up"",UP],AUTHORITY[""EPSG"",""5703""]]]",0.0,0.58172607421875,8.283040046691895,727.9464266001997,True,Oregon_City_503,BurnWJ2010a,accept,
USGS_LPC_OR_OLCMetro_2019_A19_w2052n2775_r000000_c000640,train,negative,USGS_LPC_OR_OLCMetro_2019_A19_w2052n2775.laz,D:\LIDAR\oregon\oregon_lidar_pilot\USGS_LPC_OR_OLCMetro_2019_A19_w2052n2775.laz,patches\train\USGS_LPC_OR_OLCMetro_2019_A19_w2052n2775_r000000_c000640.npz,0,640,-2051360.0,2775744.0,-2051104.0,2776000.0,"COMPD_CS[""NAD83(2011) / Conus Albers + NAVD88 height - Geoid12B (m)"",PROJCS[""NAD83(2011) / Conus Albers"",GEOGCS[""NAD83(2011)"",DATUM[""NAD83 (National Spatial Reference System 2011)"",SPHEROID[""GRS 1980"",6378137,298.257222101,AUTHORITY[""EPSG"",""7019""]],AUTHORITY[""EPSG"",""1116""]],PRIMEM[""Greenwich"",0,AUTHORITY[""EPSG"",""8901""]],UNIT[""degree"",0.0174532925199433,AUTHORITY[""EPSG"",""9122""]],AUTHORITY[""EPSG"",""6318""]],PROJECTION[""Albers_Conic_Equal_Area""],PARAMETER[""standard_parallel_1"",29.5],PARAMETER[""standard_parallel_2"",45.5],PARAMETER[""latitude_of_center"",23],PARAMETER[""longitude_of_center"",-96],PARAMETER[""false_easting"",0],PARAMETER[""false_northing"",0],UNIT[""meter"",1,AUTHORITY[""EPSG"",""9001""]],AXIS[""X"",EAST],AXIS[""Y"",NORTH],AUTHORITY[""EPSG"",""6350""]],VERT_CS[""NAVD88 height - Geoid12B (m)"",VERT_DATUM[""North American Vertical Datum 1988"",2005,AUTHORITY[""EPSG"",""5103""]],UNIT[""meter"",1,AUTHORITY[""EPSG"",""9001""]],AXIS[""Up"",UP],AUTHORITY[""EPSG"",""5703""]]]",0.0,0.5803375244140625,10.679790496826172,767.1570895194803,True,Oregon_City_503,BurnWJ2010a,accept,
USGS_LPC_OR_OLCMetro_2019_A19_w2052n2775_r000128_c000000,train,negative,USGS_LPC_OR_OLCMetro_2019_A19_w2052n2775.laz,D:\LIDAR\oregon\oregon_lidar_pilot\USGS_LPC_OR_OLCMetro_2019_A19_w2052n2775.laz,patches\train\USGS_LPC_OR_OLCMetro_2019_A19_w2052n2775_r000128_c000000.npz,128,0,-2052000.0,2775616.0,-2051744.0,2775872.0,"COMPD_CS[""NAD83(2011) / Conus Albers + NAVD88 height - Geoid12B (m)"",PROJCS[""NAD83(2011) / Conus Albers"",GEOGCS[""NAD83(2011)"",DATUM[""NAD83 (National Spatial Reference System 2011)"",SPHEROID[""GRS 1980"",6378137,298.257222101,AUTHORITY[""EPSG"",""7019""]],AUTHORITY[""EPSG"",""1116""]],PRIMEM[""Greenwich"",0,AUTHORITY[""EPSG"",""8901""]],UNIT[""degree"",0.0174532925199433,AUTHORITY[""EPSG"",""9122""]],AUTHORITY[""EPSG"",""6318""]],PROJECTION[""Albers_Conic_Equal_Area""],PARAMETER[""standard_parallel_1"",29.5],PARAMETER[""standard_parallel_2"",45.5],PARAMETER[""latitude_of_center"",23],PARAMETER[""longitude_of_center"",-96],PARAMETER[""false_easting"",0],PARAMETER[""false_northing"",0],UNIT[""meter"",1,AUTHORITY[""EPSG"",""9001""]],AXIS[""X"",EAST],AXIS[""Y"",NORTH],AUTHORITY[""EPSG"",""6350""]],VERT_CS[""NAVD88 height - Geoid12B (m)"",VERT_DATUM[""North American Vertical Datum 1988"",2005,AUTHORITY[""EPSG"",""5103""]],UNIT[""meter"",1,AUTHORITY[""EPSG"",""9001""]],AXIS[""Up"",UP],AUTHORITY[""EPSG"",""5703""]]]",0.0,0.929931640625,3.509413480758667,588.0833274290302,False,Oregon_City_503,BurnWJ2010a,reject_engineered_landform,
USGS_LPC_OR_OLCMetro_2019_A19_w2052n2775_r000256_c000000,train,negative,USGS_LPC_OR_OLCMetro_2019_A19_w2052n2775.laz,D:\LIDAR\oregon\oregon_lidar_pilot\USGS_LPC_OR_OLCMetro_2019_A19_w2052n2775.laz,patches\train\USGS_LPC_OR_OLCMetro_2019_A19_w2052n2775_r000256_c000000.npz,256,0,-2052000.0,2775488.0,-2051744.0,2775744.0,"COMPD_CS[""NAD83(2011) / Conus Albers + NAVD88 height - Geoid12B (m)"",PROJCS[""NAD83(2011) / Conus Albers"",GEOGCS[""NAD83(2011)"",DATUM[""NAD83 (National Spatial Reference System 2011)"",SPHEROID[""GRS 1980"",6378137,298.257222101,AUTHORITY[""EPSG"",""7019""]],AUTHORITY[""EPSG"",""1116""]],PRIMEM[""Greenwich"",0,AUTHORITY[""EPSG"",""8901""]],UNIT[""degree"",0.0174532925199433,AUTHORITY[""EPSG"",""9122""]],AUTHORITY[""EPSG"",""6318""]],PROJECTION[""Albers_Conic_Equal_Area""],PARAMETER[""standard_parallel_1"",29.5],PARAMETER[""standard_parallel_2"",45.5],PARAMETER[""latitude_of_center"",23],PARAMETER[""longitude_of_center"",-96],PARAMETER[""false_easting"",0],PARAMETER[""false_northing"",0],UNIT[""meter"",1,AUTHORITY[""EPSG"",""9001""]],AXIS[""X"",EAST],AXIS[""Y"",NORTH],AUTHORITY[""EPSG"",""6350""]],VERT_CS[""NAVD88 height - Geoid12B (m)"",VERT_DATUM[""North American Vertical Datum 1988"",2005,AUTHORITY[""EPSG"",""5103""]],UNIT[""meter"",1,AUTHORITY[""EPSG"",""9001""]],AXIS[""Up"",UP],AUTHORITY[""EPSG"",""5703""]]]",0.0,0.916290283203125,3.197427749633789,462.0497808678195,False,Oregon_City_503,BurnWJ2010a,reject_engineered_landform,
USGS_LPC_OR_OLCMetro_2019_A19_w2052n2775_r000256_c000384,train,negative,USGS_LPC_OR_OLCMetro_2019_A19_w2052n2775.laz,D:\LIDAR\oregon\oregon_lidar_pilot\USGS_LPC_OR_OLCMetro_2019_A19_w2052n2775.laz,patches\train\USGS_LPC_OR_OLCMetro_2019_A19_w2052n2775_r000256_c000384.npz,256,384,-2051616.0,2775488.0,-2051360.0,2775744.0,"COMPD_CS[""NAD83(2011) / Conus Albers + NAVD88 height - Geoid12B (m)"",PROJCS[""NAD83(2011) / Conus Albers"",GEOGCS[""NAD83(2011)"",DATUM[""NAD83 (National Spatial Reference System 2011)"",SPHEROID[""GRS 1980"",6378137,298.257222101,AUTHORITY[""EPSG"",""7019""]],AUTHORITY[""EPSG"",""1116""]],PRIMEM[""Greenwich"",0,AUTHORITY[""EPSG"",""8901""]],UNIT[""degree"",0.0174532925199433,AUTHORITY[""EPSG"",""9122""]],AUTHORITY[""EPSG"",""6318""]],PROJECTION[""Albers_Conic_Equal_Area""],PARAMETER[""standard_parallel_1"",29.5],PARAMETER[""standard_parallel_2"",45.5],PARAMETER[""latitude_of_center"",23],PARAMETER[""longitude_of_center"",-96],PARAMETER[""false_easting"",0],PARAMETER[""false_northing"",0],UNIT[""meter"",1,AUTHORITY[""EPSG"",""9001""]],AXIS[""X"",EAST],AXIS[""Y"",NORTH],AUTHORITY[""EPSG"",""6350""]],VERT_CS[""NAVD88 height - Geoid12B (m)"",VERT_DATUM[""North American Vertical Datum 1988"",2005,AUTHORITY[""EPSG"",""5103""]],UNIT[""meter"",1,AUTHORITY[""EPSG"",""9001""]],AXIS[""Up"",UP],AUTHORITY[""EPSG"",""5703""]]]",0.0,0.56671142578125,9.523383140563965,454.5085257726196,True,Oregon_City_503,BurnWJ2010a,accept,
USGS_LPC_OR_OLCMetro_2019_A19_w2052n2775_r000256_c000512,train,negative,USGS_LPC_OR_OLCMetro_2019_A19_w2052n2775.laz,D:\LIDAR\oregon\oregon_lidar_pilot\USGS_LPC_OR_OLCMetro_2019_A19_w2052n2775.laz,patches\train\USGS_LPC_OR_OLCMetro_2019_A19_w2052n2775_r000256_c000512.npz,256,512,-2051488.0,2775488.0,-2051232.0,2775744.0,"COMPD_CS[""NAD83(2011) / Conus Albers + NAVD88 height - Geoid12B (m)"",PROJCS[""NAD83(2011) / Conus Albers"",GEOGCS[""NAD83(2011)"",DATUM[""NAD83 (National Spatial Reference System 2011)"",SPHEROID[""GRS 1980"",6378137,298.257222101,AUTHORITY[""EPSG"",""7019""]],AUTHORITY[""EPSG"",""1116""]],PRIMEM[""Greenwich"",0,AUTHORITY[""EPSG"",""8901""]],UNIT[""degree"",0.0174532925199433,AUTHORITY[""EPSG"",""9122""]],AUTHORITY[""EPSG"",""6318""]],PROJECTION[""Albers_Conic_Equal_Area""],PARAMETER[""standard_parallel_1"",29.5],PARAMETER[""standard_parallel_2"",45.5],PARAMETER[""latitude_of_center"",23],PARAMETER[""longitude_of_center"",-96],PARAMETER[""false_easting"",0],PARAMETER[""false_northing"",0],UNIT[""meter"",1,AUTHORITY[""EPSG"",""9001""]],AXIS[""X"",EAST],AXIS[""Y"",NORTH],AUTHORITY[""EPSG"",""6350""]],VERT_CS[""NAVD88 height - Geoid12B (m)"",VERT_DATUM[""North American Vertical Datum 1988"",2005,AUTHORITY[""EPSG"",""5103""]],UNIT[""meter"",1,AUTHORITY[""EPSG"",""9001""]],AXIS[""Up"",UP],AUTHORITY[""EPSG"",""5703""]]]",0.0,0.5499420166015625,8.322100639343262,482.1140943801581,True,Oregon_City_503,BurnWJ2010a,accept,
USGS_LPC_OR_OLCMetro_2019_A19_w2052n2775_r000384_c000128,train,negative,USGS_LPC_OR_OLCMetro_2019_A19_w2052n2775.laz,D:\LIDAR\oregon\oregon_lidar_pilot\USGS_LPC_OR_OLCMetro_2019_A19_w2052n2775.laz,patches\train\USGS_LPC_OR_OLCMetro_2019_A19_w2052n2775_r000384_c000128.npz,384,128,-2051872.0,2775360.0,-2051616.0,2775616.0,"COMPD_CS[""NAD83(2011) / Conus Albers + NAVD88 height - Geoid12B (m)"",PROJCS[""NAD83(2011) / Conus Albers"",GEOGCS[""NAD83(2011)"",DATUM[""NAD83 (National Spatial Reference System 2011)"",SPHEROID[""GRS 1980"",6378137,298.257222101,AUTHORITY[""EPSG"",""7019""]],AUTHORITY[""EPSG"",""1116""]],PRIMEM[""Greenwich"",0,AUTHORITY[""EPSG"",""8901""]],UNIT[""degree"",0.0174532925199433,AUTHORITY[""EPSG"",""9122""]],AUTHORITY[""EPSG"",""6318""]],PROJECTION[""Albers_Conic_Equal_Area""],PARAMETER[""standard_parallel_1"",29.5],PARAMETER[""standard_parallel_2"",45.5],PARAMETER[""latitude_of_center"",23],PARAMETER[""longitude_of_center"",-96],PARAMETER[""false_easting"",0],PARAMETER[""false_northing"",0],UNIT[""meter"",1,AUTHORITY[""EPSG"",""9001""]],AXIS[""X"",EAST],AXIS[""Y"",NORTH],AUTHORITY[""EPSG"",""6350""]],VERT_CS[""NAVD88 height - Geoid12B (m)"",VERT_DATUM[""North American Vertical Datum 1988"",2005,AUTHORITY[""EPSG"",""5103""]],UNIT[""meter"",1,AUTHORITY[""EPSG"",""9001""]],AXIS[""Up"",UP],AUTHORITY[""EPSG"",""5703""]]]",0.0,0.65692138671875,8.286335945129395,325.0,True,Oregon_City_503,BurnWJ2010a,accept,
USGS_LPC_OR_OLCMetro_2019_A19_w2052n2775_r000640_c000128,train,negative,USGS_LPC_OR_OLCMetro_2019_A19_w2052n2775.laz,D:\LIDAR\oregon\oregon_lidar_pilot\USGS_LPC_OR_OLCMetro_2019_A19_w2052n2775.laz,patches\train\USGS_LPC_OR_OLCMetro_2019_A19_w2052n2775_r000640_c000128.npz,640,128,-2051872.0,2775104.0,-2051616.0,2775360.0,"COMPD_CS[""NAD83(2011) / Conus Albers + NAVD88 height - Geoid12B (m)"",PROJCS[""NAD83(2011) / Conus Albers"",GEOGCS[""NAD83(2011)"",DATUM[""NAD83 (National Spatial Reference System 2011)"",SPHEROID[""GRS 1980"",6378137,298.257222101,AUTHORITY[""EPSG"",""7019""]],AUTHORITY[""EPSG"",""1116""]],PRIMEM[""Greenwich"",0,AUTHORITY[""EPSG"",""8901""]],UNIT[""degree"",0.0174532925199433,AUTHORITY[""EPSG"",""9122""]],AUTHORITY[""EPSG"",""6318""]],PROJECTION[""Albers_Conic_Equal_Area""],PARAMETER[""standard_parallel_1"",29.5],PARAMETER[""standard_parallel_2"",45.5],PARAMETER[""latitude_of_center"",23],PARAMETER[""longitude_of_center"",-96],PARAMETER[""false_easting"",0],PARAMETER[""false_northing"",0],UNIT[""meter"",1,AUTHORITY[""EPSG"",""9001""]],AXIS[""X"",EAST],AXIS[""Y"",NORTH],AUTHORITY[""EPSG"",""6350""]],VERT_CS[""NAVD88 height - Geoid12B (m)"",VERT_DATUM[""North American Vertical Datum 1988"",2005,AUTHORITY[""EPSG"",""5103""]],UNIT[""meter"",1,AUTHORITY[""EPSG"",""9001""]],AXIS[""Up"",UP],AUTHORITY[""EPSG"",""5703""]]]",0.0,0.547515869140625,10.64026927947998,69.0,True,Oregon_City_503,BurnWJ2010a,accept,
USGS_LPC_OR_OLCMetro_2019_A19_w2052n2775_r000640_c000640,train,negative,USGS_LPC_OR_OLCMetro_2019_A19_w2052n2775.laz,D:\LIDAR\oregon\oregon_lidar_pilot\USGS_LPC_OR_OLCMetro_2019_A19_w2052n2775.laz,patches\train\USGS_LPC_OR_OLCMetro_2019_A19_w2052n2775_r000640_c000640.npz,640,640,-2051360.0,2775104.0,-2051104.0,2775360.0,"COMPD_CS[""NAD83(2011) / Conus Albers + NAVD88 height - Geoid12B (m)"",PROJCS[""NAD83(2011) / Conus Albers"",GEOGCS[""NAD83(2011)"",DATUM[""NAD83 (National Spatial Reference System 2011)"",SPHEROID[""GRS 1980"",6378137,298.257222101,AUTHORITY[""EPSG"",""7019""]],AUTHORITY[""EPSG"",""1116""]],PRIMEM[""Greenwich"",0,AUTHORITY[""EPSG"",""8901""]],UNIT[""degree"",0.0174532925199433,AUTHORITY[""EPSG"",""9122""]],AUTHORITY[""EPSG"",""6318""]],PROJECTION[""Albers_Conic_Equal_Area""],PARAMETER[""standard_parallel_1"",29.5],PARAMETER[""standard_parallel_2"",45.5],PARAMETER[""latitude_of_center"",23],PARAMETER[""longitude_of_center"",-96],PARAMETER[""false_easting"",0],PARAMETER[""false_northing"",0],UNIT[""meter"",1,AUTHORITY[""EPSG"",""9001""]],AXIS[""X"",EAST],AXIS[""Y"",NORTH],AUTHORITY[""EPSG"",""6350""]],VERT_CS[""NAVD88 height - Geoid12B (m)"",VERT_DATUM[""North American Vertical Datum 1988"",2005,AUTHORITY[""EPSG"",""5103""]],UNIT[""meter"",1,AUTHORITY[""EPSG"",""9001""]],AXIS[""Up"",UP],AUTHORITY[""EPSG"",""5703""]]]",0.0,0.662139892578125,3.321355104446411,266.159726480172,False,Oregon_City_503,BurnWJ2010a,accept,
USGS_LPC_OR_OLCMetro_2019_A19_w2052n2776_r000000_c000000,validation,positive_boundary,USGS_LPC_OR_OLCMetro_2019_A19_w2052n2776.laz,D:\LIDAR\oregon\oregon_lidar_pilot\USGS_LPC_OR_OLCMetro_2019_A19_w2052n2776.laz,patches\validation\USGS_LPC_OR_OLCMetro_2019_A19_w2052n2776_r000000_c000000.npz,0,0,-2052000.0,2776744.0,-2051744.0,2777000.0,"COMPD_CS[""NAD83(2011) / Conus Albers + NAVD88 height - Geoid12B (m)"",PROJCS[""NAD83(2011) / Conus Albers"",GEOGCS[""NAD83(2011)"",DATUM[""NAD83 (National Spatial Reference System 2011)"",SPHEROID[""GRS 1980"",6378137,298.257222101,AUTHORITY[""EPSG"",""7019""]],AUTHORITY[""EPSG"",""1116""]],PRIMEM[""Greenwich"",0,AUTHORITY[""EPSG"",""8901""]],UNIT[""degree"",0.0174532925199433,AUTHORITY[""EPSG"",""9122""]],AUTHORITY[""EPSG"",""6318""]],PROJECTION[""Albers_Conic_Equal_Area""],PARAMETER[""standard_parallel_1"",29.5],PARAMETER[""standard_parallel_2"",45.5],PARAMETER[""latitude_of_center"",23],PARAMETER[""longitude_of_center"",-96],PARAMETER[""false_easting"",0],PARAMETER[""false_northing"",0],UNIT[""meter"",1,AUTHORITY[""EPSG"",""9001""]],AXIS[""X"",EAST],AXIS[""Y"",NORTH],AUTHORITY[""EPSG"",""6350""]],VERT_CS[""NAVD88 height - Geoid12B (m)"",VERT_DATUM[""North American Vertical Datum 1988"",2005,AUTHORITY[""EPSG"",""5103""]],UNIT[""meter"",1,AUTHORITY[""EPSG"",""9001""]],AXIS[""Up"",UP],AUTHORITY[""EPSG"",""5703""]]]",0.058074951171875,0.7151031494140625,9.811365127563477,0.0,False,Gladstone_075;Gladstone_076;Gladstone_077;Gladstone_079;Gladstone_080;Gladstone_087;Gladstone_088,BurnWJ2012g,accept,
USGS_LPC_OR_OLCMetro_2019_A19_w2052n2776_r000000_c000128,validation,positive_boundary,USGS_LPC_OR_OLCMetro_2019_A19_w2052n2776.laz,D:\LIDAR\oregon\oregon_lidar_pilot\USGS_LPC_OR_OLCMetro_2019_A19_w2052n2776.laz,patches\validation\USGS_LPC_OR_OLCMetro_2019_A19_w2052n2776_r000000_c000128.npz,0,128,-2051872.0,2776744.0,-2051616.0,2777000.0,"COMPD_CS[""NAD83(2011) / Conus Albers + NAVD88 height - Geoid12B (m)"",PROJCS[""NAD83(2011) / Conus Albers"",GEOGCS[""NAD83(2011)"",DATUM[""NAD83 (National Spatial Reference System 2011)"",SPHEROID[""GRS 1980"",6378137,298.257222101,AUTHORITY[""EPSG"",""7019""]],AUTHORITY[""EPSG"",""1116""]],PRIMEM[""Greenwich"",0,AUTHORITY[""EPSG"",""8901""]],UNIT[""degree"",0.0174532925199433,AUTHORITY[""EPSG"",""9122""]],AUTHORITY[""EPSG"",""6318""]],PROJECTION[""Albers_Conic_Equal_Area""],PARAMETER[""standard_parallel_1"",29.5],PARAMETER[""standard_parallel_2"",45.5],PARAMETER[""latitude_of_center"",23],PARAMETER[""longitude_of_center"",-96],PARAMETER[""false_easting"",0],PARAMETER[""false_northing"",0],UNIT[""meter"",1,AUTHORITY[""EPSG"",""9001""]],AXIS[""X"",EAST],AXIS[""Y"",NORTH],AUTHORITY[""EPSG"",""6350""]],VERT_CS[""NAVD88 height - Geoid12B (m)"",VERT_DATUM[""North American Vertical Datum 1988"",2005,AUTHORITY[""EPSG"",""5103""]],UNIT[""meter"",1,AUTHORITY[""EPSG"",""9001""]],AXIS[""Up"",UP],AUTHORITY[""EPSG"",""5703""]]]",0.01031494140625,0.79620361328125,5.388810634613037,0.0,False,Gladstone_075;Gladstone_076;Gladstone_077;Gladstone_079;Gladstone_080;Gladstone_087;Gladstone_088,BurnWJ2012g,accept,
USGS_LPC_OR_OLCMetro_2019_A19_w2052n2776_r000000_c000256,validation,negative,USGS_LPC_OR_OLCMetro_2019_A19_w2052n2776.laz,D:\LIDAR\oregon\oregon_lidar_pilot\USGS_LPC_OR_OLCMetro_2019_A19_w2052n2776.laz,patches\validation\USGS_LPC_OR_OLCMetro_2019_A19_w2052n2776_r000000_c000256.npz,0,256,-2051744.0,2776744.0,-2051488.0,2777000.0,"COMPD_CS[""NAD83(2011) / Conus Albers + NAVD88 height - Geoid12B (m)"",PROJCS[""NAD83(2011) / Conus Albers"",GEOGCS[""NAD83(2011)"",DATUM[""NAD83 (National Spatial Reference System 2011)"",SPHEROID[""GRS 1980"",6378137,298.257222101,AUTHORITY[""EPSG"",""7019""]],AUTHORITY[""EPSG"",""1116""]],PRIMEM[""Greenwich"",0,AUTHORITY[""EPSG"",""8901""]],UNIT[""degree"",0.0174532925199433,AUTHORITY[""EPSG"",""9122""]],AUTHORITY[""EPSG"",""6318""]],PROJECTION[""Albers_Conic_Equal_Area""],PARAMETER[""standard_parallel_1"",29.5],PARAMETER[""standard_parallel_2"",45.5],PARAMETER[""latitude_of_center"",23],PARAMETER[""longitude_of_center"",-96],PARAMETER[""false_easting"",0],PARAMETER[""false_northing"",0],UNIT[""meter"",1,AUTHORITY[""EPSG"",""9001""]],AXIS[""X"",EAST],AXIS[""Y"",NORTH],AUTHORITY[""EPSG"",""6350""]],VERT_CS[""NAVD88 height - Geoid12B (m)"",VERT_DATUM[""North American Vertical Datum 1988"",2005,AUTHORITY[""EPSG"",""5103""]],UNIT[""meter"",1,AUTHORITY[""EPSG"",""9001""]],AXIS[""Up"",UP],AUTHORITY[""EPSG"",""5703""]]]",0.0,0.8229217529296875,2.866417407989502,84.0,False,Gladstone_075;Gladstone_076;Gladstone_077;Gladstone_079;Gladstone_080;Gladstone_087;Gladstone_088,BurnWJ2012g,reject_engineered_landform,
USGS_LPC_OR_OLCMetro_2019_A19_w2052n2776_r000128_c000000,validation,positive_boundary,USGS_LPC_OR_OLCMetro_2019_A19_w2052n2776.laz,D:\LIDAR\oregon\oregon_lidar_pilot\USGS_LPC_OR_OLCMetro_2019_A19_w2052n2776.laz,patches\validation\USGS_LPC_OR_OLCMetro_2019_A19_w2052n2776_r000128_c000000.npz,128,0,-2052000.0,2776616.0,-2051744.0,2776872.0,"COMPD_CS[""NAD83(2011) / Conus Albers + NAVD88 height - Geoid12B (m)"",PROJCS[""NAD83(2011) / Conus Albers"",GEOGCS[""NAD83(2011)"",DATUM[""NAD83 (National Spatial Reference System 2011)"",SPHEROID[""GRS 1980"",6378137,298.257222101,AUTHORITY[""EPSG"",""7019""]],AUTHORITY[""EPSG"",""1116""]],PRIMEM[""Greenwich"",0,AUTHORITY[""EPSG"",""8901""]],UNIT[""degree"",0.0174532925199433,AUTHORITY[""EPSG"",""9122""]],AUTHORITY[""EPSG"",""6318""]],PROJECTION[""Albers_Conic_Equal_Area""],PARAMETER[""standard_parallel_1"",29.5],PARAMETER[""standard_parallel_2"",45.5],PARAMETER[""latitude_of_center"",23],PARAMETER[""longitude_of_center"",-96],PARAMETER[""false_easting"",0],PARAMETER[""false_northing"",0],UNIT[""meter"",1,AUTHORITY[""EPSG"",""9001""]],AXIS[""X"",EAST],AXIS[""Y"",NORTH],AUTHORITY[""EPSG"",""6350""]],VERT_CS[""NAVD88 height - Geoid12B (m)"",VERT_DATUM[""North American Vertical Datum 1988"",2005,AUTHORITY[""EPSG"",""5103""]],UNIT[""meter"",1,AUTHORITY[""EPSG"",""9001""]],AXIS[""Up"",UP],AUTHORITY[""EPSG"",""5703""]]]",0.013519287109375,0.7815399169921875,9.443977355957031,0.0,False,Gladstone_075;Gladstone_076;Gladstone_077;Gladstone_079;Gladstone_080;Gladstone_087;Gladstone_088,BurnWJ2012g,accept,
USGS_LPC_OR_OLCMetro_2019_A19_w2052n2776_r000128_c000512,validation,negative,USGS_LPC_OR_OLCMetro_2019_A19_w2052n2776.laz,D:\LIDAR\oregon\oregon_lidar_pilot\USGS_LPC_OR_OLCMetro_2019_A19_w2052n2776.laz,patches\validation\USGS_LPC_OR_OLCMetro_2019_A19_w2052n2776_r000128_c000512.npz,128,512,-2051488.0,2776616.0,-2051232.0,2776872.0,"COMPD_CS[""NAD83(2011) / Conus Albers + NAVD88 height - Geoid12B (m)"",PROJCS[""NAD83(2011) / Conus Albers"",GEOGCS[""NAD83(2011)"",DATUM[""NAD83 (National Spatial Reference System 2011)"",SPHEROID[""GRS 1980"",6378137,298.257222101,AUTHORITY[""EPSG"",""7019""]],AUTHORITY[""EPSG"",""1116""]],PRIMEM[""Greenwich"",0,AUTHORITY[""EPSG"",""8901""]],UNIT[""degree"",0.0174532925199433,AUTHORITY[""EPSG"",""9122""]],AUTHORITY[""EPSG"",""6318""]],PROJECTION[""Albers_Conic_Equal_Area""],PARAMETER[""standard_parallel_1"",29.5],PARAMETER[""standard_parallel_2"",45.5],PARAMETER[""latitude_of_center"",23],PARAMETER[""longitude_of_center"",-96],PARAMETER[""false_easting"",0],PARAMETER[""false_northing"",0],UNIT[""meter"",1,AUTHORITY[""EPSG"",""9001""]],AXIS[""X"",EAST],AXIS[""Y"",NORTH],AUTHORITY[""EPSG"",""6350""]],VERT_CS[""NAVD88 height - Geoid12B (m)"",VERT_DATUM[""North American Vertical Datum 1988"",2005,AUTHORITY[""EPSG"",""5103""]],UNIT[""meter"",1,AUTHORITY[""EPSG"",""9001""]],AXIS[""Up"",UP],AUTHORITY[""EPSG"",""5703""]]]",0.0,0.954071044921875,4.973888874053955,150.41608956491322,False,Gladstone_075;Gladstone_076;Gladstone_077;Gladstone_079;Gladstone_080;Gladstone_087;Gladstone_088,BurnWJ2012g,accept,
USGS_LPC_OR_OLCMetro_2019_A19_w2052n2776_r000256_c000512,validation,negative,USGS_LPC_OR_OLCMetro_2019_A19_w2052n2776.laz,D:\LIDAR\oregon\oregon_lidar_pilot\USGS_LPC_OR_OLCMetro_2019_A19_w2052n2776.laz,patches\validation\USGS_LPC_OR_OLCMetro_2019_A19_w2052n2776_r000256_c000512.npz,256,512,-2051488.0,2776488.0,-2051232.0,2776744.0,"COMPD_CS[""NAD83(2011) / Conus Albers + NAVD88 height - Geoid12B (m)"",PROJCS[""NAD83(2011) / Conus Albers"",GEOGCS[""NAD83(2011)"",DATUM[""NAD83 (National Spatial Reference System 2011)"",SPHEROID[""GRS 1980"",6378137,298.257222101,AUTHORITY[""EPSG"",""7019""]],AUTHORITY[""EPSG"",""1116""]],PRIMEM[""Greenwich"",0,AUTHORITY[""EPSG"",""8901""]],UNIT[""degree"",0.0174532925199433,AUTHORITY[""EPSG"",""9122""]],AUTHORITY[""EPSG"",""6318""]],PROJECTION[""Albers_Conic_Equal_Area""],PARAMETER[""standard_parallel_1"",29.5],PARAMETER[""standard_parallel_2"",45.5],PARAMETER[""latitude_of_center"",23],PARAMETER[""longitude_of_center"",-96],PARAMETER[""false_easting"",0],PARAMETER[""false_northing"",0],UNIT[""meter"",1,AUTHORITY[""EPSG"",""9001""]],AXIS[""X"",EAST],AXIS[""Y"",NORTH],AUTHORITY[""EPSG"",""6350""]],VERT_CS[""NAVD88 height - Geoid12B (m)"",VERT_DATUM[""North American Vertical Datum 1988"",2005,AUTHORITY[""EPSG"",""5103""]],UNIT[""meter"",1,AUTHORITY[""EPSG"",""9001""]],AXIS[""Up"",UP],AUTHORITY[""EPSG"",""5703""]]]",0.0,0.91925048828125,6.115370273590088,79.22752047110903,False,Gladstone_075;Gladstone_076;Gladstone_077;Gladstone_079;Gladstone_080;Gladstone_087;Gladstone_088,BurnWJ2012g,accept,
USGS_LPC_OR_OLCMetro_2019_A19_w2052n2776_r000384_c000000,validation,negative,USGS_LPC_OR_OLCMetro_2019_A19_w2052n2776.laz,D:\LIDAR\oregon\oregon_lidar_pilot\USGS_LPC_OR_OLCMetro_2019_A19_w2052n2776.laz,patches\validation\USGS_LPC_OR_OLCMetro_2019_A19_w2052n2776_r000384_c000000.npz,384,0,-2052000.0,2776360.0,-2051744.0,2776616.0,"COMPD_CS[""NAD83(2011) / Conus Albers + NAVD88 height - Geoid12B (m)"",PROJCS[""NAD83(2011) / Conus Albers"",GEOGCS[""NAD83(2011)"",DATUM[""NAD83 (National Spatial Reference System 2011)"",SPHEROID[""GRS 1980"",6378137,298.257222101,AUTHORITY[""EPSG"",""7019""]],AUTHORITY[""EPSG"",""1116""]],PRIMEM[""Greenwich"",0,AUTHORITY[""EPSG"",""8901""]],UNIT[""degree"",0.0174532925199433,AUTHORITY[""EPSG"",""9122""]],AUTHORITY[""EPSG"",""6318""]],PROJECTION[""Albers_Conic_Equal_Area""],PARAMETER[""standard_parallel_1"",29.5],PARAMETER[""standard_parallel_2"",45.5],PARAMETER[""latitude_of_center"",23],PARAMETER[""longitude_of_center"",-96],PARAMETER[""false_easting"",0],PARAMETER[""false_northing"",0],UNIT[""meter"",1,AUTHORITY[""EPSG"",""9001""]],AXIS[""X"",EAST],AXIS[""Y"",NORTH],AUTHORITY[""EPSG"",""6350""]],VERT_CS[""NAVD88 height - Geoid12B (m)"",VERT_DATUM[""North American Vertical Datum 1988"",2005,AUTHORITY[""EPSG"",""5103""]],UNIT[""meter"",1,AUTHORITY[""EPSG"",""9001""]],AXIS[""Up"",UP],AUTHORITY[""EPSG"",""5703""]]]",0.0,0.7335357666015625,11.38037395477295,190.0,True,Gladstone_075;Gladstone_076;Gladstone_077;Gladstone_079;Gladstone_080;Gladstone_087;Gladstone_088,BurnWJ2012g,accept,
USGS_LPC_OR_OLCMetro_2019_A19_w2052n2776_r000384_c000128,validation,negative,USGS_LPC_OR_OLCMetro_2019_A19_w2052n2776.laz,D:\LIDAR\oregon\oregon_lidar_pilot\USGS_LPC_OR_OLCMetro_2019_A19_w2052n2776.laz,patches\validation\USGS_LPC_OR_OLCMetro_2019_A19_w2052n2776_r000384_c000128.npz,384,128,-2051872.0,2776360.0,-2051616.0,2776616.0,"COMPD_CS[""NAD83(2011) / Conus Albers + NAVD88 height - Geoid12B (m)"",PROJCS[""NAD83(2011) / Conus Albers"",GEOGCS[""NAD83(2011)"",DATUM[""NAD83 (National Spatial Reference System 2011)"",SPHEROID[""GRS 1980"",6378137,298.257222101,AUTHORITY[""EPSG"",""7019""]],AUTHORITY[""EPSG"",""1116""]],PRIMEM[""Greenwich"",0,AUTHORITY[""EPSG"",""8901""]],UNIT[""degree"",0.0174532925199433,AUTHORITY[""EPSG"",""9122""]],AUTHORITY[""EPSG"",""6318""]],PROJECTION[""Albers_Conic_Equal_Area""],PARAMETER[""standard_parallel_1"",29.5],PARAMETER[""standard_parallel_2"",45.5],PARAMETER[""latitude_of_center"",23],PARAMETER[""longitude_of_center"",-96],PARAMETER[""false_easting"",0],PARAMETER[""false_northing"",0],UNIT[""meter"",1,AUTHORITY[""EPSG"",""9001""]],AXIS[""X"",EAST],AXIS[""Y"",NORTH],AUTHORITY[""EPSG"",""6350""]],VERT_CS[""NAVD88 height - Geoid12B (m)"",VERT_DATUM[""North American Vertical Datum 1988"",2005,AUTHORITY[""EPSG"",""5103""]],UNIT[""meter"",1,AUTHORITY[""EPSG"",""9001""]],AXIS[""Up"",UP],AUTHORITY[""EPSG"",""5703""]]]",0.0,0.8349456787109375,8.543452262878418,195.48913013259843,True,Gladstone_075;Gladstone_076;Gladstone_077;Gladstone_079;Gladstone_080;Gladstone_087;Gladstone_088,BurnWJ2012g,accept,
USGS_LPC_OR_OLCMetro_2019_A19_w2052n2776_r000384_c000640,validation,positive_boundary,USGS_LPC_OR_OLCMetro_2019_A19_w2052n2776.laz,D:\LIDAR\oregon\oregon_lidar_pilot\USGS_LPC_OR_OLCMetro_2019_A19_w2052n2776.laz,patches\validation\USGS_LPC_OR_OLCMetro_2019_A19_w2052n2776_r000384_c000640.npz,384,640,-2051360.0,2776360.0,-2051104.0,2776616.0,"COMPD_CS[""NAD83(2011) / Conus Albers + NAVD88 height - Geoid12B (m)"",PROJCS[""NAD83(2011) / Conus Albers"",GEOGCS[""NAD83(2011)"",DATUM[""NAD83 (National Spatial Reference System 2011)"",SPHEROID[""GRS 1980"",6378137,298.257222101,AUTHORITY[""EPSG"",""7019""]],AUTHORITY[""EPSG"",""1116""]],PRIMEM[""Greenwich"",0,AUTHORITY[""EPSG"",""8901""]],UNIT[""degree"",0.0174532925199433,AUTHORITY[""EPSG"",""9122""]],AUTHORITY[""EPSG"",""6318""]],PROJECTION[""Albers_Conic_Equal_Area""],PARAMETER[""standard_parallel_1"",29.5],PARAMETER[""standard_parallel_2"",45.5],PARAMETER[""latitude_of_center"",23],PARAMETER[""longitude_of_center"",-96],PARAMETER[""false_easting"",0],PARAMETER[""false_northing"",0],UNIT[""meter"",1,AUTHORITY[""EPSG"",""9001""]],AXIS[""X"",EAST],AXIS[""Y"",NORTH],AUTHORITY[""EPSG"",""6350""]],VERT_CS[""NAVD88 height - Geoid12B (m)"",VERT_DATUM[""North American Vertical Datum 1988"",2005,AUTHORITY[""EPSG"",""5103""]],UNIT[""meter"",1,AUTHORITY[""EPSG"",""9001""]],AXIS[""Up"",UP],AUTHORITY[""EPSG"",""5703""]]]",0.013885498046875,0.7071380615234375,9.173901557922363,0.0,False,Gladstone_075;Gladstone_076;Gladstone_077;Gladstone_079;Gladstone_080;Gladstone_087;Gladstone_088,BurnWJ2012g,accept,
USGS_LPC_OR_OLCMetro_2019_A19_w2052n2776_r000512_c000000,validation,negative,USGS_LPC_OR_OLCMetro_2019_A19_w2052n2776.laz,D:\LIDAR\oregon\oregon_lidar_pilot\USGS_LPC_OR_OLCMetro_2019_A19_w2052n2776.laz,patches\validation\USGS_LPC_OR_OLCMetro_2019_A19_w2052n2776_r000512_c000000.npz,512,0,-2052000.0,2776232.0,-2051744.0,2776488.0,"COMPD_CS[""NAD83(2011) / Conus Albers + NAVD88 height - Geoid12B (m)"",PROJCS[""NAD83(2011) / Conus Albers"",GEOGCS[""NAD83(2011)"",DATUM[""NAD83 (National Spatial Reference System 2011)"",SPHEROID[""GRS 1980"",6378137,298.257222101,AUTHORITY[""EPSG"",""7019""]],AUTHORITY[""EPSG"",""1116""]],PRIMEM[""Greenwich"",0,AUTHORITY[""EPSG"",""8901""]],UNIT[""degree"",0.0174532925199433,AUTHORITY[""EPSG"",""9122""]],AUTHORITY[""EPSG"",""6318""]],PROJECTION[""Albers_Conic_Equal_Area""],PARAMETER[""standard_parallel_1"",29.5],PARAMETER[""standard_parallel_2"",45.5],PARAMETER[""latitude_of_center"",23],PARAMETER[""longitude_of_center"",-96],PARAMETER[""false_easting"",0],PARAMETER[""false_northing"",0],UNIT[""meter"",1,AUTHORITY[""EPSG"",""9001""]],AXIS[""X"",EAST],AXIS[""Y"",NORTH],AUTHORITY[""EPSG"",""6350""]],VERT_CS[""NAVD88 height - Geoid12B (m)"",VERT_DATUM[""North American Vertical Datum 1988"",2005,AUTHORITY[""EPSG"",""5103""]],UNIT[""meter"",1,AUTHORITY[""EPSG"",""9001""]],AXIS[""Up"",UP],AUTHORITY[""EPSG"",""5703""]]]",0.0,0.7439422607421875,9.957493782043457,318.0,True,Gladstone_075;Gladstone_076;Gladstone_077;Gladstone_079;Gladstone_080;Gladstone_087;Gladstone_088,BurnWJ2012g,accept,
USGS_LPC_OR_OLCMetro_2019_A19_w2052n2776_r000512_c000128,validation,negative,USGS_LPC_OR_OLCMetro_2019_A19_w2052n2776.laz,D:\LIDAR\oregon\oregon_lidar_pilot\USGS_LPC_OR_OLCMetro_2019_A19_w2052n2776.laz,patches\validation\USGS_LPC_OR_OLCMetro_2019_A19_w2052n2776_r000512_c000128.npz,512,128,-2051872.0,2776232.0,-2051616.0,2776488.0,"COMPD_CS[""NAD83(2011) / Conus Albers + NAVD88 height - Geoid12B (m)"",PROJCS[""NAD83(2011) / Conus Albers"",GEOGCS[""NAD83(2011)"",DATUM[""NAD83 (National Spatial Reference System 2011)"",SPHEROID[""GRS 1980"",6378137,298.257222101,AUTHORITY[""EPSG"",""7019""]],AUTHORITY[""EPSG"",""1116""]],PRIMEM[""Greenwich"",0,AUTHORITY[""EPSG"",""8901""]],UNIT[""degree"",0.0174532925199433,AUTHORITY[""EPSG"",""9122""]],AUTHORITY[""EPSG"",""6318""]],PROJECTION[""Albers_Conic_Equal_Area""],PARAMETER[""standard_parallel_1"",29.5],PARAMETER[""standard_parallel_2"",45.5],PARAMETER[""latitude_of_center"",23],PARAMETER[""longitude_of_center"",-96],PARAMETER[""false_easting"",0],PARAMETER[""false_northing"",0],UNIT[""meter"",1,AUTHORITY[""EPSG"",""9001""]],AXIS[""X"",EAST],AXIS[""Y"",NORTH],AUTHORITY[""EPSG"",""6350""]],VERT_CS[""NAVD88 height - Geoid12B (m)"",VERT_DATUM[""North American Vertical Datum 1988"",2005,AUTHORITY[""EPSG"",""5103""]],UNIT[""meter"",1,AUTHORITY[""EPSG"",""9001""]],AXIS[""Up"",UP],AUTHORITY[""EPSG"",""5703""]]]",0.0,0.8407135009765625,8.973663330078125,321.30981933330327,True,Gladstone_075;Gladstone_076;Gladstone_077;Gladstone_079;Gladstone_080;Gladstone_087;Gladstone_088,BurnWJ2012g,accept,
USGS_LPC_OR_OLCMetro_2019_A19_w2052n2776_r000640_c000128,validation,negative,USGS_LPC_OR_OLCMetro_2019_A19_w2052n2776.laz,D:\LIDAR\oregon\oregon_lidar_pilot\USGS_LPC_OR_OLCMetro_2019_A19_w2052n2776.laz,patches\validation\USGS_LPC_OR_OLCMetro_2019_A19_w2052n2776_r000640_c000128.npz,640,128,-2051872.0,2776104.0,-2051616.0,2776360.0,"COMPD_CS[""NAD83(2011) / Conus Albers + NAVD88 height - Geoid12B (m)"",PROJCS[""NAD83(2011) / Conus Albers"",GEOGCS[""NAD83(2011)"",DATUM[""NAD83 (National Spatial Reference System 2011)"",SPHEROID[""GRS 1980"",6378137,298.257222101,AUTHORITY[""EPSG"",""7019""]],AUTHORITY[""EPSG"",""1116""]],PRIMEM[""Greenwich"",0,AUTHORITY[""EPSG"",""8901""]],UNIT[""degree"",0.0174532925199433,AUTHORITY[""EPSG"",""9122""]],AUTHORITY[""EPSG"",""6318""]],PROJECTION[""Albers_Conic_Equal_Area""],PARAMETER[""standard_parallel_1"",29.5],PARAMETER[""standard_parallel_2"",45.5],PARAMETER[""latitude_of_center"",23],PARAMETER[""longitude_of_center"",-96],PARAMETER[""false_easting"",0],PARAMETER[""false_northing"",0],UNIT[""meter"",1,AUTHORITY[""EPSG"",""9001""]],AXIS[""X"",EAST],AXIS[""Y"",NORTH],AUTHORITY[""EPSG"",""6350""]],VERT_CS[""NAVD88 height - Geoid12B (m)"",VERT_DATUM[""North American Vertical Datum 1988"",2005,AUTHORITY[""EPSG"",""5103""]],UNIT[""meter"",1,AUTHORITY[""EPSG"",""9001""]],AXIS[""Up"",UP],AUTHORITY[""EPSG"",""5703""]]]",0.0,0.7878265380859375,8.66946792602539,448.36592198783353,True,Gladstone_075;Gladstone_076;Gladstone_077;Gladstone_079;Gladstone_080;Gladstone_087;Gladstone_088,BurnWJ2012g,accept,
USGS_LPC_OR_OLCMetro_2019_A19_w2052n2776_r000640_c000256,validation,negative,USGS_LPC_OR_OLCMetro_2019_A19_w2052n2776.laz,D:\LIDAR\oregon\oregon_lidar_pilot\USGS_LPC_OR_OLCMetro_2019_A19_w2052n2776.laz,patches\validation\USGS_LPC_OR_OLCMetro_2019_A19_w2052n2776_r000640_c000256.npz,640,256,-2051744.0,2776104.0,-2051488.0,2776360.0,"COMPD_CS[""NAD83(2011) / Conus Albers + NAVD88 height - Geoid12B (m)"",PROJCS[""NAD83(2011) / Conus Albers"",GEOGCS[""NAD83(2011)"",DATUM[""NAD83 (National Spatial Reference System 2011)"",SPHEROID[""GRS 1980"",6378137,298.257222101,AUTHORITY[""EPSG"",""7019""]],AUTHORITY[""EPSG"",""1116""]],PRIMEM[""Greenwich"",0,AUTHORITY[""EPSG"",""8901""]],UNIT[""degree"",0.0174532925199433,AUTHORITY[""EPSG"",""9122""]],AUTHORITY[""EPSG"",""6318""]],PROJECTION[""Albers_Conic_Equal_Area""],PARAMETER[""standard_parallel_1"",29.5],PARAMETER[""standard_parallel_2"",45.5],PARAMETER[""latitude_of_center"",23],PARAMETER[""longitude_of_center"",-96],PARAMETER[""false_easting"",0],PARAMETER[""false_northing"",0],UNIT[""meter"",1,AUTHORITY[""EPSG"",""9001""]],AXIS[""X"",EAST],AXIS[""Y"",NORTH],AUTHORITY[""EPSG"",""6350""]],VERT_CS[""NAVD88 height - Geoid12B (m)"",VERT_DATUM[""North American Vertical Datum 1988"",2005,AUTHORITY[""EPSG"",""5103""]],UNIT[""meter"",1,AUTHORITY[""EPSG"",""9001""]],AXIS[""Up"",UP],AUTHORITY[""EPSG"",""5703""]]]",0.0,0.8093719482421875,9.019674301147461,355.8440669731617,True,Gladstone_075;Gladstone_076;Gladstone_077;Gladstone_079;Gladstone_080;Gladstone_087;Gladstone_088,BurnWJ2012g,accept,
USGS_LPC_OR_OLCMetro_2019_A19_w2052n2776_r000640_c000512,validation,negative,USGS_LPC_OR_OLCMetro_2019_A19_w2052n2776.laz,D:\LIDAR\oregon\oregon_lidar_pilot\USGS_LPC_OR_OLCMetro_2019_A19_w2052n2776.laz,patches\validation\USGS_LPC_OR_OLCMetro_2019_A19_w2052n2776_r000640_c000512.npz,640,512,-2051488.0,2776104.0,-2051232.0,2776360.0,"COMPD_CS[""NAD83(2011) / Conus Albers + NAVD88 height - Geoid12B (m)"",PROJCS[""NAD83(2011) / Conus Albers"",GEOGCS[""NAD83(2011)"",DATUM[""NAD83 (National Spatial Reference System 2011)"",SPHEROID[""GRS 1980"",6378137,298.257222101,AUTHORITY[""EPSG"",""7019""]],AUTHORITY[""EPSG"",""1116""]],PRIMEM[""Greenwich"",0,AUTHORITY[""EPSG"",""8901""]],UNIT[""degree"",0.0174532925199433,AUTHORITY[""EPSG"",""9122""]],AUTHORITY[""EPSG"",""6318""]],PROJECTION[""Albers_Conic_Equal_Area""],PARAMETER[""standard_parallel_1"",29.5],PARAMETER[""standard_parallel_2"",45.5],PARAMETER[""latitude_of_center"",23],PARAMETER[""longitude_of_center"",-96],PARAMETER[""false_easting"",0],PARAMETER[""false_northing"",0],UNIT[""meter"",1,AUTHORITY[""EPSG"",""9001""]],AXIS[""X"",EAST],AXIS[""Y"",NORTH],AUTHORITY[""EPSG"",""6350""]],VERT_CS[""NAVD88 height - Geoid12B (m)"",VERT_DATUM[""North American Vertical Datum 1988"",2005,AUTHORITY[""EPSG"",""5103""]],UNIT[""meter"",1,AUTHORITY[""EPSG"",""9001""]],AXIS[""Up"",UP],AUTHORITY[""EPSG"",""5703""]]]",0.0,0.5587921142578125,9.890686988830566,142.0563268566381,True,Gladstone_075;Gladstone_076;Gladstone_077;Gladstone_079;Gladstone_080;Gladstone_087;Gladstone_088,BurnWJ2012g,accept,
