{"type": "FeatureCollection", "features": [{"type": "Feature", "id": 298, "geometry": {"type": "Polygon", "coordinates": [[[-122.499998216267, 45.4538144423268], [-122.499998192358, 45.4479121320027], [-122.49999814727, 45.4374950932774], [-122.499998104316, 45.4270780572573], [-122.499998059562, 45.4166620189286], [-122.499998015451, 45.4062449804691], [-122.499997972101, 45.3958279430901], [-122.499997926984, 45.3854119053702], [-122.499997883755, 45.3749948676331], [-122.510414893385, 45.3749948441961], [-122.520830902229, 45.374994821095], [-122.531247912836, 45.3749947960791], [-122.541664921694, 45.3749947720727], [-122.552080931576, 45.3749947495475], [-122.562497941172, 45.3749947248839], [-122.572914950765, 45.3749947003079], [-122.583330960578, 45.3749946766042], [-122.593747970704, 45.3749946531924], [-122.604164979988, 45.374994628092], [-122.614580988786, 45.3749946059544], [-122.6249979983, 45.3749945811417], [-122.624998053686, 45.3854116057553], [-122.624998107648, 45.3958276303742], [-122.624998162197, 45.406244656452], [-122.624998216228, 45.416661680035], [-122.624998270211, 45.4270777052634], [-122.624998324781, 45.4374947308825], [-122.624998378965, 45.4479117565528], [-122.624998433035, 45.4583277810343], [-122.624998439655, 45.4595419726745], [-122.624998439088, 45.459546998704], [-122.62473619518, 45.459547079415], [-122.624745703734, 45.4585708871323], [-122.624745224648, 45.4585211765901], [-122.622490724725, 45.4585196958024], [-122.622492011168, 45.4585713825927], [-122.622493138731, 45.46057726774], [-122.622493350938, 45.4606355706613], [-122.622355930655, 45.4606198932316], [-122.622356892397, 45.4606782356157], [-122.62236272795, 45.461442717632], [-122.620151869784, 45.4614373586662], [-122.618992070703, 45.4614460168587], [-122.618997325155, 45.4609130118467], [-122.618589599955, 45.4609377137574], [-122.618342351619, 45.4608372701445], [-122.617995079898, 45.460753774273], [-122.61763570917, 45.4606673665839], [-122.617601689096, 45.4609497410476], [-122.617021337898, 45.4609039489283], [-122.616970071027, 45.4611918763475], [-122.616984917928, 45.4611929579018], [-122.616950706656, 45.4613850177909], [-122.61694346321, 45.4614368718781], [-122.616941525158, 45.4614612935973], [-122.615385528041, 45.4614728626752], [-122.615036848833, 45.4611573109531], [-122.613643604299, 45.4607167279592], [-122.613581220434, 45.4608161425395], [-122.613137206726, 45.4614895411569], [-122.610825529237, 45.4615066459434], [-122.610816710457, 45.4614927185304], [-122.610440255879, 45.4612940622113], [-122.609083472514, 45.4605780625176], [-122.609086250436, 45.4603286064602], [-122.609587413636, 45.4595529382879], [-122.608414131649, 45.4591818044017], [-122.60841449592, 45.4597997618517], [-122.608701551797, 45.4598066462705], [-122.608414792707, 45.4603040162738], [-122.608735620399, 45.4603157662258], [-122.6087218756, 45.4615050014997], [-122.606674544166, 45.4614934326639], [-122.60667521954, 45.4612371366226], [-122.605745003193, 45.461202583202], [-122.605744249008, 45.4614881625252], [-122.60248402783, 45.4614696405298], [-122.602404490133, 45.4613974161786], [-122.599592635588, 45.4613765350204], [-122.597664673873, 45.4613790362317], [-122.597660293878, 45.4608296342472], [-122.597419634807, 45.4608279907896], [-122.597419069971, 45.4607566724623], [-122.597178494455, 45.4607550315107], [-122.597183334366, 45.4613796545289], [-122.596701996225, 45.4613802735157], [-122.596697753255, 45.4608283688124], [-122.596502767585, 45.4608217189673], [-122.596239309837, 45.4608199203005], [-122.596243912065, 45.4613808587516], [-122.595716973791, 45.4613815307862], [-122.595712393079, 45.4608163203058], [-122.595526883386, 45.4608150537896], [-122.595526127118, 45.4608699039041], [-122.595449381666, 45.4608693798663], [-122.595453503929, 45.4613818636738], [-122.594663097076, 45.4613828641177], [-122.594430613431, 45.461383637333], [-122.59342724922, 45.4613848958796], [-122.593426556896, 45.4611106259958], [-122.593212196296, 45.4611108924366], [-122.593212888881, 45.4613851622987], [-122.58948600726, 45.461389757196], [-122.589268048798, 45.4614673846233], [-122.585497960091, 45.4614865885822], [-122.585494870801, 45.4611847032553], [-122.585495425631, 45.4611298551873], [-122.58495908587, 45.4611325944971], [-122.584962462923, 45.4614893055828], [-122.579123589982, 45.4615187776234], [-122.579125496132, 45.4614268590967], [-122.570600664676, 45.4613909079988], [-122.570123479207, 45.4613836391103], [-122.570629176528, 45.4606675833197], [-122.57085084004, 45.4595244724964], [-122.57096352349, 45.4589433516367], [-122.571098491793, 45.4586759828543], [-122.571348762528, 45.4581802028785], [-122.568768465024, 45.4581359597347], [-122.568656815899, 45.4581338401516], [-122.568662162532, 45.4577232774285], [-122.568547807027, 45.4577198448629], [-122.567016593069, 45.4576729944815], [-122.566062284075, 45.4576437859469], [-122.566044547251, 45.4604261036077], [-122.565481637275, 45.4604140941198], [-122.565482557911, 45.4612674900947], [-122.565028301612, 45.4612557297244], [-122.564921700128, 45.4612526098485], [-122.564920791722, 45.4603995747156], [-122.564900653399, 45.4603990545581], [-122.564899836572, 45.4596331205469], [-122.564802469982, 45.4596317263519], [-122.564782968752, 45.4596174987157], [-122.564685549481, 45.459546425553], [-122.564568703611, 45.459543399436], [-122.564568582311, 45.4594336853905], [-122.564258252438, 45.4594256499047], [-122.564258560176, 45.4597138277477], [-122.564258650675, 45.4597996466732], [-122.564802657083, 45.4598082487416], [-122.564802845349, 45.4599851257164], [-122.564803284856, 45.4603965326038], [-122.563450351368, 45.4603614957561], [-122.563447939813, 45.4608143788627], [-122.563869015211, 45.4608252869187], [-122.563869042241, 45.4608527129873], [-122.564170112524, 45.4608605102693], [-122.564169665954, 45.4604377197599], [-122.564803345866, 45.4604541307219], [-122.564803814829, 45.4608933766631], [-122.5648041939, 45.4612491689716], [-122.563558944193, 45.4612127038806], [-122.563445843894, 45.4612079614171], [-122.563090805497, 45.4611977946546], [-122.561260706598, 45.4611453677799], [-122.558335874596, 45.4610408596256], [-122.55833552161, 45.4610595969135], [-122.558251657036, 45.4610571372061], [-122.548023086501, 45.4610447438254], [-122.547531478087, 45.4610600696793], [-122.547524612148, 45.4610550094951], [-122.547401981719, 45.4610047636169], [-122.547296015018, 45.4609737031847], [-122.544403608015, 45.4602848229617], [-122.544053275951, 45.4601672369125], [-122.543634865882, 45.4599874717113], [-122.543376874407, 45.4598353455001], [-122.542957904543, 45.4595293923043], [-122.542703454674, 45.4592457958714], [-122.542368081948, 45.4588291093112], [-122.542128040556, 45.458559560264], [-122.541813781536, 45.4581701754572], [-122.541617300987, 45.4579407738], [-122.541447599746, 45.4577060815366], [-122.541330762993, 45.4575151262608], [-122.541226365732, 45.4573153045591], [-122.54112622211, 45.4571152814107], [-122.541012007431, 45.4571435643039], [-122.54070578753, 45.4565445196587], [-122.539837404804, 45.4565274878561], [-122.53915946887, 45.4565165113481], [-122.537885408246, 45.4564977713247], [-122.537883358877, 45.45658001611], [-122.535767593371, 45.4565472552321], [-122.535172279539, 45.45654217859], [-122.535126539031, 45.4580439920786], [-122.53282887938, 45.4580224833867], [-122.532863675736, 45.4568814490497], [-122.530365327861, 45.4568628420859], [-122.530268060361, 45.4568621167779], [-122.529585916225, 45.4568570234774], [-122.529578529073, 45.4578274055636], [-122.527633901905, 45.4578128730643], [-122.527513098048, 45.4578114106147], [-122.527507136927, 45.4587176697215], [-122.527625136836, 45.4587149093212], [-122.528537100817, 45.4587166011048], [-122.528529015725, 45.4595503009371], [-122.532535048749, 45.4595576507165], [-122.532488677296, 45.4612165370389], [-122.532479449917, 45.4613059754322], [-122.530792326538, 45.4613026754425], [-122.527493213037, 45.4612734345785], [-122.51706717596, 45.4612624491449], [-122.517076524659, 45.4592133308377], [-122.514376552704, 45.4591889369323], [-122.514381685403, 45.4612598939905], [-122.506927436806, 45.4612524821146], [-122.501850872132, 45.4611238524298], [-122.501849131159, 45.4610556772484], [-122.501853982728, 45.4601505869572], [-122.50185842901, 45.4593213478483], [-122.501857923465, 45.4591788034875], [-122.501859899177, 45.4590470764312], [-122.501864663014, 45.4581582855048], [-122.501883641501, 45.4538461693983], [-122.501883705274, 45.453832878255], [-122.501507608505, 45.4538292029686], [-122.501286417391, 45.4538270420734], [-122.499998216267, 45.4538144423268]]]}, "properties": {"OBJECTID": 298, "REF_ID_COD": "BurnWJ2012g", "SCALE": "1:8,000", "PURPOSE": "Geologic Hazard Specific", "LIDAR": "Yes", "SP_42": "Yes", "DATE": "2012", "Shape__Area": 188624121.765625, "Shape__Length": 63205.7187688522}}, {"type": "Feature", "id": 313, "geometry": {"type": "Polygon", "coordinates": [[[-122.6249979983, 45.3749945811417], [-122.624997944983, 45.3645775559374], [-122.624997890843, 45.3541615296845], [-122.624997836557, 45.3437445044482], [-122.624997781786, 45.3333274797185], [-122.624997727436, 45.3229114540838], [-122.624997672906, 45.3124944296006], [-122.624997619068, 45.3020774039521], [-122.624997564442, 45.2916613802864], [-122.624997510746, 45.2812443542851], [-122.6249974565, 45.2708273290909], [-122.624997401334, 45.2604113033458], [-122.624997347164, 45.2499942780978], [-122.626195740651, 45.2499943238854], [-122.635414346839, 45.2499942669235], [-122.645830346078, 45.2499942552178], [-122.656247345854, 45.2499942439319], [-122.666664344659, 45.249994232569], [-122.677080344805, 45.2499942209197], [-122.687497343478, 45.2499942103685], [-122.697914342887, 45.2499941979174], [-122.70833034297, 45.2499941881711], [-122.718747341911, 45.2499941747566], [-122.72916434099, 45.249994163964], [-122.7395803398, 45.2499941516717], [-122.747048832297, 45.2499942372704], [-122.747048815492, 45.2499944284394], [-122.747047188781, 45.2500131581046], [-122.747045628254, 45.2500318855896], [-122.747044123481, 45.2500506047947], [-122.747042695358, 45.2500693288188], [-122.747041324889, 45.2500880607299], [-122.747040019366, 45.250106791385], [-122.74703876984, 45.2501255200569], [-122.747037586917, 45.250144257343], [-122.74703741524, 45.2501527181113], [-122.747037310812, 45.2501611712778], [-122.747037261737, 45.2501696386775], [-122.747037289785, 45.2501780901824], [-122.74703737315, 45.250186555021], [-122.747037535192, 45.2501950111366], [-122.747037750963, 45.2502034725146], [-122.747038035571, 45.2502119343619], [-122.74703839624, 45.2502203857363], [-122.747038813289, 45.2502288450225], [-122.747039296246, 45.2502372949325], [-122.747039845702, 45.2502457507581], [-122.747040461099, 45.250254198107], [-122.747041143922, 45.2502626423516], [-122.747041893034, 45.2502710871148], [-122.747042708054, 45.2502795225016], [-122.747043590882, 45.2502879646791], [-122.747044528155, 45.2502963977018], [-122.747045543076, 45.2503048283229], [-122.747046623938, 45.2503132504672], [-122.747047760834, 45.2503216715279], [-122.747048974139, 45.2503300911111], [-122.747050244471, 45.2503385023898], [-122.74705156829, 45.2503469126342], [-122.747052982211, 45.2503553130345], [-122.747054451137, 45.2503637186725], [-122.747055985133, 45.2503720933454], [-122.747057597404, 45.2503804818081], [-122.747059253934, 45.2503888613131], [-122.747060987867, 45.2503972321197], [-122.747062788981, 45.2504055935253], [-122.74706464489, 45.2504139547715], [-122.747066576789, 45.2504223037457], [-122.747068565542, 45.2504306399177], [-122.747070619418, 45.2504389793315], [-122.747072740195, 45.2504473021481], [-122.747074938446, 45.2504556180652], [-122.747077179926, 45.2504639313458], [-122.747079499769, 45.2504722278077], [-122.747081885834, 45.2504805229889], [-122.747084326346, 45.2504888090153], [-122.747086833759, 45.2504970784445], [-122.747089407115, 45.2505053393967], [-122.747092046344, 45.250513590073], [-122.74709475183, 45.2505218403683], [-122.747097512338, 45.2505300634934], [-122.747100350599, 45.2505382869154], [-122.747103244371, 45.2505464957608], [-122.747106202638, 45.2505546916562], [-122.747109228261, 45.2505628826482], [-122.74711230922, 45.2505710545659], [-122.747115465961, 45.2505792088144], [-122.747118678771, 45.2505873628787], [-122.747121957175, 45.2505954994708], [-122.747125302761, 45.2506036266618], [-122.747128702515, 45.2506117375017], [-122.747132167898, 45.2506198317689], [-122.747135700462, 45.2506279166349], [-122.747139297348, 45.2506359840533], [-122.747142951227, 45.2506440422676], [-122.747146669497, 45.2506520848333], [-122.747150454635, 45.250660109902], [-122.74715429422, 45.2506681258159], [-122.747158200707, 45.2506761251324], [-122.747162172545, 45.2506841006798], [-122.747166199075, 45.2506920733691], [-122.747170292193, 45.2507000213652], [-122.747174451254, 45.2507079608842], [-122.747178664136, 45.2507158750567], [-122.747182943641, 45.2507237654355], [-122.747187278186, 45.2507316619515], [-122.747191690537, 45.2507395272558], [-122.747196145805, 45.2507473818278], [-122.747200666388, 45.2507552117311], [-122.747205252601, 45.2507630250616], [-122.747209884417, 45.2507708312086], [-122.747214603127, 45.2507786104692], [-122.747219376007, 45.2507863733785], [-122.747224193791, 45.2507941111137], [-122.747229087428, 45.2508018329785], [-122.747234036158, 45.2508095294721], [-122.747239040923, 45.2508172248819], [-122.747244109417, 45.2508248875517], [-122.747249234661, 45.2508325347206], [-122.747254424261, 45.2508401653412], [-122.747259668919, 45.250847769691], [-122.747264968985, 45.2508553567654], [-122.747270334158, 45.2508629137738], [-122.747275753673, 45.2508704589285], [-122.747285981347, 45.2508772071375], [-122.747296144302, 45.2508839953062], [-122.747306275333, 45.2508908146983], [-122.747316364708, 45.250897677205], [-122.747326386153, 45.2509045626295], [-122.747336376949, 45.2509114792529], [-122.747346324396, 45.250918428221], [-122.747356228842, 45.2509254185293], [-122.747366068254, 45.2509324407015], [-122.747375875744, 45.2509394940973], [-122.747385628423, 45.2509465800595], [-122.747395337823, 45.2509537001656], [-122.747405004728, 45.2509608417976], [-122.747414616893, 45.2509680177951], [-122.74742417477, 45.250975239852], [-122.74743370055, 45.250982488635], [-122.747443161296, 45.2509897692821], [-122.747452589806, 45.250997073057], [-122.747461965127, 45.2510044183691], [-122.747471284364, 45.2510117962725], [-122.747480550675, 45.251019189602], [-122.747489772642, 45.2510266224974], [-122.747498941141, 45.2510340897338], [-122.747508077369, 45.2510415791986], [-122.747517147395, 45.2510491032508], [-122.747526163744, 45.2510566562469], [-122.74753514803, 45.2510642368686], [-122.747544067318, 45.251071850254], [-122.747552931726, 45.2510794944071], [-122.747561752749, 45.2510871700056], [-122.747570519991, 45.2510948718494], [-122.74757924261, 45.251102606063], [-122.747587901086, 45.2511103622212], [-122.747596526225, 45.2511181460298], [-122.747605076423, 45.251125969096], [-122.747613604606, 45.2511338159926], [-122.747622045827, 45.2511416879761], [-122.747630453957, 45.2511495939067], [-122.747638808166, 45.2511575224846], [-122.747647096067, 45.2511654829514], [-122.747655341614, 45.2511734685424], [-122.747663543533, 45.2511814792824], [-122.747671679423, 45.2511895291076], [-122.74767976059, 45.2511975808908], [-122.747687788813, 45.2512056805084], [-122.747695772133, 45.2512138052995], [-122.74770369138, 45.2512219538346], [-122.747711555223, 45.2512301196445], [-122.747719364499, 45.2512383243181], [-122.747727129938, 45.2512465487434], [-122.747734831511, 45.2512548023099], [-122.747742476442, 45.2512630740755], [-122.747750069109, 45.2512713783587], [-122.747757605378, 45.2512797071377], [-122.74776508783, 45.2512880612628], [-122.747772516431, 45.2512964398345], [-122.747779878062, 45.2513048332041], [-122.747787196413, 45.2513132607182], [-122.747794460913, 45.2513217126787], [-122.7478016601, 45.2513301893077], [-122.747808804441, 45.251338697604], [-122.747815894024, 45.2513472069592], [-122.747822906221, 45.2513557583201], [-122.74782989698, 45.2513643154965], [-122.747836812936, 45.251372915529], [-122.747843662027, 45.2513815330582], [-122.747850467384, 45.2513901730379], [-122.747857217372, 45.2513988311922], [-122.747863902971, 45.2514075049949], [-122.747870533795, 45.2514162122642], [-122.747877097996, 45.2514249433271], [-122.747883608068, 45.2514336916404], [-122.747890064043, 45.2514424581037], [-122.747896453362, 45.251451247461], [-122.747902799017, 45.2514600610679], [-122.747909079115, 45.2514688930465], [-122.747915282439, 45.2514777499154], [-122.74791713274, 45.2514833656235], [-122.747918915581, 45.2514889835367], [-122.747920631519, 45.2514946180476], [-122.747922282824, 45.2515002619106], [-122.747923878095, 45.2515059068574], [-122.74792539631, 45.2515115694985], [-122.747926858806, 45.2515172413193], [-122.74792825529, 45.2515229198182], [-122.747929585621, 45.2515286013972], [-122.747930850045, 45.2515342923529], [-122.747932058714, 45.2515399915888], [-122.747933190048, 45.2515457013227], [-122.747934265314, 45.251551411241], [-122.74793526445, 45.2515571298335], [-122.747936219012, 45.2515628492883], [-122.747937096241, 45.2515685792411], [-122.747937906253, 45.2515743176958], [-122.747938651037, 45.2515800502105], [-122.747939338759, 45.2515857901305], [-122.747939950105, 45.2515915324281], [-122.747940505732, 45.2515972839054], [-122.747940995171, 45.2516030375632], [-122.747941408096, 45.2516087900005], [-122.747941775314, 45.2516145469228], [-122.747942065024, 45.2516203098454], [-122.747942288267, 45.2516260677523], [-122.747942456749, 45.2516318267185], [-122.74794254631, 45.2516375881115], [-122.747942581005, 45.2516433478652], [-122.747942538087, 45.2516491109207], [-122.747942440407, 45.2516548750354], [-122.747942274954, 45.2516606332596], [-122.747942043243, 45.2516663918652], [-122.747941745275, 45.2516721508521], [-122.747941379846, 45.2516779120443], [-122.747940947603, 45.2516836592255], [-122.747940460912, 45.2516894155617], [-122.747939906412, 45.2516951651077], [-122.747939275188, 45.251700908036], [-122.747938587581, 45.2517066430529], [-122.747937832547, 45.2517123811744], [-122.74793701253, 45.2517181196528], [-122.747936135886, 45.2517238439231], [-122.747935169748, 45.2517295609224], [-122.747934170917, 45.2517352893566], [-122.747933093669, 45.2517410004032], [-122.747931949641, 45.2517466983384], [-122.747930739391, 45.2517523975545], [-122.747929472827, 45.2517580906582], [-122.747928128231, 45.2517637762694], [-122.747926726972, 45.2517694467727], [-122.74792526059, 45.2517751140348], [-122.747923726607, 45.2517807799039], [-122.747922135962, 45.2517864306653], [-122.747920468349, 45.2517920685122], [-122.747918744387, 45.2517976993472], [-122.747916964076, 45.2518033231703], [-122.747915118224, 45.2518089329576], [-122.747913204561, 45.2518145359547], [-122.747911212622, 45.2518201251624], [-122.747909187257, 45.2518257069148], [-122.747907082306, 45.2518312740029], [-122.747904911814, 45.2518368270552], [-122.747902685007, 45.2518423739951], [-122.747900391037, 45.2518478979286], [-122.747898042026, 45.251853415725], [-122.747895624891, 45.2518589186354], [-122.747893139667, 45.2518644075593], [-122.747890588866, 45.2518698815478], [-122.747887981437, 45.2518753413282], [-122.747885328807, 45.2518807857791], [-122.747882456571, 45.2518865486501], [-122.747879527025, 45.2518923126296], [-122.747876543085, 45.2518980542557], [-122.747873479281, 45.2519037740213], [-122.747870370589, 45.2519094865531], [-122.74786720588, 45.2519151677609], [-122.747863963591, 45.2519208531699], [-122.747861061845, 45.2519258550359], [-122.747860675438, 45.2519265061582], [-122.74785732047, 45.2519321451354], [-122.747853909728, 45.2519377590853], [-122.747850431316, 45.2519433698429], [-122.747846907074, 45.2519489490795], [-122.747843316017, 45.2519545143048], [-122.747839668297, 45.2519600644224], [-122.747835964908, 45.2519655922112], [-122.747832194425, 45.2519710987925], [-122.747828378461, 45.251976582848], [-122.747824494303, 45.2519820502183], [-122.747820544324, 45.2519874963564], [-122.747816547939, 45.2519929289887], [-122.747812495537, 45.2519983302969], [-122.747808386194, 45.2520037093009], [-122.747804211273, 45.2520090733695], [-122.747799989319, 45.2520144077407], [-122.747795700514, 45.252019727201], [-122.747791365984, 45.2520250178388], [-122.747786975682, 45.2520302834491], [-122.747782540247, 45.2520355355289], [-122.747778025908, 45.2520407576275], [-122.747773454347, 45.2520459502257], [-122.747768837585, 45.2520511274942], [-122.747764176581, 45.2520562813127], [-122.74775944693, 45.252061406752], [-122.747754661226, 45.2520664999676], [-122.747749820202, 45.2520715798496], [-122.747744943573, 45.2520766289129], [-122.747739999499, 45.2520816477732], [-122.74773500991, 45.2520866432081], [-122.747729964687, 45.2520916172136], [-122.747724872048, 45.2520965516267], [-122.747719724124, 45.2521014736058], [-122.747714520182, 45.2521063642607], [-122.747709270446, 45.2521112242938], [-122.747703963803, 45.2521160629221], [-122.747698601108, 45.2521208693268], [-122.747693192339, 45.2521256379133], [-122.747687738439, 45.2521303929692], [-122.747682226968, 45.2521351095293], [-122.747676671012, 45.2521397963425], [-122.747671058009, 45.2521444581527], [-122.747665410743, 45.2521490909185], [-122.747659696068, 45.2521536943808], [-122.747653946746, 45.2521582589038], [-122.747648257212, 45.2521618014356], [-122.747642521675, 45.2521653079485], [-122.74763673996, 45.2521687739447], [-122.74763092557, 45.2521722189676], [-122.747625051988, 45.2521756165238], [-122.747619155291, 45.2521789767181], [-122.747613214073, 45.252182306266], [-122.747607225439, 45.2521855962213], [-122.747601203501, 45.2521888490118], [-122.74759513577, 45.2521920711803], [-122.74758904358, 45.2521952542125], [-122.747582893821, 45.2521983987487], [-122.74757671041, 45.2522014971246], [-122.747570491114, 45.2522045574854], [-122.747564249261, 45.2522075948767], [-122.747557951111, 45.2522105937473], [-122.747551616763, 45.252213546507], [-122.747545259231, 45.2522164601056], [-122.747538855625, 45.252219335886], [-122.747532417059, 45.2522221646312], [-122.747525955657, 45.2522249632107], [-122.747519458336, 45.2522277228755], [-122.747512904404, 45.2522304359237], [-122.747506337546, 45.2522331114128], [-122.74749973632, 45.2522357551589], [-122.747493099925, 45.2522383464725], [-122.747486429128, 45.2522409051434], [-122.74747973328, 45.2522434093858], [-122.747473003484, 45.2522458926794], [-122.747466250154, 45.2522483278165], [-122.747459461864, 45.2522507159185], [-122.74745264915, 45.2522530657834], [-122.747445801861, 45.252255378508], [-122.747438930794, 45.2522576367794], [-122.747432025638, 45.2522598705038], [-122.747425116768, 45.2522620412852], [-122.747418151986, 45.2522641834407], [-122.747411175481, 45.2522662862133], [-122.747404162463, 45.252268334779], [-122.747397138385, 45.252270361053], [-122.747390077411, 45.2522723232253], [-122.74738300447, 45.252274239718], [-122.747375895924, 45.2522761253917], [-122.747368775341, 45.2522779635867], [-122.747361631329, 45.2522797563237], [-122.74735446286, 45.2522815099243], [-122.747347269653, 45.252283217192], [-122.74734006441, 45.2522848769812], [-122.747332836018, 45.2522864985086], [-122.747325582889, 45.2522880737032], [-122.747318316485, 45.2522896023433], [-122.747311026896, 45.2522910918222], [-122.747303723684, 45.2522925257514], [-122.747296397636, 45.2522939295146], [-122.747289057686, 45.2522952705317], [-122.747281705088, 45.2522965811859], [-122.747274328748, 45.2522978382864], [-122.747266940929, 45.2522990623008], [-122.747259549745, 45.2523002323673], [-122.747252123915, 45.2523013634943], [-122.747244695992, 45.2523024406489], [-122.747237256312, 45.2523034775211], [-122.747229802084, 45.2523044678633], [-122.747222335889, 45.252305412526], [-122.747214857937, 45.2523063169062], [-122.747207365193, 45.2523071684598], [-122.747199872118, 45.2523079786098], [-122.747192365524, 45.2523087359086], [-122.747184845899, 45.2523094529496], [-122.747177324496, 45.2523101241139], [-122.747169789819, 45.2523107487237], [-122.74716224307, 45.2523113249552], [-122.747151236133, 45.2523116710281], [-122.74714022611, 45.2523119703488], [-122.74712920405, 45.2523122221903], [-122.747118190401, 45.2523124279575], [-122.747107164716, 45.2523125862456], [-122.747096135944, 45.2523126977814], [-122.747085106598, 45.2523127616165], [-122.747074097751, 45.2523127953473], [-122.747063075857, 45.2523127555123], [-122.747052051295, 45.2523126797197], [-122.747041036348, 45.2523125560292], [-122.747030008439, 45.2523123938794], [-122.747019000979, 45.2523121674185], [-122.747007980209, 45.2523118935029], [-122.746996958603, 45.2523115979976], [-122.746985945983, 45.2523112384027], [-122.746974942978, 45.25231083091], [-122.746963937234, 45.2523103856605], [-122.746952942065, 45.2523098843927], [-122.746941944159, 45.2523093453682], [-122.746930955483, 45.2523087485509], [-122.746919965413, 45.2523081157513], [-122.746908983369, 45.2523074269826], [-122.746898012458, 45.2523066965882], [-122.746887050027, 45.2523059219186], [-122.746876085749, 45.2523050995729], [-122.746865129463, 45.2523042203585], [-122.746854184518, 45.2523033049157], [-122.746843236417, 45.2523023409216], [-122.746832309358, 45.2523013279085], [-122.746821392297, 45.2523002768925], [-122.746810483263, 45.2522991699075], [-122.746799572486, 45.2522980179447], [-122.746788683029, 45.2522968241593], [-122.746777802735, 45.2522955707822], [-122.746766931547, 45.2522942893215], [-122.746756069801, 45.2522929554653], [-122.746745227892, 45.2522915744138], [-122.746734395598, 45.2522901454645], [-122.746723561456, 45.2522886688391], [-122.746712758928, 45.2522871528925], [-122.746701954623, 45.2522855910688], [-122.746691169772, 45.2522839721549], [-122.746680406346, 45.252282314117], [-122.746669652605, 45.2522806099804], [-122.746658907483, 45.2522788651668], [-122.746648183822, 45.2522770821287], [-122.746637469114, 45.2522752341016], [-122.746626774313, 45.2522733406785], [-122.746616088759, 45.2522714227699], [-122.746605434873, 45.2522694340322], [-122.746594780081, 45.2522674219056], [-122.746584154618, 45.2522653443962], [-122.746573552238, 45.252263237633], [-122.746562958198, 45.2522610829966], [-122.746552383963, 45.2522588802655], [-122.746541830838, 45.2522566303147], [-122.746531297552, 45.2522543331686], [-122.745989967399, 45.2521446966467], [-122.745981094254, 45.2521431424433], [-122.745972230795, 45.2521415421415], [-122.745963388482, 45.2521398955199], [-122.74595456653, 45.2521382151964], [-122.745945763824, 45.252136472386], [-122.745936982857, 45.2521346985479], [-122.745928210197, 45.2521328759374], [-122.745919458927, 45.2521310133038], [-122.745910728247, 45.2521290899578], [-122.745902017038, 45.2521271428295], [-122.74589332783, 45.2521251385623], [-122.745884657501, 45.2521230952209], [-122.745875997101, 45.2521210120778], [-122.745867379185, 45.2521188741006], [-122.74585877151, 45.2521167044177], [-122.745850173521, 45.2521144886364], [-122.745841616916, 45.2521122225434], [-122.745833081771, 45.2521099182264], [-122.745824566743, 45.2521075739109], [-122.745816072828, 45.252105182376], [-122.745807609252, 45.2521027515454], [-122.745799168028, 45.2521002725713], [-122.745790745995, 45.2520977626187], [-122.745782356188, 45.2520951962299], [-122.745773998309, 45.2520925986165], [-122.745765648458, 45.2520899450345], [-122.745757341996, 45.2520872600065], [-122.745749056611, 45.2520845268597], [-122.745740803154, 45.2520817624882], [-122.7457325695, 45.2520789500226], [-122.745724368734, 45.252076098212], [-122.745716209492, 45.2520731996878], [-122.745708059795, 45.2520702514673], [-122.745699954115, 45.2520672879923], [-122.745691867959, 45.2520642692269], [-122.74568382488, 45.2520612109197], [-122.745675803191, 45.2520581125894], [-122.74566781153, 45.2520549668677], [-122.745659864182, 45.25205178068], [-122.745651937614, 45.252048571585], [-122.74564405243, 45.2520453121785], [-122.745636188464, 45.2520420082514], [-122.745628367781, 45.2520386701796], [-122.745620578434, 45.2520352855914], [-122.745612822219, 45.2520318679549], [-122.745605107805, 45.2520284108014], [-122.745597424727, 45.2520249071312], [-122.745589785526, 45.2520213846086], [-122.745582154424, 45.2520178079167], [-122.745574579098, 45.2520141905374], [-122.745567034809, 45.2520105518531], [-122.745559544325, 45.2520068545154], [-122.745552074308, 45.2520031261748], [-122.745544637457, 45.2519993656856], [-122.74553725387, 45.2519955654579], [-122.745529913324, 45.2519917247889], [-122.745522593244, 45.251987853117], [-122.745515327631, 45.2519839398829], [-122.745508093947, 45.2519799954244], [-122.745500901751, 45.251976003353], [-122.745493743, 45.2519719863294], [-122.745486638786, 45.2519679295427], [-122.745479565192, 45.2519638406567], [-122.745472534325, 45.2519597032338], [-122.745465558937, 45.2519555503351], [-122.745458614187, 45.2519513329294], [-122.745451713732, 45.2519471074657], [-122.745445607568, 45.2519419025331], [-122.745439567682, 45.2519366648124], [-122.745433558137, 45.2519313877963], [-122.745427615776, 45.2519261013798], [-122.745421715495, 45.2519207826427], [-122.745415869717, 45.2519154232432], [-122.745410079383, 45.2519100474685], [-122.745404342591, 45.2519046391519], [-122.745398649153, 45.25189919849], [-122.745392999419, 45.2518937344783], [-122.745387436582, 45.2518882435815], [-122.745381907294, 45.2518827304312], [-122.745376431863, 45.2518771928347], [-122.745371009557, 45.2518716119018], [-122.745365632645, 45.2518660183889], [-122.745360331064, 45.2518603955137], [-122.745355073291, 45.2518547519874], [-122.745349870299, 45.251849074995], [-122.745344722681, 45.2518433798285], [-122.745339628709, 45.2518376548187], [-122.745334588838, 45.2518319116594], [-122.745329604096, 45.2518261440293], [-122.745324684393, 45.2518203445354], [-122.745319808601, 45.2518145270889], [-122.745314999123, 45.251808677754], [-122.745310243813, 45.2518028120687], [-122.745305554065, 45.2517969280126], [-122.745300907707, 45.2517910125109], [-122.7452963267, 45.2517850732413], [-122.745291801381, 45.2517791238934], [-122.745287341727, 45.2517731588733], [-122.745282923493, 45.2517671444416], [-122.745278562567, 45.2517611289025], [-122.745274277181, 45.2517550893986], [-122.745270035428, 45.2517490247459], [-122.745265860545, 45.2517429425974], [-122.745261749776, 45.251736837605], [-122.74525768454, 45.2517307236309], [-122.745253694775, 45.2517245838929], [-122.74524974995, 45.2517184198811], [-122.74524588091, 45.2517122382012], [-122.745242055852, 45.251706040368], [-122.745238296459, 45.2516998268625], [-122.745234603865, 45.2516935940623], [-122.745230965198, 45.251687338615], [-122.745227382216, 45.2516810730897], [-122.745223876014, 45.2516747826755], [-122.745220424329, 45.2516684849065], [-122.745217026465, 45.2516621617919], [-122.745213685248, 45.2516558204788], [-122.745210420197, 45.2516494713926], [-122.74520721052, 45.2516431041325], [-122.745204066508, 45.2516367212004], [-122.74520097663, 45.2516303210186], [-122.745197953622, 45.251623903341], [-122.745194996557, 45.2516174771876], [-122.745192095249, 45.2516110427552], [-122.745189259258, 45.2516045836555], [-122.745186489072, 45.2515981124818], [-122.745183774746, 45.2515916357278], [-122.74518113589, 45.25158513321], [-122.745178552755, 45.2515786215138], [-122.74517602569, 45.2515721096344], [-122.745173563838, 45.251565570389], [-122.745171179425, 45.251559023346], [-122.745168839307, 45.2515524682455], [-122.745166575286, 45.2515459035728], [-122.745164368225, 45.2515393287976], [-122.745162237017, 45.2515327381535], [-122.74516016153, 45.251526138331], [-122.745158140804, 45.2515195374504], [-122.745156197134, 45.2515129188773], [-122.745154308873, 45.25150628303], [-122.745152486938, 45.2514996486018], [-122.745147752006, 45.2510464114608], [-122.745146321052, 45.2510426987493], [-122.745144823633, 45.2510389810205], [-122.745143271052, 45.2510352868626], [-122.745141651324, 45.2510316030039], [-122.745139979016, 45.2510279435665], [-122.745138227681, 45.2510242838555], [-122.74513643275, 45.2510206501925], [-122.745134571842, 45.2510170241055], [-122.745132635187, 45.251013416586], [-122.745130653278, 45.2510098252442], [-122.74512860574, 45.2510062504738], [-122.74512650407, 45.251002692953], [-122.745124346993, 45.2509991527063], [-122.745122122979, 45.2509956281561], [-122.745119834958, 45.2509921291481], [-122.745117502922, 45.2509886453936], [-122.745115092592, 45.2509851802557], [-122.745112639905, 45.2509817402417], [-122.74511014376, 45.2509783298738], [-122.745107559535, 45.2509749158063], [-122.745104930894, 45.2509715395053], [-122.745102237967, 45.2509681815502], [-122.7450995001, 45.2509648478686], [-122.745096696918, 45.2509615388542], [-122.745093851064, 45.2509582468679], [-122.7450909389, 45.2509549867696], [-122.745087982792, 45.250951743724], [-122.74508496196, 45.2509485406376], [-122.745081896905, 45.2509453474076], [-122.74507877824, 45.25094218492], [-122.745075592985, 45.2509390471242], [-122.745072365687, 45.250935942548], [-122.745069094757, 45.2509328631203], [-122.745065746981, 45.2509298067821], [-122.745062377501, 45.2509267823703], [-122.745058942811, 45.2509237853242], [-122.745055454476, 45.250920818121], [-122.745051921236, 45.2509178760909], [-122.745048345882, 45.2509149654813], [-122.745044694099, 45.2509120887555], [-122.745041032005, 45.2509092419357], [-122.745037304666, 45.250906421582], [-122.745033535282, 45.250903634448], [-122.745029710368, 45.2509008942971], [-122.745025853895, 45.2508981619574], [-122.745021931461, 45.2508954705011], [-122.745017988876, 45.2508928181428], [-122.745013979737, 45.2508901913757], [-122.745009940258, 45.2508876039034], [-122.745005834504, 45.2508850492187], [-122.745001718439, 45.2508825244398], [-122.744997549182, 45.2508800411977], [-122.74499333788, 45.2508775911751], [-122.744989081917, 45.2508751726222], [-122.744984794377, 45.2508727942883], [-122.744984057492, 45.2508723926287], [-122.744980453609, 45.2508704565916], [-122.744976079294, 45.2508681411478], [-122.744971663526, 45.2508658742156], [-122.744967226056, 45.2508636392097], [-122.744962735323, 45.2508614439416], [-122.744958211495, 45.2508592826202], [-122.744953657642, 45.2508571686895], [-122.744949059092, 45.2508550853288], [-122.744944430274, 45.250853043062], [-122.744939768534, 45.2508510392397], [-122.744935074624, 45.2508490603443], [-122.744930350008, 45.2508471441561], [-122.744922317725, 45.2508443592526], [-122.74491426564, 45.2508416224421], [-122.744906181942, 45.2508389249505], [-122.74489807689, 45.2508362683803], [-122.74488992873, 45.2508336504509], [-122.744881770885, 45.2508310786186], [-122.74487357131, 45.2508285481011], [-122.744865362085, 45.2508260645803], [-122.744857109821, 45.2508236214994], [-122.744848837441, 45.2508212184155], [-122.744840555376, 45.2508188614288], [-122.74483222012, 45.2508165459782], [-122.744823875214, 45.2508142775242], [-122.744815520275, 45.2508120461719], [-122.744807134107, 45.2508098640335], [-122.744798716396, 45.250807723013], [-122.744790277505, 45.2508056274114], [-122.744781829993, 45.2508035724851], [-122.744773349909, 45.250801564998], [-122.744764849953, 45.2507996038048], [-122.744756329949, 45.2507976844077], [-122.744747800227, 45.250795810208], [-122.744739238891, 45.2507939753273], [-122.744730668011, 45.2507921901416], [-122.744722067035, 45.2507904505471], [-122.744713454892, 45.2507887516768], [-122.744704834337, 45.250787098879], [-122.744696181245, 45.25078549442], [-122.744687519533, 45.2507839306361], [-122.744678836639, 45.2507824122711], [-122.744670145369, 45.250780940878], [-122.744661434296, 45.2507795175777], [-122.744652712021, 45.2507781341022], [-122.744643969943, 45.2507767987195], [-122.744635219767, 45.250775517505], [-122.744626447887, 45.2507742682162], [-122.744617677819, 45.2507730657026], [-122.744608888226, 45.250771918478], [-122.744600077138, 45.2507708085764], [-122.744591268349, 45.2507697580434], [-122.744582438991, 45.2507687358134], [-122.744573600331, 45.2507677695752], [-122.744564762855, 45.2507668339205], [-122.744555906272, 45.2507659643493], [-122.744547039934, 45.2507651390758], [-122.744538163703, 45.2507643545022], [-122.744529289282, 45.2507636167036], [-122.744520406519, 45.2507629267764], [-122.744511514037, 45.2507622820466], [-122.744502611625, 45.2507616771169], [-122.744493699633, 45.2507611209828], [-122.744484791352, 45.2507606277908], [-122.744475871172, 45.2507601564328], [-122.744466954703, 45.250759748017], [-122.744458028339, 45.2507593803008], [-122.744449082103, 45.2507590588784], [-122.744440169549, 45.2507587845156], [-122.744431226934, 45.2507585566433], [-122.744422296353, 45.2507583762488], [-122.744413357464, 45.2507582446252], [-122.744404418973, 45.2507581562032], [-122.744395471966, 45.2507581111548], [-122.744386538474, 45.2507581189569], [-122.744377595019, 45.2507581656597], [-122.744368653722, 45.2507582681328], [-122.744359713923, 45.2507584092852], [-122.744350774974, 45.2507586053331], [-122.74434183883, 45.2507588409352], [-122.744332915958, 45.250759123091], [-122.744323983749, 45.2507594603391], [-122.744315053072, 45.2507598371659], [-122.744306134394, 45.250760260571], [-122.744297218764, 45.2507607298271], [-122.74428830498, 45.2507612467579], [-122.744279403228, 45.2507618111665], [-122.744270503253, 45.2507624214506], [-122.744261627732, 45.2507630708708], [-122.744252731446, 45.2507637765042], [-122.744243848398, 45.2507645277917], [-122.744234978378, 45.2507653193362], [-122.744226120599, 45.2507661637558], [-122.744217265347, 45.2507670405334], [-122.744208422685, 45.2507679791814], [-122.744199592982, 45.2507689562873], [-122.744190765158, 45.2507699819674], [-122.744181949297, 45.2507710533263], [-122.744173158239, 45.2507721728167], [-122.744164368957, 45.2507733381826], [-122.744155592946, 45.2507745501023], [-122.744146828619, 45.2507758005045], [-122.744138077669, 45.2507771001591], [-122.744129340198, 45.2507784517647], [-122.74412062563, 45.2507798353348], [-122.744111914424, 45.2507812728516], [-122.74410322516, 45.2507827504533], [-122.744094550406, 45.2507842736847], [-122.744085887998, 45.2507858524898], [-122.744077248736, 45.2507874695562], [-122.74406862278, 45.2507891340758], [-122.744060009782, 45.2507908370535], [-122.744051421517, 45.2507925863636], [-122.744042855785, 45.2507943910507], [-122.744034303937, 45.2507962251759], [-122.744025764399, 45.2507981139753], [-122.744017259573, 45.2508000435133], [-122.744008757726, 45.2508020171031], [-122.744000289317, 45.2508040314562], [-122.74399183418, 45.250806092363], [-122.743983403739, 45.2508081987028], [-122.743974996828, 45.2508103531988], [-122.743966613062, 45.2508125459561], [-122.743958253924, 45.2508147823473], [-122.743949918105, 45.2508170614975], [-122.743941606985, 45.2508193860807], [-122.743933307826, 45.2508217563428], [-122.743925054772, 45.2508241653231], [-122.743916814431, 45.2508266064647], [-122.743908598419, 45.2508291164518], [-122.743900406234, 45.2508316493836], [-122.743892260535, 45.2508342309285], [-122.743884115234, 45.2508368556751], [-122.743876016139, 45.2508395218385], [-122.743867931554, 45.2508422336317], [-122.743859890491, 45.2508449832928], [-122.743851863762, 45.250847774086], [-122.743843883311, 45.2508506080951], [-122.743835914892, 45.2508534895824], [-122.743827992298, 45.2508564025916], [-122.743820093197, 45.2508593628576], [-122.74381221841, 45.2508623586618], [-122.743804378648, 45.2508654033004], [-122.743796584675, 45.2508684785617], [-122.743788802665, 45.2508715995019], [-122.743781068379, 45.2508747681312], [-122.743773355652, 45.2508779669507], [-122.743765690545, 45.2508812107607], [-122.743758048305, 45.2508844856359], [-122.743750440985, 45.250887806647], [-122.743742879802, 45.2508911672761], [-122.743735343386, 45.2508945751374], [-122.74372783999, 45.2508980129676], [-122.743720372439, 45.2509014879139], [-122.743712950101, 45.250905011498], [-122.743705563259, 45.2509085632029], [-122.743698211338, 45.2509121610437], [-122.743690892262, 45.2509157843559], [-122.743683621155, 45.250919461654], [-122.743676384584, 45.2509231751933], [-122.743669182063, 45.2509269123802], [-122.743662026271, 45.2509307044772], [-122.743654914926, 45.2509345254224], [-122.743647827755, 45.2509383783078], [-122.743640798184, 45.2509422705899], [-122.743633791688, 45.2509461993345], [-122.743626831294, 45.2509501667977], [-122.74361991573, 45.2509541730038], [-122.743613047229, 45.2509582098082], [-122.743606211817, 45.2509622783807], [-122.743599424269, 45.2509663982405], [-122.743592680958, 45.2509705415515], [-122.743588769364, 45.2509778772337], [-122.743584947817, 45.2509852345825], [-122.743581171121, 45.2509925982669], [-122.743577450366, 45.2509999914781], [-122.743573797141, 45.2510073842855], [-122.743570209802, 45.2510148001264], [-122.743566680605, 45.2510222364494], [-122.743563205242, 45.2510296807351], [-122.743559799203, 45.2510371380854], [-122.743556458773, 45.2510446112729], [-122.743553196651, 45.251052099152], [-122.743549969226, 45.2510595944631], [-122.743546807862, 45.2510671173052], [-122.743543725802, 45.2510746476181], [-122.743540698849, 45.251082185869], [-122.74353772852, 45.2510897383301], [-122.743534835157, 45.2510973037085], [-122.743531999762, 45.2511048850715], [-122.743529218097, 45.2511124716985], [-122.743526504587, 45.2511200741135], [-122.743523858537, 45.2511276743258], [-122.743521278687, 45.2511353056674], [-122.7435187548, 45.2511429341279], [-122.743516299105, 45.2511505792761], [-122.743513908565, 45.2511582285674], [-122.743511586529, 45.2511659026421], [-122.743509319149, 45.2511735729609], [-122.74350710815, 45.2511812511931], [-122.743504998382, 45.2511889436746], [-122.74350292073, 45.2511966427377], [-122.743500911234, 45.2512043575888], [-122.743498967854, 45.2512120684627], [-122.743497091427, 45.2512197969483], [-122.74349528143, 45.2512275295526], [-122.743493538927, 45.2512352608538], [-122.743491852472, 45.2512430243805], [-122.743490231542, 45.2512507686379], [-122.743488690265, 45.2512585293617], [-122.743487203991, 45.251266295325], [-122.743485773069, 45.251274075523], [-122.743484420859, 45.2512818479001], [-122.743483123966, 45.2512896336123], [-122.74348190507, 45.2512974259206], [-122.743480740655, 45.2513052099755], [-122.743479644605, 45.2513130152155], [-122.743478614777, 45.2513208191771], [-122.743477651553, 45.251328631755], [-122.743476744223, 45.251336439653], [-122.743475914994, 45.2513442568456], [-122.7434751523, 45.2513520808556], [-122.743474444018, 45.2513598948129], [-122.743473803788, 45.2513677218598], [-122.743473229815, 45.2513755485276], [-122.74347272372, 45.2513833837873], [-122.74347228219, 45.2513912078982], [-122.743471920209, 45.2513990457768], [-122.743471601317, 45.2514068774223], [-122.74347135013, 45.2514147131619], [-122.743471175353, 45.2514225474263], [-122.743471056992, 45.2514303905038], [-122.743471015932, 45.2514382221866], [-122.743471031219, 45.2514460608834], [-122.743471112763, 45.2514538992014], [-122.743471260529, 45.2514617362408], [-122.743471474482, 45.2514695711022], [-122.743471755965, 45.25147740556], [-122.743472103915, 45.2514852450361], [-122.743472517877, 45.2514930778365], [-122.743472987491, 45.2515008996602], [-122.743473534211, 45.2515087379995], [-122.74347414773, 45.251516557045], [-122.74347481791, 45.2515243912002], [-122.743475552448, 45.2515322088095], [-122.743476365664, 45.2515400176982], [-122.743477233884, 45.2515478318264], [-122.743478168362, 45.2515556455756], [-122.743481460382, 45.2515644094383], [-122.743484817965, 45.2515731549312], [-122.743488241875, 45.2515819018441], [-122.743491720164, 45.2515906378049], [-122.743495253618, 45.2515993501954], [-122.743498864478, 45.2516080538897], [-122.743502530955, 45.2516167457077], [-122.743506251707, 45.2516254238748], [-122.743510039643, 45.2516340926429], [-122.743513881644, 45.251642742363], [-122.743517800808, 45.2516513770901], [-122.743521774072, 45.2516599936687], [-122.743525791945, 45.2516686102862], [-122.743529888185, 45.2516772100871], [-122.743534037008, 45.2516857854673], [-122.743538253223, 45.2516943568456], [-122.743542524674, 45.2517029064526], [-122.743546862069, 45.2517114475847], [-122.743551253217, 45.2517199615729], [-122.743555711584, 45.2517284670615], [-122.743560224469, 45.2517369651959], [-122.743564792171, 45.2517454307647], [-122.74356943625, 45.2517538939585], [-122.743574125237, 45.2517623319795], [-122.743578879856, 45.2517707534297], [-122.743583688959, 45.2517791666262], [-122.743588563345, 45.2517875542565], [-122.743593494518, 45.2517959272871], [-122.743598478484, 45.2518042812942], [-122.743603529356, 45.2518126187058], [-122.74360864586, 45.2518209395466], [-122.743613817807, 45.2518292440132], [-122.743619032151, 45.2518375242557], [-122.743624313991, 45.2518458031948], [-122.743629650336, 45.2518540414722], [-122.743635051249, 45.2518622686006], [-122.743640518893, 45.2518704746359], [-122.743646030694, 45.2518786690157], [-122.743651596143, 45.2518868335531], [-122.743657227468, 45.2518949878162], [-122.743662913611, 45.2519031095135], [-122.74366866563, 45.2519112209365], [-122.743674473163, 45.2519193177844], [-122.743680324017, 45.2519273813882], [-122.743686240503, 45.2519354284209], [-122.743692222274, 45.2519434498874], [-122.74369824834, 45.2519514632966], [-122.743704327916, 45.2519594432651], [-122.743710475025, 45.2519674228294], [-122.744111178061, 45.2524176849754], [-122.744135302498, 45.2524447825036], [-122.744141338101, 45.2524553441879], [-122.744147319188, 45.252465913226], [-122.744153245531, 45.2524765166287], [-122.744159105897, 45.2524871276066], [-122.744164900633, 45.252497755155], [-122.744170661613, 45.2525083995587], [-122.74417633535, 45.2525190618506], [-122.744181953331, 45.2525297324205], [-122.744187507271, 45.2525404276323], [-122.744193004252, 45.2525511329458], [-122.744198447344, 45.2525618618048], [-122.744203824528, 45.2525726000382], [-122.744209134531, 45.2525833476705], [-122.744214390645, 45.2525941188485], [-122.744219581199, 45.2526049083961], [-122.74422471565, 45.2526156972266], [-122.744226700211, 45.2526199168732], [-122.74422978482, 45.252626511623], [-122.74423478843, 45.2526373443891], [-122.744239747712, 45.2526481843126], [-122.744244629625, 45.2526590338318], [-122.744249456444, 45.2526699087203], [-122.744254217321, 45.2526807920836], [-122.744258912324, 45.252691685721], [-122.744263551503, 45.2527025858375], [-122.744268137175, 45.2527135193945], [-122.744272644572, 45.2527244391595], [-122.744277097432, 45.2527353986862], [-122.744281483793, 45.2527463522955], [-122.744285826487, 45.2527573301532], [-122.744290081587, 45.2527683169039], [-122.744294281003, 45.2527793137319], [-122.744298424663, 45.2527903188382], [-122.744302492505, 45.2528013407121], [-122.744306514536, 45.2528123643706], [-122.744310461063, 45.2528234128925], [-122.744314351834, 45.2528344696927], [-122.744318559755, 45.2528436776472], [-122.744322701767, 45.2528528949763], [-122.744326777189, 45.2528621369966], [-122.744330809347, 45.2528713807525], [-122.744334753299, 45.2528806505172], [-122.744338652609, 45.2528899193435], [-122.744342486602, 45.2528992128365], [-122.7443462531, 45.2529085076329], [-122.744349965812, 45.2529178286736], [-122.744353601083, 45.2529271575112], [-122.744357193125, 45.252936488984], [-122.744360707045, 45.2529458435703], [-122.744361141541, 45.2529470261507], [-122.744364166517, 45.2529552073099], [-122.744367558494, 45.2529645723529], [-122.744370885188, 45.2529739629621], [-122.744374157087, 45.2529833537292], [-122.744377362116, 45.2529927619914], [-122.744380502509, 45.2530021796036], [-122.744383575685, 45.2530116057155], [-122.74438659314, 45.2530210410054], [-122.744389556495, 45.2530304944438], [-122.744392442096, 45.2530399475834], [-122.744395260828, 45.2530494182181], [-122.744398025077, 45.2530588971065], [-122.744400723138, 45.2530683781734], [-122.744403355255, 45.2530778677153], [-122.744405931964, 45.253087374531], [-122.744408431266, 45.2530968900433], [-122.744410875842, 45.2531064075126], [-122.744413264976, 45.253115941356], [-122.744415576425, 45.2531254766998], [-122.744417831804, 45.2531350122261], [-122.744420011398, 45.2531445654197], [-122.744422135271, 45.2531541277913], [-122.744424191647, 45.2531636914663], [-122.744426194884, 45.2531732651697], [-122.744428118814, 45.2531828314026], [-122.744429988887, 45.2531924220809], [-122.744431791464, 45.2532020140628], [-122.744433528131, 45.2532116154193], [-122.744435198226, 45.2532212090596], [-122.744436814222, 45.2532308208485], [-122.74443836272, 45.2532404339409], [-122.744439833812, 45.2532500557299], [-122.744441250142, 45.2532596785765], [-122.744442610471, 45.2532693034048], [-122.744443893394, 45.2532789369296], [-122.744445110406, 45.2532885798293], [-122.74444627107, 45.2532982157153], [-122.744447365824, 45.2533078609761], [-122.744448394319, 45.2533175066162], [-122.744449356938, 45.2533271625307], [-122.744450251747, 45.253336811653], [-122.744451092073, 45.2533464690291], [-122.744451876397, 45.2533561283869], [-122.744452572813, 45.2533657885423], [-122.744453202045, 45.2533754580971], [-122.74445377648, 45.2533851278099], [-122.744454283209, 45.2533947934291], [-122.744454735419, 45.2534044664026], [-122.744455109595, 45.2534141318811], [-122.744455429357, 45.2534238074126], [-122.744452894037, 45.2534334444642], [-122.744450315102, 45.2534430742562], [-122.744447657241, 45.2534527064726], [-122.744444933384, 45.2534623129573], [-122.744442153629, 45.2534719241222], [-122.744439305679, 45.2534815186001], [-122.744436413906, 45.253491100421], [-122.744433432983, 45.2535006839637], [-122.744430395397, 45.2535102523968], [-122.744427292163, 45.2535198040935], [-122.744424131444, 45.2535293523993], [-122.744420917165, 45.253538899939], [-122.744417611245, 45.2535484177412], [-122.744414261744, 45.2535579291832], [-122.744410844431, 45.2535674338329], [-122.744407371763, 45.2535769242481], [-122.744403832521, 45.2535864069467], [-122.744400236719, 45.2535958772345], [-122.744396562569, 45.2536053319313], [-122.744392833341, 45.2536147795898], [-122.744389047484, 45.2536242130382], [-122.74438519357, 45.2536336333976], [-122.744381274043, 45.2536430379201], [-122.744377297852, 45.253652427333], [-122.744373254843, 45.2536618027326], [-122.744369155518, 45.253671172018], [-122.744364989375, 45.2536805272901], [-122.744360766568, 45.2536898674527], [-122.744356476874, 45.2536991918029], [-122.744352120396, 45.2537085030393], [-122.744347708528, 45.2537177991415], [-122.744343250253, 45.2537270817365], [-122.744338703162, 45.2537363417409], [-122.744334111251, 45.2537455963092], [-122.744329440956, 45.253754834387], [-122.744324736956, 45.2537640578119], [-122.744322081685, 45.2537700045338], [-122.74431937003, 45.2537759433425], [-122.744316591313, 45.2537818618412], [-122.744313746023, 45.2537877726235], [-122.744310865476, 45.2537936615815], [-122.744307896741, 45.2537995441406], [-122.744304883729, 45.253805402349], [-122.744301791199, 45.2538112476896], [-122.744298653188, 45.2538170705031], [-122.744295448674, 45.2538228873991], [-122.744292176995, 45.2538286812866], [-122.744288848373, 45.2538344528683], [-122.744285453178, 45.2538402167335], [-122.744282012537, 45.2538459589711], [-122.744278494577, 45.2538516792963], [-122.744274930177, 45.2538573852148], [-122.744271298611, 45.2538630681248], [-122.744267612003, 45.2538687448959], [-122.744263856364, 45.2538743833909], [-122.744260045683, 45.2538800157471], [-122.744256178025, 45.2538856248979], [-122.744252254697, 45.2538912117183], [-122.744248274741, 45.2538967843286], [-122.744244227028, 45.2539023186382], [-122.744240124237, 45.2539078459095], [-122.744235962952, 45.2539133437032], [-122.74423174755, 45.2539188263381], [-122.744227473619, 45.253924278596], [-122.744223145605, 45.2539297165945], [-122.744218748874, 45.2539351244127], [-122.744214306976, 45.2539405177995], [-122.744209797981, 45.2539458899767], [-122.744205243124, 45.2539512297318], [-122.744200631323, 45.2539565471809], [-122.744195952113, 45.2539618353246], [-122.744191228975, 45.2539671081127], [-122.74418644865, 45.2539723522981], [-122.744181611278, 45.2539775714791], [-122.744176717994, 45.2539827620326], [-122.744171767697, 45.2539879284812], [-122.744166773298, 45.2539930750766], [-122.7441617203, 45.2539981894957], [-122.74415660113, 45.2540032736851], [-122.744151447977, 45.2540083360255], [-122.744146226106, 45.2540133681854], [-122.744140970147, 45.2540183757975], [-122.744135646848, 45.2540233559032], [-122.74413025483, 45.2540283058285], [-122.744124851335, 45.2540332226675], [-122.744119369317, 45.2540381194177], [-122.744113841435, 45.2540429837455], [-122.744108269102, 45.2540478192248], [-122.744102638205, 45.2540526234272], [-122.744096974562, 45.2540574048563], [-122.74409123177, 45.2540621500049], [-122.74408544184, 45.2540668627558], [-122.7440796192, 45.254071553633], [-122.744073739025, 45.254076206912], [-122.744067824483, 45.2540808284469], [-122.744061842811, 45.2540854278725], [-122.744055815065, 45.2540899894786], [-122.744049741561, 45.2540945213609], [-122.744043621879, 45.2540990127252], [-122.744037468214, 45.2541034822402], [-122.744031258287, 45.2541079141324], [-122.744024990791, 45.2541123075269], [-122.744018689277, 45.2541166781726], [-122.74401234169, 45.2541210109988], [-122.74400593812, 45.2541253133983], [-122.743999498945, 45.2541295849779], [-122.743993014622, 45.254133809718], [-122.743986483267, 45.2541380047589], [-122.743979907705, 45.2541421772476], [-122.743973285721, 45.2541463029215], [-122.743966629406, 45.2541503977507], [-122.743516173769, 45.2543535317154], [-122.743508862981, 45.254357051318], [-122.743501597337, 45.2543606177594], [-122.743494367541, 45.2543642213169], [-122.743487171184, 45.2543678656379], [-122.743480022101, 45.2543715459541], [-122.74347290611, 45.2543752580383], [-122.743465837811, 45.2543790169124], [-122.743458802534, 45.2543828057554], [-122.743451803208, 45.2543866344131], [-122.743444860385, 45.2543905069899], [-122.743437941738, 45.2543944115069], [-122.743431057387, 45.2543983459683], [-122.743424252567, 45.2544023266049], [-122.743417459187, 45.2544063394275], [-122.743410722992, 45.2544103808526], [-122.743404021754, 45.2544144693133], [-122.743397366273, 45.2544185874973], [-122.743390756897, 45.2544227443998], [-122.743384181538, 45.2544269240505], [-122.743377662786, 45.254431150319], [-122.743371179603, 45.2544354065074], [-122.743364752748, 45.2544397021173], [-122.743358360189, 45.2544440276717], [-122.7433520137, 45.2544483910452], [-122.743345724186, 45.2544527776241], [-122.743339479783, 45.2544572101424], [-122.743333282133, 45.2544616651631], [-122.743327129244, 45.254466157128], [-122.743321022217, 45.2544706815149], [-122.743314960948, 45.2544752356251], [-122.743308955972, 45.2544798282573], [-122.743302996788, 45.2544844515124], [-122.743297083327, 45.2544891035913], [-122.743291226876, 45.2544937797751], [-122.743285415501, 45.254498500999], [-122.743279660475, 45.2545032292366], [-122.743273941032, 45.2545080207016], [-122.74326827759, 45.254512810185], [-122.743262671033, 45.2545176534827], [-122.743257121453, 45.2545225199857], [-122.743251604859, 45.2545274155584], [-122.743246158011, 45.2545323349904], [-122.743240754339, 45.2545372832953], [-122.743235409508, 45.2545422700732], [-122.7432301201, 45.2545472728848], [-122.743224876694, 45.2545523117166], [-122.743219677597, 45.2545573757989], [-122.743214558609, 45.2545624680413], [-122.743209473638, 45.2545675830321], [-122.743204456144, 45.2545727291276], [-122.743199484095, 45.2545778968508], [-122.743194556564, 45.2545830952216], [-122.743189685974, 45.2545883158983], [-122.743184895597, 45.2545935674339], [-122.743180149391, 45.2545988406218], [-122.743175447391, 45.2546041363616], [-122.743170814141, 45.2546094631814], [-122.743166237798, 45.2546148114077], [-122.743161909265, 45.2546202727774], [-122.743157638021, 45.2546257654484], [-122.743153433594, 45.2546312721331], [-122.74314928569, 45.2546367903294], [-122.743145194219, 45.2546423506461], [-122.743141158068, 45.2546479242981], [-122.743137190007, 45.2546535119392], [-122.743133267739, 45.2546591302034], [-122.743129412321, 45.2546647633807], [-122.743125613775, 45.2546704170651], [-122.743124953426, 45.2546714344389], [-122.74312188119, 45.2546760955822], [-122.743118194975, 45.2546817867071], [-122.743114587073, 45.254687492524], [-122.743111023725, 45.2546932298881], [-122.743107528467, 45.2546989812414], [-122.743104088563, 45.2547047468296], [-122.743100715755, 45.2547105336277], [-122.743097399401, 45.2547163301385], [-122.743094140545, 45.254722163348], [-122.743090948157, 45.2547280015758], [-122.743087811194, 45.2547338558376], [-122.743084752509, 45.254739723892], [-122.743081739339, 45.2547456153733], [-122.743078793598, 45.2547515037525], [-122.743075914374, 45.2547574313571], [-122.743073081312, 45.2547633661724], [-122.743070336682, 45.254769313684], [-122.743067648402, 45.2547752682097], [-122.743064992936, 45.2547812473078], [-122.743062428415, 45.2547872381534], [-122.743059919318, 45.2547932450332], [-122.743057476759, 45.2547992587305], [-122.743055090829, 45.2548052866381], [-122.743052783143, 45.2548113274388], [-122.743050530603, 45.2548173770772], [-122.743048323438, 45.2548234465445], [-122.743046205527, 45.2548295169897], [-122.743044154677, 45.2548356077454], [-122.743042149063, 45.2548417147318], [-122.743040209395, 45.2548478132437], [-122.743038348216, 45.2548539309454], [-122.743036543492, 45.2548600583598], [-122.74303478259, 45.2548661984314], [-122.743033122335, 45.2548723374606], [-122.743031507247, 45.2548784909215], [-122.743029959011, 45.2548846592957], [-122.74302848881, 45.2548908351659], [-122.743027061806, 45.2548970075015], [-122.743025725887, 45.2549031951831], [-122.743024421807, 45.2549093822501], [-122.743023208499, 45.2549155765671], [-122.743022049516, 45.2549217914405], [-122.743020957788, 45.2549279987144], [-122.743019933804, 45.2549342109822], [-122.743018975676, 45.2549404453841], [-122.743018073029, 45.254946664312], [-122.743017248696, 45.254952897932], [-122.743016480331, 45.2549591286714], [-122.743015788693, 45.2549653660317], [-122.743015153441, 45.2549716113057], [-122.74301458534, 45.2549778462816], [-122.743014083165, 45.2549841051909], [-122.743013648421, 45.2549903609981], [-122.743013279659, 45.2549966092305], [-122.743012977331, 45.2550028615819], [-122.743012742921, 45.2550091234249], [-122.743012563205, 45.2550153824118], [-122.743012461177, 45.2550216398992], [-122.743012415222, 45.2550278972046], [-122.743012445646, 45.2550341521357], [-122.743296954488, 45.2559398605993], [-122.743297529012, 45.2559466712537], [-122.743298047358, 45.2559534793917], [-122.743298511428, 45.2559603011802], [-122.743298897321, 45.2559671118748], [-122.743299227558, 45.255973933546], [-122.743299490976, 45.2559807412034], [-122.743299699331, 45.2559875751294], [-122.743299830574, 45.2559943925398], [-122.743299894629, 45.2560012193489], [-122.743299903642, 45.2560080400187], [-122.743299834929, 45.2560148612887], [-122.743299710179, 45.2560216836403], [-122.743299518923, 45.256028500074], [-122.743299261717, 45.2560353249823], [-122.743298936733, 45.2560421439973], [-122.743298556671, 45.2560489559736], [-122.743298099232, 45.2560557775452], [-122.743297585128, 45.2560625840069], [-122.74329700607, 45.2560693917223], [-122.743296359511, 45.2560762007407], [-122.743295645173, 45.2560830038658], [-122.743294865881, 45.2560898082445], [-122.743294029924, 45.2560965975134], [-122.743293115316, 45.2561033964022], [-122.74329214666, 45.256110181931], [-122.743291110434, 45.2561169669637], [-122.743290019094, 45.256123744058], [-122.743288848617, 45.2561305181789], [-122.743287612733, 45.2561372818596], [-122.743286330825, 45.2561440419276], [-122.743284961004, 45.2561508027924], [-122.743283545979, 45.2561575483259], [-122.743282064449, 45.2561642879415], [-122.74328050488, 45.2561710200613], [-122.743278888994, 45.2561777460666], [-122.743277206637, 45.2561844670534], [-122.743275467892, 45.2561911801265], [-122.743273663532, 45.2561978773622], [-122.743271791427, 45.256204569604], [-122.743269862935, 45.2562112539322], [-122.74326785747, 45.2562179253429], [-122.74326579593, 45.2562245969355], [-122.743263677516, 45.2562312480211], [-122.743261481029, 45.2562378907113], [-122.743259229777, 45.2562445344586], [-122.743256922854, 45.256251155875], [-122.743254536375, 45.2562577635235], [-122.743252094887, 45.2562643659323], [-122.743249596977, 45.2562709595278], [-122.743247021745, 45.2562775312105], [-122.743244400419, 45.2562840974813], [-122.743241702015, 45.2562906481359], [-122.743238946945, 45.2562971836805], [-122.743235345108, 45.2563022250277], [-122.743231677028, 45.2563072343458], [-122.743227952283, 45.2563122285539], [-122.743224182056, 45.2563172002343], [-122.743220344452, 45.2563221435085], [-122.743216438754, 45.2563270727933], [-122.743212488744, 45.2563319768274], [-122.743208481825, 45.2563368594547], [-122.743204418956, 45.2563417125548], [-122.743200287681, 45.2563465435699], [-122.743196112162, 45.2563513511332], [-122.743191879734, 45.2563561372897], [-122.743187590292, 45.2563608993408], [-122.743183244901, 45.2563656318647], [-122.743178854063, 45.2563703427605], [-122.743174396022, 45.2563750297475], [-122.74316989222, 45.2563796870107], [-122.743165321007, 45.2563843149679], [-122.743160714501, 45.2563889202007], [-122.743156042065, 45.2563935015002], [-122.743151322596, 45.2563980531004], [-122.743146547177, 45.2564025751733], [-122.743141715983, 45.2564070722166], [-122.743136837859, 45.2564115422592], [-122.743131915145, 45.2564159798547], [-122.743126925018, 45.2564203881441], [-122.743121899598, 45.2564247737092], [-122.743116817916, 45.2564291216512], [-122.743111679255, 45.2564334463872], [-122.743106496072, 45.2564377404752], [-122.743101255631, 45.2564420041609], [-122.743095979549, 45.2564462361269], [-122.743095871843, 45.2564463183238], [-122.743090648513, 45.2564504313448], [-122.743085259225, 45.2564546033812], [-122.743079836981, 45.2564587472468], [-122.743074357097, 45.2564628508154], [-122.743068843193, 45.2564669316349], [-122.74306326153, 45.256470974153], [-122.743057644295, 45.2564749867505], [-122.74305198226, 45.2564789615035], [-122.743046274742, 45.2564829137288], [-122.743040521082, 45.2564868263352], [-122.743034721348, 45.2564907011218], [-122.743028877092, 45.2564945452602], [-122.74302297434, 45.2564983599204], [-122.743017049643, 45.2565021344946], [-122.743011067724, 45.256505879566], [-122.743005051227, 45.2565095874958], [-122.742998987593, 45.2565132630275], [-122.742992880467, 45.2565169015897], [-122.742986725889, 45.2565204996581], [-122.742980537013, 45.2565240677811], [-122.742974302099, 45.2565275989838], [-122.742968043966, 45.256531090125], [-122.742961718143, 45.2565345447637], [-122.742955368176, 45.256537968361], [-122.742948994991, 45.2565413518967], [-122.742942552842, 45.2565446989546], [-122.742936077634, 45.2565480151429], [-122.742929577586, 45.2565512822991], [-122.742923031882, 45.2565545224297], [-122.742916451185, 45.2565577146243], [-122.742909813264, 45.256560877316], [-122.74290316331, 45.2565639925287], [-122.742896478988, 45.2565670759969], [-122.742889748314, 45.2565701144489], [-122.742882971531, 45.2565731141814], [-122.742876182381, 45.2565760907469], [-122.742869358028, 45.2565790139791], [-122.742862487531, 45.2565818975923], [-122.742855593922, 45.2565847438425], [-122.742848665631, 45.2565875502525], [-122.742841690989, 45.2565903116462], [-122.742834703317, 45.2565930327817], [-122.742827681104, 45.2565957176751], [-122.742820613987, 45.2565983620253], [-122.742813532636, 45.2566009679409], [-122.742806406173, 45.2566035279161], [-122.742799266715, 45.2566060485326], [-122.742792080836, 45.2566085223338], [-122.74278489353, 45.2566109592538], [-122.742777649891, 45.2566133567512], [-122.742770381517, 45.2566157079149], [-122.742763101423, 45.2566180196954], [-122.742755785166, 45.2566202862629], [-122.742748445691, 45.2566225127688], [-122.742741083067, 45.2566247010122], [-122.742733683933, 45.2566268350473], [-122.742726261929, 45.2566289380162], [-122.742718826374, 45.2566309872339], [-122.742711367879, 45.2566330035861], [-122.74270388568, 45.2566349672834], [-122.742696367596, 45.2566368929639], [-122.742688837721, 45.2566387774621], [-122.742681283147, 45.256640616526], [-122.742673705111, 45.2566424092317], [-122.742666113803, 45.2566441553823], [-122.742658499243, 45.2566458605718], [-122.742650871479, 45.2566475210054], [-122.742643219294, 45.256649143201], [-122.742635543612, 45.2566507181387], [-122.742627855932, 45.2566522464969], [-122.742620143482, 45.2566537276217], [-122.742612418073, 45.2566551702874], [-122.742604680944, 45.2566565735697], [-122.741496241098, 45.2568148132487], [-122.741477927443, 45.2568174331704], [-122.74147231925, 45.256818221887], [-122.741466724434, 45.2568190598565], [-122.741461141579, 45.2568199435053], [-122.741455573304, 45.2568208745835], [-122.741450015405, 45.2568218432698], [-122.74144448386, 45.2568228672601], [-122.741438952537, 45.2568239299546], [-122.741433467669, 45.2568250403638], [-122.74142797435, 45.2568261959459], [-122.741422504213, 45.2568273906895], [-122.741417057571, 45.2568286326906], [-122.741411634075, 45.2568299129536], [-122.741406237247, 45.2568312566166], [-122.741400850203, 45.2568326225956], [-122.74139548948, 45.2568340429791], [-122.741390162439, 45.2568355104235], [-122.741384848322, 45.256837015427], [-122.741379557734, 45.2568385685873], [-122.741374302716, 45.2568401516684], [-122.741369060008, 45.2568417894241], [-122.7413638748, 45.2568434638792], [-122.741358680006, 45.2568451871299], [-122.741353531285, 45.2568469482005], [-122.741348407053, 45.2568487493077], [-122.741343316435, 45.2568505956768], [-122.741338250202, 45.2568524793839], [-122.741333218613, 45.2568544020315], [-122.741328222086, 45.2568563744141], [-122.741323261615, 45.2568583893109], [-122.741318324117, 45.2568604379721], [-122.741313431035, 45.256862514583], [-122.741308563381, 45.2568646555179], [-122.741303729988, 45.2568668254985], [-122.741298930961, 45.2568690272235], [-122.741294178285, 45.2568712739648], [-122.741289461282, 45.2568735533254], [-122.741284778171, 45.2568758851441], [-122.741280129078, 45.2568782397119], [-122.741275527747, 45.2568806428695], [-122.74127095937, 45.256883074198], [-122.741266437412, 45.2568855523418], [-122.741261951023, 45.2568880604063], [-122.741257498075, 45.2568906092352], [-122.741253102313, 45.2568931866677], [-122.74124874116, 45.2568958021413], [-122.741244415959, 45.2568984574306], [-122.741240146706, 45.2569011422476], [-122.741235922285, 45.2569038658088], [-122.741231733748, 45.2569066273866], [-122.741227579228, 45.2569094117135], [-122.741223504207, 45.2569122413177], [-122.741219451811, 45.2569150956911], [-122.741215456914, 45.256917986764], [-122.741211507845, 45.2569209093603], [-122.741207593351, 45.2569238690982], [-122.741203734561, 45.2569268520673], [-122.741199921877, 45.256929873756], [-122.741196176256, 45.2569329157561], [-122.741192466587, 45.256935997572], [-122.741188801194, 45.2569391037395], [-122.741185204729, 45.2569422454861], [-122.741181653814, 45.2569454115598], [-122.741178147349, 45.2569486064829], [-122.741174698453, 45.2569518399046], [-122.741171293207, 45.2569550814866], [-122.741167947082, 45.2569583687388], [-122.741164654971, 45.2569616684524], [-122.741161421459, 45.2569650003433], [-122.741158244242, 45.2569683707575], [-122.741155122034, 45.2569717464122], [-122.741152045967, 45.2569751616862], [-122.741149026461, 45.2569785893724], [-122.741146063042, 45.2569820501847], [-122.741143168237, 45.2569855384802], [-122.741140307241, 45.2569890441277], [-122.741137534959, 45.2569925696693], [-122.741134797078, 45.2569961278549], [-122.74113212722, 45.2569996982317], [-122.741129514653, 45.257003299911], [-122.741126967354, 45.2570069084335], [-122.741124465813, 45.2570105466804], [-122.741122032747, 45.2570142088124], [-122.741119654969, 45.2570178833813], [-122.741117345631, 45.2570215809358], [-122.741115080257, 45.2570252947464], [-122.741112881945, 45.2570290288685], [-122.741110751761, 45.2570327778805], [-122.741108676934, 45.2570365411285], [-122.741106670582, 45.2570403282616], [-122.741104719517, 45.2570441278316], [-122.741102846769, 45.2570479420951], [-122.74110100776, 45.2570517719114], [-122.741099248377, 45.2570556172962], [-122.741097555061, 45.2570594902134], [-122.741095906079, 45.2570633559743], [-122.741094335656, 45.2570672427253], [-122.741092833013, 45.2570711353708], [-122.741091385867, 45.2570750458505], [-122.74109000547, 45.257078968546], [-122.741088691892, 45.2570829052564], [-122.741087435663, 45.2570868417612], [-122.741086245257, 45.2570907995017], [-122.741085121705, 45.2570947721567], [-122.741084065412, 45.2570987372132], [-122.741083076147, 45.2571027216819], [-122.741080186694, 45.2571098106827], [-122.741077343243, 45.2571169357046], [-122.741074577518, 45.2571240601279], [-122.741071867183, 45.2571311996866], [-122.741069224663, 45.2571383460393], [-122.741066649274, 45.2571455145027], [-122.741064130203, 45.2571526890817], [-122.741061687792, 45.2571598684837], [-122.741059301803, 45.2571670566999], [-122.741056983189, 45.2571742733235], [-122.741054732215, 45.2571814922436], [-122.741052536216, 45.2571887155047], [-122.741050418464, 45.2571959516601], [-122.741048355859, 45.2572031966544], [-122.741046361035, 45.2572104475431], [-122.741044421601, 45.2572177135673], [-122.741042561376, 45.2572249843656], [-122.74104076614, 45.2572322548108], [-122.741039028195, 45.2572395565585], [-122.741037357369, 45.2572468471097], [-122.741035763586, 45.2572541523789], [-122.741034225912, 45.2572614583664], [-122.741032754988, 45.2572687765699], [-122.74103135064, 45.2572761024916], [-122.741029990869, 45.2572834275536], [-122.74102873227, 45.257290765068], [-122.741027528472, 45.2572981024259], [-122.741026379787, 45.2573054477229], [-122.741025298882, 45.2573127989146], [-122.741024295912, 45.2573201549049], [-122.741023349364, 45.2573275197094], [-122.741022467701, 45.2573348814623], [-122.741021653888, 45.2573422509089], [-122.741020929229, 45.2573496186363], [-122.7410202265, 45.2573569931424], [-122.741019623426, 45.2573643738288], [-122.741019076427, 45.257371754334], [-122.741018584124, 45.2573791319841], [-122.741018171134, 45.2573865171069], [-122.741017823064, 45.2573939000776], [-122.741017542845, 45.257401290742], [-122.741017328854, 45.2574086801292], [-122.741017193793, 45.2574160670943], [-122.741017100762, 45.2574234532489], [-122.74101707682, 45.2574308461731], [-122.741017129331, 45.2574382385233], [-122.741017247758, 45.2574456215006], [-122.741017422468, 45.2574530096941], [-122.741017675217, 45.2574604053847], [-122.741017993917, 45.257467792602], [-122.741018368622, 45.2574751778391], [-122.741018821019, 45.2574825615782], [-122.741019328217, 45.2574899451607], [-122.741019912725, 45.2574973173502], [-122.741020553376, 45.2575046911577], [-122.741021270341, 45.2575120607931], [-122.74102204469, 45.2575194311223], [-122.741022895387, 45.257526798179], [-122.741023800643, 45.2575341587823], [-122.741024773366, 45.2575415171845], [-122.741025823816, 45.2575488749881], [-122.741026929923, 45.2575562218162], [-122.741028102017, 45.2575635610705], [-122.741029350528, 45.2575708988512], [-122.741030655011, 45.2575782337522], [-122.741032026788, 45.2575855619544], [-122.741033464377, 45.2575928780851], [-122.741034978488, 45.2576001954407], [-122.741036537825, 45.2576074957207], [-122.741038173824, 45.2576148008237], [-122.741039865307, 45.2576220904537], [-122.741041633857, 45.2576293623938], [-122.7410434705, 45.2576366483244], [-122.741045360115, 45.2576439197304], [-122.741047328279, 45.2576511788193], [-122.741049340534, 45.2576584244552], [-122.741051440601, 45.2576656665974], [-122.741053606549, 45.257672898467], [-122.741055818141, 45.2576801240553], [-122.741058105525, 45.2576873319784], [-122.741060459787, 45.2576945224083], [-122.74106287963, 45.2577017277771], [-122.741065366004, 45.2577089066573], [-122.741067908174, 45.25771607816], [-122.741070504208, 45.2577232252189], [-122.741073177865, 45.2577303689804], [-122.741075918816, 45.257737506043], [-122.741078724376, 45.2577446328577], [-122.741081585073, 45.2577517352038], [-122.741084512995, 45.257758829052], [-122.74108750556, 45.2577659135517], [-122.741090564968, 45.2577729796586], [-122.741093679826, 45.2577800293926], [-122.741096859363, 45.2577870706778], [-122.741115875143, 45.2578181012504], [-122.741134956213, 45.2578491386626], [-122.741154093087, 45.2578801353866], [-122.741173272659, 45.2579111150803], [-122.741192529701, 45.2579420869756], [-122.741211807754, 45.2579730413585], [-122.741231162616, 45.2580039708517], [-122.741250584724, 45.2580348918432], [-122.74127002753, 45.2580657872266], [-122.741289559339, 45.2580966763893], [-122.741309133464, 45.2581275386267], [-122.741328763059, 45.2581583844876], [-122.741348448124, 45.2581892139719], [-122.741353009048, 45.2581963456358], [-122.741357514907, 45.2582035035672], [-122.741361953541, 45.2582106699964], [-122.741366338245, 45.2582178590703], [-122.74137065738, 45.2582250665125], [-122.741374922342, 45.2582322903026], [-122.741379120739, 45.2582395396818], [-122.741383253187, 45.2582467975343], [-122.741387330255, 45.2582540735585], [-122.741391353079, 45.2582613641317], [-122.741395299186, 45.25826868139], [-122.741399200959, 45.2582760058045], [-122.741403037129, 45.2582833476877], [-122.741406806458, 45.2582907079637], [-122.741410511353, 45.2582980829852], [-122.741414159631, 45.2583054771026], [-122.741417754624, 45.2583128776486], [-122.741421281816, 45.2583203047079], [-122.741424732902, 45.2583277413365], [-122.741428140928, 45.2583351850969], [-122.74143147065, 45.2583426474712], [-122.741434756351, 45.2583501250976], [-122.741437966225, 45.2583576194897], [-122.741441119134, 45.2583651239824], [-122.741444195972, 45.2583726389441], [-122.741447228754, 45.2583801682584], [-122.741450184471, 45.2583877152625], [-122.741453085769, 45.258395272318], [-122.74145591946, 45.2584028279767], [-122.741458687896, 45.2584104100995], [-122.741461401913, 45.2584180022738], [-122.741464037207, 45.2584256022677], [-122.741466629546, 45.2584332120919], [-122.741469144158, 45.2584408225149], [-122.74147159252, 45.2584484666228], [-122.741473986045, 45.2584561099879], [-122.741476313723, 45.258463764525], [-122.741478574142, 45.2584714266606], [-122.741480780107, 45.2584790979482], [-122.741482908728, 45.2584867797295], [-122.741484971328, 45.2584944681852], [-122.741486978235, 45.2585021667169], [-122.74148890752, 45.258509868546], [-122.741490794022, 45.2585175847033], [-122.741492601941, 45.2585253122782], [-122.741494355024, 45.2585330391104], [-122.741496042155, 45.258540774416], [-122.741497650355, 45.2585485121441], [-122.741499204449, 45.2585562680195], [-122.74150069193, 45.2585640152773], [-122.741502113808, 45.258571780004], [-122.741503479368, 45.2585795386152], [-122.741504768139, 45.2585873221125], [-122.741506002108, 45.2585951057666], [-122.741507156867, 45.2586028846469], [-122.741508257103, 45.2586106708801], [-122.741509291491, 45.2586184682854], [-122.741510248117, 45.2586262653901], [-122.741511160166, 45.2586340633545], [-122.741511994834, 45.258641870913], [-122.74151276362, 45.2586496887442], [-122.741513464207, 45.2586574898866], [-122.741514110375, 45.2586653010805], [-122.741514690626, 45.2586731216475], [-122.741515192905, 45.2586809365167], [-122.741515639387, 45.2586887587634], [-122.741516008211, 45.2586965834079], [-122.741516333765, 45.2587044097873], [-122.74151657997, 45.2587122277946], [-122.741516750103, 45.2587200562711], [-122.741516874419, 45.2587278865315], [-122.741516933396, 45.2587357081497], [-122.741516913719, 45.2587435393867], [-122.741516850181, 45.2587513570663], [-122.7415166978, 45.2587591845612], [-122.741516467691, 45.258767012655], [-122.741516215929, 45.2587748411663], [-122.741515874733, 45.2587826642008], [-122.7415164147, 45.2587871682999], [-122.741516899969, 45.2587916752543], [-122.741517318973, 45.2587961825866], [-122.741517659358, 45.258800700437], [-122.741517944871, 45.2588052166453], [-122.741518164224, 45.2588097359298], [-122.741518327257, 45.2588142490989], [-122.741518414114, 45.2588187700386], [-122.741518433189, 45.258823285084], [-122.74151839657, 45.2588278102054], [-122.741518283462, 45.2588323350017], [-122.741518113756, 45.2588368464862], [-122.741517878098, 45.2588413664444], [-122.741517564469, 45.2588458807047], [-122.741517194798, 45.2588503960459], [-122.741516758514, 45.2588549027695], [-122.741516267254, 45.2588594051521], [-122.741515685842, 45.2588639164751], [-122.741515071928, 45.2588684113211], [-122.741514380076, 45.2588729013688], [-122.741513610844, 45.2588774010106], [-122.741512784354, 45.2588818702497], [-122.741511891876, 45.2588863470628], [-122.741510943078, 45.2588908177605], [-122.741509929081, 45.2588952834142], [-122.741508846953, 45.2588997341782], [-122.741507687061, 45.2589041846415], [-122.741506470572, 45.2589086217932], [-122.741505199315, 45.2589130600011], [-122.741503860645, 45.2589174689022], [-122.741502454435, 45.2589218782057], [-122.741500970184, 45.2589262800123], [-122.741499453222, 45.2589306599446], [-122.741497857327, 45.2589350422994], [-122.741496194575, 45.25893940974], [-122.741494476464, 45.2589437629448], [-122.74149267876, 45.2589481014809], [-122.74149082594, 45.2589524320779], [-122.741489152599, 45.2589562289945], [-122.74148892898, 45.2589567419213], [-122.741486952705, 45.2589610442923], [-122.741484921071, 45.2589653324275], [-122.741482809565, 45.2589695986978], [-122.741480654441, 45.2589738577075], [-122.74147844368, 45.258978095285], [-122.741476141862, 45.258982318415], [-122.741473819039, 45.2589865257464], [-122.741471405194, 45.2589907195297], [-122.74146894714, 45.2589948907604], [-122.741466421916, 45.2589990389809], [-122.741463840059, 45.2590031729902], [-122.741461190106, 45.2590072930092], [-122.741458485719, 45.2590113897725], [-122.741455723148, 45.2590154651528], [-122.741452905182, 45.2590195253976], [-122.741450019769, 45.2590235554362], [-122.741447078996, 45.2590275712388], [-122.741444091431, 45.2590315636384], [-122.741441026925, 45.2590355440186], [-122.741437915279, 45.2590394920005], [-122.741434749234, 45.259043417626], [-122.74143152497, 45.259047320969], [-122.741428245033, 45.2590512019804], [-122.74142490939, 45.2590550597605], [-122.741421516556, 45.2590588889368], [-122.741418067055, 45.2590627030021], [-122.741414549827, 45.2590664796648], [-122.741410998823, 45.259070239875], [-122.74140738037, 45.2590739698787], [-122.741403706036, 45.2590776721536], [-122.741399996304, 45.259081349005], [-122.741396229626, 45.2590850035493], [-122.741392396842, 45.2590886296617], [-122.74138851692, 45.2590922233756], [-122.741384592579, 45.2590957891394], [-122.741380611187, 45.2590993298975], [-122.741376573845, 45.2591028411276], [-122.741372489155, 45.2591063145619], [-122.74136836029, 45.259109766343], [-122.741364175649, 45.2591131930936], [-122.741359943729, 45.2591165838476], [-122.741355667251, 45.2591199430535], [-122.741351322052, 45.2591232720774], [-122.741346954052, 45.2591265718341], [-122.741342541112, 45.2591298301479], [-122.741338059832, 45.2591330681746], [-122.741333532478, 45.2591362683809], [-122.741328970722, 45.2591394359429], [-122.741324363274, 45.2591425755795], [-122.741319721144, 45.2591456753756], [-122.741314999825, 45.25914873799], [-122.741310265825, 45.2591517693416], [-122.74130547584, 45.2591547702656], [-122.741300639711, 45.2591577315702], [-122.741295769666, 45.259160672824], [-122.741290852851, 45.2591635582667], [-122.741285890484, 45.259166419382], [-122.741280893331, 45.2591692379583], [-122.741275850869, 45.2591720385038], [-122.741270774234, 45.2591747793945], [-122.741265672148, 45.2591774883686], [-122.741260503886, 45.2591801671115], [-122.741255299392, 45.2591827988421], [-122.7412500606, 45.2591854006271], [-122.741244787231, 45.2591879652701], [-122.741239479181, 45.2591904900725], [-122.74123413645, 45.2591929750344], [-122.74122874768, 45.2591954230754], [-122.741223335727, 45.2591978319543], [-122.741217888202, 45.259200210912], [-122.741210518877, 45.2592025324074], [-122.741203115567, 45.2592048320526], [-122.741195687418, 45.2592070826653], [-122.741188247652, 45.2592092965932], [-122.741180771342, 45.2592114554128], [-122.741173272161, 45.2592135831658], [-122.741165749205, 45.2592156564645], [-122.741158190678, 45.2592176998418], [-122.741150619839, 45.2592196885437], [-122.741143035972, 45.2592216369872], [-122.741135417216, 45.2592235401927], [-122.741127774929, 45.2592253952405], [-122.741120118513, 45.2592272145522], [-122.741112439806, 45.2592289847821], [-122.741104736364, 45.259230708678], [-122.7410970085, 45.2592323943356], [-122.741089268638, 45.2592340334135], [-122.741081516743, 45.2592356250123], [-122.74107373884, 45.2592371703015], [-122.741065949251, 45.2592386771069], [-122.741058124426, 45.2592401296788], [-122.741050309846, 45.2592415505456], [-122.74104245872, 45.2592429163041], [-122.74103460706, 45.2592442352618], [-122.741026731047, 45.2592455177803], [-122.741018831157, 45.2592467431458], [-122.741010928531, 45.2592479307549], [-122.741003013874, 45.2592490708849], [-122.740995085979, 45.2592501653592], [-122.740987146017, 45.2592512114548], [-122.740979192783, 45.2592522109952], [-122.740971226313, 45.2592531648801], [-122.740963246814, 45.2592540785065], [-122.740955255353, 45.2592549464528], [-122.740947262048, 45.2592557667233], [-122.740939266657, 45.2592565330214], [-122.740931246775, 45.2592572592821], [-122.740923224806, 45.2592579315704], [-122.740915191152, 45.2592585653747], [-122.740907154347, 45.2592591506284], [-122.740899117355, 45.2592596980766], [-122.740891066744, 45.2592601899744], [-122.74088301436, 45.2592606359955], [-122.740874948982, 45.2592610426577], [-122.740866881136, 45.2592613854526], [-122.740858812107, 45.259261697663], [-122.740850740957, 45.2592619550013], [-122.740842667999, 45.2592621655635], [-122.74083459482, 45.2592623374207], [-122.740826518211, 45.2592624535309], [-122.740818440107, 45.2592625309608], [-122.740810359882, 45.2592625535187], [-122.740802277814, 45.2592625284009], [-122.74079419432, 45.2592624664017], [-122.740786120377, 45.2592623547068], [-122.740778044626, 45.2592621962356], [-122.74076996679, 45.259261983792], [-122.740761909423, 45.2592617403464], [-122.740753827622, 45.2592614253551], [-122.74074576657, 45.259261086558], [-122.740737704706, 45.259260693764], [-122.740729651188, 45.2592602530977], [-122.740721595863, 45.2592597656553], [-122.740713560347, 45.2592592301198], [-122.740705513182, 45.2592586569998], [-122.740697485479, 45.2592580267913], [-122.740689456315, 45.259257358802], [-122.740681447923, 45.2592566345992], [-122.740673436797, 45.2592558726401], [-122.740665435291, 45.2592550627842], [-122.740657454903, 45.2592542057103], [-122.740649472639, 45.259253300061], [-122.740641510289, 45.2592523490172], [-122.740633556563, 45.2592513572976], [-122.740625602617, 45.259250326873], [-122.740617679388, 45.2592492337418], [-122.740609754316, 45.2592480929349], [-122.740601849402, 45.2592469130301], [-122.740593954422, 45.2592456933245], [-122.740586080525, 45.2592444255012], [-122.740578226508, 45.2592431113839], [-122.740570370649, 45.2592417495908], [-122.740562546098, 45.2592403403833], [-122.740554730206, 45.2592388913993], [-122.74054693519, 45.2592373889006], [-122.740539140093, 45.259235851295], [-122.740531396508, 45.2592342613844], [-122.740523652633, 45.2592326309698], [-122.740515928637, 45.2592309542612], [-122.74050822473, 45.2592292366557], [-122.740500541977, 45.2592274727317], [-122.740492880273, 45.2592256597906], [-122.74048523714, 45.2592237996804], [-122.740469735141, 45.2592216211615], [-122.740454213647, 45.2592194988289], [-122.740438691471, 45.2592173918108], [-122.740423150007, 45.2592153463762], [-122.740407587462, 45.2592133490565], [-122.740392027755, 45.2592113921891], [-122.740376458046, 45.259209473321], [-122.740360867533, 45.2592076097641], [-122.740345268362, 45.2592057859808], [-122.74032967072, 45.2592040017749], [-122.74031405224, 45.2592022719807], [-122.740298424139, 45.2592005900805], [-122.740282787345, 45.2591989470545], [-122.740267140653, 45.2591973447262], [-122.740251485511, 45.2591957875688], [-122.740235821062, 45.2591942864012], [-122.740220146401, 45.2591928178356], [-122.74020446233, 45.2591914025611], [-122.740188780101, 45.2591900349597], [-122.740173077786, 45.2591887082524], [-122.74015737693, 45.2591874193233], [-122.740141667046, 45.2591861935803], [-122.740125948155, 45.2591849986156], [-122.740110229833, 45.2591838513485], [-122.740094491666, 45.2591827512722], [-122.740078755308, 45.2591816979694], [-122.74006301029, 45.2591806844403], [-122.740047266154, 45.2591797267045], [-122.740031501827, 45.2591788071643], [-122.740015750735, 45.259177933277], [-122.739999978317, 45.2591771012079], [-122.739984208019, 45.2591763240082], [-122.739968439147, 45.2591755836871], [-122.739952661962, 45.2591748921349], [-122.739936875227, 45.2591742502757], [-122.73992109016, 45.2591736515919], [-122.739905295229, 45.2591730945054], [-122.73988950235, 45.259172590489], [-122.739873710756, 45.2591721197532], [-122.73985790975, 45.2591717023085], [-122.739842123358, 45.2591713331909], [-122.739826314574, 45.2591710113131], [-122.739810508523, 45.259170727189], [-122.73979470428, 45.2591704898384], [-122.739778911825, 45.2591702936678], [-122.739763087992, 45.2591701431097], [-122.739747289553, 45.2591700559744], [-122.739731480798, 45.2591699987424], [-122.739715662456, 45.2591699903038], [-122.739699868882, 45.2591700290965], [-122.739684054155, 45.259170114205], [-122.739676891117, 45.259169726522], [-122.739669751295, 45.2591693789002], [-122.739662591593, 45.2591690775714], [-122.739655444166, 45.2591688300176], [-122.73964827672, 45.2591686251587], [-122.739641110976, 45.2591684643764], [-122.739633947075, 45.2591683512687], [-122.739626785015, 45.2591682858358], [-122.739619613265, 45.2591682664995], [-122.739612444665, 45.2591682957129], [-122.739605276564, 45.2591683708266], [-122.739598121802, 45.2591684942936], [-122.739590945886, 45.259168664078], [-122.739583794704, 45.2591688801959], [-122.739576634792, 45.25916913429], [-122.739569475795, 45.2591694450787], [-122.739562330068, 45.2591698024217], [-122.739555186148, 45.2591702065399], [-122.739548043792, 45.2591706511366], [-122.739540913641, 45.2591711477094], [-122.739533786327, 45.2591716847361], [-122.739526671044, 45.2591722692412], [-122.739519559119, 45.2591729076933], [-122.739512459226, 45.2591735936237], [-122.739505360548, 45.2591743110373], [-122.739498275419, 45.2591750822015], [-122.739491202633, 45.2591759089399], [-122.739484144043, 45.2591767732127], [-122.739477086055, 45.2591776860844], [-122.73947005118, 45.2591786363188], [-122.73946303116, 45.2591796411788], [-122.739456011465, 45.2591806874413], [-122.739449016399, 45.2591817773387], [-122.739442033711, 45.2591829237099], [-122.739435065218, 45.2591841076155], [-122.739428118703, 45.2591853325066], [-122.739421175511, 45.259186610445], [-122.739414255466, 45.2591879266457], [-122.739407349037, 45.2591892983961], [-122.73940046579, 45.2591907093082], [-122.739393606001, 45.2591921665784], [-122.739386760443, 45.2591936622827], [-122.739379926916, 45.2591952054654], [-122.739373128276, 45.2591967938857], [-122.739366341667, 45.2591984297845], [-122.739359580786, 45.2592001047961], [-122.73935284209, 45.2592018261902], [-122.739346117972, 45.2592035950137], [-122.739339427189, 45.2592054019031], [-122.73933276107, 45.2592072533271], [-122.739326118513, 45.2592091538077], [-122.739319488566, 45.2592110837516], [-122.739312894884, 45.2592130616073], [-122.73930632363, 45.2592150921423], [-122.739299788329, 45.2592171624933], [-122.739293276208, 45.2592192720062], [-122.739286777392, 45.259221428973], [-122.739280324578, 45.2592236219613], [-122.739273894945, 45.2592258541115], [-122.739267500233, 45.259228132399], [-122.739261128772, 45.2592304516474], [-122.739254782009, 45.2592328163299], [-122.739248481318, 45.2592352188329], [-122.739242205046, 45.2592376595738], [-122.739235962492, 45.2592401482756], [-122.739229755438, 45.2592426650995], [-122.739223560484, 45.259245231201], [-122.73921741188, 45.2592478423194], [-122.73921130914, 45.2592504858613], [-122.739205229789, 45.2592531739623], [-122.739199186355, 45.2592559009798], [-122.739193198904, 45.2592586584255], [-122.73918721326, 45.2592614626465], [-122.73918129534, 45.259264304271], [-122.739175390412, 45.2592671852538], [-122.739169541467, 45.2592700966647], [-122.739163717219, 45.2592730535097], [-122.739157939183, 45.2592760517736], [-122.739152195651, 45.2592790853805], [-122.739146497947, 45.2592821505114], [-122.739140835166, 45.2592852617796], [-122.739135217182, 45.2592884108932], [-122.739129656247, 45.2592915850132], [-122.7391241082, 45.2592947957928], [-122.739118617722, 45.259298045072], [-122.739113160648, 45.2593013342164], [-122.739107762314, 45.2593046591371], [-122.739102385609, 45.2593080160481], [-122.739097077658, 45.2593114040414], [-122.739091793097, 45.259314836594], [-122.73908656555, 45.2593182932536], [-122.739081384352, 45.2593217949302], [-122.739076247397, 45.2593253200596], [-122.739071146324, 45.2593288832062], [-122.739066101269, 45.2593324776806], [-122.739061101939, 45.2593361009805], [-122.739056147407, 45.2593397621258], [-122.739051251475, 45.2593434554493], [-122.739046400099, 45.2593471803216], [-122.739041583261, 45.2593509414364], [-122.739036834832, 45.2593547246384], [-122.739032130644, 45.2593585312933], [-122.739027472876, 45.2593623847644], [-122.739022860832, 45.259366267061], [-122.739018305768, 45.2593701725652], [-122.739013806687, 45.2593741084977], [-122.739009353434, 45.2593780759545], [-122.739004945872, 45.2593820713372], [-122.739000594397, 45.2593860998469], [-122.738996299797, 45.2593901488656], [-122.738992062767, 45.2593942363839], [-122.738987869632, 45.2593983383598], [-122.738983733753, 45.2594024707396], [-122.738979653859, 45.2594066335478], [-122.738975630943, 45.2594108195635], [-122.738971653787, 45.2594150353045], [-122.738967743765, 45.2594192731572], [-122.738963878263, 45.2594235416591], [-122.738960070701, 45.2594278252484], [-122.73895632959, 45.2594321462661], [-122.738952634956, 45.2594364825918], [-122.738948996306, 45.2594408493461], [-122.738945424372, 45.2594452274177], [-122.738941898372, 45.2594496397122], [-122.738938439436, 45.2594540723195], [-122.738935025982, 45.2594585274557], [-122.738932156106, 45.2594623707862], [-122.738931681039, 45.2594630073779], [-122.738928402883, 45.2594675004166], [-122.738925169178, 45.2594720223055], [-122.738922003638, 45.259476559985], [-122.738918893699, 45.2594811181981], [-122.738915840808, 45.259485701418], [-122.738912843242, 45.2594902979753], [-122.738909914117, 45.2594949175195], [-122.738907052092, 45.259499558276], [-122.738904233997, 45.2595042143898], [-122.738901484345, 45.2595088934904], [-122.738898802718, 45.2595135847836], [-122.738896175279, 45.2595182930369], [-122.73889360606, 45.2595230235738], [-122.738891102318, 45.2595277663523], [-122.738888667019, 45.2595325321177], [-122.738886286523, 45.2595372977276], [-122.738863861917, 45.2595823454563], [-122.739140049548, 45.2595821506084], [-122.749784479382, 45.2595740600263], [-122.749997399588, 45.2595699382851], [-122.749997404649, 45.2604111527489], [-122.74999746884, 45.2708271660795], [-122.749997533109, 45.2812441788837], [-122.749997598154, 45.2916611906721], [-122.749997662225, 45.3020772037231], [-122.749997726409, 45.3124942160828], [-122.749997791509, 45.3229112299753], [-122.74999785553, 45.3333272413978], [-122.749997921046, 45.3437442537375], [-122.749997984926, 45.3541612666091], [-122.749998049142, 45.36457727955], [-122.749998114819, 45.374994291442], [-122.739581105261, 45.3749943171242], [-122.729165094631, 45.3749943400294], [-122.718748085429, 45.3749943642711], [-122.708331076154, 45.374994387748], [-122.697915066718, 45.3749944122897], [-122.687498056862, 45.3749944361252], [-122.677081046465, 45.3749944600951], [-122.666665037888, 45.3749944835512], [-122.656248027213, 45.3749945087549], [-122.645831017978, 45.3749945322466], [-122.635415008785, 45.3749945555167], [-122.6249979983, 45.3749945811417]]]}, "properties": {"OBJECTID": 313, "REF_ID_COD": "BurnWJ2009b", "SCALE": "1:8,000", "PURPOSE": "Geologic Hazard Specific", "LIDAR": "Yes", "SP_42": "Yes", "DATE": "2009", "Shape__Area": 274239724.296875, "Shape__Length": 69663.47530920163}}, {"type": "Feature", "id": 314, "geometry": {"type": "MultiPolygon", "coordinates": [[[[-122.74367063197, 45.4653879110718], [-122.743684744682, 45.4620707331143], [-122.74366799693, 45.4586669796963], [-122.745012337896, 45.4586518482789], [-122.745032773795, 45.4572316758393], [-122.744619575115, 45.4572223437378], [-122.744632894234, 45.4567123382164], [-122.743658476645, 45.4567318917721], [-122.743649425872, 45.454892089443], [-122.743667571761, 45.4477362494964], [-122.744239849201, 45.4477290278171], [-122.745193192121, 45.4477179776842], [-122.745265295392, 45.4455513772628], [-122.745650498086, 45.4455445069993], [-122.745645345372, 45.4448403364568], [-122.744415448694, 45.44486456263], [-122.744414891173, 45.4451713044339], [-122.743690090913, 45.4451649487419], [-122.743693001467, 45.4442779544143], [-122.743696991669, 45.4437397002122], [-122.743800022399, 45.4437402992172], [-122.743806500613, 45.4429235239211], [-122.743828069198, 45.4389926815924], [-122.743871493454, 45.4333565546855], [-122.743707106561, 45.433355340289], [-122.743706965928, 45.433284211717], [-122.743406878072, 45.4332820313514], [-122.738678668245, 45.4332475657946], [-122.738679538743, 45.4333180915609], [-122.733567899819, 45.4332803277443], [-122.733522838072, 45.4346653186088], [-122.727528601459, 45.4345906935303], [-122.726684332512, 45.4363953442099], [-122.72635848271, 45.4370915703528], [-122.726712341597, 45.4375267992103], [-122.726748689438, 45.4375700018565], [-122.726781638498, 45.4376160129553], [-122.726814093574, 45.4376592899276], [-122.726843148583, 45.4377053753807], [-122.726875708124, 45.4377513938918], [-122.726904763228, 45.4377974793273], [-122.726933428707, 45.4378435721971], [-122.726958589737, 45.4378897319948], [-122.726983361136, 45.4379358992289], [-122.727008627899, 45.4379848005467], [-122.727029505203, 45.438031042149], [-122.727054772047, 45.4380799434544], [-122.727075650699, 45.4381261850217], [-122.727093129253, 45.4381752350815], [-122.727114112351, 45.4382242181967], [-122.727131590968, 45.4382732682481], [-122.727148679939, 45.438322325739], [-122.727162264416, 45.4383714501684], [-122.727175459241, 45.4384205820384], [-122.727189043764, 45.4384697064621], [-122.727198344426, 45.4385189127134], [-122.727208024207, 45.4385678371859], [-122.727217431842, 45.4386197849407], [-122.727227122229, 45.438668983742], [-122.727232528734, 45.438718264373], [-122.727238430591, 45.4387702790906], [-122.727239942886, 45.4388196341067], [-122.727241844863, 45.4388689816777], [-122.727243357164, 45.4389183366911], [-122.72724517312, 45.439299107251], [-122.727279747722, 45.4398523691862], [-122.727269544583, 45.4404470913547], [-122.724738701944, 45.4404471211036], [-122.724748363784, 45.4400603713282], [-122.724176214392, 45.440059214424], [-122.724170264455, 45.4404513812638], [-122.717061173238, 45.4403543940772], [-122.717002826644, 45.4381022341694], [-122.714566993301, 45.4380261629678], [-122.714588299043, 45.4403311531033], [-122.712592843923, 45.4402776765367], [-122.712661253532, 45.4369652033704], [-122.712708384734, 45.4348375152829], [-122.71083962658, 45.43483126494], [-122.710842052237, 45.4347928093645], [-122.710215125048, 45.4347843939672], [-122.710214758767, 45.4360178966169], [-122.710222184801, 45.440175584489], [-122.707455653389, 45.4401160574562], [-122.707482080927, 45.438736932567], [-122.707506109734, 45.4374072356597], [-122.708215137691, 45.437411642228], [-122.708238859408, 45.4365231100581], [-122.707525604833, 45.4364995791136], [-122.707530635212, 45.434835803174], [-122.705136978998, 45.4347477649697], [-122.700995448106, 45.4338877354296], [-122.701711823291, 45.4334111007209], [-122.701917699309, 45.4332815581181], [-122.702004866635, 45.4332170849908], [-122.702016234908, 45.4332086396645], [-122.702027603178, 45.433200194337], [-122.702038971445, 45.4331917490084], [-122.702054129129, 45.4331804885685], [-122.70206540338, 45.4331695760107], [-122.702069088338, 45.4331640193372], [-122.702080741773, 45.433152825082], [-122.702092110023, 45.433144379748], [-122.702103373806, 45.4331331928501], [-122.702133271256, 45.4330997056995], [-122.701284565352, 45.4330945395383], [-122.701282988464, 45.4329710076091], [-122.700114603395, 45.4329612733322], [-122.699921442385, 45.4329605366546], [-122.699921459326, 45.432957992625], [-122.698695651937, 45.4329496706114], [-122.698696222243, 45.4327369280114], [-122.698696555787, 45.4326128929417], [-122.698696740527, 45.432544324518], [-122.697466942448, 45.4325361721301], [-122.697293070214, 45.4325359289584], [-122.697290380811, 45.4329401159818], [-122.697290372076, 45.4329414330057], [-122.697141858999, 45.4329405874198], [-122.695550132302, 45.4329315003335], [-122.695550272457, 45.4329282573038], [-122.686438901929, 45.4328657515171], [-122.686375713451, 45.4329704838011], [-122.685518379987, 45.432958300725], [-122.681828574939, 45.4329047762172], [-122.6818330511, 45.4347573898933], [-122.681862376349, 45.4364172468872], [-122.675479645874, 45.4363925591294], [-122.675571426966, 45.4328094506232], [-122.671671374196, 45.4327857194291], [-122.671593548004, 45.4327852446827], [-122.669656167976, 45.4327734049797], [-122.66927650236, 45.4333254377161], [-122.667615976657, 45.4333177929828], [-122.66747447904, 45.433337020619], [-122.666756646869, 45.433435265653], [-122.666447154936, 45.4334822453048], [-122.666203272479, 45.4328726038041], [-122.666151554774, 45.4327522186633], [-122.66648022366, 45.4327535796598], [-122.666477084958, 45.4327451509428], [-122.661338254118, 45.4327046579525], [-122.653168132803, 45.4326669983224], [-122.648913421943, 45.4326282132457], [-122.648948827096, 45.4327112028757], [-122.649317001591, 45.433391900352], [-122.64986919203, 45.4342372610479], [-122.650527359696, 45.4349880977257], [-122.650888410372, 45.4354420067796], [-122.651089965939, 45.4357689225782], [-122.651183850686, 45.4360598973787], [-122.651166457026, 45.4362818097244], [-122.651088730302, 45.4365457732331], [-122.650950597287, 45.4367866097238], [-122.650774773553, 45.4369907423904], [-122.650500027672, 45.4372233834957], [-122.650124400703, 45.437443951728], [-122.649581486156, 45.4377141926382], [-122.648851894694, 45.4380245637272], [-122.647909926956, 45.4383918084766], [-122.647216852472, 45.438766280287], [-122.646696218095, 45.4391596370141], [-122.646267868479, 45.4395847777219], [-122.645973116422, 45.4400060600874], [-122.645746669947, 45.4404182690833], [-122.64558894515, 45.44078766571], [-122.645494978188, 45.4411371652168], [-122.645415497896, 45.4414819119719], [-122.645363922872, 45.4418027401474], [-122.645358185667, 45.4421129634268], [-122.64539028538, 45.442391297917], [-122.645496971053, 45.4426577055958], [-122.645686071054, 45.4429508450719], [-122.645974509449, 45.4432711569747], [-122.646309515518, 45.4435414850894], [-122.646700930986, 45.4437583229233], [-122.647140576121, 45.4439393641693], [-122.647659178418, 45.4440998254255], [-122.648180073662, 45.4442325626326], [-122.648717835287, 45.4443719939541], [-122.649321686147, 45.4445310498837], [-122.64984436008, 45.4446524391613], [-122.65032782638, 45.444783912766], [-122.650733304322, 45.4449286400931], [-122.651123493787, 45.4451015292393], [-122.651546235245, 45.4453255680617], [-122.651926760143, 45.4455683178305], [-122.652336159482, 45.4458582877012], [-122.652881727537, 45.4462848871793], [-122.653401204137, 45.4467675923908], [-122.653874197395, 45.4472477929398], [-122.654477957278, 45.4478989365506], [-122.655106911669, 45.4486050893534], [-122.655451035873, 45.4489955273773], [-122.655653263591, 45.4492349808908], [-122.655771906292, 45.4493935040498], [-122.655850993501, 45.4495199950873], [-122.655938368215, 45.4496613076362], [-122.656032731581, 45.4498149130382], [-122.6561563145, 45.4500119321657], [-122.656300705765, 45.4502342432451], [-122.656479851639, 45.4504957692106], [-122.656731742321, 45.4508641267561], [-122.656984712805, 45.4512436797723], [-122.657235464897, 45.4516388393819], [-122.657525377328, 45.4521231414748], [-122.657716586055, 45.4524595753642], [-122.657858962195, 45.4527268676103], [-122.657960875761, 45.4529231641637], [-122.657888614511, 45.4529346847877], [-122.658095215959, 45.4532792823171], [-122.658966418617, 45.4547501171866], [-122.659933329745, 45.4563920110571], [-122.660656600688, 45.4573967143002], [-122.660800064021, 45.4578208405964], [-122.658560111487, 45.4579645170626], [-122.652919947026, 45.4583078604524], [-122.652560128158, 45.4553538533782], [-122.64663178993, 45.4557113557535], [-122.646503977577, 45.4557190617584], [-122.646832543925, 45.4585901748069], [-122.646841322312, 45.4586690395107], [-122.646160344303, 45.4586751601731], [-122.641245257452, 45.4586710915957], [-122.641324833534, 45.459340095803], [-122.641397773256, 45.4599581357674], [-122.641418290965, 45.4614823932792], [-122.640783037625, 45.4614833941168], [-122.630467832342, 45.4614620027278], [-122.62627786019, 45.4614521035055], [-122.626344609606, 45.4585710780947], [-122.626345423923, 45.4585181486857], [-122.625121517166, 45.4585205390448], [-122.625121285502, 45.4585707719837], [-122.625111790895, 45.4595469623584], [-122.624998439088, 45.459546998704], [-122.624998439655, 45.4595419726745], [-122.624998433035, 45.4583277810343], [-122.624998378965, 45.4479117565528], [-122.624998324781, 45.4374947308825], [-122.624998270211, 45.4270777052634], [-122.624998216228, 45.416661680035], [-122.624998162197, 45.406244656452], [-122.624998107648, 45.3958276303742], [-122.624998053686, 45.3854116057553], [-122.6249979983, 45.3749945811417], [-122.635415008785, 45.3749945555167], [-122.645831017978, 45.3749945322466], [-122.656248027213, 45.3749945087549], [-122.666665037888, 45.3749944835512], [-122.677081046465, 45.3749944600951], [-122.687498056862, 45.3749944361252], [-122.697915066718, 45.3749944122897], [-122.708331076154, 45.374994387748], [-122.718748085429, 45.3749943642711], [-122.729165094631, 45.3749943400294], [-122.739581105261, 45.3749943171242], [-122.749998114819, 45.374994291442], [-122.749998178964, 45.3854113055137], [-122.749998243446, 45.39582731862], [-122.749998308111, 45.4062443296349], [-122.749998372557, 45.416661342653], [-122.749998437444, 45.4270773563691], [-122.749998501308, 45.4374943687492], [-122.749998566194, 45.4479113811564], [-122.749998630279, 45.4583273941504], [-122.749998671804, 45.4649669813905], [-122.749322084543, 45.4649644605708], [-122.749321820213, 45.4647976089078], [-122.748804009854, 45.465396636141], [-122.748805512844, 45.4649910444047], [-122.748304758693, 45.4649862727384], [-122.748155303551, 45.4650030905071], [-122.748058609407, 45.4649243862212], [-122.748070109887, 45.464253821366], [-122.747516242632, 45.4642492320292], [-122.747505943698, 45.4655914827698], [-122.74367148838, 45.4655662426538], [-122.74367063197, 45.4653879110718]]], [[[-122.743809614963, 45.497975033025], [-122.743797900965, 45.4944022341468], [-122.743799178732, 45.4944022473855], [-122.743833245249, 45.4919870685429], [-122.744655792453, 45.4907100687853], [-122.743854810606, 45.4906952935846], [-122.743846424002, 45.4879102638807], [-122.745451611712, 45.4879043545521], [-122.745459933498, 45.4874764839742], [-122.745241733787, 45.4874721773131], [-122.745234680454, 45.4870500894833], [-122.743798017023, 45.4870862270507], [-122.743777551426, 45.4841307800085], [-122.743734680468, 45.4780594101238], [-122.744453568144, 45.4781237734803], [-122.745230748026, 45.4784034732969], [-122.745962544154, 45.4785989947088], [-122.746780948114, 45.478614788599], [-122.747274545058, 45.4785816875121], [-122.74716413353, 45.4784301775289], [-122.747037622742, 45.4781555195701], [-122.746894301787, 45.4780702128031], [-122.74721290461, 45.4780399353042], [-122.747577214598, 45.4764386626221], [-122.746544285988, 45.4764209696466], [-122.746507761051, 45.47715611117], [-122.745946399839, 45.477141130536], [-122.745944498882, 45.47642044567], [-122.745149745585, 45.4764203779228], [-122.745154292322, 45.4774400532765], [-122.744256919454, 45.4772883173531], [-122.744237000879, 45.4765048796816], [-122.744452229689, 45.4765040321116], [-122.744417092499, 45.4761919479297], [-122.74404316105, 45.4761931044663], [-122.744056744922, 45.4764724084293], [-122.743768860852, 45.4764801386512], [-122.743740259772, 45.4754529697717], [-122.744372026325, 45.4754638637563], [-122.744472404422, 45.475768933268], [-122.744609155383, 45.475785779768], [-122.744948957641, 45.4754785547642], [-122.745038794362, 45.4754823131564], [-122.745023401843, 45.4747152477313], [-122.743714106524, 45.4746995562642], [-122.743667734106, 45.469380771429], [-122.744917032564, 45.4693507013151], [-122.744932061416, 45.4676437613858], [-122.744950264398, 45.4676356899747], [-122.744954133612, 45.467548497845], [-122.745025235619, 45.4675345901359], [-122.74509631088, 45.4675199952162], [-122.74516735282, 45.4675045439927], [-122.745237392801, 45.4674884270286], [-122.745307893082, 45.4674716143809], [-122.745377398079, 45.4674543077864], [-122.745446870953, 45.4674361430663], [-122.745516322573, 45.4674174656524], [-122.74559489945, 45.467395350551], [-122.745672954609, 45.467372386737], [-122.745701613457, 45.467363552256], [-122.745750482788, 45.4673484059929], [-122.745827497271, 45.4673237501043], [-122.745903996639, 45.4672984154991], [-122.745979975767, 45.4672722375572], [-122.746055446387, 45.4672455508936], [-122.746119358004, 45.4672223514286], [-122.746183248248, 45.4671986365776], [-122.746227426905, 45.4671818243189], [-122.746229633032, 45.4673856775956], [-122.747006226424, 45.4673888298179], [-122.747088916663, 45.467384469184], [-122.747082822029, 45.4668021561529], [-122.747190469268, 45.4667375781712], [-122.747540740052, 45.4666417518895], [-122.747681722199, 45.4666122096284], [-122.748052151697, 45.4665618718357], [-122.748298952245, 45.4665464887574], [-122.748806821188, 45.4665421710767], [-122.748802855571, 45.4665996311948], [-122.748882818571, 45.4666002958336], [-122.748890023059, 45.4680145695519], [-122.749855717615, 45.4685588112457], [-122.749998692529, 45.4684446132758], [-122.749998694689, 45.4687444065136], [-122.749998760157, 45.4791614187507], [-122.749998824823, 45.4895774305391], [-122.749998888641, 45.4999944433495], [-122.743807018814, 45.4999945773703], [-122.743809614963, 45.497975033025]]]]}, "properties": {"OBJECTID": 314, "REF_ID_COD": "BurnWJ2010c", "SCALE": "1:8,000", "PURPOSE": "Geologic Hazard Specific", "LIDAR": "Yes", "SP_42": "Yes", "DATE": "2010", "Shape__Area": 150609044.3359375, "Shape__Length": 91355.06222664625}}, {"type": "Feature", "id": 312, "geometry": {"type": "Polygon", "coordinates": [[[-122.499997883755, 45.3749948676331], [-122.499997839947, 45.3645778302506], [-122.499997795619, 45.354161792673], [-122.499997751871, 45.3437447552352], [-122.499997707483, 45.3333277174037], [-122.499997663849, 45.3229116804215], [-122.499997619458, 45.3124946428362], [-122.499997575702, 45.3020776058853], [-122.499997531302, 45.2916615672729], [-122.49999748748, 45.2812445308685], [-122.499997442896, 45.2708274925716], [-122.499997398973, 45.2604114545554], [-122.499997355535, 45.2499944170821], [-122.501195982187, 45.2499944640064], [-122.510414354613, 45.2499944052096], [-122.520830353887, 45.2499943943836], [-122.531247352895, 45.2499943832309], [-122.541664352709, 45.2499943710327], [-122.552080351948, 45.2499943601719], [-122.562497351391, 45.2499943478161], [-122.572914350966, 45.2499943371358], [-122.583330350373, 45.2499943253631], [-122.593747349245, 45.2499943127489], [-122.604164348752, 45.2499943018101], [-122.614580348594, 45.2499942900478], [-122.624997347164, 45.2499942780978], [-122.624997401334, 45.2604113033458], [-122.6249974565, 45.2708273290909], [-122.624997510746, 45.2812443542851], [-122.624997564442, 45.2916613802864], [-122.624997619068, 45.3020774039521], [-122.624997672906, 45.3124944296006], [-122.624997727436, 45.3229114540838], [-122.624997781786, 45.3333274797185], [-122.624997836557, 45.3437445044482], [-122.624997890843, 45.3541615296845], [-122.624997944983, 45.3645775559374], [-122.6249979983, 45.3749945811417], [-122.614580988786, 45.3749946059544], [-122.604164979988, 45.374994628092], [-122.593747970704, 45.3749946531924], [-122.583330960578, 45.3749946766042], [-122.572914950765, 45.3749947003079], [-122.562497941172, 45.3749947248839], [-122.552080931576, 45.3749947495475], [-122.541664921694, 45.3749947720727], [-122.531247912836, 45.3749947960791], [-122.520830902229, 45.374994821095], [-122.510414893385, 45.3749948441961], [-122.499997883755, 45.3749948676331]]]}, "properties": {"OBJECTID": 312, "REF_ID_COD": "BurnWJ2010a", "SCALE": "1:8,000", "PURPOSE": "Geologic Hazard Specific", "LIDAR": "Yes", "SP_42": "Yes", "DATE": "2010", "Shape__Area": 275334625.1875, "Shape__Length": 67403.83650370763}}]}