elapsed_seconds,optimizer_step,select_f1,select_fn,select_fp,select_iou,select_overall_accuracy,select_precision,select_recall,select_tn,select_tp,train_loss_recent
47.7466938495636,1,,,,,,,,,,1.9396515488624573
48.07007670402527,2,,,,,,,,,,1.7901547253131866
48.40072512626648,3,,,,,,,,,,1.659773200750351
48.72897219657898,4,,,,,,,,,,1.4210435450077057
49.06047821044922,5,,,,,,,,,,1.2938904762268066
49.37882208824158,6,,,,,,,,,,1.161749243736267
49.696857213974,7,,,,,,,,,,1.0344555079936981
50.039355993270874,8,,,,,,,,,,0.947020411491394
50.373079776763916,9,,,,,,,,,,0.8880105912685394
50.7079815864563,10,,,,,,,,,,0.8123479187488556
51.027345180511475,11,,,,,,,,,,0.7830163240432739
51.351417779922485,12,,,,,,,,,,0.72323277592659
51.67108130455017,13,,,,,,,,,,0.6846560537815094
51.998406648635864,14,,,,,,,,,,0.661260113120079
52.32398438453674,15,,,,,,,,,,0.6296363770961761
52.64232873916626,16,,,,,,,,,,0.5811923295259476
52.974024295806885,17,,,,,,,,,,0.5363088846206665
53.29480957984924,18,,,,,,,,,,0.5262760668992996
53.62395238876343,19,,,,,,,,,,0.48557277768850327
53.94362545013428,20,,,,,,,,,,0.47353750467300415
54.270498514175415,21,,,,,,,,,,0.42659636586904526
54.58751034736633,22,,,,,,,,,,0.4352569505572319
54.91877055168152,23,,,,,,,,,,0.3962170109152794
55.24378824234009,24,,,,,,,,,,0.3849865347146988
55.56208944320679,25,,,,,,,,,,0.3533179461956024
55.886274576187134,26,,,,,,,,,,0.34272807091474533
56.204779624938965,27,,,,,,,,,,0.3379813954234123
56.52702236175537,28,,,,,,,,,,0.3093569502234459
56.84314703941345,29,,,,,,,,,,0.3006969541311264
57.170247077941895,30,,,,,,,,,,0.29887115955352783
57.49187517166138,31,,,,,,,,,,0.2793368324637413
57.81835103034973,32,,,,,,,,,,0.2637968733906746
58.14303183555603,33,,,,,,,,,,0.2573600150644779
58.46762990951538,34,,,,,,,,,,0.25897281244397163
58.78654170036316,35,,,,,,,,,,0.22962899506092072
59.10715675354004,36,,,,,,,,,,0.22227433323860168
59.4259078502655,37,,,,,,,,,,0.23482054471969604
59.74359083175659,38,,,,,,,,,,0.21275193244218826
60.068345069885254,39,,,,,,,,,,0.22465184703469276
60.38287591934204,40,,,,,,,,,,0.20112667605280876
60.70644497871399,41,,,,,,,,,,0.1994379498064518
61.03652501106262,42,,,,,,,,,,0.18910963833332062
61.35163998603821,43,,,,,,,,,,0.18663885071873665
61.67384433746338,44,,,,,,,,,,0.1827365793287754
61.994723320007324,45,,,,,,,,,,0.19526295736432076
62.31426167488098,46,,,,,,,,,,0.1653715744614601
62.63397145271301,47,,,,,,,,,,0.16837995871901512
62.94772815704346,48,,,,,,,,,,0.1571471206843853
63.28538393974304,49,,,,,,,,,,0.16622907668352127
63.60526895523071,50,,,,,,,,,,0.14563855528831482
63.92056727409363,51,,,,,,,,,,0.15774695947766304
64.23677659034729,52,,,,,,,,,,0.15345638990402222
64.55395603179932,53,,,,,,,,,,0.14349884167313576
64.86886382102966,54,,,,,,,,,,0.1719755418598652
65.18570041656494,55,,,,,,,,,,0.16233033686876297
65.50733995437622,56,,,,,,,,,,0.11781006120145321
65.8228280544281,57,,,,,,,,,,0.11727071367204189
66.13755869865417,58,,,,,,,,,,0.10944489389657974
66.45813751220703,59,,,,,,,,,,0.13001172803342342
66.77475309371948,60,,,,,,,,,,0.10703852027654648
67.1003053188324,61,,,,,,,,,,0.12288249284029007
67.4181649684906,62,,,,,,,,,,0.11093796789646149
67.74101972579956,63,,,,,,,,,,0.1313156820833683
68.06664800643921,64,,,,,,,,,,0.12445640936493874
68.38959121704102,65,,,,,,,,,,0.09965353459119797
68.71298575401306,66,,,,,,,,,,0.08597904071211815
69.03971576690674,67,,,,,,,,,,0.10103400237858295
69.35531330108643,68,,,,,,,,,,0.14058888144791126
69.6836268901825,69,,,,,,,,,,0.11444463580846786
70.00993084907532,70,,,,,,,,,,0.12985987029969692
70.32649636268616,71,,,,,,,,,,0.11604867875576019
70.64342951774597,72,,,,,,,,,,0.08779396116733551
70.96753430366516,73,,,,,,,,,,0.10150188580155373
71.28313064575195,74,,,,,,,,,,0.09451213479042053
71.60826992988586,75,,,,,,,,,,0.08467293344438076
71.93046307563782,76,,,,,,,,,,0.0958904754370451
72.24690771102905,77,,,,,,,,,,0.09054025821387768
72.56755781173706,78,,,,,,,,,,0.07291331235319376
72.88296341896057,79,,,,,,,,,,0.08064916543662548
73.20379781723022,80,,,,,,,,,,0.0876311045140028
73.52380156517029,81,,,,,,,,,,0.1034023817628622
73.84724926948547,82,,,,,,,,,,0.08530924282968044
74.1708357334137,83,,,,,,,,,,0.09253430366516113
74.48739171028137,84,,,,,,,,,,0.07795767858624458
74.80358338356018,85,,,,,,,,,,0.08566069230437279
75.12738227844238,86,,,,,,,,,,0.07930129859596491
75.44257593154907,87,,,,,,,,,,0.07275659125298262
75.77111625671387,88,,,,,,,,,,0.08159502036869526
76.08760237693787,89,,,,,,,,,,0.07855827640742064
76.40596222877502,90,,,,,,,,,,0.09438787400722504
76.72216653823853,91,,,,,,,,,,0.08397697284817696
77.04008460044861,92,,,,,,,,,,0.07619418948888779
77.36373019218445,93,,,,,,,,,,0.09092140942811966
77.6819863319397,94,,,,,,,,,,0.08182580210268497
77.9971616268158,95,,,,,,,,,,0.07868492044508457
78.31714701652527,96,,,,,,,,,,0.08952842280268669
78.63272428512573,97,,,,,,,,,,0.09020580723881721
78.95265579223633,98,,,,,,,,,,0.08841521851718426
79.27729535102844,99,,,,,,,,,,0.12425336241722107
79.59187197685242,100,,,,,,,,,,0.062185365706682205
79.90796303749084,101,,,,,,,,,,0.08235313836485147
80.22533226013184,102,,,,,,,,,,0.08941801451146603
80.54799437522888,103,,,,,,,,,,0.08749858010560274
80.87200498580933,104,,,,,,,,,,0.07122686505317688
81.19513463973999,105,,,,,,,,,,0.05761238373816013
81.50986361503601,106,,,,,,,,,,0.06475953664630651
81.82458996772766,107,,,,,,,,,,0.07343897689133883
82.15319871902466,108,,,,,,,,,,0.056186054833233356
82.46809244155884,109,,,,,,,,,,0.0777840381488204
82.79361939430237,110,,,,,,,,,,0.06748296692967415
83.11876893043518,111,,,,,,,,,,0.05373977217823267
83.4337728023529,112,,,,,,,,,,0.08697273023426533
83.75320219993591,113,,,,,,,,,,0.09911890886723995
84.07000494003296,114,,,,,,,,,,0.059149363078176975
84.38436269760132,115,,,,,,,,,,0.062103296630084515
84.70301556587219,116,,,,,,,,,,0.07149229478091002
85.02773332595825,117,,,,,,,,,,0.0789535604417324
85.35416078567505,118,,,,,,,,,,0.08093685377389193
85.6684775352478,119,,,,,,,,,,0.10888310987502337
85.98255157470703,120,,,,,,,,,,0.0771499490365386
86.29815602302551,121,,,,,,,,,,0.0703189941123128
86.62010550498962,122,,,,,,,,,,0.09134194627404213
86.93370318412781,123,,,,,,,,,,0.08597095217555761
87.26159906387329,124,,,,,,,,,,0.06095515564084053
87.57602167129517,125,,,,,,,,,,0.06977741234004498
87.89024829864502,126,,,,,,,,,,0.06920332834124565
88.21345829963684,127,,,,,,,,,,0.0627011964097619
88.53211688995361,128,,,,,,,,,,0.05004958435893059
88.8526680469513,129,,,,,,,,,,0.059776525013148785
89.17007303237915,130,,,,,,,,,,0.05762671306729317
89.48691940307617,131,,,,,,,,,,0.06328797712922096
89.8039927482605,132,,,,,,,,,,0.07781422697007656
90.12958812713623,133,,,,,,,,,,0.07077141292393208
90.44356179237366,134,,,,,,,,,,0.06388546619564295
90.76610994338989,135,,,,,,,,,,0.05843048915266991
91.07945466041565,136,,,,,,,,,,0.06339697074145079
91.39368963241577,137,,,,,,,,,,0.06318570207804441
91.70849895477295,138,,,,,,,,,,0.09096457064151764
92.02356195449829,139,,,,,,,,,,0.04817669186741114
92.3472580909729,140,,,,,,,,,,0.05951355118304491
92.66283845901489,141,,,,,,,,,,0.0926232784986496
92.97640204429626,142,,,,,,,,,,0.06430049240589142
93.29221177101135,143,,,,,,,,,,0.08972971327602863
93.61491918563843,144,,,,,,,,,,0.07132682111114264
93.928058385849,145,,,,,,,,,,0.04147568717598915
94.24163293838501,146,,,,,,,,,,0.08468111045658588
94.5588800907135,147,,,,,,,,,,0.05834753345698118
94.87376356124878,148,,,,,,,,,,0.06550505012273788
95.19700074195862,149,,,,,,,,,,0.07424896024167538
95.51171016693115,150,,,,,,,,,,0.05377979017794132
95.82530736923218,151,,,,,,,,,,0.07288230955600739
96.14698767662048,152,,,,,,,,,,0.07458373345434666
96.46056890487671,153,,,,,,,,,,0.06423513777554035
96.78425693511963,154,,,,,,,,,,0.051463100127875805
97.09967803955078,155,,,,,,,,,,0.06305675208568573
97.41597127914429,156,,,,,,,,,,0.04648746643215418
97.74042081832886,157,,,,,,,,,,0.05870250053703785
98.05341672897339,158,,,,,,,,,,0.048281255178153515
98.36743235588074,159,,,,,,,,,,0.0691052358597517
98.69159173965454,160,,,,,,,,,,0.054991318844258785
99.00736975669861,161,,,,,,,,,,0.0701779443770647
99.32261824607849,162,,,,,,,,,,0.044288134668022394
99.6369857788086,163,,,,,,,,,,0.058623846620321274
99.9559998512268,164,,,,,,,,,,0.06715986831113696
100.2800362110138,165,,,,,,,,,,0.0823815455660224
100.59362053871155,166,,,,,,,,,,0.08276437688618898
100.90644884109497,167,,,,,,,,,,0.0620925547555089
101.22066378593445,168,,,,,,,,,,0.0629678899422288
101.53707361221313,169,,,,,,,,,,0.05603721924126148
101.8543336391449,170,,,,,,,,,,0.06203853711485863
102.16914677619934,171,,,,,,,,,,0.10210602078586817
102.48165154457092,172,,,,,,,,,,0.05019387509673834
102.79478740692139,173,,,,,,,,,,0.053252735175192356
103.11653709411621,174,,,,,,,,,,0.05853292439132929
103.43184041976929,175,,,,,,,,,,0.07164403516799212
103.74645686149597,176,,,,,,,,,,0.04888976365327835
104.06009125709534,177,,,,,,,,,,0.046019396744668484
104.37464308738708,178,,,,,,,,,,0.07428574655205011
104.69966554641724,179,,,,,,,,,,0.052488503977656364
105.01355409622192,180,,,,,,,,,,0.054367304779589176
105.3278923034668,181,,,,,,,,,,0.05634318944066763
105.6407220363617,182,,,,,,,,,,0.04332115687429905
105.9555733203888,183,,,,,,,,,,0.04870838951319456
106.27851963043213,184,,,,,,,,,,0.05836878810077906
106.59109902381897,185,,,,,,,,,,0.059667449444532394
106.90296936035156,186,,,,,,,,,,0.04580527311190963
107.2175600528717,187,,,,,,,,,,0.05910675320774317
107.53981018066406,188,,,,,,,,,,0.04351499769836664
107.85352873802185,189,,,,,,,,,,0.03601021692156792
108.16926693916321,190,,,,,,,,,,0.048535630106925964
108.48998427391052,191,,,,,,,,,,0.05260414909571409
108.80315232276917,192,,,,,,,,,,0.07170621491968632
109.12757921218872,193,,,,,,,,,,0.06499179918318987
109.44253277778625,194,,,,,,,,,,0.050816393457353115
109.75903391838074,195,,,,,,,,,,0.07219210918992758
110.08147525787354,196,,,,,,,,,,0.043156882748007774
110.3951051235199,197,,,,,,,,,,0.05352172441780567
110.70976400375366,198,,,,,,,,,,0.04140265751630068
111.02834010124207,199,,,,,,,,,,0.04161927942186594
111.3405487537384,200,,,,,,,,,,0.05433003418147564
111.65461468696594,201,,,,,,,,,,0.04906534543260932
111.9753942489624,202,,,,,,,,,,0.04479701537638903
112.28927445411682,203,,,,,,,,,,0.05965575436130166
112.61352133750916,204,,,,,,,,,,0.05754553060978651
112.92641425132751,205,,,,,,,,,,0.04734744690358639
113.23985075950623,206,,,,,,,,,,0.06797205749899149
113.56070804595947,207,,,,,,,,,,0.06332460697740316
113.8735580444336,208,,,,,,,,,,0.050263924058526754
114.19548749923706,209,,,,,,,,,,0.04388081841170788
114.51205515861511,210,,,,,,,,,,0.05494486354291439
114.82928347587585,211,,,,,,,,,,0.05670369230210781
115.14411520957947,212,,,,,,,,,,0.05182644445449114
115.45862793922424,213,,,,,,,,,,0.034111824817955494
115.7858157157898,214,,,,,,,,,,0.05310790613293648
116.10795569419861,215,,,,,,,,,,0.040698479395359755
116.44373774528503,216,,,,,,,,,,0.06533090118318796
116.77258229255676,217,,,,,,,,,,0.04498162306845188
117.0840528011322,218,,,,,,,,,,0.0565788084641099
117.39642834663391,219,,,,,,,,,,0.05639059003442526
117.7096381187439,220,,,,,,,,,,0.07730273436754942
118.02500772476196,221,,,,,,,,,,0.08016473427414894
118.33893465995789,222,,,,,,,,,,0.058002823032438755
118.6556806564331,223,,,,,,,,,,0.046503172256052494
118.97111916542053,224,,,,,,,,,,0.05422147084027529
119.28557515144348,225,,,,,,,,,,0.04580475576221943
119.60748076438904,226,,,,,,,,,,0.04905054159462452
119.92086458206177,227,,,,,,,,,,0.05336300004273653
120.2354507446289,228,,,,,,,,,,0.042186503298580647
120.54829287528992,229,,,,,,,,,,0.06060583982616663
120.86022114753723,230,,,,,,,,,,0.04251846531406045
121.17346549034119,231,,,,,,,,,,0.08708857791498303
121.48541259765625,232,,,,,,,,,,0.07512985076755285
121.80437564849854,233,,,,,,,,,,0.058682371862232685
122.1165759563446,234,,,,,,,,,,0.044037370942533016
122.43066549301147,235,,,,,,,,,,0.0470998864620924
122.75362086296082,236,,,,,,,,,,0.0404945882037282
123.06674575805664,237,,,,,,,,,,0.04684370011091232
123.37803053855896,238,,,,,,,,,,0.0409027524292469
123.70008492469788,239,,,,,,,,,,0.0332327694632113
124.01665902137756,240,,,,,,,,,,0.05158302607014775
124.33383822441101,241,,,,,,,,,,0.05532577075064182
124.64577293395996,242,,,,,,,,,,0.04215903114527464
124.95657181739807,243,,,,,,,,,,0.040328770875930786
125.26906776428223,244,,,,,,,,,,0.03836868703365326
125.58205676078796,245,,,,,,,,,,0.07574608642607927
125.89248299598694,246,,,,,,,,,,0.05790500435978174
126.20429682731628,247,,,,,,,,,,0.041330160573124886
126.51773929595947,248,,,,,,,,,,0.05811814405024052
126.8309223651886,249,,,,,,,,,,0.061629483476281166
127.14279246330261,250,,,,,,,,,,0.036305990535765886
127.45684289932251,251,,,,,,,,,,0.04219945287331939
127.77493405342102,252,,,,,,,,,,0.045924766920506954
128.09214067459106,253,,,,,,,,,,0.03818781999871135
128.4040915966034,254,,,,,,,,,,0.039615219458937645
128.71692490577698,255,,,,,,,,,,0.038245498202741146
129.03395009040833,256,,,,,,,,,,0.0744197778403759
129.35325002670288,257,,,,,,,,,,0.05260452441871166
129.66677141189575,258,,,,,,,,,,0.037174776662141085
129.98670148849487,259,,,,,,,,,,0.0523250550031662
130.30324268341064,260,,,,,,,,,,0.03803562233224511
130.6157088279724,261,,,,,,,,,,0.05124467331916094
130.9269151687622,262,,,,,,,,,,0.030553868506103754
131.2385106086731,263,,,,,,,,,,0.0482936049811542
131.55240678787231,264,,,,,,,,,,0.064471535384655
131.8632049560547,265,,,,,,,,,,0.058467346243560314
132.18431520462036,266,,,,,,,,,,0.04395240964367986
132.49628281593323,267,,,,,,,,,,0.06252918392419815
132.80776619911194,268,,,,,,,,,,0.0346350665204227
133.12386965751648,269,,,,,,,,,,0.05736079066991806
133.43712663650513,270,,,,,,,,,,0.049235588405281305
133.75201225280762,271,,,,,,,,,,0.05866467114537954
134.0677843093872,272,,,,,,,,,,0.062367155216634274
134.3797471523285,273,,,,,,,,,,0.03900434076786041
134.69228601455688,274,,,,,,,,,,0.04601470986381173
135.00353503227234,275,,,,,,,,,,0.044621997978538275
135.31836867332458,276,,,,,,,,,,0.08933649957180023
135.63135051727295,277,,,,,,,,,,0.04327528830617666
135.94764161109924,278,,,,,,,,,,0.035161036532372236
136.26449346542358,279,,,,,,,,,,0.054055546410381794
136.5783634185791,280,,,,,,,,,,0.03682636143639684
136.89373779296875,281,,,,,,,,,,0.043137939646840096
137.2057020664215,282,,,,,,,,,,0.04390923399478197
137.5232651233673,283,,,,,,,,,,0.03210831340402365
137.83813166618347,284,,,,,,,,,,0.028661916498094797
138.1502366065979,285,,,,,,,,,,0.05542060546576977
138.46280336380005,286,,,,,,,,,,0.09978629276156425
138.7863211631775,287,,,,,,,,,,0.05396733293309808
139.11170959472656,288,,,,,,,,,,0.04369186330586672
139.42650246620178,289,,,,,,,,,,0.04326104745268822
139.73926734924316,290,,,,,,,,,,0.06369496043771505
140.05348873138428,291,,,,,,,,,,0.030729463323950768
140.3667483329773,292,,,,,,,,,,0.04067007824778557
140.67965483665466,293,,,,,,,,,,0.06611919682472944
140.99417805671692,294,,,,,,,,,,0.046754177659749985
141.30726313591003,295,,,,,,,,,,0.05438109766691923
141.6343469619751,296,,,,,,,,,,0.039288307540118694
141.9469177722931,297,,,,,,,,,,0.027282437775284052
142.2645902633667,298,,,,,,,,,,0.04705153964459896
142.57677912712097,299,,,,,,,,,,0.03696032706648111
142.88875770568848,300,,,,,,,,,,0.03452158207073808
143.20517110824585,301,,,,,,,,,,0.037031895481050014
143.52132081985474,302,,,,,,,,,,0.037858627270907164
143.8336341381073,303,,,,,,,,,,0.041413405910134315
144.14770102500916,304,,,,,,,,,,0.04206624999642372
144.45975637435913,305,,,,,,,,,,0.03148112026974559
144.77735567092896,306,,,,,,,,,,0.047409193590283394
145.09116411209106,307,,,,,,,,,,0.041666398756206036
145.4140751361847,308,,,,,,,,,,0.03852304723113775
145.72890615463257,309,,,,,,,,,,0.06221397640183568
146.04313564300537,310,,,,,,,,,,0.031612821854650974
146.35494017601013,311,,,,,,,,,,0.03547433787025511
146.66653680801392,312,,,,,,,,,,0.04271310614421964
146.98023867607117,313,,,,,,,,,,0.038644285406917334
147.29408812522888,314,,,,,,,,,,0.036304752342402935
147.60758352279663,315,,,,,,,,,,0.04054273618385196
147.91980576515198,316,,,,,,,,,,0.09359296876937151
148.24384212493896,317,,,,,,,,,,0.03688415698707104
148.55730319023132,318,,,,,,,,,,0.04441270977258682
148.8700065612793,319,,,,,,,,,,0.048620814457535744
149.18615126609802,320,,,,,,,,,,0.053772596176713705
149.49799156188965,321,,,,,,,,,,0.045064650010317564
149.81333565711975,322,,,,,,,,,,0.050396980717778206
150.12906455993652,323,,,,,,,,,,0.04566615726798773
150.43911576271057,324,,,,,,,,,,0.05155537091195583
150.75470805168152,325,,,,,,,,,,0.05753146670758724
151.06678438186646,326,,,,,,,,,,0.043399110436439514
151.37813878059387,327,,,,,,,,,,0.04198118485510349
151.69097113609314,328,,,,,,,,,,0.045419120229780674
152.0014522075653,329,,,,,,,,,,0.03882803674787283
152.31434535980225,330,,,,,,,,,,0.042903002351522446
152.6344563961029,331,,,,,,,,,,0.05114730168133974
152.94785332679749,332,,,,,,,,,,0.047476946376264095
153.2635850906372,333,,,,,,,,,,0.04755857679992914
153.57943987846375,334,,,,,,,,,,0.03970131231471896
153.89507603645325,335,,,,,,,,,,0.04621995193883777
154.2115993499756,336,,,,,,,,,,0.035140455700457096
154.52783823013306,337,,,,,,,,,,0.06406281050294638
154.84269738197327,338,,,,,,,,,,0.04228047328069806
155.15480279922485,339,,,,,,,,,,0.03421636950224638
155.46770000457764,340,,,,,,,,,,0.03320298949256539
155.7866611480713,341,,,,,,,,,,0.023153493646532297
156.09981155395508,342,,,,,,,,,,0.04191983211785555
156.41073298454285,343,,,,,,,,,,0.03215180756524205
156.7273850440979,344,,,,,,,,,,0.04223497724160552
157.03919196128845,345,,,,,,,,,,0.02307592984288931
157.35287928581238,346,,,,,,,,,,0.0465783248655498
157.6644561290741,347,,,,,,,,,,0.049317807890474796
157.97588276863098,348,,,,,,,,,,0.049898588098585606
158.28856444358826,349,,,,,,,,,,0.031823746394366026
158.60184979438782,350,,,,,,,,,,0.0334309134632349
158.9175968170166,351,,,,,,,,,,0.034055679105222225
159.23721313476562,352,,,,,,,,,,0.037291538901627064
159.55226588249207,353,,,,,,,,,,0.032946412451565266
159.87119936943054,354,,,,,,,,,,0.0292252148501575
160.18633842468262,355,,,,,,,,,,0.032132559921592474
160.4996886253357,356,,,,,,,,,,0.037908139172941446
160.81215524673462,357,,,,,,,,,,0.041968561708927155
161.12542247772217,358,,,,,,,,,,0.0544067807495594
161.43677473068237,359,,,,,,,,,,0.02259689918719232
161.75078630447388,360,,,,,,,,,,0.03896345221437514
162.06941103935242,361,,,,,,,,,,0.03605324402451515
162.38677740097046,362,,,,,,,,,,0.033656292129307985
162.70126342773438,363,,,,,,,,,,0.043390207923948765
163.01192498207092,364,,,,,,,,,,0.02933597471565008
163.32881212234497,365,,,,,,,,,,0.028010497335344553
163.6453878879547,366,,,,,,,,,,0.04538466641679406
163.957293510437,367,,,,,,,,,,0.046053748577833176
164.2729504108429,368,,,,,,,,,,0.031328798038885
164.58402800559998,369,,,,,,,,,,0.0498019102960825
164.8962800502777,370,,,,,,,,,,0.054951037745922804
165.2143268585205,371,,,,,,,,,,0.04474977031350136
165.52684783935547,372,,,,,,,,,,0.03929242165759206
165.84245705604553,373,,,,,,,,,,0.05097719328477979
166.15523052215576,374,,,,,,,,,,0.03225980279967189
166.46702551841736,375,,,,,,,,,,0.049006988294422626
166.78051733970642,376,,,,,,,,,,0.04985629301518202
167.09310579299927,377,,,,,,,,,,0.040627156384289265
167.40578722953796,378,,,,,,,,,,0.0398759925737977
167.72098684310913,379,,,,,,,,,,0.04536194168031216
168.032390832901,380,,,,,,,,,,0.046872230246663094
168.3466613292694,381,,,,,,,,,,0.03065954800695181
168.65911841392517,382,,,,,,,,,,0.03604919044300914
168.9728488922119,383,,,,,,,,,,0.08241277281194925
169.28688716888428,384,,,,,,,,,,0.03814570140093565
169.5983669757843,385,,,,,,,,,,0.05054899398237467
169.914719581604,386,,,,,,,,,,0.0496195312589407
170.2285807132721,387,,,,,,,,,,0.04359926376491785
170.5411491394043,388,,,,,,,,,,0.03932687360793352
170.85659074783325,389,,,,,,,,,,0.03951352462172508
171.1741533279419,390,,,,,,,,,,0.0560148018412292
171.48995399475098,391,,,,,,,,,,0.03648147080093622
171.81026196479797,392,,,,,,,,,,0.0427798661403358
172.12438416481018,393,,,,,,,,,,0.038162654265761375
172.43863821029663,394,,,,,,,,,,0.03405893826857209
172.76376271247864,395,,,,,,,,,,0.03611403098329902
173.07732224464417,396,,,,,,,,,,0.028874316718429327
173.40376114845276,397,,,,,,,,,,0.025584485847502947
173.7156503200531,398,,,,,,,,,,0.044130629394203424
174.02873826026917,399,,,,,,,,,,0.040675445925444365
174.34409308433533,400,,,,,,,,,,0.04124459810554981
174.65951538085938,401,,,,,,,,,,0.04697904409840703
174.97007942199707,402,,,,,,,,,,0.04552668612450361
175.28655982017517,403,,,,,,,,,,0.03454458387568593
175.59821963310242,404,,,,,,,,,,0.06316560134291649
175.90925574302673,405,,,,,,,,,,0.03829531976953149
176.22271132469177,406,,,,,,,,,,0.034657166339457035
176.53381061553955,407,,,,,,,,,,0.04159950837492943
176.84898209571838,408,,,,,,,,,,0.056994762271642685
177.1607325077057,409,,,,,,,,,,0.05777611397206783
177.47340655326843,410,,,,,,,,,,0.04681879747658968
177.79427123069763,411,,,,,,,,,,0.03430852619931102
178.1069951057434,412,,,,,,,,,,0.03012087196111679
178.4193685054779,413,,,,,,,,,,0.03854864975437522
178.74403190612793,414,,,,,,,,,,0.04843377345241606
179.05726408958435,415,,,,,,,,,,0.062310653273016214
179.3719460964203,416,,,,,,,,,,0.03512043599039316
179.6850790977478,417,,,,,,,,,,0.048702151980251074
179.9995403289795,418,,,,,,,,,,0.04010449489578605
180.31228756904602,419,,,,,,,,,,0.035357050597667694
180.6257040500641,420,,,,,,,,,,0.03539593378081918
180.94909977912903,421,,,,,,,,,,0.036415434908121824
181.26793503761292,422,,,,,,,,,,0.04161233175545931
181.5787696838379,423,,,,,,,,,,0.046362729743123055
181.89112162590027,424,,,,,,,,,,0.03860781900584698
182.20593667030334,425,,,,,,,,,,0.04131572041660547
182.51790046691895,426,,,,,,,,,,0.04333398584276438
182.83507418632507,427,,,,,,,,,,0.07559001026675105
183.1536943912506,428,,,,,,,,,,0.06960609927773476
183.47759819030762,429,,,,,,,,,,0.033842580392956734
183.8088481426239,430,,,,,,,,,,0.03789988858625293
184.12629294395447,431,,,,,,,,,,0.05618339870125055
184.4531695842743,432,,,,,,,,,,0.04270365368574858
184.771564245224,433,,,,,,,,,,0.04719753656536341
185.09050250053406,434,,,,,,,,,,0.05308936908841133
185.41541171073914,435,,,,,,,,,,0.03365426603704691
185.734525680542,436,,,,,,,,,,0.03859783569350839
186.05397200584412,437,,,,,,,,,,0.054042509756982327
186.37127661705017,438,,,,,,,,,,0.024738013045862317
186.6949863433838,439,,,,,,,,,,0.03474783408455551
187.01216673851013,440,,,,,,,,,,0.04036268778145313
187.3313593864441,441,,,,,,,,,,0.05469241924583912
187.65333700180054,442,,,,,,,,,,0.03646438894793391
187.96858549118042,443,,,,,,,,,,0.049822961911559105
188.28659653663635,444,,,,,,,,,,0.03900315100327134
188.6033537387848,445,,,,,,,,,,0.0334788728505373
188.91941499710083,446,,,,,,,,,,0.04372353386133909
189.24437379837036,447,,,,,,,,,,0.033789793495088816
189.56349301338196,448,,,,,,,,,,0.050095043145120144
189.88307237625122,449,,,,,,,,,,0.03477743687108159
190.21480464935303,450,,,,,,,,,,0.03558122366666794
190.53555917739868,451,,,,,,,,,,0.032905424013733864
190.8661391735077,452,,,,,,,,,,0.04927227599546313
191.18110394477844,453,,,,,,,,,,0.0327883861027658
191.49861192703247,454,,,,,,,,,,0.04691037908196449
191.81790900230408,455,,,,,,,,,,0.027801867574453354
192.13968181610107,456,,,,,,,,,,0.02962393220514059
192.45522046089172,457,,,,,,,,,,0.0402609258890152
192.7794189453125,458,,,,,,,,,,0.024965045042335987
193.11165571212769,459,,,,,,,,,,0.027277364395558834
193.4447479248047,460,,,,,,,,,,0.032747559482231736
193.77875685691833,461,,,,,,,,,,0.06417163833975792
194.09637093544006,462,,,,,,,,,,0.059481894597411156
194.41421246528625,463,,,,,,,,,,0.04221899388357997
194.7303535938263,464,,,,,,,,,,0.031605138909071684
195.0507960319519,465,,,,,,,,,,0.03489784337580204
195.3688929080963,466,,,,,,,,,,0.030174246057868004
195.68919491767883,467,,,,,,,,,,0.031632240395992994
196.00651240348816,468,,,,,,,,,,0.040063492488116026
196.3254430294037,469,,,,,,,,,,0.04033186612650752
196.64150214195251,470,,,,,,,,,,0.036587916780263186
196.95770716667175,471,,,,,,,,,,0.04679271928034723
197.28400993347168,472,,,,,,,,,,0.05319207371212542
197.60317158699036,473,,,,,,,,,,0.03639672324061394
197.91860795021057,474,,,,,,,,,,0.049429111648350954
198.2373423576355,475,,,,,,,,,,0.06329095643013716
198.5512421131134,476,,,,,,,,,,0.03890902688726783
198.86732721328735,477,,,,,,,,,,0.03550697024911642
199.1889133453369,478,,,,,,,,,,0.036421717843040824
199.50759029388428,479,,,,,,,,,,0.049082374200224876
199.82545685768127,480,,,,,,,,,,0.04392301617190242
200.140780210495,481,,,,,,,,,,0.03583802282810211
200.4566843509674,482,,,,,,,,,,0.034095668233931065
200.77479934692383,483,,,,,,,,,,0.04222981398925185
201.09443616867065,484,,,,,,,,,,0.05910280579701066
201.41492795944214,485,,,,,,,,,,0.04322714312002063
201.7299931049347,486,,,,,,,,,,0.03229051362723112
202.052072763443,487,,,,,,,,,,0.04817410372197628
202.36625027656555,488,,,,,,,,,,0.039317537099123
202.68748259544373,489,,,,,,,,,,0.029092479031533003
203.00771141052246,490,,,,,,,,,,0.04513921542093158
203.32410144805908,491,,,,,,,,,,0.03881598776206374
203.63767910003662,492,,,,,,,,,,0.04309576377272606
203.95042085647583,493,,,,,,,,,,0.04965048935264349
204.27011632919312,494,,,,,,,,,,0.06511541455984116
204.5900263786316,495,,,,,,,,,,0.04581783153116703
204.9024212360382,496,,,,,,,,,,0.02908810880035162
205.21657133102417,497,,,,,,,,,,0.038098149467259645
205.52945590019226,498,,,,,,,,,,0.032161717768758535
205.84545016288757,499,,,,,,,,,,0.04101191135123372
206.16044974327087,500,0.6766018328818739,587773,229579,0.5112609717113866,0.9868683319212292,0.7883276353591567,0.5926136166732512,60570447,855017,0.019964158069342375
236.91714763641357,501,,,,,,,,,,0.05666596395894885
237.22898864746094,502,,,,,,,,,,0.03599722031503916
237.5412039756775,503,,,,,,,,,,0.0331499888561666
237.8641767501831,504,,,,,,,,,,0.022201574873179197
238.1756808757782,505,,,,,,,,,,0.04461833508685231
238.485990524292,506,,,,,,,,,,0.04608247149735689
238.81518840789795,507,,,,,,,,,,0.039872520603239536
239.13083267211914,508,,,,,,,,,,0.03443753160536289
239.4543719291687,509,,,,,,,,,,0.0391323110088706
239.76522517204285,510,,,,,,,,,,0.028526171576231718
240.0762050151825,511,,,,,,,,,,0.03456095699220896
240.40103578567505,512,,,,,,,,,,0.0313648097217083
240.71931982040405,513,,,,,,,,,,0.0620805574581027
241.0285747051239,514,,,,,,,,,,0.0187655515037477
241.34418392181396,515,,,,,,,,,,0.028089057421311736
241.65588879585266,516,,,,,,,,,,0.031125237699598074
241.97333240509033,517,,,,,,,,,,0.032972767716273665
242.29377341270447,518,,,,,,,,,,0.046006886288523674
242.6094901561737,519,,,,,,,,,,0.023280716501176357
242.9206383228302,520,,,,,,,,,,0.030899700708687305
243.23088812828064,521,,,,,,,,,,0.03324656235054135
243.53939509391785,522,,,,,,,,,,0.03941946569830179
243.86307764053345,523,,,,,,,,,,0.020858080592006445
244.17548608779907,524,,,,,,,,,,0.03419915400445461
244.48532485961914,525,,,,,,,,,,0.029865231830626726
244.80101251602173,526,,,,,,,,,,0.04788895114324987
245.1147735118866,527,,,,,,,,,,0.05371266510337591
245.43218851089478,528,,,,,,,,,,0.02753894543275237
245.7434630393982,529,,,,,,,,,,0.02553140977397561
246.06655144691467,530,,,,,,,,,,0.021876749582588673
246.38098454475403,531,,,,,,,,,,0.028990220744162798
246.6956923007965,532,,,,,,,,,,0.044617262901738286
247.00779366493225,533,,,,,,,,,,0.033261486794799566
247.32403898239136,534,,,,,,,,,,0.041728485841304064
247.6474325656891,535,,,,,,,,,,0.041852672351524234
247.96573090553284,536,,,,,,,,,,0.05388203635811806
248.28134536743164,537,,,,,,,,,,0.03630416328087449
248.59535670280457,538,,,,,,,,,,0.046989635564386845
248.91240692138672,539,,,,,,,,,,0.049922760808840394
249.23167157173157,540,,,,,,,,,,0.02948037814348936
249.54647040367126,541,,,,,,,,,,0.03797971038147807
249.86228919029236,542,,,,,,,,,,0.02893280773423612
250.17614579200745,543,,,,,,,,,,0.03060287795960903
250.48697185516357,544,,,,,,,,,,0.03157177660614252
250.79994463920593,545,,,,,,,,,,0.06539967330172658
251.11323237419128,546,,,,,,,,,,0.024441895075142384
251.44462203979492,547,,,,,,,,,,0.034141010604798794
251.76113510131836,548,,,,,,,,,,0.042098124511539936
252.0758228302002,549,,,,,,,,,,0.030019023455679417
252.4056475162506,550,,,,,,,,,,0.03536356147378683
252.71836614608765,551,,,,,,,,,,0.025800493080168962
253.03174757957458,552,,,,,,,,,,0.03481985908001661
253.34999299049377,553,,,,,,,,,,0.030602890998125076
253.66572189331055,554,,,,,,,,,,0.041141713969409466
253.98184823989868,555,,,,,,,,,,0.058627660386264324
254.2959702014923,556,,,,,,,,,,0.03204659232869744
254.60662412643433,557,,,,,,,,,,0.042898043524473906
254.9260401725769,558,,,,,,,,,,0.035755273420363665
255.25136518478394,559,,,,,,,,,,0.0375022036023438
255.56292009353638,560,,,,,,,,,,0.03215492982417345
255.8776891231537,561,,,,,,,,,,0.03678750852122903
256.19108963012695,562,,,,,,,,,,0.02845919644460082
256.50264167785645,563,,,,,,,,,,0.030596562195569277
256.8153040409088,564,,,,,,,,,,0.056027582846581936
257.13072180747986,565,,,,,,,,,,0.020260486053302884
257.4428629875183,566,,,,,,,,,,0.031589863589033484
257.7542550563812,567,,,,,,,,,,0.01781799446325749
258.06539511680603,568,,,,,,,,,,0.03760892665013671
258.3849923610687,569,,,,,,,,,,0.03684674249961972
258.701779127121,570,,,,,,,,,,0.036742968717589974
259.0229814052582,571,,,,,,,,,,0.026044189929962158
259.3436555862427,572,,,,,,,,,,0.0331523884087801
259.6674406528473,573,,,,,,,,,,0.06269627530127764
259.97820687294006,574,,,,,,,,,,0.03194824559614062
260.294376373291,575,,,,,,,,,,0.03599128872156143
260.60696387290955,576,,,,,,,,,,0.03713620314374566
260.9196400642395,577,,,,,,,,,,0.04400179721415043
261.24111914634705,578,,,,,,,,,,0.033379666274413466
261.5536775588989,579,,,,,,,,,,0.02849780349060893
261.86695861816406,580,,,,,,,,,,0.03108612820506096
262.17940282821655,581,,,,,,,,,,0.04647719440981746
262.49060130119324,582,,,,,,,,,,0.04420397710055113
262.8038594722748,583,,,,,,,,,,0.04617709154263139
263.1150562763214,584,,,,,,,,,,0.03570577432401478
263.4278688430786,585,,,,,,,,,,0.04167124954983592
263.7396864891052,586,,,,,,,,,,0.05697414604946971
264.05140447616577,587,,,,,,,,,,0.046107662841677666
264.3767716884613,588,,,,,,,,,,0.041130061727017164
264.68985247612,589,,,,,,,,,,0.029541427735239267
265.0060634613037,590,,,,,,,,,,0.031102018896490335
265.32483673095703,591,,,,,,,,,,0.052933727856725454
265.63632583618164,592,,,,,,,,,,0.026457123924046755
265.948659658432,593,,,,,,,,,,0.02352129016071558
266.26074147224426,594,,,,,,,,,,0.032168579287827015
266.57247710227966,595,,,,,,,,,,0.016453899908810854
266.88862013816833,596,,,,,,,,,,0.03309039352461696
267.2052917480469,597,,,,,,,,,,0.049624621868133545
267.51626920700073,598,,,,,,,,,,0.024870599154382944
267.8429284095764,599,,,,,,,,,,0.032630653120577335
268.16010069847107,600,,,,,,,,,,0.04918335936963558
268.473650932312,601,,,,,,,,,,0.035768317990005016
268.78612089157104,602,,,,,,,,,,0.042944430373609066
269.0973572731018,603,,,,,,,,,,0.03913301741704345
269.41102743148804,604,,,,,,,,,,0.03370313346385956
269.72507333755493,605,,,,,,,,,,0.03161644842475653
270.0375907421112,606,,,,,,,,,,0.0379047435708344
270.3541910648346,607,,,,,,,,,,0.032517877873033285
270.6652944087982,608,,,,,,,,,,0.03084543813019991
270.97642517089844,609,,,,,,,,,,0.04621760081499815
271.2962381839752,610,,,,,,,,,,0.06452702824026346
271.60784935951233,611,,,,,,,,,,0.0455638337880373
271.9251470565796,612,,,,,,,,,,0.028649188112467527
272.2634472846985,613,,,,,,,,,,0.055856253020465374
272.5765380859375,614,,,,,,,,,,0.03577199159190059
272.8939414024353,615,,,,,,,,,,0.0349929160438478
273.2080419063568,616,,,,,,,,,,0.04084444418549538
273.51899695396423,617,,,,,,,,,,0.03743086522445083
273.83008003234863,618,,,,,,,,,,0.032546650152653456
274.1436824798584,619,,,,,,,,,,0.05432044365443289
274.46019649505615,620,,,,,,,,,,0.034042248502373695
274.7729117870331,621,,,,,,,,,,0.03554458962753415
275.0983564853668,622,,,,,,,,,,0.03948452975600958
275.4109272956848,623,,,,,,,,,,0.04332746332511306
275.72676610946655,624,,,,,,,,,,0.04789657099172473
276.0378351211548,625,,,,,,,,,,0.04349134676158428
276.35030603408813,626,,,,,,,,,,0.04363178927451372
276.6631004810333,627,,,,,,,,,,0.028875290416181087
276.97348046302795,628,,,,,,,,,,0.05451454967260361
277.28610014915466,629,,,,,,,,,,0.042765792459249496
277.5966248512268,630,,,,,,,,,,0.0453444505110383
277.9118061065674,631,,,,,,,,,,0.04199404176324606
278.22365713119507,632,,,,,,,,,,0.03095505735836923
278.53450632095337,633,,,,,,,,,,0.025946100940927863
278.8515157699585,634,,,,,,,,,,0.06555771827697754
279.16549730300903,635,,,,,,,,,,0.03604765282943845
279.4763879776001,636,,,,,,,,,,0.06496431771665812
279.78867530822754,637,,,,,,,,,,0.03570864209905267
280.09981513023376,638,,,,,,,,,,0.035007674247026443
280.41224932670593,639,,,,,,,,,,0.048303811345249414
280.7317581176758,640,,,,,,,,,,0.024203088134527206
281.0429005622864,641,,,,,,,,,,0.03117677289992571
281.35458970069885,642,,,,,,,,,,0.031024523079395294
281.66766333580017,643,,,,,,,,,,0.03152152104303241
281.98028445243835,644,,,,,,,,,,0.025588778778910637
282.29125452041626,645,,,,,,,,,,0.03058361727744341
282.60133600234985,646,,,,,,,,,,0.06940450333058834
282.9142224788666,647,,,,,,,,,,0.03977743932045996
283.23331809043884,648,,,,,,,,,,0.04288763739168644
283.54523849487305,649,,,,,,,,,,0.03459547460079193
283.8572120666504,650,,,,,,,,,,0.034014059230685234
284.1708474159241,651,,,,,,,,,,0.047442879527807236
284.4814441204071,652,,,,,,,,,,0.04454881977289915
284.7939364910126,653,,,,,,,,,,0.03501877095550299
285.1054949760437,654,,,,,,,,,,0.03701230511069298
285.42293310165405,655,,,,,,,,,,0.03501866199076176
285.73716020584106,656,,,,,,,,,,0.03835220821201801
286.04946208000183,657,,,,,,,,,,0.0324499886482954
286.36250948905945,658,,,,,,,,,,0.059537094086408615
286.677197933197,659,,,,,,,,,,0.03485189005732536
286.98700070381165,660,,,,,,,,,,0.03700288478285074
287.3046727180481,661,,,,,,,,,,0.036610800540074706
287.6160469055176,662,,,,,,,,,,0.03845208045095205
287.93169808387756,663,,,,,,,,,,0.03104403568431735
288.24998235702515,664,,,,,,,,,,0.033607938792556524
288.5620620250702,665,,,,,,,,,,0.030499914195388556
288.8775157928467,666,,,,,,,,,,0.036745038349181414
289.20555567741394,667,,,,,,,,,,0.033867291174829006
289.51726722717285,668,,,,,,,,,,0.0542793539352715
289.82923412323,669,,,,,,,,,,0.026561759877949953
290.1423246860504,670,,,,,,,,,,0.0505203134380281
290.45663022994995,671,,,,,,,,,,0.03351555345579982
290.76800179481506,672,,,,,,,,,,0.036657730117440224
291.0854790210724,673,,,,,,,,,,0.035577740520238876
291.40982246398926,674,,,,,,,,,,0.040481685660779476
291.72326159477234,675,,,,,,,,,,0.03858416574075818
292.0351257324219,676,,,,,,,,,,0.030558188445866108
292.3471155166626,677,,,,,,,,,,0.05070512741804123
292.66038846969604,678,,,,,,,,,,0.04097982030361891
292.97017669677734,679,,,,,,,,,,0.024256516247987747
293.2817482948303,680,,,,,,,,,,0.035264115780591965
293.59363198280334,681,,,,,,,,,,0.042545925825834274
293.90736413002014,682,,,,,,,,,,0.03864191938191652
294.2232356071472,683,,,,,,,,,,0.05980454292148352
294.5343186855316,684,,,,,,,,,,0.03162881825119257
294.8489966392517,685,,,,,,,,,,0.030938948038965464
295.1629796028137,686,,,,,,,,,,0.030101250391453505
295.47949743270874,687,,,,,,,,,,0.02341349679045379
295.7915391921997,688,,,,,,,,,,0.031919214176014066
296.10207200050354,689,,,,,,,,,,0.04499183828011155
296.41396164894104,690,,,,,,,,,,0.02971730357967317
296.7339038848877,691,,,,,,,,,,0.027817106805741787
297.0444321632385,692,,,,,,,,,,0.04098199028521776
297.3580656051636,693,,,,,,,,,,0.06713354587554932
297.6705391407013,694,,,,,,,,,,0.03926951438188553
297.9817867279053,695,,,,,,,,,,0.020151785109192133
298.2942214012146,696,,,,,,,,,,0.0571556156501174
298.6184434890747,697,,,,,,,,,,0.04789023473858833
298.9436254501343,698,,,,,,,,,,0.0320481036324054
299.2578728199005,699,,,,,,,,,,0.044369423761963844
299.57946157455444,700,,,,,,,,,,0.03351321583613753
299.8979797363281,701,,,,,,,,,,0.04308656416833401
300.2092230319977,702,,,,,,,,,,0.03186794952489436
300.5206196308136,703,,,,,,,,,,0.028532501310110092
300.83232140541077,704,,,,,,,,,,0.0226953134406358
301.14621090888977,705,,,,,,,,,,0.01777082704938948
301.45791959762573,706,,,,,,,,,,0.03984570736065507
301.769992351532,707,,,,,,,,,,0.02881570253521204
302.0824542045593,708,,,,,,,,,,0.03384992387145758
302.3945310115814,709,,,,,,,,,,0.027209104038774967
302.71296405792236,710,,,,,,,,,,0.026697604916989803
303.03036403656006,711,,,,,,,,,,0.019952608738094568
303.34319162368774,712,,,,,,,,,,0.043884364888072014
303.65585446357727,713,,,,,,,,,,0.03826035303063691
303.97134041786194,714,,,,,,,,,,0.021641697036102414
304.28418469429016,715,,,,,,,,,,0.039507677778601646
304.5959701538086,716,,,,,,,,,,0.04693342326208949
304.9081461429596,717,,,,,,,,,,0.023723119404166937
305.22138714790344,718,,,,,,,,,,0.046740295831114054
305.5328359603882,719,,,,,,,,,,0.039214701391756535
305.8470914363861,720,,,,,,,,,,0.03506578924134374
306.1594696044922,721,,,,,,,,,,0.04497331380844116
306.4706304073334,722,,,,,,,,,,0.04446575790643692
306.782301902771,723,,,,,,,,,,0.032102240016683936
307.09291315078735,724,,,,,,,,,,0.044170254841446877
307.40538239479065,725,,,,,,,,,,0.032321322709321976
307.7213623523712,726,,,,,,,,,,0.04608252225443721
308.0324664115906,727,,,,,,,,,,0.03862687526270747
308.34461092948914,728,,,,,,,,,,0.029826550744473934
308.6601095199585,729,,,,,,,,,,0.03966493904590607
308.970662355423,730,,,,,,,,,,0.02607326745055616
309.28683638572693,731,,,,,,,,,,0.04504848876968026
309.59726119041443,732,,,,,,,,,,0.04369551595300436
309.91241812705994,733,,,,,,,,,,0.03127205139026046
310.2343804836273,734,,,,,,,,,,0.05256284400820732
310.54623222351074,735,,,,,,,,,,0.0474032664205879
310.85773611068726,736,,,,,,,,,,0.028106120880693197
311.1684310436249,737,,,,,,,,,,0.027966622728854418
311.47856426239014,738,,,,,,,,,,0.03541323821991682
311.7987651824951,739,,,,,,,,,,0.04749068454839289
312.10919165611267,740,,,,,,,,,,0.0417639366351068
312.42474842071533,741,,,,,,,,,,0.029849366284906864
312.7451102733612,742,,,,,,,,,,0.05082566570490599
313.05580472946167,743,,,,,,,,,,0.03903911355882883
313.37119245529175,744,,,,,,,,,,0.04270039964467287
313.6854395866394,745,,,,,,,,,,0.02768868301063776
314.0003683567047,746,,,,,,,,,,0.03662436222657561
314.3237910270691,747,,,,,,,,,,0.029914759565144777
314.63466930389404,748,,,,,,,,,,0.03824616922065616
314.9496011734009,749,,,,,,,,,,0.03740203287452459
315.26270818710327,750,,,,,,,,,,0.029849734622985125
315.5748600959778,751,,,,,,,,,,0.030207538860850036
315.88619899749756,752,,,,,,,,,,0.046924059046432376
316.1974787712097,753,,,,,,,,,,0.028482816298492253
316.5086808204651,754,,,,,,,,,,0.042542228009551764
316.833735704422,755,,,,,,,,,,0.048630992881953716
317.14670610427856,756,,,,,,,,,,0.034261231776326895
317.4630169868469,757,,,,,,,,,,0.03302837489172816
317.77909111976624,758,,,,,,,,,,0.03362191910855472
318.0901207923889,759,,,,,,,,,,0.03146986151114106
318.4052803516388,760,,,,,,,,,,0.027714660856872797
318.71830582618713,761,,,,,,,,,,0.033278720919042826
319.0311076641083,762,,,,,,,,,,0.048063088208436966
319.36448192596436,763,,,,,,,,,,0.04542889446020126
319.67558574676514,764,,,,,,,,,,0.03418750944547355
319.9898784160614,765,,,,,,,,,,0.03134794579818845
320.3021354675293,766,,,,,,,,,,0.04826441314071417
320.61278009414673,767,,,,,,,,,,0.022900463547557592
320.9237570762634,768,,,,,,,,,,0.025668479967862368
321.25017189979553,769,,,,,,,,,,0.039925964549183846
321.5622682571411,770,,,,,,,,,,0.034703866112977266
321.87620878219604,771,,,,,,,,,,0.03423731401562691
322.1917049884796,772,,,,,,,,,,0.030931288143619895
322.50749158859253,773,,,,,,,,,,0.020047085359692574
322.824191570282,774,,,,,,,,,,0.024777896469458938
323.1375308036804,775,,,,,,,,,,0.03272618493065238
323.45098400115967,776,,,,,,,,,,0.04880704544484615
323.76195096969604,777,,,,,,,,,,0.03698987700045109
324.07289719581604,778,,,,,,,,,,0.02445874409750104
324.39036655426025,779,,,,,,,,,,0.03579589305445552
324.70579719543457,780,,,,,,,,,,0.04454432753846049
325.0245289802551,781,,,,,,,,,,0.02097294561099261
325.344838142395,782,,,,,,,,,,0.0316982283256948
325.65863013267517,783,,,,,,,,,,0.02433251217007637
325.97454023361206,784,,,,,,,,,,0.03965512756258249
326.29105734825134,785,,,,,,,,,,0.02603093348443508
326.6019334793091,786,,,,,,,,,,0.030865698121488094
326.9149720668793,787,,,,,,,,,,0.025015983963385224
327.23218631744385,788,,,,,,,,,,0.041462546680122614
327.5436260700226,789,,,,,,,,,,0.035774300806224346
327.85639452934265,790,,,,,,,,,,0.03227607486769557
328.1730318069458,791,,,,,,,,,,0.04993910435587168
328.48452830314636,792,,,,,,,,,,0.03087780112400651
328.80097222328186,793,,,,,,,,,,0.0322038228623569
329.1138198375702,794,,,,,,,,,,0.04174618050456047
329.42948365211487,795,,,,,,,,,,0.0415481673553586
329.7403790950775,796,,,,,,,,,,0.0381330824457109
330.05183124542236,797,,,,,,,,,,0.06683471519500017
330.37115931510925,798,,,,,,,,,,0.02886294201016426
330.6857342720032,799,,,,,,,,,,0.04072024393826723
330.99613976478577,800,,,,,,,,,,0.036196057219058275
331.3130130767822,801,,,,,,,,,,0.03373710555024445
331.6241569519043,802,,,,,,,,,,0.024410047102719545
331.93705129623413,803,,,,,,,,,,0.03552608657628298
332.2534246444702,804,,,,,,,,,,0.03684085048735142
332.56616282463074,805,,,,,,,,,,0.03356277849525213
332.89403557777405,806,,,,,,,,,,0.03374483063817024
333.21438670158386,807,,,,,,,,,,0.04268814902752638
333.5257112979889,808,,,,,,,,,,0.034516795771196485
333.8384962081909,809,,,,,,,,,,0.03926857956685126
334.1601450443268,810,,,,,,,,,,0.027246456826105714
334.4745171070099,811,,,,,,,,,,0.030734890140593052
334.7890713214874,812,,,,,,,,,,0.036598081700503826
335.10256028175354,813,,,,,,,,,,0.03973144060000777
335.4185163974762,814,,,,,,,,,,0.034879887010902166
335.73731660842896,815,,,,,,,,,,0.03704221290536225
336.0485534667969,816,,,,,,,,,,0.038914592703804374
336.3608446121216,817,,,,,,,,,,0.03206395544111729
336.6755471229553,818,,,,,,,,,,0.02635480836033821
336.98631739616394,819,,,,,,,,,,0.03189904987812042
337.30082416534424,820,,,,,,,,,,0.040823847986757755
337.61323404312134,821,,,,,,,,,,0.02618236793205142
337.92493963241577,822,,,,,,,,,,0.032080217730253935
338.2394263744354,823,,,,,,,,,,0.023355916142463684
338.55092000961304,824,,,,,,,,,,0.02857655007392168
338.86604475975037,825,,,,,,,,,,0.04019109159708023
339.1859669685364,826,,,,,,,,,,0.04292142577469349
339.49787521362305,827,,,,,,,,,,0.03754880093038082
339.8132016658783,828,,,,,,,,,,0.04089526692405343
340.12592458724976,829,,,,,,,,,,0.03502161963842809
340.4435577392578,830,,,,,,,,,,0.04060214338824153
340.7566113471985,831,,,,,,,,,,0.03189665684476495
341.06650137901306,832,,,,,,,,,,0.03241525171324611
341.3859453201294,833,,,,,,,,,,0.06951776659116149
341.7005126476288,834,,,,,,,,,,0.05102824466302991
342.01199078559875,835,,,,,,,,,,0.037205141969025135
342.32337832450867,836,,,,,,,,,,0.037566440645605326
342.63932180404663,837,,,,,,,,,,0.038467276375740767
342.9554398059845,838,,,,,,,,,,0.03284282749518752
343.26741075515747,839,,,,,,,,,,0.03646030789241195
343.5792043209076,840,,,,,,,,,,0.03654448431916535
343.9057309627533,841,,,,,,,,,,0.039371749851852655
344.217622756958,842,,,,,,,,,,0.025715752504765987
344.52904176712036,843,,,,,,,,,,0.025123056955635548
344.8401210308075,844,,,,,,,,,,0.02524933614768088
345.1538555622101,845,,,,,,,,,,0.043257066048681736
345.47420477867126,846,,,,,,,,,,0.03683236939832568
345.7877130508423,847,,,,,,,,,,0.040503652300685644
346.0987591743469,848,,,,,,,,,,0.02922607958316803
346.41197752952576,849,,,,,,,,,,0.036576383048668504
346.7284619808197,850,,,,,,,,,,0.03933970257639885
347.04044342041016,851,,,,,,,,,,0.02783392183482647
347.3567216396332,852,,,,,,,,,,0.02236137050203979
347.66955637931824,853,,,,,,,,,,0.03895551199093461
347.9851322174072,854,,,,,,,,,,0.03493155422620475
348.3008096218109,855,,,,,,,,,,0.03441657545045018
348.6113154888153,856,,,,,,,,,,0.027356966398656368
348.9238336086273,857,,,,,,,,,,0.03953409171663225
349.2434592247009,858,,,,,,,,,,0.025139696896076202
349.55585980415344,859,,,,,,,,,,0.036072907503694296
349.8751890659332,860,,,,,,,,,,0.03381844889372587
350.1902394294739,861,,,,,,,,,,0.026297849137336016
350.5020236968994,862,,,,,,,,,,0.04023260250687599
350.81595182418823,863,,,,,,,,,,0.047289363108575344
351.12725806236267,864,,,,,,,,,,0.03219939908012748
351.44197177886963,865,,,,,,,,,,0.0568389524705708
351.7539279460907,866,,,,,,,,,,0.03417766327038407
352.0642931461334,867,,,,,,,,,,0.02646363340318203
352.3767580986023,868,,,,,,,,,,0.04935072269290686
352.68864488601685,869,,,,,,,,,,0.034080554032698274
352.999370098114,870,,,,,,,,,,0.08432398550212383
353.3181095123291,871,,,,,,,,,,0.03692366695031524
353.62920451164246,872,,,,,,,,,,0.037498876452445984
353.9400622844696,873,,,,,,,,,,0.03928274288773537
354.2514491081238,874,,,,,,,,,,0.03601583279669285
354.56224298477173,875,,,,,,,,,,0.03295123390853405
354.8732318878174,876,,,,,,,,,,0.03278467617928982
355.2027406692505,877,,,,,,,,,,0.02560517843812704
355.51301980018616,878,,,,,,,,,,0.04287326755002141
355.83867955207825,879,,,,,,,,,,0.04543677996844053
356.15043544769287,880,,,,,,,,,,0.04413849115371704
356.46644473075867,881,,,,,,,,,,0.04248817963525653
356.7775661945343,882,,,,,,,,,,0.038369358982890844
357.0959780216217,883,,,,,,,,,,0.026838946156203747
357.40937209129333,884,,,,,,,,,,0.03272864455357194
357.7208161354065,885,,,,,,,,,,0.03248161543160677
358.03099822998047,886,,,,,,,,,,0.04157263785600662
358.3422269821167,887,,,,,,,,,,0.03307996271178126
358.65520763397217,888,,,,,,,,,,0.030916157644242048
358.96994614601135,889,,,,,,,,,,0.04325326485559344
359.2834482192993,890,,,,,,,,,,0.028304925188422203
359.5975935459137,891,,,,,,,,,,0.03350589284673333
359.90813159942627,892,,,,,,,,,,0.029409425100311637
360.2188982963562,893,,,,,,,,,,0.034805349074304104
360.529105424881,894,,,,,,,,,,0.026188681833446026
360.84362721443176,895,,,,,,,,,,0.024638650473207235
361.15680289268494,896,,,,,,,,,,0.032348647713661194
361.4761440753937,897,,,,,,,,,,0.04327248549088836
361.79359436035156,898,,,,,,,,,,0.04249814338982105
362.1224489212036,899,,,,,,,,,,0.031211997149512172
362.4355032444,900,,,,,,,,,,0.03449549223296344
362.74918389320374,901,,,,,,,,,,0.04554326133802533
363.06024956703186,902,,,,,,,,,,0.028814155608415604
363.37881088256836,903,,,,,,,,,,0.02616093633696437
363.690865278244,904,,,,,,,,,,0.03125910274684429
364.0014081001282,905,,,,,,,,,,0.03265123162418604
364.3141622543335,906,,,,,,,,,,0.027012808714061975
364.6250247955322,907,,,,,,,,,,0.0428631124086678
364.93762850761414,908,,,,,,,,,,0.03690059157088399
365.2548887729645,909,,,,,,,,,,0.01742363884113729
365.56592559814453,910,,,,,,,,,,0.03968395804986358
365.88453125953674,911,,,,,,,,,,0.02287407824769616
366.1965856552124,912,,,,,,,,,,0.05333245964720845
366.5127422809601,913,,,,,,,,,,0.03236424596980214
366.8235261440277,914,,,,,,,,,,0.045410698279738426
367.13524198532104,915,,,,,,,,,,0.03861988743301481
367.44730520248413,916,,,,,,,,,,0.028104867786169052
367.75898122787476,917,,,,,,,,,,0.02159816585481167
368.0694315433502,918,,,,,,,,,,0.03358983434736729
368.3869445323944,919,,,,,,,,,,0.036841097520664334
368.6980309486389,920,,,,,,,,,,0.03100091638043523
369.0090718269348,921,,,,,,,,,,0.03216220857575536
369.3287456035614,922,,,,,,,,,,0.026353730354458094
369.6417577266693,923,,,,,,,,,,0.03212972893379629
369.96371698379517,924,,,,,,,,,,0.03061347594484687
370.2786605358124,925,,,,,,,,,,0.03884331975132227
370.58915543556213,926,,,,,,,,,,0.04884279519319534
370.8997929096222,927,,,,,,,,,,0.043205671245232224
371.21112751960754,928,,,,,,,,,,0.04154244810342789
371.52208614349365,929,,,,,,,,,,0.056135169230401516
371.83301162719727,930,,,,,,,,,,0.04013616684824228
372.1440098285675,931,,,,,,,,,,0.031297808047384024
372.45450711250305,932,,,,,,,,,,0.021082594292238355
372.7745976448059,933,,,,,,,,,,0.05499245319515467
373.08484840393066,934,,,,,,,,,,0.027238805778324604
373.40478706359863,935,,,,,,,,,,0.03662149840965867
373.7159445285797,936,,,,,,,,,,0.045919016003608704
374.0258479118347,937,,,,,,,,,,0.04406383307650685
374.3372268676758,938,,,,,,,,,,0.021426236256957054
374.64920711517334,939,,,,,,,,,,0.035473932046443224
374.9652817249298,940,,,,,,,,,,0.04328787326812744
375.27720403671265,941,,,,,,,,,,0.024006482446566224
375.5877454280853,942,,,,,,,,,,0.03852026863023639
375.90408754348755,943,,,,,,,,,,0.03152610780671239
376.2176582813263,944,,,,,,,,,,0.051947076339274645
376.5288426876068,945,,,,,,,,,,0.051917205564677715
376.84021377563477,946,,,,,,,,,,0.030826321803033352
377.152494430542,947,,,,,,,,,,0.0368016273714602
377.4636387825012,948,,,,,,,,,,0.03686963813379407
377.78459095954895,949,,,,,,,,,,0.0295189181342721
378.09467005729675,950,,,,,,,,,,0.03922128025442362
378.40633177757263,951,,,,,,,,,,0.030853765085339546
378.7217538356781,952,,,,,,,,,,0.044349911622703075
379.0321309566498,953,,,,,,,,,,0.036574041936546564
379.345223903656,954,,,,,,,,,,0.037390855606645346
379.6578629016876,955,,,,,,,,,,0.03939635958522558
379.97303676605225,956,,,,,,,,,,0.03907633572816849
380.286105632782,957,,,,,,,,,,0.03513361094519496
380.5962190628052,958,,,,,,,,,,0.021180433686822653
380.9069528579712,959,,,,,,,,,,0.037166221998631954
381.21770548820496,960,,,,,,,,,,0.047487400472164154
381.52920031547546,961,,,,,,,,,,0.031394240679219365
381.8395097255707,962,,,,,,,,,,0.03455620934255421
382.1524577140808,963,,,,,,,,,,0.07210923731327057
382.4623472690582,964,,,,,,,,,,0.02839523460716009
382.772579908371,965,,,,,,,,,,0.030423394870013
383.0824177265167,966,,,,,,,,,,0.05573237733915448
383.3977417945862,967,,,,,,,,,,0.027148602530360222
383.7087845802307,968,,,,,,,,,,0.03717742953449488
384.0192675590515,969,,,,,,,,,,0.03521125204861164
384.33037996292114,970,,,,,,,,,,0.04376492463052273
384.6428916454315,971,,,,,,,,,,0.023298705695196986
384.9615247249603,972,,,,,,,,,,0.032783567905426025
385.27361369132996,973,,,,,,,,,,0.02205111109651625
385.5840058326721,974,,,,,,,,,,0.03265244048088789
385.9040718078613,975,,,,,,,,,,0.017966005951166153
386.2181463241577,976,,,,,,,,,,0.02717597922310233
386.5290114879608,977,,,,,,,,,,0.04879603604786098
386.84003376960754,978,,,,,,,,,,0.03363505518063903
387.157502412796,979,,,,,,,,,,0.04208328342065215
387.469064950943,980,,,,,,,,,,0.040890772361308336
387.78174781799316,981,,,,,,,,,,0.029392207274213433
388.0920088291168,982,,,,,,,,,,0.047309510409832
388.40619349479675,983,,,,,,,,,,0.026484266854822636
388.71849822998047,984,,,,,,,,,,0.055672573391348124
389.0294361114502,985,,,,,,,,,,0.04389660991728306
389.34323930740356,986,,,,,,,,,,0.033277216367423534
389.65365386009216,987,,,,,,,,,,0.029849369078874588
389.9639587402344,988,,,,,,,,,,0.032210232224315405
390.2777144908905,989,,,,,,,,,,0.03682152181863785
390.5878303050995,990,,,,,,,,,,0.042497141752392054
390.90244245529175,991,,,,,,,,,,0.03350731311365962
391.2132432460785,992,,,,,,,,,,0.022335892543196678
391.5239610671997,993,,,,,,,,,,0.05151808331720531
391.83660650253296,994,,,,,,,,,,0.029173647984862328
392.1523950099945,995,,,,,,,,,,0.03175297658890486
392.463237285614,996,,,,,,,,,,0.02171131526120007
392.78208684921265,997,,,,,,,,,,0.050244261510670185
393.091744184494,998,,,,,,,,,,0.057757629081606865
393.4051377773285,999,,,,,,,,,,0.03513434808701277
393.7156367301941,1000,0.7000831805350559,433660,430966,0.5385599832635626,0.9861088225828343,0.7007380063551318,0.6994295774159788,60369060,1009130,0.03498274553567171
408.41501808166504,1001,,,,,,,,,,0.03587603569030762
408.7311980724335,1002,,,,,,,,,,0.04349107202142477
409.0478413105011,1003,,,,,,,,,,0.02333820378407836
409.36416482925415,1004,,,,,,,,,,0.03853734862059355
409.6767120361328,1005,,,,,,,,,,0.05988467903807759
410.0064206123352,1006,,,,,,,,,,0.021179360803216696
410.32508540153503,1007,,,,,,,,,,0.027451480738818645
410.6363923549652,1008,,,,,,,,,,0.04093026416376233
410.9525520801544,1009,,,,,,,,,,0.06508601177483797
411.2774004936218,1010,,,,,,,,,,0.027320762863382697
411.59710335731506,1011,,,,,,,,,,0.027450593188405037
411.9160723686218,1012,,,,,,,,,,0.05554229114204645
412.23440766334534,1013,,,,,,,,,,0.03268064418807626
412.55077266693115,1014,,,,,,,,,,0.029035177547484636
412.875679731369,1015,,,,,,,,,,0.044088455848395824
413.2131292819977,1016,,,,,,,,,,0.028591338079422712
413.5299756526947,1017,,,,,,,,,,0.022661254042759538
413.84236454963684,1018,,,,,,,,,,0.024599106516689062
414.1589574813843,1019,,,,,,,,,,0.03656738484278321
414.47328758239746,1020,,,,,,,,,,0.033720596227794886
414.78638648986816,1021,,,,,,,,,,0.04263978824019432
415.1074118614197,1022,,,,,,,,,,0.03411977179348469
415.4258337020874,1023,,,,,,,,,,0.03778932988643646
415.7428734302521,1024,,,,,,,,,,0.03645832324400544
416.0575919151306,1025,,,,,,,,,,0.03760340018197894
416.3706305027008,1026,,,,,,,,,,0.036872121039777994
416.69349479675293,1027,,,,,,,,,,0.03506411239504814
417.0075640678406,1028,,,,,,,,,,0.023667231434956193
417.3213007450104,1029,,,,,,,,,,0.02486020838841796
417.6320948600769,1030,,,,,,,,,,0.05106631061062217
417.9440813064575,1031,,,,,,,,,,0.044740844052284956
418.25663018226624,1032,,,,,,,,,,0.05359473545104265
418.58095359802246,1033,,,,,,,,,,0.03459326270967722
418.89538741111755,1034,,,,,,,,,,0.04301875503733754
419.21022272109985,1035,,,,,,,,,,0.041496518068015575
419.52281069755554,1036,,,,,,,,,,0.03465829323977232
419.83504009246826,1037,,,,,,,,,,0.027090964373201132
420.1460404396057,1038,,,,,,,,,,0.030722223222255707
420.46033358573914,1039,,,,,,,,,,0.02959135314449668
420.77020621299744,1040,,,,,,,,,,0.019271013035904616
421.08071517944336,1041,,,,,,,,,,0.04104320053011179
421.39695596694946,1042,,,,,,,,,,0.020687720738351345
421.70852875709534,1043,,,,,,,,,,0.023829590529203415
422.01771330833435,1044,,,,,,,,,,0.08409703429788351
422.3296322822571,1045,,,,,,,,,,0.03902550134807825
422.640780210495,1046,,,,,,,,,,0.039331837091594934
422.9516429901123,1047,,,,,,,,,,0.05201846361160278
423.26470923423767,1048,,,,,,,,,,0.03686203761026263
423.5763535499573,1049,,,,,,,,,,0.032220611814409494
423.8908030986786,1050,,,,,,,,,,0.039567599538713694
424.2035527229309,1051,,,,,,,,,,0.026772793382406235
424.51979660987854,1052,,,,,,,,,,0.03139074658975005
424.836297750473,1053,,,,,,,,,,0.04660396184772253
425.1514799594879,1054,,,,,,,,,,0.020291845314204693
425.47256422042847,1055,,,,,,,,,,0.05070038419216871
425.790860414505,1056,,,,,,,,,,0.038247256306931376
426.101580619812,1057,,,,,,,,,,0.05774133373051882
426.41646027565,1058,,,,,,,,,,0.02814810909330845
426.7287368774414,1059,,,,,,,,,,0.03883251827210188
427.0486755371094,1060,,,,,,,,,,0.04052731487900019
427.36287474632263,1061,,,,,,,,,,0.04570337012410164
427.67514872550964,1062,,,,,,,,,,0.02218434028327465
427.9960060119629,1063,,,,,,,,,,0.02131984755396843
428.3080394268036,1064,,,,,,,,,,0.05146549781784415
428.61883878707886,1065,,,,,,,,,,0.05323913739994168
428.9308099746704,1066,,,,,,,,,,0.027802562341094017
429.2511956691742,1067,,,,,,,,,,0.029726647771894932
429.56320309638977,1068,,,,,,,,,,0.048838560469448566
429.87975239753723,1069,,,,,,,,,,0.03468454862013459
430.194993019104,1070,,,,,,,,,,0.021502407267689705
430.51830887794495,1071,,,,,,,,,,0.04051120579242706
430.8314197063446,1072,,,,,,,,,,0.030187016585841775
431.1430585384369,1073,,,,,,,,,,0.04198140371590853
431.4537010192871,1074,,,,,,,,,,0.01877951656933874
431.7649245262146,1075,,,,,,,,,,0.02380215935409069
432.0765702724457,1076,,,,,,,,,,0.08064313791692257
432.39325165748596,1077,,,,,,,,,,0.03362306603230536
432.705135345459,1078,,,,,,,,,,0.03444703062996268
433.03180861473083,1079,,,,,,,,,,0.03781744418665767
433.3464560508728,1080,,,,,,,,,,0.027009168174117804
433.6607105731964,1081,,,,,,,,,,0.03838224243372679
433.98209524154663,1082,,,,,,,,,,0.030287600122392178
434.2945668697357,1083,,,,,,,,,,0.037395060528069735
434.60591983795166,1084,,,,,,,,,,0.032771168276667595
434.919150352478,1085,,,,,,,,,,0.0173271547537297
435.23510241508484,1086,,,,,,,,,,0.030080835800617933
435.55443024635315,1087,,,,,,,,,,0.024888403713703156
435.8724594116211,1088,,,,,,,,,,0.025250914273783565
436.1851255893707,1089,,,,,,,,,,0.044914109632372856
436.49621391296387,1090,,,,,,,,,,0.03094728314317763
436.80897331237793,1091,,,,,,,,,,0.05621662409976125
437.1190688610077,1092,,,,,,,,,,0.024089482612907887
437.4335632324219,1093,,,,,,,,,,0.034367434680461884
437.7471354007721,1094,,,,,,,,,,0.04080028925091028
438.05821919441223,1095,,,,,,,,,,0.025098380632698536
438.3745324611664,1096,,,,,,,,,,0.04945617262274027
438.68601417541504,1097,,,,,,,,,,0.03133885096758604
438.99781823158264,1098,,,,,,,,,,0.023954159580171108
439.3137822151184,1099,,,,,,,,,,0.052363173104822636
439.62510800361633,1100,,,,,,,,,,0.027667339658364654
439.93816089630127,1101,,,,,,,,,,0.019714899826794863
440.26050448417664,1102,,,,,,,,,,0.06795246759429574
440.5725882053375,1103,,,,,,,,,,0.03684313548728824
440.8910572528839,1104,,,,,,,,,,0.04270953964442015
441.21002650260925,1105,,,,,,,,,,0.03220296651124954
441.52529764175415,1106,,,,,,,,,,0.02899843594059348
441.83619689941406,1107,,,,,,,,,,0.03317011357285082
442.14877820014954,1108,,,,,,,,,,0.025867399526759982
442.46476101875305,1109,,,,,,,,,,0.020382407237775624
442.7780466079712,1110,,,,,,,,,,0.031876720022410154
443.09027576446533,1111,,,,,,,,,,0.030357126612216234
443.40432119369507,1112,,,,,,,,,,0.03407418029382825
443.71621322631836,1113,,,,,,,,,,0.02405244344845414
444.02641010284424,1114,,,,,,,,,,0.022969096899032593
444.34428811073303,1115,,,,,,,,,,0.049564116867259145
444.6563081741333,1116,,,,,,,,,,0.04554315749555826
444.96737909317017,1117,,,,,,,,,,0.028278482612222433
445.2804231643677,1118,,,,,,,,,,0.04014103952795267
445.5918378829956,1119,,,,,,,,,,0.025582302827388048
445.90790271759033,1120,,,,,,,,,,0.049923344515264034
446.22091484069824,1121,,,,,,,,,,0.043417952954769135
446.53435349464417,1122,,,,,,,,,,0.03660416160710156
446.85002636909485,1123,,,,,,,,,,0.025929761584848166
447.166597366333,1124,,,,,,,,,,0.025596081046387553
447.4824628829956,1125,,,,,,,,,,0.03862034948542714
447.7982828617096,1126,,,,,,,,,,0.023663594154641032
448.1136145591736,1127,,,,,,,,,,0.04601211380213499
448.42656421661377,1128,,,,,,,,,,0.027668839786201715
448.7426743507385,1129,,,,,,,,,,0.03161077108234167
449.0558452606201,1130,,,,,,,,,,0.02999734226614237
449.373655796051,1131,,,,,,,,,,0.01915781176649034
449.6855878829956,1132,,,,,,,,,,0.031451729126274586
449.99794459342957,1133,,,,,,,,,,0.038792266510427
450.31117606163025,1134,,,,,,,,,,0.049822754226624966
450.62317538261414,1135,,,,,,,,,,0.034918298944830894
450.9387991428375,1136,,,,,,,,,,0.04051598906517029
451.2536437511444,1137,,,,,,,,,,0.031156975775957108
451.56553745269775,1138,,,,,,,,,,0.04195812018588185
451.87736439704895,1139,,,,,,,,,,0.0420894087292254
452.1895241737366,1140,,,,,,,,,,0.04088427638635039
452.5043160915375,1141,,,,,,,,,,0.023362037260085344
452.82518887519836,1142,,,,,,,,,,0.03268034313805401
453.1418023109436,1143,,,,,,,,,,0.027249626349657774
453.45443964004517,1144,,,,,,,,,,0.03570095216855407
453.76683354377747,1145,,,,,,,,,,0.03168755862861872
454.07848501205444,1146,,,,,,,,,,0.03192656207829714
454.4012804031372,1147,,,,,,,,,,0.019890768686309457
454.7139358520508,1148,,,,,,,,,,0.04066857136785984
455.02688479423523,1149,,,,,,,,,,0.040789535734802485
455.340345621109,1150,,,,,,,,,,0.04359415313228965
455.65470600128174,1151,,,,,,,,,,0.023961877217516303
455.969788312912,1152,,,,,,,,,,0.02465280774049461
456.2861657142639,1153,,,,,,,,,,0.02069560531526804
456.59748578071594,1154,,,,,,,,,,0.022477710153907537
456.91064953804016,1155,,,,,,,,,,0.03612419404089451
457.2258651256561,1156,,,,,,,,,,0.02794749359600246
457.5379400253296,1157,,,,,,,,,,0.04042032640427351
457.84991550445557,1158,,,,,,,,,,0.03767232922837138
458.1721889972687,1159,,,,,,,,,,0.02292570285499096
458.4843006134033,1160,,,,,,,,,,0.04243415407836437
458.8010368347168,1161,,,,,,,,,,0.02472883486188948
459.1122419834137,1162,,,,,,,,,,0.04556781379505992
459.4352934360504,1163,,,,,,,,,,0.03452466148883104
459.7505609989166,1164,,,,,,,,,,0.0284987383056432
460.0644783973694,1165,,,,,,,,,,0.042328393552452326
460.38216853141785,1166,,,,,,,,,,0.027016318636015058
460.7045428752899,1167,,,,,,,,,,0.020905063720420003
461.01760816574097,1168,,,,,,,,,,0.02516922540962696
461.3287627696991,1169,,,,,,,,,,0.028985160402953625
461.6399755477905,1170,,,,,,,,,,0.03514173347502947
461.951700925827,1171,,,,,,,,,,0.03964544925838709
462.26268243789673,1172,,,,,,,,,,0.029872695449739695
462.57409715652466,1173,,,,,,,,,,0.039573540445417166
462.8915002346039,1174,,,,,,,,,,0.03637670329771936
463.20353984832764,1175,,,,,,,,,,0.053441097028553486
463.51524329185486,1176,,,,,,,,,,0.027187507250346243
463.8315737247467,1177,,,,,,,,,,0.03846705798059702
464.142778635025,1178,,,,,,,,,,0.02100752736441791
464.45571541786194,1179,,,,,,,,,,0.03250506427139044
464.7679805755615,1180,,,,,,,,,,0.0438390476629138
465.07990288734436,1181,,,,,,,,,,0.026096772402524948
465.3998668193817,1182,,,,,,,,,,0.02546463394537568
465.71550250053406,1183,,,,,,,,,,0.035078114829957485
466.0264506340027,1184,,,,,,,,,,0.040303937159478664
466.344642162323,1185,,,,,,,,,,0.04188687540590763
466.65698504447937,1186,,,,,,,,,,0.02717915561515838
466.96861243247986,1187,,,,,,,,,,0.032872384414076805
467.2807819843292,1188,,,,,,,,,,0.027000715024769306
467.6007676124573,1189,,,,,,,,,,0.054511054418981075
467.91195607185364,1190,,,,,,,,,,0.020170152885839343
468.22938537597656,1191,,,,,,,,,,0.0267286931630224
468.5403296947479,1192,,,,,,,,,,0.04123363457620144
468.8521354198456,1193,,,,,,,,,,0.032198538072407246
469.16775274276733,1194,,,,,,,,,,0.03752625081688166
469.4823954105377,1195,,,,,,,,,,0.0394337922334671
469.79399251937866,1196,,,,,,,,,,0.03245290694758296
470.1064167022705,1197,,,,,,,,,,0.03527217032387853
470.42576479911804,1198,,,,,,,,,,0.021978765493258834
470.74247455596924,1199,,,,,,,,,,0.039309527492150664
471.058296918869,1200,,,,,,,,,,0.032813338097184896
471.37351632118225,1201,,,,,,,,,,0.02860255097039044
471.6847290992737,1202,,,,,,,,,,0.03353205323219299
471.99495673179626,1203,,,,,,,,,,0.04205548856407404
472.3144826889038,1204,,,,,,,,,,0.030537772574461997
472.62672543525696,1205,,,,,,,,,,0.03988079773262143
472.939377784729,1206,,,,,,,,,,0.029185514897108078
473.25162053108215,1207,,,,,,,,,,0.025970748160034418
473.5661482810974,1208,,,,,,,,,,0.04202683176845312
473.8798394203186,1209,,,,,,,,,,0.03151092305779457
474.19604539871216,1210,,,,,,,,,,0.04478647839277983
474.5087203979492,1211,,,,,,,,,,0.04539746046066284
474.8218057155609,1212,,,,,,,,,,0.030153966043144464
475.1352686882019,1213,,,,,,,,,,0.04091101326048374
475.45092034339905,1214,,,,,,,,,,0.017492656828835607
475.77086544036865,1215,,,,,,,,,,0.03659283835440874
476.08164954185486,1216,,,,,,,,,,0.04461835674010217
476.4026885032654,1217,,,,,,,,,,0.04483923688530922
476.71509861946106,1218,,,,,,,,,,0.03191926050931215
477.02638840675354,1219,,,,,,,,,,0.036634549498558044
477.3394067287445,1220,,,,,,,,,,0.025431078393012285
477.6538462638855,1221,,,,,,,,,,0.03389358567073941
477.96828389167786,1222,,,,,,,,,,0.024427006021142006
478.2898428440094,1223,,,,,,,,,,0.02398588042706251
478.6078586578369,1224,,,,,,,,,,0.03472212515771389
478.92405915260315,1225,,,,,,,,,,0.03668173309415579
479.2745678424835,1226,,,,,,,,,,0.04218841623514891
479.590252161026,1227,,,,,,,,,,0.04544327687472105
479.9036056995392,1228,,,,,,,,,,0.04466908052563667
480.2229976654053,1229,,,,,,,,,,0.033265333622694016
480.5381314754486,1230,,,,,,,,,,0.031038313172757626
480.87545561790466,1231,,,,,,,,,,0.042144437320530415
481.2192425727844,1232,,,,,,,,,,0.022735343780368567
481.63775086402893,1233,,,,,,,,,,0.023707854561507702
481.96167826652527,1234,,,,,,,,,,0.04334188345819712
482.32783126831055,1235,,,,,,,,,,0.05847178027033806
482.65440821647644,1236,,,,,,,,,,0.021377464290708303
482.9950838088989,1237,,,,,,,,,,0.0326097528450191
483.31996750831604,1238,,,,,,,,,,0.021446559112519026
483.63538336753845,1239,,,,,,,,,,0.04803844541311264
483.9519193172455,1240,,,,,,,,,,0.02159126359038055
484.281405210495,1241,,,,,,,,,,0.03042232571169734
484.5980315208435,1242,,,,,,,,,,0.024963393341749907
484.9169125556946,1243,,,,,,,,,,0.030773125123232603
485.23284935951233,1244,,,,,,,,,,0.019752978580072522
485.548198223114,1245,,,,,,,,,,0.022616703528910875
485.91599583625793,1246,,,,,,,,,,0.022783827502280474
486.25506711006165,1247,,,,,,,,,,0.03355181170627475
486.58317255973816,1248,,,,,,,,,,0.03736576158553362
486.8970263004303,1249,,,,,,,,,,0.0611839119810611
487.21210289001465,1250,,,,,,,,,,0.04679074976593256
487.5343704223633,1251,,,,,,,,,,0.01276381011120975
487.8717429637909,1252,,,,,,,,,,0.03780049458146095
488.1914129257202,1253,,,,,,,,,,0.03262206818908453
488.5058822631836,1254,,,,,,,,,,0.04441084573045373
488.8352355957031,1255,,,,,,,,,,0.03791620768606663
489.15086245536804,1256,,,,,,,,,,0.02485039341263473
489.469251871109,1257,,,,,,,,,,0.0398819565307349
489.78714179992676,1258,,,,,,,,,,0.04395643249154091
490.12528920173645,1259,,,,,,,,,,0.040477024391293526
490.45160150527954,1260,,,,,,,,,,0.020108743105083704
490.7753212451935,1261,,,,,,,,,,0.026827809866517782
491.0977611541748,1262,,,,,,,,,,0.03815567260608077
491.41177558898926,1263,,,,,,,,,,0.03966714348644018
491.79582715034485,1264,,,,,,,,,,0.034022364765405655
492.1153585910797,1265,,,,,,,,,,0.031825874000787735
492.4392647743225,1266,,,,,,,,,,0.03601954272016883
492.77087807655334,1267,,,,,,,,,,0.024728568736463785
493.09267234802246,1268,,,,,,,,,,0.05087606725282967
493.4146902561188,1269,,,,,,,,,,0.04812287958338857
493.729430437088,1270,,,,,,,,,,0.03565392969176173
494.0432765483856,1271,,,,,,,,,,0.030720347072929144
494.3598577976227,1272,,,,,,,,,,0.02829480729997158
494.6721239089966,1273,,,,,,,,,,0.034512100741267204
494.98368096351624,1274,,,,,,,,,,0.01971429563127458
495.30309414863586,1275,,,,,,,,,,0.04772609192878008
495.6235649585724,1276,,,,,,,,,,0.022518597776070237
495.9378914833069,1277,,,,,,,,,,0.02081008953973651
496.2624168395996,1278,,,,,,,,,,0.03144627111032605
496.57621908187866,1279,,,,,,,,,,0.03627467900514603
496.89770698547363,1280,,,,,,,,,,0.029191303998231888
497.2119553089142,1281,,,,,,,,,,0.03569825505837798
497.5247428417206,1282,,,,,,,,,,0.030906892381608486
497.8530492782593,1283,,,,,,,,,,0.03618129715323448
498.16712522506714,1284,,,,,,,,,,0.0322805130854249
498.48089933395386,1285,,,,,,,,,,0.03506729286164045
498.7954239845276,1286,,,,,,,,,,0.020247730892151594
499.1079480648041,1287,,,,,,,,,,0.036095041781663895
499.43970561027527,1288,,,,,,,,,,0.04332301113754511
499.7706208229065,1289,,,,,,,,,,0.04882681183516979
500.09108686447144,1290,,,,,,,,,,0.037854031659662724
500.4222819805145,1291,,,,,,,,,,0.027686535380780697
500.74445056915283,1292,,,,,,,,,,0.029784186044707894
501.063152551651,1293,,,,,,,,,,0.031095348298549652
501.3894591331482,1294,,,,,,,,,,0.04335510637611151
501.7047185897827,1295,,,,,,,,,,0.031024227384477854
502.022225856781,1296,,,,,,,,,,0.03996334504336119
502.3585548400879,1297,,,,,,,,,,0.022914184723049402
502.6741247177124,1298,,,,,,,,,,0.028050231747329235
502.98940086364746,1299,,,,,,,,,,0.019184951204806566
503.30604314804077,1300,,,,,,,,,,0.04063390847295523
503.61940836906433,1301,,,,,,,,,,0.02698189637158066
503.9458951950073,1302,,,,,,,,,,0.028712368104606867
504.2598717212677,1303,,,,,,,,,,0.030326437205076218
504.5886721611023,1304,,,,,,,,,,0.043062022887170315
504.9009931087494,1305,,,,,,,,,,0.02961111580953002
505.21466159820557,1306,,,,,,,,,,0.02794917719438672
505.5289840698242,1307,,,,,,,,,,0.03826750395819545
505.8461618423462,1308,,,,,,,,,,0.03180442377924919
506.1829915046692,1309,,,,,,,,,,0.02909202827140689
506.50631618499756,1310,,,,,,,,,,0.049467196222394705
506.82172536849976,1311,,,,,,,,,,0.025179156800732017
507.1346232891083,1312,,,,,,,,,,0.022077253786846995
507.4515037536621,1313,,,,,,,,,,0.050665284506976604
507.7662320137024,1314,,,,,,,,,,0.03791749896481633
508.07761096954346,1315,,,,,,,,,,0.01923746126703918
508.4014563560486,1316,,,,,,,,,,0.026009794091805816
508.71744775772095,1317,,,,,,,,,,0.03759030066430569
509.0289554595947,1318,,,,,,,,,,0.030611814931035042
509.36282205581665,1319,,,,,,,,,,0.02049858937971294
509.685667514801,1320,,,,,,,,,,0.04064810974523425
509.99871802330017,1321,,,,,,,,,,0.03372118901461363
510.3142468929291,1322,,,,,,,,,,0.037974517326802015
510.6256949901581,1323,,,,,,,,,,0.03309380542486906
510.94202709198,1324,,,,,,,,,,0.0371809396892786
511.25871086120605,1325,,,,,,,,,,0.03731977427378297
511.57037138938904,1326,,,,,,,,,,0.03408224927261472
511.8831741809845,1327,,,,,,,,,,0.024028073297813535
512.197812795639,1328,,,,,,,,,,0.02713727578520775
512.5100293159485,1329,,,,,,,,,,0.03449206706136465
512.8221247196198,1330,,,,,,,,,,0.03493009228259325
513.1380228996277,1331,,,,,,,,,,0.02510984754189849
513.4505186080933,1332,,,,,,,,,,0.030690439976751804
513.7880065441132,1333,,,,,,,,,,0.02814123430289328
514.1083815097809,1334,,,,,,,,,,0.042062452994287014
514.427396774292,1335,,,,,,,,,,0.0308678075671196
514.740700006485,1336,,,,,,,,,,0.02975358860567212
515.0761704444885,1337,,,,,,,,,,0.046746574342250824
515.3998281955719,1338,,,,,,,,,,0.03360295156016946
515.7155950069427,1339,,,,,,,,,,0.018021161202341318
516.03559923172,1340,,,,,,,,,,0.04327862709760666
516.3553473949432,1341,,,,,,,,,,0.03523360751569271
516.6741058826447,1342,,,,,,,,,,0.03418766055256128
516.9862418174744,1343,,,,,,,,,,0.033895101863890886
517.3049728870392,1344,,,,,,,,,,0.04759858548641205
517.6170029640198,1345,,,,,,,,,,0.03658658126369119
517.933755159378,1346,,,,,,,,,,0.03539599059149623
518.253963470459,1347,,,,,,,,,,0.032068013213574886
518.5701053142548,1348,,,,,,,,,,0.03163575194776058
518.8873872756958,1349,,,,,,,,,,0.02683283411897719
519.2027645111084,1350,,,,,,,,,,0.05623951554298401
519.5161082744598,1351,,,,,,,,,,0.027967589674517512
519.8322095870972,1352,,,,,,,,,,0.03410510625690222
520.1485195159912,1353,,,,,,,,,,0.05292976554483175
520.4643108844757,1354,,,,,,,,,,0.04588541481643915
520.7964897155762,1355,,,,,,,,,,0.03410865040495992
521.1125967502594,1356,,,,,,,,,,0.029401387088000774
521.4261932373047,1357,,,,,,,,,,0.040654232376255095
521.743191242218,1358,,,,,,,,,,0.02927025849930942
522.0650820732117,1359,,,,,,,,,,0.047722477465867996
522.3794331550598,1360,,,,,,,,,,0.019532288541086018
522.6911137104034,1361,,,,,,,,,,0.0393925360403955
523.0080964565277,1362,,,,,,,,,,0.029109931783750653
523.3203682899475,1363,,,,,,,,,,0.04110634606331587
523.6325504779816,1364,,,,,,,,,,0.04247584380209446
523.9461131095886,1365,,,,,,,,,,0.03632345516234636
524.2571845054626,1366,,,,,,,,,,0.03658290347084403
524.5693175792694,1367,,,,,,,,,,0.03206890029832721
524.8911254405975,1368,,,,,,,,,,0.023007492534816265
525.2039077281952,1369,,,,,,,,,,0.02838807413354516
525.5155956745148,1370,,,,,,,,,,0.03139516059309244
525.8271970748901,1371,,,,,,,,,,0.018016390735283494
526.138888835907,1372,,,,,,,,,,0.047428544610738754
526.4513914585114,1373,,,,,,,,,,0.03868539910763502
526.7632291316986,1374,,,,,,,,,,0.02824063040316105
527.0771048069,1375,,,,,,,,,,0.03252877132035792
527.3936769962311,1376,,,,,,,,,,0.0260545015335083
527.710346698761,1377,,,,,,,,,,0.01855155359953642
528.0340328216553,1378,,,,,,,,,,0.03786048712208867
528.3504602909088,1379,,,,,,,,,,0.024124953197315335
528.6624901294708,1380,,,,,,,,,,0.030761986505240202
528.9769086837769,1381,,,,,,,,,,0.029715598095208406
529.2925705909729,1382,,,,,,,,,,0.01752349059097469
529.6057753562927,1383,,,,,,,,,,0.030981434974819422
529.92160820961,1384,,,,,,,,,,0.02273247903212905
530.2406094074249,1385,,,,,,,,,,0.03840875905007124
530.5527582168579,1386,,,,,,,,,,0.02408040384761989
530.8679900169373,1387,,,,,,,,,,0.05262968270108104
531.1860015392303,1388,,,,,,,,,,0.03266534861177206
531.4973146915436,1389,,,,,,,,,,0.02684488706290722
531.8161270618439,1390,,,,,,,,,,0.03835798008367419
532.1285107135773,1391,,,,,,,,,,0.04217556118965149
532.4451775550842,1392,,,,,,,,,,0.03700108686462045
532.7563390731812,1393,,,,,,,,,,0.01609908288810402
533.0688536167145,1394,,,,,,,,,,0.07492462592199445
533.3858892917633,1395,,,,,,,,,,0.0434722057543695
533.6981630325317,1396,,,,,,,,,,0.04852225841023028
534.0099816322327,1397,,,,,,,,,,0.048501179087907076
534.325784444809,1398,,,,,,,,,,0.038654633797705173
534.6390509605408,1399,,,,,,,,,,0.04516070894896984
534.950501203537,1400,,,,,,,,,,0.039835440926253796
535.263350725174,1401,,,,,,,,,,0.04200321901589632
535.5756967067719,1402,,,,,,,,,,0.04843019461259246
535.8915572166443,1403,,,,,,,,,,0.035461545921862125
536.2076613903046,1404,,,,,,,,,,0.04848584486171603
536.5199468135834,1405,,,,,,,,,,0.03025821689516306
536.8335359096527,1406,,,,,,,,,,0.03705838439054787
537.1473047733307,1407,,,,,,,,,,0.020843094680458307
537.4592001438141,1408,,,,,,,,,,0.04418895998969674
537.7714264392853,1409,,,,,,,,,,0.03999966662377119
538.0824983119965,1410,,,,,,,,,,0.033188283909112215
538.3966500759125,1411,,,,,,,,,,0.029166230466216803
538.7106037139893,1412,,,,,,,,,,0.049427964724600315
539.026312828064,1413,,,,,,,,,,0.03211817191913724
539.3443808555603,1414,,,,,,,,,,0.03662619041278958
539.6586666107178,1415,,,,,,,,,,0.03820464247837663
539.9752600193024,1416,,,,,,,,,,0.047319148667156696
540.2891089916229,1417,,,,,,,,,,0.03225394571200013
540.5999569892883,1418,,,,,,,,,,0.030143422074615955
540.918426990509,1419,,,,,,,,,,0.034243756672367454
541.2370400428772,1420,,,,,,,,,,0.02707943320274353
541.5616636276245,1421,,,,,,,,,,0.03826895821839571
541.874125957489,1422,,,,,,,,,,0.020780750084668398
542.1861054897308,1423,,,,,,,,,,0.02489524520933628
542.4974982738495,1424,,,,,,,,,,0.061623160261660814
542.813889503479,1425,,,,,,,,,,0.03963518422096968
543.1241447925568,1426,,,,,,,,,,0.02723258128389716
543.4400179386139,1427,,,,,,,,,,0.028537407517433167
543.7554032802582,1428,,,,,,,,,,0.026000033598393202
544.0663859844208,1429,,,,,,,,,,0.025861625093966722
544.3841650485992,1430,,,,,,,,,,0.03910779906436801
544.6967568397522,1431,,,,,,,,,,0.045509083196520805
545.0102028846741,1432,,,,,,,,,,0.03482263069599867
545.3288321495056,1433,,,,,,,,,,0.04682962130755186
545.6421818733215,1434,,,,,,,,,,0.0411940012127161
545.9581387042999,1435,,,,,,,,,,0.0316935726441443
546.2697455883026,1436,,,,,,,,,,0.02413466339930892
546.5865962505341,1437,,,,,,,,,,0.04543436667881906
546.903561592102,1438,,,,,,,,,,0.02458863495849073
547.2210826873779,1439,,,,,,,,,,0.06597253028303385
547.5326104164124,1440,,,,,,,,,,0.03430580394342542
547.8453741073608,1441,,,,,,,,,,0.04846176225692034
548.1571822166443,1442,,,,,,,,,,0.03778920229524374
548.4739372730255,1443,,,,,,,,,,0.029374991077929735
548.7866146564484,1444,,,,,,,,,,0.025055434554815292
549.0978753566742,1445,,,,,,,,,,0.019654013449326158
549.412335395813,1446,,,,,,,,,,0.035762890707701445
549.7246646881104,1447,,,,,,,,,,0.04461411386728287
550.0354101657867,1448,,,,,,,,,,0.02501427906099707
550.3538012504578,1449,,,,,,,,,,0.04052124731242657
550.6723699569702,1450,,,,,,,,,,0.02372049749828875
550.989022731781,1451,,,,,,,,,,0.025929647032171488
551.3020575046539,1452,,,,,,,,,,0.029741459991782904
551.6139450073242,1453,,,,,,,,,,0.02840286958962679
551.9274616241455,1454,,,,,,,,,,0.0217487612972036
552.2401580810547,1455,,,,,,,,,,0.05347338691353798
552.5538430213928,1456,,,,,,,,,,0.03158209519460797
552.8675684928894,1457,,,,,,,,,,0.04834400024265051
553.1791534423828,1458,,,,,,,,,,0.028860293328762054
553.4910001754761,1459,,,,,,,,,,0.02576182782649994
553.8079082965851,1460,,,,,,,,,,0.017685679253190756
554.1227111816406,1461,,,,,,,,,,0.019004637142643332
554.4437794685364,1462,,,,,,,,,,0.03205776633694768
554.7635571956635,1463,,,,,,,,,,0.04397827759385109
555.0766162872314,1464,,,,,,,,,,0.056103191804140806
555.4112467765808,1465,,,,,,,,,,0.04089086689054966
555.7319571971893,1466,,,,,,,,,,0.03287090640515089
556.0542821884155,1467,,,,,,,,,,0.03548345575109124
556.376638174057,1468,,,,,,,,,,0.02987162536010146
556.6900675296783,1469,,,,,,,,,,0.03180874465033412
557.005188703537,1470,,,,,,,,,,0.03307717712596059
557.3200685977936,1471,,,,,,,,,,0.031570079270750284
557.6553466320038,1472,,,,,,,,,,0.040632103802636266
557.9889049530029,1473,,,,,,,,,,0.027462091529741883
558.3126375675201,1474,,,,,,,,,,0.021755949361249804
558.625321149826,1475,,,,,,,,,,0.037810268346220255
558.9410531520844,1476,,,,,,,,,,0.05422654747962952
559.2546942234039,1477,,,,,,,,,,0.03142448444850743
559.5975279808044,1478,,,,,,,,,,0.04207776300609112
560.2375016212463,1479,,,,,,,,,,0.03916081506758928
560.6424798965454,1480,,,,,,,,,,0.026720045716501772
561.0789904594421,1481,,,,,,,,,,0.030945065896958113
561.4249861240387,1482,,,,,,,,,,0.04272181447595358
561.7720863819122,1483,,,,,,,,,,0.02373709180392325
562.0982089042664,1484,,,,,,,,,,0.03904506890103221
562.4386069774628,1485,,,,,,,,,,0.028950528241693974
562.7712466716766,1486,,,,,,,,,,0.024529955815523863
563.093487739563,1487,,,,,,,,,,0.037893857806921005
563.4098443984985,1488,,,,,,,,,,0.038591090589761734
563.7332744598389,1489,,,,,,,,,,0.03592267259955406
564.064861536026,1490,,,,,,,,,,0.03575626481324434
564.4482324123383,1491,,,,,,,,,,0.03470718255266547
564.835104227066,1492,,,,,,,,,,0.030830186791718006
565.2277631759644,1493,,,,,,,,,,0.02491347282193601
565.5840435028076,1494,,,,,,,,,,0.03329682629555464
565.9704394340515,1495,,,,,,,,,,0.03687332081608474
566.3105273246765,1496,,,,,,,,,,0.02218643156811595
566.634928226471,1497,,,,,,,,,,0.0338572021573782
566.970053434372,1498,,,,,,,,,,0.012299668043851852
567.2924015522003,1499,,,,,,,,,,0.03027114807628095
567.6338260173798,1500,0.7033736252457337,551904,199504,0.5424643821386427,0.9879277955547513,0.8170342721411605,0.6174744765350467,60600522,890886,0.057210745522752404
582.973135471344,1501,,,,,,,,,,0.03546725166961551
583.3063397407532,1502,,,,,,,,,,0.02403011405840516
583.6564054489136,1503,,,,,,,,,,0.038414483424276114
584.0188114643097,1504,,,,,,,,,,0.026451048906892538
584.3727517127991,1505,,,,,,,,,,0.033280746545642614
584.7240743637085,1506,,,,,,,,,,0.030611444264650345
585.071545124054,1507,,,,,,,,,,0.02738237869925797
585.4109387397766,1508,,,,,,,,,,0.028452222235500813
585.7543823719025,1509,,,,,,,,,,0.024685504846274853
586.0943803787231,1510,,,,,,,,,,0.02555776573717594
586.4280970096588,1511,,,,,,,,,,0.026843116153031588
586.7570886611938,1512,,,,,,,,,,0.0521133067086339
587.0862131118774,1513,,,,,,,,,,0.036201937356963754
587.4238526821136,1514,,,,,,,,,,0.044650585390627384
587.7668991088867,1515,,,,,,,,,,0.03037151787430048
588.0919411182404,1516,,,,,,,,,,0.028162323869764805
588.422744512558,1517,,,,,,,,,,0.040076411329209805
588.7569954395294,1518,,,,,,,,,,0.02523737703450024
589.1188020706177,1519,,,,,,,,,,0.030942737590521574
589.4598896503448,1520,,,,,,,,,,0.04440785199403763
589.817587852478,1521,,,,,,,,,,0.033484657760709524
590.1743342876434,1522,,,,,,,,,,0.0429804720915854
590.5212445259094,1523,,,,,,,,,,0.02325149578973651
590.856696844101,1524,,,,,,,,,,0.02875292976386845
591.1903257369995,1525,,,,,,,,,,0.02927280915901065
591.52747797966,1526,,,,,,,,,,0.03943806001916528
591.8675184249878,1527,,,,,,,,,,0.03204709431156516
592.2063863277435,1528,,,,,,,,,,0.031019937712699175
592.5444195270538,1529,,,,,,,,,,0.029804788529872894
592.8723402023315,1530,,,,,,,,,,0.04461314529180527
593.1988966464996,1531,,,,,,,,,,0.043654381297528744
593.5543406009674,1532,,,,,,,,,,0.04260966368019581
593.8982241153717,1533,,,,,,,,,,0.03614515904337168
594.227650642395,1534,,,,,,,,,,0.04052392765879631
594.5681598186493,1535,,,,,,,,,,0.03268210496753454
594.89919090271,1536,,,,,,,,,,0.028013601433485746
595.2232162952423,1537,,,,,,,,,,0.03913028398528695
595.5522515773773,1538,,,,,,,,,,0.043160825967788696
595.8753442764282,1539,,,,,,,,,,0.026958671398460865
596.2151947021484,1540,,,,,,,,,,0.026079867966473103
596.5516700744629,1541,,,,,,,,,,0.034997919807210565
596.8862197399139,1542,,,,,,,,,,0.04350745817646384
597.2151029109955,1543,,,,,,,,,,0.06362049421295524
597.5388131141663,1544,,,,,,,,,,0.032201573718339205
597.8687124252319,1545,,,,,,,,,,0.036324022337794304
598.2026705741882,1546,,,,,,,,,,0.038873040582984686
598.5333185195923,1547,,,,,,,,,,0.027187642641365528
598.8724386692047,1548,,,,,,,,,,0.03881756658665836
599.2061924934387,1549,,,,,,,,,,0.025770107633434236
599.5809268951416,1550,,,,,,,,,,0.017256660386919975
599.9045906066895,1551,,,,,,,,,,0.04711532732471824
600.2515306472778,1552,,,,,,,,,,0.04945750581100583
600.5743017196655,1553,,,,,,,,,,0.04642402147874236
600.8979902267456,1554,,,,,,,,,,0.04743088176473975
601.2243893146515,1555,,,,,,,,,,0.03667213814333081
601.5553834438324,1556,,,,,,,,,,0.03102341527119279
601.8838346004486,1557,,,,,,,,,,0.05008826032280922
602.2171976566315,1558,,,,,,,,,,0.04092823900282383
602.5418043136597,1559,,,,,,,,,,0.0491092698648572
602.8693387508392,1560,,,,,,,,,,0.0323131550103426
603.2067172527313,1561,,,,,,,,,,0.03607981186360121
603.5311875343323,1562,,,,,,,,,,0.037677193991839886
603.8774046897888,1563,,,,,,,,,,0.05524379527196288
604.2161214351654,1564,,,,,,,,,,0.04213846381753683
604.5548982620239,1565,,,,,,,,,,0.03327822871506214
604.9036972522736,1566,,,,,,,,,,0.024098588386550546
605.2398381233215,1567,,,,,,,,,,0.02781110303476453
605.584849357605,1568,,,,,,,,,,0.04087777668610215
605.9219701290131,1569,,,,,,,,,,0.043179051484912634
606.2557315826416,1570,,,,,,,,,,0.04982765484601259
606.5966365337372,1571,,,,,,,,,,0.04048678278923035
606.9351024627686,1572,,,,,,,,,,0.034005497582256794
607.2720620632172,1573,,,,,,,,,,0.035950904712080956
607.6073987483978,1574,,,,,,,,,,0.022118656197562814
607.943192243576,1575,,,,,,,,,,0.03782653110101819
608.2832126617432,1576,,,,,,,,,,0.029310624580830336
608.6253175735474,1577,,,,,,,,,,0.03719370113685727
608.9521374702454,1578,,,,,,,,,,0.0394810289144516
609.2860932350159,1579,,,,,,,,,,0.03000236488878727
609.6101658344269,1580,,,,,,,,,,0.02380873216316104
609.9378051757812,1581,,,,,,,,,,0.04196870233863592
610.2648034095764,1582,,,,,,,,,,0.02356434240937233
610.5934102535248,1583,,,,,,,,,,0.029807113576680422
610.9226288795471,1584,,,,,,,,,,0.042249091900885105
611.2476205825806,1585,,,,,,,,,,0.034812500700354576
611.5729851722717,1586,,,,,,,,,,0.030538846971467137
611.8994269371033,1587,,,,,,,,,,0.03817777894437313
612.2214558124542,1588,,,,,,,,,,0.03507098322734237
612.5438897609711,1589,,,,,,,,,,0.033876591362059116
612.8722124099731,1590,,,,,,,,,,0.019701804965734482
613.2041187286377,1591,,,,,,,,,,0.03275298047810793
613.5294284820557,1592,,,,,,,,,,0.038784392178058624
613.8505249023438,1593,,,,,,,,,,0.03910753224045038
614.1739339828491,1594,,,,,,,,,,0.01822535810060799
614.4983336925507,1595,,,,,,,,,,0.032367104198783636
614.8216261863708,1596,,,,,,,,,,0.028701765928417444
615.1504068374634,1597,,,,,,,,,,0.023821650072932243
615.477153301239,1598,,,,,,,,,,0.037598618771880865
615.7990169525146,1599,,,,,,,,,,0.04466139618307352
616.1212801933289,1600,,,,,,,,,,0.024942017858847976
616.4472711086273,1601,,,,,,,,,,0.03433583281002939
616.7705218791962,1602,,,,,,,,,,0.04227864183485508
617.096999168396,1603,,,,,,,,,,0.03348538465797901
617.4193987846375,1604,,,,,,,,,,0.038171973545104265
617.7486221790314,1605,,,,,,,,,,0.030779707245528698
618.0685324668884,1606,,,,,,,,,,0.023787511978298426
618.3901591300964,1607,,,,,,,,,,0.030533417826518416
618.7183907032013,1608,,,,,,,,,,0.02281713008414954
619.0472021102905,1609,,,,,,,,,,0.034035848919302225
619.3713574409485,1610,,,,,,,,,,0.029005564749240875
619.6986186504364,1611,,,,,,,,,,0.03495652740821242
620.0361278057098,1612,,,,,,,,,,0.04123708140105009
620.3628838062286,1613,,,,,,,,,,0.04381001088768244
620.6876440048218,1614,,,,,,,,,,0.04110359866172075
621.0216290950775,1615,,,,,,,,,,0.023680253187194467
621.3420987129211,1616,,,,,,,,,,0.04462711326777935
621.6670889854431,1617,,,,,,,,,,0.02743804408237338
622.002046585083,1618,,,,,,,,,,0.035062387119978666
622.3232085704803,1619,,,,,,,,,,0.027247021440416574
622.6456408500671,1620,,,,,,,,,,0.023527786834165454
622.9789516925812,1621,,,,,,,,,,0.02631507720798254
623.3064515590668,1622,,,,,,,,,,0.04435301432386041
623.6397273540497,1623,,,,,,,,,,0.028697026893496513
623.9769005775452,1624,,,,,,,,,,0.035524592734873295
624.3209941387177,1625,,,,,,,,,,0.02613657817710191
624.6512906551361,1626,,,,,,,,,,0.041848701890558004
625.0092778205872,1627,,,,,,,,,,0.01860892539843917
625.3440260887146,1628,,,,,,,,,,0.029245804995298386
625.6670644283295,1629,,,,,,,,,,0.03552795108407736
625.9981858730316,1630,,,,,,,,,,0.01876126043498516
626.3378252983093,1631,,,,,,,,,,0.04175259592011571
626.6726462841034,1632,,,,,,,,,,0.02585825207643211
627.02192735672,1633,,,,,,,,,,0.03657173831015825
627.3741011619568,1634,,,,,,,,,,0.033512035850435495
627.7156031131744,1635,,,,,,,,,,0.022991425707004964
628.0547618865967,1636,,,,,,,,,,0.02773657930083573
628.3938035964966,1637,,,,,,,,,,0.035346778109669685
628.7234671115875,1638,,,,,,,,,,0.045354848727583885
629.0757448673248,1639,,,,,,,,,,0.0425158916041255
629.4708585739136,1640,,,,,,,,,,0.029701852705329657
629.9004855155945,1641,,,,,,,,,,0.03430936951190233
630.2616953849792,1642,,,,,,,,,,0.039865361992269754
630.6148686408997,1643,,,,,,,,,,0.028311317786574364
630.9489443302155,1644,,,,,,,,,,0.03466112818568945
631.3225481510162,1645,,,,,,,,,,0.02601373242214322
631.6988599300385,1646,,,,,,,,,,0.018674547085538507
632.0520582199097,1647,,,,,,,,,,0.03235010243952274
632.414571762085,1648,,,,,,,,,,0.02736776228994131
632.7729938030243,1649,,,,,,,,,,0.025199487688951194
633.1237351894379,1650,,,,,,,,,,0.03156361170113087
633.4604852199554,1651,,,,,,,,,,0.02798276161774993
633.8009698390961,1652,,,,,,,,,,0.024717654334381223
634.1467304229736,1653,,,,,,,,,,0.029476919036824256
634.4807794094086,1654,,,,,,,,,,0.05193418636918068
634.8264088630676,1655,,,,,,,,,,0.03135637380182743
635.1552674770355,1656,,,,,,,,,,0.029185194987803698
635.4885756969452,1657,,,,,,,,,,0.031076337210834026
635.8392283916473,1658,,,,,,,,,,0.03431752696633339
636.1729753017426,1659,,,,,,,,,,0.04576850729063153
636.5094499588013,1660,,,,,,,,,,0.028565299697220325
636.8922612667084,1661,,,,,,,,,,0.0239304571878165
637.2584722042084,1662,,,,,,,,,,0.02778738271445036
637.6506843566895,1663,,,,,,,,,,0.034757915418595076
638.003956079483,1664,,,,,,,,,,0.03165386896580458
638.3892886638641,1665,,,,,,,,,,0.04237409308552742
638.7714025974274,1666,,,,,,,,,,0.03788520582020283
639.13747382164,1667,,,,,,,,,,0.05748445633798838
639.5807111263275,1668,,,,,,,,,,0.042467862367630005
640.0072245597839,1669,,,,,,,,,,0.0327662848867476
640.3833122253418,1670,,,,,,,,,,0.028246933594346046
640.771693944931,1671,,,,,,,,,,0.017421976197510958
641.1220743656158,1672,,,,,,,,,,0.028724339324980974
641.4523425102234,1673,,,,,,,,,,0.04712126310914755
641.7942516803741,1674,,,,,,,,,,0.03177181538194418
642.1282548904419,1675,,,,,,,,,,0.02324110292829573
642.4767961502075,1676,,,,,,,,,,0.03094137366861105
642.8071012496948,1677,,,,,,,,,,0.035814485512673855
643.135812997818,1678,,,,,,,,,,0.05345873720943928
643.4608418941498,1679,,,,,,,,,,0.02922855829820037
643.7880363464355,1680,,,,,,,,,,0.044359690975397825
644.1165237426758,1681,,,,,,,,,,0.0434168572537601
644.4475500583649,1682,,,,,,,,,,0.03255016263574362
644.7751400470734,1683,,,,,,,,,,0.022266476415097713
645.0999133586884,1684,,,,,,,,,,0.02311029192060232
645.4505515098572,1685,,,,,,,,,,0.03384252870455384
645.7877690792084,1686,,,,,,,,,,0.04264808213338256
646.1087651252747,1687,,,,,,,,,,0.038202145136892796
646.4551560878754,1688,,,,,,,,,,0.028418343048542738
646.7939875125885,1689,,,,,,,,,,0.03155897418037057
647.1294269561768,1690,,,,,,,,,,0.051638140343129635
647.4602887630463,1691,,,,,,,,,,0.035677598556503654
647.7909142971039,1692,,,,,,,,,,0.035847848281264305
648.1220388412476,1693,,,,,,,,,,0.032061586156487465
648.457948923111,1694,,,,,,,,,,0.03338356874883175
648.7881574630737,1695,,,,,,,,,,0.03800385119393468
649.1188204288483,1696,,,,,,,,,,0.03047109767794609
649.4505088329315,1697,,,,,,,,,,0.04848261037841439
649.7809782028198,1698,,,,,,,,,,0.05980104859918356
650.1143941879272,1699,,,,,,,,,,0.027703304309397936
650.4427421092987,1700,,,,,,,,,,0.05169754521921277
650.7813522815704,1701,,,,,,,,,,0.02786800917237997
651.10400557518,1702,,,,,,,,,,0.03101785178296268
651.4374628067017,1703,,,,,,,,,,0.029356235172599554
651.7731125354767,1704,,,,,,,,,,0.017251109471544623
652.1016135215759,1705,,,,,,,,,,0.03352876706048846
652.4280240535736,1706,,,,,,,,,,0.04882246698252857
652.7574572563171,1707,,,,,,,,,,0.04625142179429531
653.0876693725586,1708,,,,,,,,,,0.02243227860890329
653.4152071475983,1709,,,,,,,,,,0.02416534861549735
653.7395293712616,1710,,,,,,,,,,0.03869005921296775
654.0676550865173,1711,,,,,,,,,,0.04105138126760721
654.3970437049866,1712,,,,,,,,,,0.03336658654734492
654.7258439064026,1713,,,,,,,,,,0.028113209875300527
655.0552082061768,1714,,,,,,,,,,0.030693394597619772
655.3943483829498,1715,,,,,,,,,,0.03194264927878976
655.7239947319031,1716,,,,,,,,,,0.04688654653728008
656.051741361618,1717,,,,,,,,,,0.026983340037986636
656.3783481121063,1718,,,,,,,,,,0.031908884178847075
656.7125282287598,1719,,,,,,,,,,0.026202654000371695
657.050311088562,1720,,,,,,,,,,0.03146047377958894
657.4070394039154,1721,,,,,,,,,,0.027404168155044317
657.7397334575653,1722,,,,,,,,,,0.0204820460639894
658.067421913147,1723,,,,,,,,,,0.03590552695095539
658.4030122756958,1724,,,,,,,,,,0.03429130278527737
658.7309432029724,1725,,,,,,,,,,0.02456088992767036
659.0592880249023,1726,,,,,,,,,,0.03352040471509099
659.4001548290253,1727,,,,,,,,,,0.03084057429805398
659.7352521419525,1728,,,,,,,,,,0.026510226540267467
660.0645439624786,1729,,,,,,,,,,0.03180209035053849
660.3947427272797,1730,,,,,,,,,,0.02387230412568897
660.7203378677368,1731,,,,,,,,,,0.04657295253127813
661.0394659042358,1732,,,,,,,,,,0.023154184222221375
661.3688025474548,1733,,,,,,,,,,0.026925931684672832
661.6947679519653,1734,,,,,,,,,,0.026673875283449888
662.0146238803864,1735,,,,,,,,,,0.032333801267668605
662.3444697856903,1736,,,,,,,,,,0.06682804692536592
662.6685311794281,1737,,,,,,,,,,0.03507588664069772
662.992270231247,1738,,,,,,,,,,0.030983055010437965
663.3214061260223,1739,,,,,,,,,,0.06586143700405955
663.6459484100342,1740,,,,,,,,,,0.022164775989949703
663.9733126163483,1741,,,,,,,,,,0.03589115827344358
664.3036394119263,1742,,,,,,,,,,0.023337326245382428
664.6272053718567,1743,,,,,,,,,,0.03339483216404915
664.9586095809937,1744,,,,,,,,,,0.02884560776874423
665.2976925373077,1745,,,,,,,,,,0.04885971499606967
665.6369709968567,1746,,,,,,,,,,0.021106426953338087
665.9645342826843,1747,,,,,,,,,,0.036872173892334104
666.2886028289795,1748,,,,,,,,,,0.035538496216759086
666.6159467697144,1749,,,,,,,,,,0.04416654538363218
666.9395294189453,1750,,,,,,,,,,0.022059036185964942
667.2696678638458,1751,,,,,,,,,,0.029536663088947535
667.5938837528229,1752,,,,,,,,,,0.020248619141057134
667.9334218502045,1753,,,,,,,,,,0.01437086018268019
668.2724854946136,1754,,,,,,,,,,0.042664040345698595
668.599883556366,1755,,,,,,,,,,0.024858500924892724
668.9323098659515,1756,,,,,,,,,,0.029486555140465498
669.2720789909363,1757,,,,,,,,,,0.013831493211910129
669.6034913063049,1758,,,,,,,,,,0.017752594780176878
669.9316160678864,1759,,,,,,,,,,0.029375537298619747
670.25430727005,1760,,,,,,,,,,0.0297921528108418
670.582811832428,1761,,,,,,,,,,0.03454376105219126
670.9160237312317,1762,,,,,,,,,,0.02763412706553936
671.2541961669922,1763,,,,,,,,,,0.02524723974056542
671.5841052532196,1764,,,,,,,,,,0.01748902117833495
671.9173352718353,1765,,,,,,,,,,0.04055331088602543
672.2520809173584,1766,,,,,,,,,,0.04700042866170406
672.5780475139618,1767,,,,,,,,,,0.034133104141801596
672.9001588821411,1768,,,,,,,,,,0.029714352451264858
673.2336990833282,1769,,,,,,,,,,0.027107331668958068
673.5678884983063,1770,,,,,,,,,,0.015018873382359743
673.891117811203,1771,,,,,,,,,,0.022913237335160375
674.2254309654236,1772,,,,,,,,,,0.018379051936790347
674.548684835434,1773,,,,,,,,,,0.04399633314460516
674.8757326602936,1774,,,,,,,,,,0.032409366220235825
675.2036371231079,1775,,,,,,,,,,0.04040886182337999
675.5253295898438,1776,,,,,,,,,,0.03235395951196551
675.8538951873779,1777,,,,,,,,,,0.03483282122761011
676.1869466304779,1778,,,,,,,,,,0.03839085146319121
676.5110745429993,1779,,,,,,,,,,0.044144400395452976
676.8491475582123,1780,,,,,,,,,,0.035295977257192135
677.1746182441711,1781,,,,,,,,,,0.020024794153869152
677.5107395648956,1782,,,,,,,,,,0.022444295696914196
677.8500964641571,1783,,,,,,,,,,0.03871485544368625
678.1744740009308,1784,,,,,,,,,,0.015287613496184349
678.5011811256409,1785,,,,,,,,,,0.050487515050917864
678.8270189762115,1786,,,,,,,,,,0.030727998819202185
679.1702122688293,1787,,,,,,,,,,0.02777014416642487
679.5059833526611,1788,,,,,,,,,,0.03953710105270147
679.8338105678558,1789,,,,,,,,,,0.02605579048395157
680.1944251060486,1790,,,,,,,,,,0.02942539448849857
680.5247390270233,1791,,,,,,,,,,0.02037913934327662
680.8502767086029,1792,,,,,,,,,,0.049982533790171146
681.1940863132477,1793,,,,,,,,,,0.030924739316105843
681.5208506584167,1794,,,,,,,,,,0.026696665678173304
681.8468539714813,1795,,,,,,,,,,0.04227382689714432
682.171148777008,1796,,,,,,,,,,0.05006098514422774
682.4997923374176,1797,,,,,,,,,,0.033763607032597065
682.8377592563629,1798,,,,,,,,,,0.023658948484808207
683.1628098487854,1799,,,,,,,,,,0.027563955634832382
683.4989399909973,1800,,,,,,,,,,0.02126592048443854
683.8212773799896,1801,,,,,,,,,,0.028485800605267286
684.1544723510742,1802,,,,,,,,,,0.025460161035880446
684.4863021373749,1803,,,,,,,,,,0.03931229060981423
684.8187527656555,1804,,,,,,,,,,0.02480944385752082
685.1525847911835,1805,,,,,,,,,,0.036328312242403626
685.4782481193542,1806,,,,,,,,,,0.0365897323936224
685.8051578998566,1807,,,,,,,,,,0.021819853223860264
686.1317210197449,1808,,,,,,,,,,0.03758316673338413
686.462789773941,1809,,,,,,,,,,0.024467269657179713
686.8010032176971,1810,,,,,,,,,,0.02578040154185146
687.130776643753,1811,,,,,,,,,,0.029362321365624666
687.466338634491,1812,,,,,,,,,,0.034687255043536425
687.8047807216644,1813,,,,,,,,,,0.025179830845445395
688.1380286216736,1814,,,,,,,,,,0.02408066811040044
688.4656095504761,1815,,,,,,,,,,0.015124775934964418
688.7940382957458,1816,,,,,,,,,,0.019796036853222176
689.1207616329193,1817,,,,,,,,,,0.028749283403158188
689.4543166160583,1818,,,,,,,,,,0.018400657456368208
689.7797105312347,1819,,,,,,,,,,0.029651312623173
690.1169676780701,1820,,,,,,,,,,0.0361726472619921
690.4476826190948,1821,,,,,,,,,,0.018919909605756402
690.776255607605,1822,,,,,,,,,,0.05003534536808729
691.1156315803528,1823,,,,,,,,,,0.03525862470269203
691.4539699554443,1824,,,,,,,,,,0.02757085138000548
691.7894115447998,1825,,,,,,,,,,0.029068782925605774
692.1187543869019,1826,,,,,,,,,,0.01767479511909187
692.4502282142639,1827,,,,,,,,,,0.02917351177893579
692.7795403003693,1828,,,,,,,,,,0.05222742725163698
693.1048843860626,1829,,,,,,,,,,0.015255747130140662
693.4413909912109,1830,,,,,,,,,,0.04215779388323426
693.7656605243683,1831,,,,,,,,,,0.03523061517626047
694.0916223526001,1832,,,,,,,,,,0.04303862899541855
694.4173514842987,1833,,,,,,,,,,0.05302241793833673
694.748265504837,1834,,,,,,,,,,0.029280556365847588
695.0885179042816,1835,,,,,,,,,,0.021881720633246005
695.4132812023163,1836,,,,,,,,,,0.02691587433218956
695.7459182739258,1837,,,,,,,,,,0.03354850085452199
696.0774767398834,1838,,,,,,,,,,0.03291493351571262
696.4192943572998,1839,,,,,,,,,,0.024371042847633362
696.751748085022,1840,,,,,,,,,,0.02785353409126401
697.0849747657776,1841,,,,,,,,,,0.028586108004674315
697.4095454216003,1842,,,,,,,,,,0.022621626500040293
697.7366156578064,1843,,,,,,,,,,0.02607505628839135
698.0669510364532,1844,,,,,,,,,,0.025556920329108834
698.3949875831604,1845,,,,,,,,,,0.03481705440208316
698.7204201221466,1846,,,,,,,,,,0.029993316624313593
699.0504910945892,1847,,,,,,,,,,0.02855319483205676
699.3825151920319,1848,,,,,,,,,,0.03413889044895768
699.719895362854,1849,,,,,,,,,,0.04774004826322198
700.0482397079468,1850,,,,,,,,,,0.03125532274134457
700.3739175796509,1851,,,,,,,,,,0.03351146820932627
700.7135169506073,1852,,,,,,,,,,0.05052826181054115
701.0376226902008,1853,,,,,,,,,,0.035529281944036484
701.3751771450043,1854,,,,,,,,,,0.0371441210154444
701.6990830898285,1855,,,,,,,,,,0.020023480523377657
702.0297343730927,1856,,,,,,,,,,0.026966317556798458
702.3577644824982,1857,,,,,,,,,,0.02677601226605475
702.6861753463745,1858,,,,,,,,,,0.028690147446468472
703.0115883350372,1859,,,,,,,,,,0.02288102451711893
703.3454639911652,1860,,,,,,,,,,0.03974958835169673
703.6778695583344,1861,,,,,,,,,,0.02939375350251794
703.999144077301,1862,,,,,,,,,,0.03207337437197566
704.3304762840271,1863,,,,,,,,,,0.029454021714627743
704.6642155647278,1864,,,,,,,,,,0.05508213257417083
704.98663854599,1865,,,,,,,,,,0.03452884033322334
705.3192200660706,1866,,,,,,,,,,0.026512630749493837
705.6501097679138,1867,,,,,,,,,,0.025217884220182896
705.9905664920807,1868,,,,,,,,,,0.040288007352501154
706.3215839862823,1869,,,,,,,,,,0.03025919897481799
706.6700506210327,1870,,,,,,,,,,0.033298034220933914
707.004819393158,1871,,,,,,,,,,0.02474272553808987
707.3418107032776,1872,,,,,,,,,,0.02671667840331793
707.668803691864,1873,,,,,,,,,,0.024789496324956417
707.9885892868042,1874,,,,,,,,,,0.03151226183399558
708.3198311328888,1875,,,,,,,,,,0.024266828317195177
708.6456689834595,1876,,,,,,,,,,0.05700494768097997
708.9779906272888,1877,,,,,,,,,,0.025861188303679228
709.3030722141266,1878,,,,,,,,,,0.03176750661805272
709.6358547210693,1879,,,,,,,,,,0.030570959206670523
709.9664511680603,1880,,,,,,,,,,0.038487767800688744
710.3019731044769,1881,,,,,,,,,,0.03159889578819275
710.6289277076721,1882,,,,,,,,,,0.02901619952172041
710.9539816379547,1883,,,,,,,,,,0.032181134913116693
711.2841982841492,1884,,,,,,,,,,0.049680262338370085
711.6168882846832,1885,,,,,,,,,,0.03332426631823182
711.9468305110931,1886,,,,,,,,,,0.028229234041646123
712.2746982574463,1887,,,,,,,,,,0.028802049113437533
712.6079246997833,1888,,,,,,,,,,0.030800883658230305
712.9374737739563,1889,,,,,,,,,,0.02173070691060275
713.2636620998383,1890,,,,,,,,,,0.03787654731422663
713.5941905975342,1891,,,,,,,,,,0.02481284039095044
713.9224302768707,1892,,,,,,,,,,0.03893366875126958
714.2582108974457,1893,,,,,,,,,,0.060195308178663254
714.58025598526,1894,,,,,,,,,,0.020459278719499707
714.9091324806213,1895,,,,,,,,,,0.03609493421390653
715.233345746994,1896,,,,,,,,,,0.030712752137333155
715.5580847263336,1897,,,,,,,,,,0.022690651938319206
715.8879561424255,1898,,,,,,,,,,0.06014427216723561
716.2198522090912,1899,,,,,,,,,,0.032238809391856194
716.5454547405243,1900,,,,,,,,,,0.02710246481001377
716.8823719024658,1901,,,,,,,,,,0.03456032136455178
717.2177622318268,1902,,,,,,,,,,0.020506978500634432
717.5439591407776,1903,,,,,,,,,,0.04612398520112038
717.8807466030121,1904,,,,,,,,,,0.036954210605472326
718.2269644737244,1905,,,,,,,,,,0.04682003287598491
718.5666925907135,1906,,,,,,,,,,0.029536820482462645
718.8914530277252,1907,,,,,,,,,,0.0482844477519393
719.2289299964905,1908,,,,,,,,,,0.03312425618059933
719.5566253662109,1909,,,,,,,,,,0.04338609194383025
719.8829061985016,1910,,,,,,,,,,0.05442264024168253
720.211012840271,1911,,,,,,,,,,0.029854103922843933
720.5354671478271,1912,,,,,,,,,,0.040172595996409655
720.8781282901764,1913,,,,,,,,,,0.04205373674631119
721.2026567459106,1914,,,,,,,,,,0.02712311176583171
721.5274224281311,1915,,,,,,,,,,0.02945072529837489
721.8531184196472,1916,,,,,,,,,,0.021519466652534902
722.1909778118134,1917,,,,,,,,,,0.039712805300951004
722.5362226963043,1918,,,,,,,,,,0.027091515716165304
722.8605108261108,1919,,,,,,,,,,0.05402011703699827
723.1869823932648,1920,,,,,,,,,,0.04038353986106813
723.5189101696014,1921,,,,,,,,,,0.035013096407055855
723.8426096439362,1922,,,,,,,,,,0.031464260537177324
724.1673393249512,1923,,,,,,,,,,0.04694108944386244
724.493189573288,1924,,,,,,,,,,0.036645757500082254
724.8197312355042,1925,,,,,,,,,,0.03647229773923755
725.1418404579163,1926,,,,,,,,,,0.05387773923575878
725.4692213535309,1927,,,,,,,,,,0.034353749360889196
725.8076710700989,1928,,,,,,,,,,0.0449242542963475
726.1360394954681,1929,,,,,,,,,,0.03020444791764021
726.4669857025146,1930,,,,,,,,,,0.03387957625091076
726.8071541786194,1931,,,,,,,,,,0.02826334978453815
727.1405358314514,1932,,,,,,,,,,0.051661640871316195
727.4802420139313,1933,,,,,,,,,,0.02790385903790593
727.8067688941956,1934,,,,,,,,,,0.043363210279494524
728.1366846561432,1935,,,,,,,,,,0.021627967478707433
728.4661161899567,1936,,,,,,,,,,0.018895004177466035
728.7965934276581,1937,,,,,,,,,,0.036875770427286625
729.121289730072,1938,,,,,,,,,,0.02467508753761649
729.4490580558777,1939,,,,,,,,,,0.043439533561468124
729.7777373790741,1940,,,,,,,,,,0.03763057803735137
730.1107723712921,1941,,,,,,,,,,0.029792734887450933
730.4378526210785,1942,,,,,,,,,,0.027298864908516407
730.7652335166931,1943,,,,,,,,,,0.029287302866578102
731.0971801280975,1944,,,,,,,,,,0.02760957507416606
731.4267604351044,1945,,,,,,,,,,0.03750314097851515
731.7478551864624,1946,,,,,,,,,,0.036245170049369335
732.0696747303009,1947,,,,,,,,,,0.06374336779117584
732.4018416404724,1948,,,,,,,,,,0.030437159817665815
732.7270421981812,1949,,,,,,,,,,0.02141251042485237
733.050181388855,1950,,,,,,,,,,0.035702269058674574
733.3772888183594,1951,,,,,,,,,,0.02219739486463368
733.6994736194611,1952,,,,,,,,,,0.02496058726683259
734.0272319316864,1953,,,,,,,,,,0.02094004617538303
734.3563902378082,1954,,,,,,,,,,0.03588724788278341
734.6860384941101,1955,,,,,,,,,,0.029585687909275293
735.0237698554993,1956,,,,,,,,,,0.023186499485746026
735.3535001277924,1957,,,,,,,,,,0.038945592008531094
735.6839642524719,1958,,,,,,,,,,0.03230813378468156
736.0065133571625,1959,,,,,,,,,,0.030381644144654274
736.3318591117859,1960,,,,,,,,,,0.036453678738325834
736.6590297222137,1961,,,,,,,,,,0.035074725514277816
736.9850282669067,1962,,,,,,,,,,0.03708872874267399
737.309841632843,1963,,,,,,,,,,0.04085330292582512
737.6368725299835,1964,,,,,,,,,,0.042471498250961304
737.9681944847107,1965,,,,,,,,,,0.03545489045791328
738.3093326091766,1966,,,,,,,,,,0.024022696539759636
738.6349377632141,1967,,,,,,,,,,0.03873792290687561
738.9725651741028,1968,,,,,,,,,,0.05322173098102212
739.3146166801453,1969,,,,,,,,,,0.023583161644637585
739.6480631828308,1970,,,,,,,,,,0.028315468225628138
739.9925951957703,1971,,,,,,,,,,0.03778617549687624
740.3223404884338,1972,,,,,,,,,,0.039229415357112885
740.650995016098,1973,,,,,,,,,,0.04516966827213764
740.9824547767639,1974,,,,,,,,,,0.026336620096117258
741.3163731098175,1975,,,,,,,,,,0.031155759934335947
741.6370415687561,1976,,,,,,,,,,0.02898747706785798
741.9734025001526,1977,,,,,,,,,,0.02516944147646427
742.299604177475,1978,,,,,,,,,,0.03869671793654561
742.6313786506653,1979,,,,,,,,,,0.03090918017551303
742.9642307758331,1980,,,,,,,,,,0.033227285370230675
743.2930333614349,1981,,,,,,,,,,0.03525384981185198
743.6259520053864,1982,,,,,,,,,,0.026173118269070983
743.9517071247101,1983,,,,,,,,,,0.034949461463838816
744.2811872959137,1984,,,,,,,,,,0.02867570915259421
744.6073551177979,1985,,,,,,,,,,0.03450239356607199
744.9347114562988,1986,,,,,,,,,,0.02591579593718052
745.2710199356079,1987,,,,,,,,,,0.028432578314095736
745.6067700386047,1988,,,,,,,,,,0.0331819960847497
745.9515233039856,1989,,,,,,,,,,0.029599200934171677
746.2832362651825,1990,,,,,,,,,,0.04137274296954274
746.6179921627045,1991,,,,,,,,,,0.030056864954531193
746.9544727802277,1992,,,,,,,,,,0.03555415431037545
747.2914731502533,1993,,,,,,,,,,0.047109661623835564
747.6185400485992,1994,,,,,,,,,,0.023079341975972056
747.9470846652985,1995,,,,,,,,,,0.028889480978250504
748.2792885303497,1996,,,,,,,,,,0.025201840791851282
748.6248326301575,1997,,,,,,,,,,0.029551684390753508
748.9525437355042,1998,,,,,,,,,,0.03142550098709762
749.2841818332672,1999,,,,,,,,,,0.040575671941041946
749.6148176193237,2000,0.7035350364305445,553101,196717,0.5426564204971372,0.987953340671476,0.8189286509831499,0.6166448339675212,60603309,889689,0.034405430778861046
765.1619625091553,2001,,,,,,,,,,0.03671794617548585
765.4938213825226,2002,,,,,,,,,,0.028459402732551098
765.8352379798889,2003,,,,,,,,,,0.030672943918034434
766.1623740196228,2004,,,,,,,,,,0.027792022796347737
766.4951000213623,2005,,,,,,,,,,0.024798037949949503
766.8181729316711,2006,,,,,,,,,,0.027346874121576548
767.1429414749146,2007,,,,,,,,,,0.044166413601487875
767.4684488773346,2008,,,,,,,,,,0.03927316563203931
767.792117357254,2009,,,,,,,,,,0.029173063579946756
768.1183619499207,2010,,,,,,,,,,0.023350240662693977
768.4548101425171,2011,,,,,,,,,,0.04870512313209474
768.8019526004791,2012,,,,,,,,,,0.021904204040765762
769.1274585723877,2013,,,,,,,,,,0.026795777725055814
769.4667553901672,2014,,,,,,,,,,0.031199968419969082
769.8062298297882,2015,,,,,,,,,,0.04076804453507066
770.1314334869385,2016,,,,,,,,,,0.035639514215290546
770.46311378479,2017,,,,,,,,,,0.023477136623114347
770.7970986366272,2018,,,,,,,,,,0.02824992872774601
771.126800775528,2019,,,,,,,,,,0.044678885489702225
771.4516634941101,2020,,,,,,,,,,0.027533577289432287
771.7839319705963,2021,,,,,,,,,,0.027165992185473442
772.1092422008514,2022,,,,,,,,,,0.02728297736030072
772.4389824867249,2023,,,,,,,,,,0.019651408540084958
772.7828414440155,2024,,,,,,,,,,0.036479051457718015
773.1166899204254,2025,,,,,,,,,,0.01990087772719562
773.4683678150177,2026,,,,,,,,,,0.038482442032545805
773.8118364810944,2027,,,,,,,,,,0.03428177908062935
774.1346588134766,2028,,,,,,,,,,0.02397711807861924
774.4750654697418,2029,,,,,,,,,,0.03492438932880759
774.8007595539093,2030,,,,,,,,,,0.040003894828259945
775.1374497413635,2031,,,,,,,,,,0.05565245170146227
775.4610176086426,2032,,,,,,,,,,0.023428656859323382
775.7899203300476,2033,,,,,,,,,,0.03979084314778447
776.1177220344543,2034,,,,,,,,,,0.02422091132029891
776.4420919418335,2035,,,,,,,,,,0.04018455045297742
776.770025730133,2036,,,,,,,,,,0.02410550694912672
777.0975391864777,2037,,,,,,,,,,0.02046425035223365
777.4353494644165,2038,,,,,,,,,,0.0278035553637892
777.7631924152374,2039,,,,,,,,,,0.026124126161448658
778.0851771831512,2040,,,,,,,,,,0.041087621822953224
778.413672208786,2041,,,,,,,,,,0.046222868375480175
778.7444200515747,2042,,,,,,,,,,0.0265466773416847
779.0674822330475,2043,,,,,,,,,,0.027405211003497243
779.4039397239685,2044,,,,,,,,,,0.030752851627767086
779.7396883964539,2045,,,,,,,,,,0.0380437895655632
780.0631849765778,2046,,,,,,,,,,0.03185818949714303
780.4044666290283,2047,,,,,,,,,,0.0447076401906088
780.7365946769714,2048,,,,,,,,,,0.041287862695753574
781.0684072971344,2049,,,,,,,,,,0.03237610775977373
781.4035134315491,2050,,,,,,,,,,0.027833227533847094
781.7269270420074,2051,,,,,,,,,,0.03194123273715377
782.0576617717743,2052,,,,,,,,,,0.02140824217349291
782.3893308639526,2053,,,,,,,,,,0.025511579820886254
782.7172870635986,2054,,,,,,,,,,0.03384165046736598
783.0413994789124,2055,,,,,,,,,,0.03854755125939846
783.3720591068268,2056,,,,,,,,,,0.0515828812494874
783.7166750431061,2057,,,,,,,,,,0.049309889785945415
784.051126241684,2058,,,,,,,,,,0.02365834591910243
784.3842723369598,2059,,,,,,,,,,0.041046221274882555
784.7175650596619,2060,,,,,,,,,,0.04467559326440096
785.0563218593597,2061,,,,,,,,,,0.03422851860523224
785.3849852085114,2062,,,,,,,,,,0.017482576658949256
785.714207649231,2063,,,,,,,,,,0.05054111499339342
786.0404117107391,2064,,,,,,,,,,0.037018914707005024
786.3686854839325,2065,,,,,,,,,,0.050763683626428246
786.6951217651367,2066,,,,,,,,,,0.030676357448101044
787.0180990695953,2067,,,,,,,,,,0.025721841491758823
787.3506278991699,2068,,,,,,,,,,0.04057011799886823
787.6956477165222,2069,,,,,,,,,,0.029635729268193245
788.0341968536377,2070,,,,,,,,,,0.031075357925146818
788.3679523468018,2071,,,,,,,,,,0.030562911182641983
788.7012734413147,2072,,,,,,,,,,0.03285087854601443
789.0234303474426,2073,,,,,,,,,,0.05102354288101196
789.3506395816803,2074,,,,,,,,,,0.0373141267336905
789.6832005977631,2075,,,,,,,,,,0.03546142508275807
790.0071537494659,2076,,,,,,,,,,0.04616334242746234
790.3427863121033,2077,,,,,,,,,,0.03328104969114065
790.6708166599274,2078,,,,,,,,,,0.03589015919715166
790.9941325187683,2079,,,,,,,,,,0.022901597432792187
791.3208601474762,2080,,,,,,,,,,0.055402856320142746
791.6664092540741,2081,,,,,,,,,,0.03170066047459841
792.0015625953674,2082,,,,,,,,,,0.04281777609139681
792.335905790329,2083,,,,,,,,,,0.03954357514157891
792.6740493774414,2084,,,,,,,,,,0.046060399152338505
793.0131154060364,2085,,,,,,,,,,0.03876455407589674
793.3450348377228,2086,,,,,,,,,,0.02075231564231217
793.6708717346191,2087,,,,,,,,,,0.022755572572350502
794.0049319267273,2088,,,,,,,,,,0.02887134556658566
794.3515179157257,2089,,,,,,,,,,0.04096506582573056
794.675793170929,2090,,,,,,,,,,0.021200030809268355
795.0013575553894,2091,,,,,,,,,,0.03334311442449689
795.3340034484863,2092,,,,,,,,,,0.053117712028324604
795.6592619419098,2093,,,,,,,,,,0.03504648897796869
796.0014779567719,2094,,,,,,,,,,0.02659729274455458
796.330591917038,2095,,,,,,,,,,0.02462591417133808
796.667466878891,2096,,,,,,,,,,0.03202842175960541
796.9901185035706,2097,,,,,,,,,,0.028072255197912455
797.3150746822357,2098,,,,,,,,,,0.032319511752575636
797.6372396945953,2099,,,,,,,,,,0.026066861115396023
797.961198091507,2100,,,,,,,,,,0.056628959253430367
798.2986302375793,2101,,,,,,,,,,0.030011458322405815
798.635196685791,2102,,,,,,,,,,0.03269962430931628
798.9651250839233,2103,,,,,,,,,,0.027582052862271667
799.2944662570953,2104,,,,,,,,,,0.02979959500953555
799.6224570274353,2105,,,,,,,,,,0.03809416247531772
799.993271112442,2106,,,,,,,,,,0.021033328026533127
800.3174993991852,2107,,,,,,,,,,0.0246361899189651
800.6398601531982,2108,,,,,,,,,,0.03788944333791733
800.9711487293243,2109,,,,,,,,,,0.018296568654477596
801.31161236763,2110,,,,,,,,,,0.03169056260958314
801.6423850059509,2111,,,,,,,,,,0.022111128084361553
801.9857258796692,2112,,,,,,,,,,0.02544279652647674
802.3266839981079,2113,,,,,,,,,,0.042637834092602134
802.6554601192474,2114,,,,,,,,,,0.04363839840516448
802.9789073467255,2115,,,,,,,,,,0.03603324992582202
803.3132021427155,2116,,,,,,,,,,0.039754089899361134
803.6370151042938,2117,,,,,,,,,,0.028953890781849623
803.9618773460388,2118,,,,,,,,,,0.03201908012852073
804.2898519039154,2119,,,,,,,,,,0.03892304329201579
804.6228973865509,2120,,,,,,,,,,0.03372895810753107
804.9638977050781,2121,,,,,,,,,,0.021704625571146607
805.295309305191,2122,,,,,,,,,,0.02015901287086308
805.6281690597534,2123,,,,,,,,,,0.04318036884069443
805.9506025314331,2124,,,,,,,,,,0.02637701411731541
806.27894282341,2125,,,,,,,,,,0.048618595115840435
806.6109728813171,2126,,,,,,,,,,0.031155467499047518
806.9515433311462,2127,,,,,,,,,,0.033473195508122444
807.2927539348602,2128,,,,,,,,,,0.027021682355552912
807.6308143138885,2129,,,,,,,,,,0.029778854688629508
807.9536936283112,2130,,,,,,,,,,0.023614668287336826
808.292897939682,2131,,,,,,,,,,0.025611700024455786
808.6180107593536,2132,,,,,,,,,,0.0266027154866606
808.9469470977783,2133,,,,,,,,,,0.0450365524739027
809.2725043296814,2134,,,,,,,,,,0.032212141901254654
809.601024389267,2135,,,,,,,,,,0.02612915448844433
809.934689283371,2136,,,,,,,,,,0.03502523014321923
810.2615027427673,2137,,,,,,,,,,0.051440758863464
810.5854358673096,2138,,,,,,,,,,0.03365090675652027
810.9172174930573,2139,,,,,,,,,,0.024096591863781214
811.2444000244141,2140,,,,,,,,,,0.023088232497684658
811.5684535503387,2141,,,,,,,,,,0.02973556611686945
811.9075906276703,2142,,,,,,,,,,0.03612017445266247
812.2429549694061,2143,,,,,,,,,,0.035845233127474785
812.5682322978973,2144,,,,,,,,,,0.029369893483817577
812.901109457016,2145,,,,,,,,,,0.045282653998583555
813.22771692276,2146,,,,,,,,,,0.03778442507609725
813.5466566085815,2147,,,,,,,,,,0.04248586483299732
813.8753430843353,2148,,,,,,,,,,0.020869542844593525
814.2058231830597,2149,,,,,,,,,,0.04946365114301443
814.5299854278564,2150,,,,,,,,,,0.0359404468908906
814.8634679317474,2151,,,,,,,,,,0.02962262462824583
815.2139554023743,2152,,,,,,,,,,0.032410325948148966
815.5447838306427,2153,,,,,,,,,,0.04424332152120769
815.8717184066772,2154,,,,,,,,,,0.06439540162682533
816.193202495575,2155,,,,,,,,,,0.029873791616410017
816.5238659381866,2156,,,,,,,,,,0.028169743018224835
816.8503267765045,2157,,,,,,,,,,0.048748452216386795
817.1806952953339,2158,,,,,,,,,,0.031353697180747986
817.5057792663574,2159,,,,,,,,,,0.031054001417942345
817.8327400684357,2160,,,,,,,,,,0.03263562452048063
818.1558496952057,2161,,,,,,,,,,0.03730769827961922
818.495924949646,2162,,,,,,,,,,0.03392796637490392
818.8166604042053,2163,,,,,,,,,,0.042970712296664715
819.1438570022583,2164,,,,,,,,,,0.031196398427709937
819.4753074645996,2165,,,,,,,,,,0.036566168535500765
819.8081979751587,2166,,,,,,,,,,0.029579315800219774
820.1348078250885,2167,,,,,,,,,,0.018066028715111315
820.4637105464935,2168,,,,,,,,,,0.017606593435630202
820.7911911010742,2169,,,,,,,,,,0.03483481612056494
821.1145565509796,2170,,,,,,,,,,0.04757006117142737
821.445464849472,2171,,,,,,,,,,0.02292255451902747
821.7669050693512,2172,,,,,,,,,,0.03116568084806204
822.0917053222656,2173,,,,,,,,,,0.026958743575960398
822.4178359508514,2174,,,,,,,,,,0.03868889110162854
822.7438290119171,2175,,,,,,,,,,0.027894288767129183
823.0711917877197,2176,,,,,,,,,,0.039939350448548794
823.4072630405426,2177,,,,,,,,,,0.03808715334162116
823.7335402965546,2178,,,,,,,,,,0.02872337307780981
824.0625689029694,2179,,,,,,,,,,0.03846706077456474
824.4021289348602,2180,,,,,,,,,,0.027351076249033213
824.7275590896606,2181,,,,,,,,,,0.028903965838253498
825.0494916439056,2182,,,,,,,,,,0.042945028748363256
825.3786125183105,2183,,,,,,,,,,0.024987580254673958
825.7096247673035,2184,,,,,,,,,,0.03389608347788453
826.0288465023041,2185,,,,,,,,,,0.027774322777986526
826.3649439811707,2186,,,,,,,,,,0.02896673884242773
826.6875710487366,2187,,,,,,,,,,0.028118492336943746
827.0160667896271,2188,,,,,,,,,,0.03747392492368817
827.350109577179,2189,,,,,,,,,,0.030750774079933763
827.6805741786957,2190,,,,,,,,,,0.025215436704456806
828.0087792873383,2191,,,,,,,,,,0.03622298501431942
828.3345136642456,2192,,,,,,,,,,0.031042953953146935
828.6649930477142,2193,,,,,,,,,,0.03691447013989091
828.9999847412109,2194,,,,,,,,,,0.03252345463261008
829.3280143737793,2195,,,,,,,,,,0.03722787741571665
829.6673953533173,2196,,,,,,,,,,0.06513599026948214
829.9933180809021,2197,,,,,,,,,,0.020844242302700877
830.3209795951843,2198,,,,,,,,,,0.026136393193155527
830.6504623889923,2199,,,,,,,,,,0.03729737363755703
830.9745297431946,2200,,,,,,,,,,0.034729596227407455
831.3004987239838,2201,,,,,,,,,,0.037353551015257835
831.6262001991272,2202,,,,,,,,,,0.030763577902689576
831.9493136405945,2203,,,,,,,,,,0.02924297982826829
832.2733201980591,2204,,,,,,,,,,0.040799148846417665
832.6011443138123,2205,,,,,,,,,,0.04951552115380764
832.9307308197021,2206,,,,,,,,,,0.04003463499248028
833.2623002529144,2207,,,,,,,,,,0.021285119000822306
833.5875792503357,2208,,,,,,,,,,0.03952558059245348
833.917370557785,2209,,,,,,,,,,0.03201798535883427
834.2553741931915,2210,,,,,,,,,,0.02448682743124664
834.5824420452118,2211,,,,,,,,,,0.03339435486122966
834.9120299816132,2212,,,,,,,,,,0.043615201488137245
835.2396149635315,2213,,,,,,,,,,0.017980449134483933
835.5643286705017,2214,,,,,,,,,,0.030853817705065012
835.8996617794037,2215,,,,,,,,,,0.02510577207431197
836.2242362499237,2216,,,,,,,,,,0.023965453961864114
836.5561063289642,2217,,,,,,,,,,0.02266571461223066
836.8813083171844,2218,,,,,,,,,,0.025773975532501936
837.2104682922363,2219,,,,,,,,,,0.04310911172069609
837.5405044555664,2220,,,,,,,,,,0.031954456120729446
837.8891446590424,2221,,,,,,,,,,0.03454789286479354
838.2126049995422,2222,,,,,,,,,,0.023452583234757185
838.5410652160645,2223,,,,,,,,,,0.04105781577527523
838.8717751502991,2224,,,,,,,,,,0.041682456620037556
839.1963973045349,2225,,,,,,,,,,0.03411667398177087
839.5335862636566,2226,,,,,,,,,,0.04745674226433039
839.863527059555,2227,,,,,,,,,,0.04022917617112398
840.1962447166443,2228,,,,,,,,,,0.027368540409952402
840.5224623680115,2229,,,,,,,,,,0.04539433016907424
840.8535194396973,2230,,,,,,,,,,0.024795904755592346
841.1875565052032,2231,,,,,,,,,,0.01974202669225633
841.5082776546478,2232,,,,,,,,,,0.04519531596451998
841.829519033432,2233,,,,,,,,,,0.02816735696978867
842.1661694049835,2234,,,,,,,,,,0.01969640573952347
842.494863986969,2235,,,,,,,,,,0.03473746799863875
842.8166840076447,2236,,,,,,,,,,0.03648766316473484
843.133898973465,2237,,,,,,,,,,0.03281976724974811
843.4645648002625,2238,,,,,,,,,,0.018310199957340956
843.7888145446777,2239,,,,,,,,,,0.03777149738743901
844.1168396472931,2240,,,,,,,,,,0.029770156368613243
844.4460496902466,2241,,,,,,,,,,0.018122603418305516
844.7709608078003,2242,,,,,,,,,,0.03619047719985247
845.095995426178,2243,,,,,,,,,,0.032381441444158554
845.4225878715515,2244,,,,,,,,,,0.03205737518146634
845.7498617172241,2245,,,,,,,,,,0.03266215790063143
846.0739476680756,2246,,,,,,,,,,0.025719707366079092
846.4004211425781,2247,,,,,,,,,,0.024388470454141498
846.7256734371185,2248,,,,,,,,,,0.029631430748850107
847.0555145740509,2249,,,,,,,,,,0.02390651637688279
847.3827865123749,2250,,,,,,,,,,0.031091565266251564
847.7111999988556,2251,,,,,,,,,,0.05067976959981024
848.0338289737701,2252,,,,,,,,,,0.031737473560497165
848.3660967350006,2253,,,,,,,,,,0.02987994789145887
848.6873488426208,2254,,,,,,,,,,0.026703647803515196
849.0169506072998,2255,,,,,,,,,,0.02480777120217681
849.356273651123,2256,,,,,,,,,,0.027458579745143652
849.6831820011139,2257,,,,,,,,,,0.034422095865011215
850.0047271251678,2258,,,,,,,,,,0.034060318022966385
850.3328256607056,2259,,,,,,,,,,0.022261189064010978
850.6583108901978,2260,,,,,,,,,,0.04422926576808095
850.9998254776001,2261,,,,,,,,,,0.033234041882678866
851.3340346813202,2262,,,,,,,,,,0.019127974519506097
851.6647403240204,2263,,,,,,,,,,0.027827704092487693
851.9926979541779,2264,,,,,,,,,,0.054210029542446136
852.3170790672302,2265,,,,,,,,,,0.0378117598593235
852.6497645378113,2266,,,,,,,,,,0.035995953949168324
852.9747622013092,2267,,,,,,,,,,0.03236663108691573
853.3021824359894,2268,,,,,,,,,,0.03911557514220476
853.6220624446869,2269,,,,,,,,,,0.032508515287190676
853.9485695362091,2270,,,,,,,,,,0.020656331907957792
854.2794635295868,2271,,,,,,,,,,0.03337450651451945
854.6038327217102,2272,,,,,,,,,,0.04049483500421047
854.9280912876129,2273,,,,,,,,,,0.0318858097307384
855.260449886322,2274,,,,,,,,,,0.02640107972547412
855.5933516025543,2275,,,,,,,,,,0.02659034705720842
855.9311463832855,2276,,,,,,,,,,0.02970694354735315
856.2648890018463,2277,,,,,,,,,,0.03132415236905217
856.5920460224152,2278,,,,,,,,,,0.02215027087368071
856.9251849651337,2279,,,,,,,,,,0.03230026876553893
857.2635703086853,2280,,,,,,,,,,0.02351439418271184
857.6001174449921,2281,,,,,,,,,,0.02889330335892737
857.9284374713898,2282,,,,,,,,,,0.03181959525682032
858.2712864875793,2283,,,,,,,,,,0.019410082488320768
858.5970146656036,2284,,,,,,,,,,0.017911668866872787
858.9218480587006,2285,,,,,,,,,,0.03704885602928698
859.249027967453,2286,,,,,,,,,,0.03389166109263897
859.5883157253265,2287,,,,,,,,,,0.03832722548395395
859.9151604175568,2288,,,,,,,,,,0.027428711764514446
860.275915145874,2289,,,,,,,,,,0.03894855733960867
860.6098079681396,2290,,,,,,,,,,0.034546436509117484
860.9496665000916,2291,,,,,,,,,,0.03724585101008415
861.2816293239594,2292,,,,,,,,,,0.04988547321408987
861.6083920001984,2293,,,,,,,,,,0.028109127655625343
861.9292957782745,2294,,,,,,,,,,0.02713506482541561
862.2642910480499,2295,,,,,,,,,,0.03455077717080712
862.5964286327362,2296,,,,,,,,,,0.039880214259028435
862.9293625354767,2297,,,,,,,,,,0.02554752631112933
863.259405374527,2298,,,,,,,,,,0.03409901540726423
863.5844666957855,2299,,,,,,,,,,0.03018204588443041
863.9057159423828,2300,,,,,,,,,,0.03360214515123516
864.2417712211609,2301,,,,,,,,,,0.030080140102654696
864.5666224956512,2302,,,,,,,,,,0.04349757079035044
864.8958740234375,2303,,,,,,,,,,0.0672185281291604
865.2267293930054,2304,,,,,,,,,,0.03386463085189462
865.5590553283691,2305,,,,,,,,,,0.02468337770551443
865.8996753692627,2306,,,,,,,,,,0.029582335148006678
866.2407083511353,2307,,,,,,,,,,0.037326134741306305
866.5660223960876,2308,,,,,,,,,,0.028414535336196423
866.8960745334625,2309,,,,,,,,,,0.04173523420467973
867.2239847183228,2310,,,,,,,,,,0.04098392464220524
867.5582251548767,2311,,,,,,,,,,0.030868373345583677
867.8847184181213,2312,,,,,,,,,,0.024805543012917042
868.2221503257751,2313,,,,,,,,,,0.019255040446296334
868.557418346405,2314,,,,,,,,,,0.034935320261865854
868.8899660110474,2315,,,,,,,,,,0.03145952709019184
869.2185351848602,2316,,,,,,,,,,0.039079081965610385
869.5438506603241,2317,,,,,,,,,,0.045351321808993816
869.8750426769257,2318,,,,,,,,,,0.03913329541683197
870.1997735500336,2319,,,,,,,,,,0.035732815973460674
870.5231182575226,2320,,,,,,,,,,0.030562072061002254
870.8485217094421,2321,,,,,,,,,,0.032670237589627504
871.1720044612885,2322,,,,,,,,,,0.02601867343764752
871.506997346878,2323,,,,,,,,,,0.02706464391667396
871.8378279209137,2324,,,,,,,,,,0.02307665324769914
872.1572251319885,2325,,,,,,,,,,0.05803555157035589
872.4940917491913,2326,,,,,,,,,,0.03643458615988493
872.818642616272,2327,,,,,,,,,,0.03357694623991847
873.1408576965332,2328,,,,,,,,,,0.037458778358995914
873.4654841423035,2329,,,,,,,,,,0.028329385560937226
873.796560049057,2330,,,,,,,,,,0.027696338715031743
874.1283819675446,2331,,,,,,,,,,0.03044375916942954
874.4606783390045,2332,,,,,,,,,,0.03556445427238941
874.7825515270233,2333,,,,,,,,,,0.029798068571835756
875.109968662262,2334,,,,,,,,,,0.01875129365362227
875.4431924819946,2335,,,,,,,,,,0.028760983143001795
875.776040315628,2336,,,,,,,,,,0.05294511280953884
876.1123206615448,2337,,,,,,,,,,0.03951184800826013
876.4462745189667,2338,,,,,,,,,,0.025135495234280825
876.7837400436401,2339,,,,,,,,,,0.02311993343755603
877.11199259758,2340,,,,,,,,,,0.022962562274187803
877.4495329856873,2341,,,,,,,,,,0.024012206122279167
877.783688545227,2342,,,,,,,,,,0.026837576646357775
878.1158864498138,2343,,,,,,,,,,0.019236491294577718
878.4564306735992,2344,,,,,,,,,,0.039050120394676924
878.7878611087799,2345,,,,,,,,,,0.01698555634357035
879.1096367835999,2346,,,,,,,,,,0.030288185458630323
879.4368424415588,2347,,,,,,,,,,0.04340490838512778
879.7696483135223,2348,,,,,,,,,,0.022823148174211383
880.0945746898651,2349,,,,,,,,,,0.030980064999312162
880.432275056839,2350,,,,,,,,,,0.023704283754341304
880.7579708099365,2351,,,,,,,,,,0.0439303545281291
881.0784335136414,2352,,,,,,,,,,0.03816606616601348
881.4117238521576,2353,,,,,,,,,,0.021591592114418745
881.7413618564606,2354,,,,,,,,,,0.03929843660444021
882.0787253379822,2355,,,,,,,,,,0.041588150430470705
882.4107482433319,2356,,,,,,,,,,0.05293427221477032
882.7362680435181,2357,,,,,,,,,,0.021980901947245002
883.0656006336212,2358,,,,,,,,,,0.034015333745628595
883.4072461128235,2359,,,,,,,,,,0.0325544080697
883.7325994968414,2360,,,,,,,,,,0.030029405606910586
884.0533828735352,2361,,,,,,,,,,0.02307556802406907
884.3827958106995,2362,,,,,,,,,,0.03624218865297735
884.7051639556885,2363,,,,,,,,,,0.034738382790237665
885.0336816310883,2364,,,,,,,,,,0.03704715706408024
885.3637294769287,2365,,,,,,,,,,0.03179182205349207
885.6879549026489,2366,,,,,,,,,,0.03974765818566084
886.011284828186,2367,,,,,,,,,,0.0345077266683802
886.3395738601685,2368,,,,,,,,,,0.055786645505577326
886.6712596416473,2369,,,,,,,,,,0.030019175726920366
886.9987933635712,2370,,,,,,,,,,0.049249161034822464
887.3320264816284,2371,,,,,,,,,,0.040496741887182
887.6588940620422,2372,,,,,,,,,,0.035911173094064
887.9786107540131,2373,,,,,,,,,,0.04927770094946027
888.3159112930298,2374,,,,,,,,,,0.023189695551991463
888.6407086849213,2375,,,,,,,,,,0.030165489530190825
888.9653673171997,2376,,,,,,,,,,0.03205434954725206
889.2979459762573,2377,,,,,,,,,,0.04835484875366092
889.6217291355133,2378,,,,,,,,,,0.035402937326580286
889.9494090080261,2379,,,,,,,,,,0.025670028291642666
890.2815458774567,2380,,,,,,,,,,0.02369175589410588
890.6281850337982,2381,,,,,,,,,,0.02928295382298529
890.9646813869476,2382,,,,,,,,,,0.026732148602604866
891.2974734306335,2383,,,,,,,,,,0.031211571767926216
891.6215801239014,2384,,,,,,,,,,0.04769864585250616
891.9542052745819,2385,,,,,,,,,,0.025328248739242554
892.2792356014252,2386,,,,,,,,,,0.03784190700389445
892.6168491840363,2387,,,,,,,,,,0.01945277617778629
892.949590921402,2388,,,,,,,,,,0.03468057746067643
893.2791199684143,2389,,,,,,,,,,0.05157196521759033
893.6025211811066,2390,,,,,,,,,,0.020987759809941053
893.9309222698212,2391,,,,,,,,,,0.0374218316283077
894.2624359130859,2392,,,,,,,,,,0.032754532527178526
894.6002073287964,2393,,,,,,,,,,0.028608063235878944
894.9289283752441,2394,,,,,,,,,,0.03037084557581693
895.2589771747589,2395,,,,,,,,,,0.04019152419641614
895.5849676132202,2396,,,,,,,,,,0.026587294647470117
895.9175834655762,2397,,,,,,,,,,0.03077512187883258
896.2586214542389,2398,,,,,,,,,,0.03131690598092973
896.587744474411,2399,,,,,,,,,,0.02602976094931364
896.9155488014221,2400,,,,,,,,,,0.031650930643081665
897.2587258815765,2401,,,,,,,,,,0.03500380693003535
897.5823585987091,2402,,,,,,,,,,0.023577454034239054
897.9064247608185,2403,,,,,,,,,,0.0449483348056674
898.2396223545074,2404,,,,,,,,,,0.01763834967277944
898.5660209655762,2405,,,,,,,,,,0.03329863818362355
898.8939332962036,2406,,,,,,,,,,0.02626214292831719
899.2302832603455,2407,,,,,,,,,,0.026436539832502604
899.5590596199036,2408,,,,,,,,,,0.04028097353875637
899.8968558311462,2409,,,,,,,,,,0.042908617528155446
900.2258009910583,2410,,,,,,,,,,0.03283165208995342
900.5485332012177,2411,,,,,,,,,,0.040343884378671646
900.8793580532074,2412,,,,,,,,,,0.031046122312545776
901.2121670246124,2413,,,,,,,,,,0.03737374767661095
901.5385241508484,2414,,,,,,,,,,0.03857443621382117
901.862238407135,2415,,,,,,,,,,0.03343502851203084
902.1886551380157,2416,,,,,,,,,,0.03483181959018111
902.5156300067902,2417,,,,,,,,,,0.042287818156182766
902.8477146625519,2418,,,,,,,,,,0.03255366696976125
903.1720352172852,2419,,,,,,,,,,0.02531867614015937
903.4976840019226,2420,,,,,,,,,,0.021723106503486633
903.8312969207764,2421,,,,,,,,,,0.024102223571389914
904.1647651195526,2422,,,,,,,,,,0.02365456847473979
904.4897663593292,2423,,,,,,,,,,0.02491611009463668
904.8114252090454,2424,,,,,,,,,,0.03163057146593928
905.1399216651917,2425,,,,,,,,,,0.04031964624300599
905.4671466350555,2426,,,,,,,,,,0.02808085409924388
905.7940728664398,2427,,,,,,,,,,0.04131490387953818
906.1317505836487,2428,,,,,,,,,,0.030500604072585702
906.4620287418365,2429,,,,,,,,,,0.036386399529874325
906.793648481369,2430,,,,,,,,,,0.03206526022404432
907.1232092380524,2431,,,,,,,,,,0.031017744448035955
907.4482042789459,2432,,,,,,,,,,0.03526647062972188
907.7692744731903,2433,,,,,,,,,,0.027370252646505833
908.0983972549438,2434,,,,,,,,,,0.027201264863833785
908.4267795085907,2435,,,,,,,,,,0.017472737818025053
908.7529046535492,2436,,,,,,,,,,0.014909569639712572
909.0767667293549,2437,,,,,,,,,,0.030927234794944525
909.4082887172699,2438,,,,,,,,,,0.027448290959000587
909.7434096336365,2439,,,,,,,,,,0.025999935809522867
910.0652179718018,2440,,,,,,,,,,0.03222812432795763
910.399355173111,2441,,,,,,,,,,0.022834184113889933
910.7323603630066,2442,,,,,,,,,,0.05621107015758753
911.058375120163,2443,,,,,,,,,,0.02400065027177334
911.3855366706848,2444,,,,,,,,,,0.0289792837575078
911.7070834636688,2445,,,,,,,,,,0.021475781686604023
912.033350944519,2446,,,,,,,,,,0.0395019743591547
912.3636064529419,2447,,,,,,,,,,0.02449360629543662
912.6861383914948,2448,,,,,,,,,,0.03179797879420221
913.0111963748932,2449,,,,,,,,,,0.04138560965657234
913.3476428985596,2450,,,,,,,,,,0.0395773365162313
913.6713163852692,2451,,,,,,,,,,0.01907896064221859
913.9934320449829,2452,,,,,,,,,,0.01649940200150013
914.3322472572327,2453,,,,,,,,,,0.020162482163868845
914.6631917953491,2454,,,,,,,,,,0.0360367251560092
914.9918532371521,2455,,,,,,,,,,0.033719876082614064
915.3157072067261,2456,,,,,,,,,,0.03750132396817207
915.6376821994781,2457,,,,,,,,,,0.0393778751604259
915.9661819934845,2458,,,,,,,,,,0.0365019915625453
916.296380519867,2459,,,,,,,,,,0.025948904687538743
916.6179296970367,2460,,,,,,,,,,0.03981173736974597
916.9457142353058,2461,,,,,,,,,,0.015928204404190183
917.2691853046417,2462,,,,,,,,,,0.019278916995972395
917.6146061420441,2463,,,,,,,,,,0.028216621140018106
917.9454340934753,2464,,,,,,,,,,0.029443891951814294
918.2787923812866,2465,,,,,,,,,,0.02968038758262992
918.6091222763062,2466,,,,,,,,,,0.03199087525717914
918.9371194839478,2467,,,,,,,,,,0.03408918296918273
919.2652409076691,2468,,,,,,,,,,0.033119389321655035
919.5900988578796,2469,,,,,,,,,,0.02509904932230711
919.928952217102,2470,,,,,,,,,,0.023617335129529238
920.2842292785645,2471,,,,,,,,,,0.022974773310124874
920.6146838665009,2472,,,,,,,,,,0.02858041785657406
920.9370548725128,2473,,,,,,,,,,0.05926911998540163
921.2844364643097,2474,,,,,,,,,,0.02571707614697516
921.6087715625763,2475,,,,,,,,,,0.026117323664948344
921.9314444065094,2476,,,,,,,,,,0.027746305102482438
922.2747011184692,2477,,,,,,,,,,0.02521059475839138
922.6052553653717,2478,,,,,,,,,,0.033441212959587574
922.9288470745087,2479,,,,,,,,,,0.042098707519471645
923.2622137069702,2480,,,,,,,,,,0.03633183939382434
923.5874722003937,2481,,,,,,,,,,0.028777806786820292
923.9091718196869,2482,,,,,,,,,,0.02729084063321352
924.2449369430542,2483,,,,,,,,,,0.02151392726227641
924.5741086006165,2484,,,,,,,,,,0.04709088336676359
924.9006245136261,2485,,,,,,,,,,0.022333509754389524
925.2320418357849,2486,,,,,,,,,,0.0459963702596724
925.5583214759827,2487,,,,,,,,,,0.033989665331318974
925.8847439289093,2488,,,,,,,,,,0.03926485124975443
926.2179715633392,2489,,,,,,,,,,0.038679894991219044
926.5400102138519,2490,,,,,,,,,,0.048230051063001156
926.8649568557739,2491,,,,,,,,,,0.047706327866762877
927.2046592235565,2492,,,,,,,,,,0.03102602530270815
927.5288691520691,2493,,,,,,,,,,0.025510922307148576
927.8520185947418,2494,,,,,,,,,,0.02661404339596629
928.1819531917572,2495,,,,,,,,,,0.061395700089633465
928.5119619369507,2496,,,,,,,,,,0.03655387996695936
928.8664855957031,2497,,,,,,,,,,0.03034252906218171
929.1890153884888,2498,,,,,,,,,,0.033314598724246025
929.5145883560181,2499,,,,,,,,,,0.02487681549973786
929.8447024822235,2500,0.6974428282098584,544862,234197,0.5354412407490339,0.987483551515407,0.79313503367561,0.6223552977217752,60565829,897928,0.04305771691724658
945.2702178955078,2501,,,,,,,,,,0.024832681054249406
945.5931279659271,2502,,,,,,,,,,0.015866116620600224
945.9352676868439,2503,,,,,,,,,,0.030618316028267145
946.2723605632782,2504,,,,,,,,,,0.04604432638734579
946.6145946979523,2505,,,,,,,,,,0.0523519329726696
946.938910484314,2506,,,,,,,,,,0.030175285413861275
947.2831115722656,2507,,,,,,,,,,0.035511297173798084
947.6064276695251,2508,,,,,,,,,,0.03565555764362216
947.9362967014313,2509,,,,,,,,,,0.04096813825890422
948.2606008052826,2510,,,,,,,,,,0.036234775790944695
948.5975346565247,2511,,,,,,,,,,0.03209970332682133
948.9353244304657,2512,,,,,,,,,,0.03402046766132116
949.2673447132111,2513,,,,,,,,,,0.029770378023386
949.5971522331238,2514,,,,,,,,,,0.05248181661590934
949.9274032115936,2515,,,,,,,,,,0.03945675864815712
950.2641634941101,2516,,,,,,,,,,0.03723832732066512
950.5976436138153,2517,,,,,,,,,,0.030239583225920796
950.9228823184967,2518,,,,,,,,,,0.05203235615044832
951.2505693435669,2519,,,,,,,,,,0.04728540126234293
951.5824522972107,2520,,,,,,,,,,0.043161056470125914
951.9069850444794,2521,,,,,,,,,,0.03547731228172779
952.2290966510773,2522,,,,,,,,,,0.0326509615406394
952.5680174827576,2523,,,,,,,,,,0.05367770744487643
952.9162781238556,2524,,,,,,,,,,0.04255164321511984
953.2448351383209,2525,,,,,,,,,,0.0341598317027092
953.5757205486298,2526,,,,,,,,,,0.021455629030242562
953.9113078117371,2527,,,,,,,,,,0.03269025986082852
954.2380421161652,2528,,,,,,,,,,0.03424509055912495
954.571311712265,2529,,,,,,,,,,0.031615551095455885
954.8991615772247,2530,,,,,,,,,,0.01443196670152247
955.223128080368,2531,,,,,,,,,,0.023622574750334024
955.5582928657532,2532,,,,,,,,,,0.014471790054813027
955.8881614208221,2533,,,,,,,,,,0.01949774823151529
956.2316179275513,2534,,,,,,,,,,0.023083229083567858
956.5543880462646,2535,,,,,,,,,,0.03177194099407643
956.882807970047,2536,,,,,,,,,,0.049612410832196474
957.2114706039429,2537,,,,,,,,,,0.03908686665818095
957.5392673015594,2538,,,,,,,,,,0.02943170629441738
957.8806436061859,2539,,,,,,,,,,0.03047142457216978
958.2053112983704,2540,,,,,,,,,,0.024148338241502643
958.5363986492157,2541,,,,,,,,,,0.022582010133191943
958.8602933883667,2542,,,,,,,,,,0.0677971609402448
959.1927766799927,2543,,,,,,,,,,0.0314321625046432
959.5301480293274,2544,,,,,,,,,,0.04516600049100816
959.8593311309814,2545,,,,,,,,,,0.03624831512570381
960.1886074542999,2546,,,,,,,,,,0.04222225118428469
960.509349822998,2547,,,,,,,,,,0.03487310465425253
960.8404679298401,2548,,,,,,,,,,0.031087482813745737
961.1785609722137,2549,,,,,,,,,,0.03357255645096302
961.5207509994507,2550,,,,,,,,,,0.03656057431362569
961.8556840419769,2551,,,,,,,,,,0.053208337631076574
962.1850900650024,2552,,,,,,,,,,0.043011914007365704
962.5139772891998,2553,,,,,,,,,,0.04295474849641323
962.8417179584503,2554,,,,,,,,,,0.04368184180930257
963.172004699707,2555,,,,,,,,,,0.06425407715141773
963.493467092514,2556,,,,,,,,,,0.03645632788538933
963.8234620094299,2557,,,,,,,,,,0.035671332385391
964.1479856967926,2558,,,,,,,,,,0.02681408915668726
964.4765846729279,2559,,,,,,,,,,0.028942112112417817
964.8069884777069,2560,,,,,,,,,,0.03678138228133321
965.1332957744598,2561,,,,,,,,,,0.03457043692469597
965.4628999233246,2562,,,,,,,,,,0.031191107351332903
965.7994284629822,2563,,,,,,,,,,0.033813716378062963
966.1222712993622,2564,,,,,,,,,,0.03657393017783761
966.450635433197,2565,,,,,,,,,,0.023854005383327603
966.781094789505,2566,,,,,,,,,,0.03130651172250509
967.1075015068054,2567,,,,,,,,,,0.039928861893713474
967.4471485614777,2568,,,,,,,,,,0.021092693670652807
967.7746860980988,2569,,,,,,,,,,0.03953373385593295
968.0973882675171,2570,,,,,,,,,,0.03259205212816596
968.4254364967346,2571,,,,,,,,,,0.020529573317617178
968.753476858139,2572,,,,,,,,,,0.03025271976366639
969.0828227996826,2573,,,,,,,,,,0.022058731759898365
969.4129884243011,2574,,,,,,,,,,0.036898708902299404
969.7515399456024,2575,,,,,,,,,,0.04573480598628521
970.0807874202728,2576,,,,,,,,,,0.025069075636565685
970.4092779159546,2577,,,,,,,,,,0.021934474701993167
970.7402491569519,2578,,,,,,,,,,0.028829181101173162
971.0604712963104,2579,,,,,,,,,,0.03172245481982827
971.4002244472504,2580,,,,,,,,,,0.04010372143238783
971.7342603206635,2581,,,,,,,,,,0.033245291095227
972.0702149868011,2582,,,,,,,,,,0.037048351019620895
972.4071941375732,2583,,,,,,,,,,0.03440521704033017
972.7461884021759,2584,,,,,,,,,,0.03097134316340089
973.0777263641357,2585,,,,,,,,,,0.03559546358883381
973.4241750240326,2586,,,,,,,,,,0.04107277188450098
973.7499263286591,2587,,,,,,,,,,0.027738356264308095
974.080356836319,2588,,,,,,,,,,0.029379515210166574
974.4132754802704,2589,,,,,,,,,,0.02581974840722978
974.7476110458374,2590,,,,,,,,,,0.025576940272003412
975.0741329193115,2591,,,,,,,,,,0.03581875120289624
975.399796962738,2592,,,,,,,,,,0.02409495785832405
975.738559961319,2593,,,,,,,,,,0.021443679463118315
976.0650448799133,2594,,,,,,,,,,0.040403567254543304
976.3943948745728,2595,,,,,,,,,,0.025056936778128147
976.7299981117249,2596,,,,,,,,,,0.04103617509827018
977.0549581050873,2597,,,,,,,,,,0.05281216523144394
977.3832874298096,2598,,,,,,,,,,0.022691243735607713
977.712192773819,2599,,,,,,,,,,0.02672313805669546
978.0519866943359,2600,,,,,,,,,,0.023758068215101957
978.3858544826508,2601,,,,,,,,,,0.020845202496275306
978.7140004634857,2602,,,,,,,,,,0.04439828731119633
979.0374813079834,2603,,,,,,,,,,0.05177316348999739
979.3640022277832,2604,,,,,,,,,,0.029881116235628724
979.7009191513062,2605,,,,,,,,,,0.037500095553696156
980.0518469810486,2606,,,,,,,,,,0.03305800072848797
980.3958604335785,2607,,,,,,,,,,0.03168226731941104
980.7210507392883,2608,,,,,,,,,,0.04194563068449497
981.0431818962097,2609,,,,,,,,,,0.016687353374436498
981.3804683685303,2610,,,,,,,,,,0.05610179342329502
981.7068297863007,2611,,,,,,,,,,0.040203270968049765
982.028018951416,2612,,,,,,,,,,0.0495508061721921
982.3573296070099,2613,,,,,,,,,,0.02353144809603691
982.6902318000793,2614,,,,,,,,,,0.04491202533245087
983.0200691223145,2615,,,,,,,,,,0.03271189401857555
983.3460304737091,2616,,,,,,,,,,0.057732146233320236
983.6687552928925,2617,,,,,,,,,,0.02379863942041993
983.9937472343445,2618,,,,,,,,,,0.04497196897864342
984.3253221511841,2619,,,,,,,,,,0.026336670387536287
984.6580903530121,2620,,,,,,,,,,0.032200409565120935
984.982551574707,2621,,,,,,,,,,0.0328349529299885
985.3117487430573,2622,,,,,,,,,,0.044136363081634045
985.6460134983063,2623,,,,,,,,,,0.030352570582181215
985.9683208465576,2624,,,,,,,,,,0.042895314283668995
986.3081903457642,2625,,,,,,,,,,0.03115319344215095
986.6445963382721,2626,,,,,,,,,,0.03254670277237892
986.9704692363739,2627,,,,,,,,,,0.0334548419341445
987.3075046539307,2628,,,,,,,,,,0.02712625649292022
987.6303782463074,2629,,,,,,,,,,0.04040681850165129
987.9644582271576,2630,,,,,,,,,,0.02760979626327753
988.3028683662415,2631,,,,,,,,,,0.02315242786426097
988.6402130126953,2632,,,,,,,,,,0.024873432237654924
988.9711925983429,2633,,,,,,,,,,0.05084357596933842
989.2953922748566,2634,,,,,,,,,,0.0283553097397089
989.6297163963318,2635,,,,,,,,,,0.04973795171827078
989.9753406047821,2636,,,,,,,,,,0.0369466133415699
990.3123798370361,2637,,,,,,,,,,0.017716013360768557
990.6365280151367,2638,,,,,,,,,,0.029280973598361015
990.9731843471527,2639,,,,,,,,,,0.02517599589191377
991.3104982376099,2640,,,,,,,,,,0.025083172600716352
991.6359715461731,2641,,,,,,,,,,0.03753371676430106
991.9638125896454,2642,,,,,,,,,,0.03217306360602379
992.3014168739319,2643,,,,,,,,,,0.02557658776640892
992.6372947692871,2644,,,,,,,,,,0.0185170064214617
992.9632115364075,2645,,,,,,,,,,0.019643790554255247
993.2901544570923,2646,,,,,,,,,,0.03686328558251262
993.6214172840118,2647,,,,,,,,,,0.02205634443089366
993.961757183075,2648,,,,,,,,,,0.019263035617768764
994.295978307724,2649,,,,,,,,,,0.02858958300203085
994.6371722221375,2650,,,,,,,,,,0.02112682000733912
994.980783700943,2651,,,,,,,,,,0.02231292217038572
995.3107895851135,2652,,,,,,,,,,0.044117617420852184
995.6347532272339,2653,,,,,,,,,,0.024494546931236982
995.9620423316956,2654,,,,,,,,,,0.031546480022370815
996.2946856021881,2655,,,,,,,,,,0.034760863753035665
996.6294248104095,2656,,,,,,,,,,0.027965799439698458
996.9581441879272,2657,,,,,,,,,,0.0429673632606864
997.2860853672028,2658,,,,,,,,,,0.037528460612520576
997.614506483078,2659,,,,,,,,,,0.03774627950042486
997.9427404403687,2660,,,,,,,,,,0.03035691613331437
998.279501914978,2661,,,,,,,,,,0.01872735016513616
998.6128747463226,2662,,,,,,,,,,0.035412109922617674
998.9541037082672,2663,,,,,,,,,,0.03373374883085489
999.2803864479065,2664,,,,,,,,,,0.050000268034636974
999.6072459220886,2665,,,,,,,,,,0.03195269079878926
999.9443876743317,2666,,,,,,,,,,0.03327328967861831
1000.269829750061,2667,,,,,,,,,,0.02446974813938141
1000.6047875881195,2668,,,,,,,,,,0.026568840257823467
1000.9383909702301,2669,,,,,,,,,,0.019673482980579138
1001.2736134529114,2670,,,,,,,,,,0.03285803087055683
1001.6043727397919,2671,,,,,,,,,,0.01724224886856973
1001.9293818473816,2672,,,,,,,,,,0.058841556310653687
1002.2529854774475,2673,,,,,,,,,,0.052888636477291584
1002.5794923305511,2674,,,,,,,,,,0.024557891534641385
1002.9067151546478,2675,,,,,,,,,,0.03537031356245279
1003.2368304729462,2676,,,,,,,,,,0.02837427007034421
1003.5621330738068,2677,,,,,,,,,,0.03118952363729477
1003.8934698104858,2678,,,,,,,,,,0.03869517985731363
1004.2234351634979,2679,,,,,,,,,,0.0360936913639307
1004.5508277416229,2680,,,,,,,,,,0.01934308302588761
1004.8828449249268,2681,,,,,,,,,,0.03440445614978671
1005.2127058506012,2682,,,,,,,,,,0.028116938425228
1005.5360877513885,2683,,,,,,,,,,0.04815111495554447
1005.8652055263519,2684,,,,,,,,,,0.02229747222736478
1006.1967906951904,2685,,,,,,,,,,0.024915926507674158
1006.5260486602783,2686,,,,,,,,,,0.03481391351670027
1006.8550617694855,2687,,,,,,,,,,0.042250306345522404
1007.1856005191803,2688,,,,,,,,,,0.03043515980243683
1007.5107641220093,2689,,,,,,,,,,0.02662965888157487
1007.8393580913544,2690,,,,,,,,,,0.03693873481824994
1008.1675004959106,2691,,,,,,,,,,0.03329485561698675
1008.4938471317291,2692,,,,,,,,,,0.029421281651593745
1008.8279550075531,2693,,,,,,,,,,0.013703564764000475
1009.1559429168701,2694,,,,,,,,,,0.030778516083955765
1009.4794409275055,2695,,,,,,,,,,0.02638813853263855
1009.813150882721,2696,,,,,,,,,,0.04091719398275018
1010.1406288146973,2697,,,,,,,,,,0.04069681791588664
1010.4633347988129,2698,,,,,,,,,,0.03394739143550396
1010.7972598075867,2699,,,,,,,,,,0.026931438595056534
1011.1192665100098,2700,,,,,,,,,,0.03955700248479843
1011.4467198848724,2701,,,,,,,,,,0.028509123250842094
1011.7797269821167,2702,,,,,,,,,,0.022562131052836776
1012.1056032180786,2703,,,,,,,,,,0.026737433508969843
1012.4376630783081,2704,,,,,,,,,,0.044298998080193996
1012.7670588493347,2705,,,,,,,,,,0.02901590126566589
1013.091587305069,2706,,,,,,,,,,0.03425773326307535
1013.4247560501099,2707,,,,,,,,,,0.021003483328968287
1013.748263835907,2708,,,,,,,,,,0.03196322591975331
1014.0770144462585,2709,,,,,,,,,,0.04089578753337264
1014.4102153778076,2710,,,,,,,,,,0.023035823833197355
1014.7403583526611,2711,,,,,,,,,,0.03222338040359318
1015.0790138244629,2712,,,,,,,,,,0.03196521708741784
1015.4178023338318,2713,,,,,,,,,,0.02675833646208048
1015.7468762397766,2714,,,,,,,,,,0.029585670679807663
1016.079252243042,2715,,,,,,,,,,0.021814157720655203
1016.4089658260345,2716,,,,,,,,,,0.03375510359182954
1016.7499063014984,2717,,,,,,,,,,0.03512888110708445
1017.0891003608704,2718,,,,,,,,,,0.030700226547196507
1017.41899061203,2719,,,,,,,,,,0.040731755550950766
1017.801805973053,2720,,,,,,,,,,0.05286158947274089
1018.1373572349548,2721,,,,,,,,,,0.03767405729740858
1018.4714593887329,2722,,,,,,,,,,0.02769661182537675
1018.8173031806946,2723,,,,,,,,,,0.02461464423686266
1019.1493754386902,2724,,,,,,,,,,0.03490960085764527
1019.493974685669,2725,,,,,,,,,,0.033205426298081875
1019.8429567813873,2726,,,,,,,,,,0.023073174292221665
1020.1772956848145,2727,,,,,,,,,,0.027406129520386457
1020.5266108512878,2728,,,,,,,,,,0.032476186752319336
1020.8625309467316,2729,,,,,,,,,,0.016734521748730913
1021.2408316135406,2730,,,,,,,,,,0.04810092970728874
1021.5873010158539,2731,,,,,,,,,,0.019254495855420828
1021.9351773262024,2732,,,,,,,,,,0.023510538041591644
1022.2860748767853,2733,,,,,,,,,,0.02769384765997529
1022.6221897602081,2734,,,,,,,,,,0.025024576345458627
1022.9561371803284,2735,,,,,,,,,,0.01963872672058642
1023.2880656719208,2736,,,,,,,,,,0.047491622157394886
1023.6333138942719,2737,,,,,,,,,,0.02822890761308372
1023.9632544517517,2738,,,,,,,,,,0.04392065014690161
1024.2930891513824,2739,,,,,,,,,,0.0227752891369164
1024.6258640289307,2740,,,,,,,,,,0.018947026459500194
1024.9616792201996,2741,,,,,,,,,,0.03996870061382651
1025.2928955554962,2742,,,,,,,,,,0.02860598312690854
1025.6259257793427,2743,,,,,,,,,,0.02911471063271165
1025.9635620117188,2744,,,,,,,,,,0.025209602899849415
1026.2929773330688,2745,,,,,,,,,,0.03281874768435955
1026.6227061748505,2746,,,,,,,,,,0.0406141250859946
1026.954249382019,2747,,,,,,,,,,0.025820165406912565
1027.2836594581604,2748,,,,,,,,,,0.024519173428416252
1027.614533662796,2749,,,,,,,,,,0.02001451444812119
1027.9468307495117,2750,,,,,,,,,,0.02179873245768249
1028.2781291007996,2751,,,,,,,,,,0.029255429282784462
1028.607342004776,2752,,,,,,,,,,0.03008924052119255
1028.9459443092346,2753,,,,,,,,,,0.015971018001437187
1029.2774426937103,2754,,,,,,,,,,0.048659528605639935
1029.6082723140717,2755,,,,,,,,,,0.02865847898647189
1029.9485538005829,2756,,,,,,,,,,0.023417481686919928
1030.279135465622,2757,,,,,,,,,,0.028827343601733446
1030.6269915103912,2758,,,,,,,,,,0.03705069003626704
1030.9516098499298,2759,,,,,,,,,,0.03475059010088444
1031.2732894420624,2760,,,,,,,,,,0.028293903917074203
1031.6021180152893,2761,,,,,,,,,,0.03874995093792677
1031.92360329628,2762,,,,,,,,,,0.03743857052177191
1032.251579284668,2763,,,,,,,,,,0.029711711453273892
1032.5700981616974,2764,,,,,,,,,,0.022898184834048152
1032.8901386260986,2765,,,,,,,,,,0.017124209320172668
1033.2225606441498,2766,,,,,,,,,,0.03309452533721924
1033.5436866283417,2767,,,,,,,,,,0.022137910418678075
1033.895980834961,2768,,,,,,,,,,0.021977175609208643
1034.2214510440826,2769,,,,,,,,,,0.05629613157361746
1034.5655274391174,2770,,,,,,,,,,0.04081588168628514
1034.9055659770966,2771,,,,,,,,,,0.03537461534142494
1035.2592859268188,2772,,,,,,,,,,0.0552660608664155
1035.5902121067047,2773,,,,,,,,,,0.03594489488750696
1035.925108909607,2774,,,,,,,,,,0.02481107832863927
1036.2596318721771,2775,,,,,,,,,,0.0312652790453285
1036.5897109508514,2776,,,,,,,,,,0.02851304691284895
1036.9205977916718,2777,,,,,,,,,,0.022917634807527065
1037.2509264945984,2778,,,,,,,,,,0.03384170355275273
1037.5866301059723,2779,,,,,,,,,,0.024806732893921435
1037.9281380176544,2780,,,,,,,,,,0.030695754569023848
1038.2639167308807,2781,,,,,,,,,,0.023133894661441445
1038.5870342254639,2782,,,,,,,,,,0.018018068047240376
1038.9111976623535,2783,,,,,,,,,,0.035085790790617466
1039.2447500228882,2784,,,,,,,,,,0.02570407185703516
1039.5680327415466,2785,,,,,,,,,,0.030901088379323483
1039.9039993286133,2786,,,,,,,,,,0.03294089622795582
1040.2292602062225,2787,,,,,,,,,,0.0321180650498718
1040.5541167259216,2788,,,,,,,,,,0.0429194956086576
1040.8861198425293,2789,,,,,,,,,,0.05495965946465731
1041.2301740646362,2790,,,,,,,,,,0.038406978361308575
1041.57732462883,2791,,,,,,,,,,0.03503582859411836
1041.902496099472,2792,,,,,,,,,,0.0290713831782341
1042.2300980091095,2793,,,,,,,,,,0.018994962563738227
1042.5573861598969,2794,,,,,,,,,,0.043542616767808795
1042.8830575942993,2795,,,,,,,,,,0.02604241156950593
1043.205706834793,2796,,,,,,,,,,0.03472268674522638
1043.5461688041687,2797,,,,,,,,,,0.018468296737410128
1043.8741426467896,2798,,,,,,,,,,0.03511404595337808
1044.203638792038,2799,,,,,,,,,,0.023243501782417297
1044.5253422260284,2800,,,,,,,,,,0.021714481292292476
1044.8550200462341,2801,,,,,,,,,,0.02875338774174452
1045.1788852214813,2802,,,,,,,,,,0.040818088222295046
1045.500938653946,2803,,,,,,,,,,0.046104115433990955
1045.8432936668396,2804,,,,,,,,,,0.028336137300357223
1046.1724071502686,2805,,,,,,,,,,0.035480023827403784
1046.495199918747,2806,,,,,,,,,,0.029682994820177555
1046.819109916687,2807,,,,,,,,,,0.025432923808693886
1047.1421191692352,2808,,,,,,,,,,0.043125076685100794
1047.467576265335,2809,,,,,,,,,,0.07153944298624992
1047.790441274643,2810,,,,,,,,,,0.041000411845743656
1048.1095473766327,2811,,,,,,,,,,0.02437132317572832
1048.435447216034,2812,,,,,,,,,,0.03533350210636854
1048.7588040828705,2813,,,,,,,,,,0.03613003820646554
1049.0907852649689,2814,,,,,,,,,,0.028562497347593307
1049.4185936450958,2815,,,,,,,,,,0.03533245762810111
1049.7437031269073,2816,,,,,,,,,,0.03693142533302307
1050.0699648857117,2817,,,,,,,,,,0.0464589474722743
1050.3945412635803,2818,,,,,,,,,,0.029958138009533286
1050.726453781128,2819,,,,,,,,,,0.01699659612495452
1051.0498259067535,2820,,,,,,,,,,0.04455085890367627
1051.3724048137665,2821,,,,,,,,,,0.028446019859984517
1051.6903939247131,2822,,,,,,,,,,0.045864579267799854
1052.0133447647095,2823,,,,,,,,,,0.029235270339995623
1052.334361076355,2824,,,,,,,,,,0.03389540361240506
1052.6558349132538,2825,,,,,,,,,,0.053148528560996056
1052.980052947998,2826,,,,,,,,,,0.025298270396888256
1053.304974079132,2827,,,,,,,,,,0.030081771779805422
1053.6239037513733,2828,,,,,,,,,,0.03838538844138384
1053.9447433948517,2829,,,,,,,,,,0.023210549261420965
1054.2612817287445,2830,,,,,,,,,,0.027551315957680345
1054.594618320465,2831,,,,,,,,,,0.050052272621542215
1054.9219596385956,2832,,,,,,,,,,0.03989001456648111
1055.2558410167694,2833,,,,,,,,,,0.025258254492655396
1055.5775744915009,2834,,,,,,,,,,0.023906548274680972
1055.9094715118408,2835,,,,,,,,,,0.04212005715817213
1056.2335002422333,2836,,,,,,,,,,0.023112649330869317
1056.5714435577393,2837,,,,,,,,,,0.017913347342982888
1056.8943605422974,2838,,,,,,,,,,0.03610133985057473
1057.2169320583344,2839,,,,,,,,,,0.02773140848148614
1057.5403637886047,2840,,,,,,,,,,0.025560515583492815
1057.8622143268585,2841,,,,,,,,,,0.03012285102158785
1058.1871020793915,2842,,,,,,,,,,0.04213302629068494
1058.506714105606,2843,,,,,,,,,,0.047172965947538614
1058.8351373672485,2844,,,,,,,,,,0.03458894928917289
1059.1623454093933,2845,,,,,,,,,,0.02954568318091333
1059.4854035377502,2846,,,,,,,,,,0.04170497227460146
1059.8127076625824,2847,,,,,,,,,,0.017963116755709052
1060.1621158123016,2848,,,,,,,,,,0.027292389888316393
1060.4838585853577,2849,,,,,,,,,,0.03150397399440408
1060.810879945755,2850,,,,,,,,,,0.015430585481226444
1061.1336994171143,2851,,,,,,,,,,0.03488661348819733
1061.4566192626953,2852,,,,,,,,,,0.032792242243885994
1061.783586025238,2853,,,,,,,,,,0.022588506806641817
1062.099945306778,2854,,,,,,,,,,0.024525470100343227
1062.42271733284,2855,,,,,,,,,,0.05914104310795665
1062.7449469566345,2856,,,,,,,,,,0.03359466651454568
1063.0670247077942,2857,,,,,,,,,,0.02595157886389643
1063.3857872486115,2858,,,,,,,,,,0.029716389952227473
1063.703622341156,2859,,,,,,,,,,0.04207224864512682
1064.0236876010895,2860,,,,,,,,,,0.0322972577996552
1064.3492064476013,2861,,,,,,,,,,0.027889896649867296
1064.682879447937,2862,,,,,,,,,,0.06281613418832421
1065.0068917274475,2863,,,,,,,,,,0.03725153487175703
1065.3257648944855,2864,,,,,,,,,,0.035036757588386536
1065.6464385986328,2865,,,,,,,,,,0.039825678803026676
1065.9789543151855,2866,,,,,,,,,,0.03505256259813905
1066.3015639781952,2867,,,,,,,,,,0.039388793520629406
1066.6509191989899,2868,,,,,,,,,,0.03138474468141794
1066.9842426776886,2869,,,,,,,,,,0.02988680184353143
1067.305687904358,2870,,,,,,,,,,0.02165911579504609
1067.6247897148132,2871,,,,,,,,,,0.02822185237891972
1067.9431190490723,2872,,,,,,,,,,0.04148187069222331
1068.271721124649,2873,,,,,,,,,,0.042363295797258615
1068.5931029319763,2874,,,,,,,,,,0.031171740731224418
1068.9224002361298,2875,,,,,,,,,,0.04371465463191271
1069.2429220676422,2876,,,,,,,,,,0.03323740977793932
1069.565686225891,2877,,,,,,,,,,0.03327517746947706
1069.9008519649506,2878,,,,,,,,,,0.023234747350215912
1070.2281839847565,2879,,,,,,,,,,0.035466203931719065
1070.5524775981903,2880,,,,,,,,,,0.033369767013937235
1070.885311126709,2881,,,,,,,,,,0.02401381405070424
1071.207394361496,2882,,,,,,,,,,0.024730060948058963
1071.5269286632538,2883,,,,,,,,,,0.023023677757009864
1071.8482749462128,2884,,,,,,,,,,0.032431107480078936
1072.1697964668274,2885,,,,,,,,,,0.02295506140217185
1072.4932866096497,2886,,,,,,,,,,0.04154309770092368
1072.8263657093048,2887,,,,,,,,,,0.0180992828682065
1073.1555531024933,2888,,,,,,,,,,0.044355704449117184
1073.4771094322205,2889,,,,,,,,,,0.022657885681837797
1073.796532869339,2890,,,,,,,,,,0.015698009869083762
1074.1163902282715,2891,,,,,,,,,,0.031311164144426584
1074.4395847320557,2892,,,,,,,,,,0.024307264015078545
1074.7669126987457,2893,,,,,,,,,,0.05534392036497593
1075.084159374237,2894,,,,,,,,,,0.027970607858151197
1075.409681558609,2895,,,,,,,,,,0.03461529314517975
1075.7371060848236,2896,,,,,,,,,,0.0171196018345654
1076.0564725399017,2897,,,,,,,,,,0.025206119753420353
1076.376621723175,2898,,,,,,,,,,0.0470523820258677
1076.700546503067,2899,,,,,,,,,,0.02481168508529663
1077.021729707718,2900,,,,,,,,,,0.024773900397121906
1077.349112033844,2901,,,,,,,,,,0.019490435253828764
1077.6761498451233,2902,,,,,,,,,,0.01226250606123358
1077.9969081878662,2903,,,,,,,,,,0.042323208414018154
1078.3191044330597,2904,,,,,,,,,,0.018913217703811824
1078.6390826702118,2905,,,,,,,,,,0.025170390959829092
1078.9904627799988,2906,,,,,,,,,,0.027618037769570947
1079.3098692893982,2907,,,,,,,,,,0.033366062212735415
1079.647373199463,2908,,,,,,,,,,0.02626681246329099
1079.977412700653,2909,,,,,,,,,,0.026200674939900637
1080.304307937622,2910,,,,,,,,,,0.025142537895590067
1080.6252434253693,2911,,,,,,,,,,0.027826901292428374
1080.9592578411102,2912,,,,,,,,,,0.032601404935121536
1081.2859880924225,2913,,,,,,,,,,0.05267196986824274
1081.6068885326385,2914,,,,,,,,,,0.026138498913496733
1081.9259479045868,2915,,,,,,,,,,0.03101625037379563
1082.2478442192078,2916,,,,,,,,,,0.022858990356326103
1082.5949840545654,2917,,,,,,,,,,0.024022552650421858
1082.9130578041077,2918,,,,,,,,,,0.03413441963493824
1083.2403390407562,2919,,,,,,,,,,0.017345707630738616
1083.5599138736725,2920,,,,,,,,,,0.023470979183912277
1083.8873879909515,2921,,,,,,,,,,0.029937303625047207
1084.2192831039429,2922,,,,,,,,,,0.035359920002520084
1084.5396711826324,2923,,,,,,,,,,0.028428871650248766
1084.8614060878754,2924,,,,,,,,,,0.04027574136853218
1085.1865057945251,2925,,,,,,,,,,0.018450574250891805
1085.508791923523,2926,,,,,,,,,,0.043913016095757484
1085.8272457122803,2927,,,,,,,,,,0.03396123507991433
1086.1486175060272,2928,,,,,,,,,,0.04164630500599742
1086.4658915996552,2929,,,,,,,,,,0.04254447156563401
1086.7865614891052,2930,,,,,,,,,,0.023668811656534672
1087.1091833114624,2931,,,,,,,,,,0.04124320764094591
1087.4378082752228,2932,,,,,,,,,,0.0335509548895061
1087.7611198425293,2933,,,,,,,,,,0.03429639572277665
1088.0846824645996,2934,,,,,,,,,,0.05598807265050709
1088.407954454422,2935,,,,,,,,,,0.035220290534198284
1088.7355098724365,2936,,,,,,,,,,0.034227137453854084
1089.0639336109161,2937,,,,,,,,,,0.02591238170862198
1089.3880851268768,2938,,,,,,,,,,0.03171418374404311
1089.7116076946259,2939,,,,,,,,,,0.034277573926374316
1090.0330619812012,2940,,,,,,,,,,0.022842783946543932
1090.371485710144,2941,,,,,,,,,,0.033711264841258526
1090.701428413391,2942,,,,,,,,,,0.030346319312229753
1091.0221881866455,2943,,,,,,,,,,0.024762443732470274
1091.346931695938,2944,,,,,,,,,,0.029568819096311927
1091.6740255355835,2945,,,,,,,,,,0.026842675637453794
1091.9935295581818,2946,,,,,,,,,,0.035102289635688066
1092.3163840770721,2947,,,,,,,,,,0.03649664530530572
1092.6334583759308,2948,,,,,,,,,,0.021945288870483637
1092.9537160396576,2949,,,,,,,,,,0.04560005874373019
1093.2854783535004,2950,,,,,,,,,,0.04282923974096775
1093.6112949848175,2951,,,,,,,,,,0.02470949711278081
1093.9349336624146,2952,,,,,,,,,,0.0346115215215832
1094.2541103363037,2953,,,,,,,,,,0.03137449687346816
1094.5735387802124,2954,,,,,,,,,,0.010119420010596514
1094.9025633335114,2955,,,,,,,,,,0.06173256749752909
1095.2268328666687,2956,,,,,,,,,,0.026282960490789264
1095.5441071987152,2957,,,,,,,,,,0.02596582379192114
1095.8736608028412,2958,,,,,,,,,,0.01980432285927236
1096.193421125412,2959,,,,,,,,,,0.03235182864591479
1096.521991968155,2960,,,,,,,,,,0.014735221164301038
1096.8592157363892,2961,,,,,,,,,,0.03357338113710284
1097.1816930770874,2962,,,,,,,,,,0.04441068787127733
1097.5001266002655,2963,,,,,,,,,,0.03925291495397687
1097.8204946517944,2964,,,,,,,,,,0.028649202664382756
1098.1412060260773,2965,,,,,,,,,,0.027630546363070607
1098.4633033275604,2966,,,,,,,,,,0.032033790135756135
1098.7907450199127,2967,,,,,,,,,,0.03979672212153673
1099.1129219532013,2968,,,,,,,,,,0.0331678717629984
1099.443695306778,2969,,,,,,,,,,0.019226721953600645
1099.7666144371033,2970,,,,,,,,,,0.02726732101291418
1100.0925874710083,2971,,,,,,,,,,0.040995724499225616
1100.4166073799133,2972,,,,,,,,,,0.03479073429480195
1100.737532377243,2973,,,,,,,,,,0.02891248045489192
1101.0746793746948,2974,,,,,,,,,,0.037875714246183634
1101.4005692005157,2975,,,,,,,,,,0.026974789332598448
1101.7286677360535,2976,,,,,,,,,,0.024126977659761906
1102.0529856681824,2977,,,,,,,,,,0.0351391036529094
1102.379069328308,2978,,,,,,,,,,0.03730374062433839
1102.7032103538513,2979,,,,,,,,,,0.022833567345514894
1103.0207760334015,2980,,,,,,,,,,0.03177143260836601
1103.3411693572998,2981,,,,,,,,,,0.02897400502115488
1103.6668264865875,2982,,,,,,,,,,0.046869522891938686
1103.9856216907501,2983,,,,,,,,,,0.03286614455282688
1104.305915594101,2984,,,,,,,,,,0.03129203850403428
1104.63041305542,2985,,,,,,,,,,0.04888682905584574
1104.962962627411,2986,,,,,,,,,,0.039348975755274296
1105.303201675415,2987,,,,,,,,,,0.04775998368859291
1105.626638174057,2988,,,,,,,,,,0.03693526145070791
1105.9516689777374,2989,,,,,,,,,,0.029055168852210045
1106.2893390655518,2990,,,,,,,,,,0.036971806548535824
1106.6160175800323,2991,,,,,,,,,,0.02887116908095777
1106.9387691020966,2992,,,,,,,,,,0.02726401900872588
1107.257342338562,2993,,,,,,,,,,0.02489694021642208
1107.5840752124786,2994,,,,,,,,,,0.029046394396573305
1107.9112408161163,2995,,,,,,,,,,0.0480232413392514
1108.236478805542,2996,,,,,,,,,,0.04301107255741954
1108.5585494041443,2997,,,,,,,,,,0.02200894057750702
1108.8765132427216,2998,,,,,,,,,,0.038407943677157164
1109.200767993927,2999,,,,,,,,,,0.02219694433733821
1109.525558233261,3000,0.6803824073907904,627450,138581,0.5155905856373995,0.9876928608114388,0.8547248671535693,0.5651134260703221,60661445,815340,0.020053886575624347
1124.7736587524414,3001,,,,,,,,,,0.03629298601299524
1125.1035859584808,3002,,,,,,,,,,0.03400836660875939
1125.4252054691315,3003,,,,,,,,,,0.034968098159879446
1125.7475936412811,3004,,,,,,,,,,0.04456497868523002
1126.081519126892,3005,,,,,,,,,,0.036118947668001056
1126.4104549884796,3006,,,,,,,,,,0.030349644599482417
1126.7316195964813,3007,,,,,,,,,,0.039960782043635845
1127.053077697754,3008,,,,,,,,,,0.03256009332835674
1127.3737180233002,3009,,,,,,,,,,0.023073186865076423
1127.6915655136108,3010,,,,,,,,,,0.0342996041290462
1128.027461051941,3011,,,,,,,,,,0.04924250254407525
1128.3502418994904,3012,,,,,,,,,,0.03466618759557605
1128.6753928661346,3013,,,,,,,,,,0.017237253487110138
1128.995929479599,3014,,,,,,,,,,0.019445199868641794
1129.3160619735718,3015,,,,,,,,,,0.0420649042353034
1129.6449763774872,3016,,,,,,,,,,0.0503559117205441
1129.9701509475708,3017,,,,,,,,,,0.024155057035386562
1130.3053472042084,3018,,,,,,,,,,0.022233737399801612
1130.626116991043,3019,,,,,,,,,,0.036328057292848825
1130.951566696167,3020,,,,,,,,,,0.03053481667302549
1131.289063692093,3021,,,,,,,,,,0.03648407943546772
1131.622224330902,3022,,,,,,,,,,0.02721323200967163
1131.9416151046753,3023,,,,,,,,,,0.02496615517884493
1132.260248184204,3024,,,,,,,,,,0.021289545111358166
1132.5925476551056,3025,,,,,,,,,,0.025714369025081396
1132.9177253246307,3026,,,,,,,,,,0.02516608568839729
1133.243094444275,3027,,,,,,,,,,0.025847301818430424
1133.5717430114746,3028,,,,,,,,,,0.038457985036075115
1133.8887412548065,3029,,,,,,,,,,0.03351805382408202
1134.2131810188293,3030,,,,,,,,,,0.02767953835427761
1134.5352687835693,3031,,,,,,,,,,0.046990097500383854
1134.8703711032867,3032,,,,,,,,,,0.03070015273988247
1135.19101023674,3033,,,,,,,,,,0.018090210622176528
1135.5200204849243,3034,,,,,,,,,,0.03149981936439872
1135.8401095867157,3035,,,,,,,,,,0.034119772259145975
1136.159761428833,3036,,,,,,,,,,0.0275834072381258
1136.4847738742828,3037,,,,,,,,,,0.020426386734470725
1136.8047759532928,3038,,,,,,,,,,0.03467874741181731
1137.1252629756927,3039,,,,,,,,,,0.02526808250695467
1137.4436259269714,3040,,,,,,,,,,0.02971032727509737
1137.7637724876404,3041,,,,,,,,,,0.033519824501127005
1138.0826239585876,3042,,,,,,,,,,0.036987983621656895
1138.4048907756805,3043,,,,,,,,,,0.024835672229528427
1138.7294428348541,3044,,,,,,,,,,0.04599664360284805
1139.0493378639221,3045,,,,,,,,,,0.04083404573611915
1139.3750910758972,3046,,,,,,,,,,0.033509097062051296
1139.6960051059723,3047,,,,,,,,,,0.02508029341697693
1140.0180876255035,3048,,,,,,,,,,0.03596495883539319
1140.3497591018677,3049,,,,,,,,,,0.02938910759985447
1140.674008846283,3050,,,,,,,,,,0.027006351621821523
1140.996663570404,3051,,,,,,,,,,0.02615883550606668
1141.317779302597,3052,,,,,,,,,,0.02529633161611855
1141.6483557224274,3053,,,,,,,,,,0.046852471539750695
1141.968641281128,3054,,,,,,,,,,0.03791501186788082
1142.28830742836,3055,,,,,,,,,,0.027165167033672333
1142.6086127758026,3056,,,,,,,,,,0.033406637609004974
1142.9273438453674,3057,,,,,,,,,,0.015457313973456621
1143.2458546161652,3058,,,,,,,,,,0.03424299322068691
1143.56387257576,3059,,,,,,,,,,0.021020032232627273
1143.8830254077911,3060,,,,,,,,,,0.024652379099279642
1144.2090487480164,3061,,,,,,,,,,0.03548326948657632
1144.533373594284,3062,,,,,,,,,,0.04155308986082673
1144.8544862270355,3063,,,,,,,,,,0.020182890351861715
1145.1809725761414,3064,,,,,,,,,,0.021768114063888788
1145.5018408298492,3065,,,,,,,,,,0.026323063066229224
1145.822732925415,3066,,,,,,,,,,0.018778490601107478
1146.1465156078339,3067,,,,,,,,,,0.0305393747985363
1146.4654068946838,3068,,,,,,,,,,0.04906821437180042
1146.8005425930023,3069,,,,,,,,,,0.024450575467199087
1147.1190190315247,3070,,,,,,,,,,0.041830332949757576
1147.4593150615692,3071,,,,,,,,,,0.034926596097648144
1147.7818012237549,3072,,,,,,,,,,0.03153568599373102
1148.1027886867523,3073,,,,,,,,,,0.026524198008701205
1148.421237707138,3074,,,,,,,,,,0.0242418278940022
1148.7467305660248,3075,,,,,,,,,,0.051026311703026295
1149.067864894867,3076,,,,,,,,,,0.028005277970805764
1149.3911366462708,3077,,,,,,,,,,0.02230122103355825
1149.7098746299744,3078,,,,,,,,,,0.02474764280486852
1150.0422015190125,3079,,,,,,,,,,0.034539323300123215
1150.368501663208,3080,,,,,,,,,,0.035053873900324106
1150.6961166858673,3081,,,,,,,,,,0.04028188996016979
1151.0236387252808,3082,,,,,,,,,,0.02001502283383161
1151.3559226989746,3083,,,,,,,,,,0.032719150418415666
1151.6856615543365,3084,,,,,,,,,,0.019194653490558267
1152.0059642791748,3085,,,,,,,,,,0.021101095713675022
1152.3294956684113,3086,,,,,,,,,,0.0173544988501817
1152.650411605835,3087,,,,,,,,,,0.03423610655590892
1152.9677419662476,3088,,,,,,,,,,0.018614594475366175
1153.2936697006226,3089,,,,,,,,,,0.046454150695353746
1153.6376278400421,3090,,,,,,,,,,0.02242276817560196
1153.9705233573914,3091,,,,,,,,,,0.026514878030866385
1154.2988171577454,3092,,,,,,,,,,0.0425155577249825
1154.624008178711,3093,,,,,,,,,,0.046177725307643414
1154.944100856781,3094,,,,,,,,,,0.02410566760227084
1155.2625398635864,3095,,,,,,,,,,0.02805725298821926
1155.6047911643982,3096,,,,,,,,,,0.04440882848575711
1155.9300730228424,3097,,,,,,,,,,0.03062128834426403
1156.2575418949127,3098,,,,,,,,,,0.02598233474418521
1156.5753910541534,3099,,,,,,,,,,0.036298077553510666
1156.9031825065613,3100,,,,,,,,,,0.020048903999850154
1157.231226682663,3101,,,,,,,,,,0.028752705082297325
1157.5508935451508,3102,,,,,,,,,,0.01768555073067546
1157.8736023902893,3103,,,,,,,,,,0.035668094642460346
1158.205760717392,3104,,,,,,,,,,0.0576435886323452
1158.5244920253754,3105,,,,,,,,,,0.051397401839494705
1158.8553538322449,3106,,,,,,,,,,0.03921860968694091
1159.1754009723663,3107,,,,,,,,,,0.026659393217414618
1159.501886844635,3108,,,,,,,,,,0.03459447110071778
1159.8342065811157,3109,,,,,,,,,,0.03137063467875123
1160.163007259369,3110,,,,,,,,,,0.027493483619764447
1160.4889633655548,3111,,,,,,,,,,0.0248066911008209
1160.807907819748,3112,,,,,,,,,,0.018278964853379875
1161.1319341659546,3113,,,,,,,,,,0.05243483278900385
1161.469854593277,3114,,,,,,,,,,0.045987777411937714
1161.7982592582703,3115,,,,,,,,,,0.04176348261535168
1162.1175861358643,3116,,,,,,,,,,0.027985769091174006
1162.437620639801,3117,,,,,,,,,,0.03765081148594618
1162.7604351043701,3118,,,,,,,,,,0.027632015757262707
1163.0951323509216,3119,,,,,,,,,,0.026345175225287676
1163.418743610382,3120,,,,,,,,,,0.03481762437149882
1163.7510342597961,3121,,,,,,,,,,0.03515331819653511
1164.0687959194183,3122,,,,,,,,,,0.036971774185076356
1164.3891928195953,3123,,,,,,,,,,0.03871134947985411
1164.7078366279602,3124,,,,,,,,,,0.03985332977026701
1165.027991771698,3125,,,,,,,,,,0.022278810385614634
1165.3466210365295,3126,,,,,,,,,,0.05387820303440094
1165.6652448177338,3127,,,,,,,,,,0.03300821594893932
1165.9842584133148,3128,,,,,,,,,,0.03720855759456754
1166.303171157837,3129,,,,,,,,,,0.0381786678917706
1166.6208832263947,3130,,,,,,,,,,0.022967089898884296
1166.9438927173615,3131,,,,,,,,,,0.022667451528832316
1167.2650558948517,3132,,,,,,,,,,0.030619777040556073
1167.584984779358,3133,,,,,,,,,,0.03249710472300649
1167.904307603836,3134,,,,,,,,,,0.02532964339479804
1168.2264790534973,3135,,,,,,,,,,0.02284761006012559
1168.5464236736298,3136,,,,,,,,,,0.039105629082769156
1168.880363225937,3137,,,,,,,,,,0.051128274761140347
1169.202846288681,3138,,,,,,,,,,0.03368596639484167
1169.5407102108002,3139,,,,,,,,,,0.02762233978137374
1169.8728001117706,3140,,,,,,,,,,0.024754098616540432
1170.1926746368408,3141,,,,,,,,,,0.02455327520146966
1170.5136363506317,3142,,,,,,,,,,0.029871830251067877
1170.8331236839294,3143,,,,,,,,,,0.013114255154505372
1171.1585566997528,3144,,,,,,,,,,0.04506049584597349
1171.4757196903229,3145,,,,,,,,,,0.040718157310038805
1171.7982296943665,3146,,,,,,,,,,0.03604895807802677
1172.121521472931,3147,,,,,,,,,,0.043341747019439936
1172.4532885551453,3148,,,,,,,,,,0.029758987482637167
1172.7779335975647,3149,,,,,,,,,,0.03243121225386858
1173.0946950912476,3150,,,,,,,,,,0.02284936234354973
1173.417062997818,3151,,,,,,,,,,0.03379130573011935
1173.74324965477,3152,,,,,,,,,,0.034860963583923876
1174.0703976154327,3153,,,,,,,,,,0.027788903331384063
1174.3898911476135,3154,,,,,,,,,,0.03318939101882279
1174.714962720871,3155,,,,,,,,,,0.028570041758939624
1175.0362153053284,3156,,,,,,,,,,0.028413523104973137
1175.3566274642944,3157,,,,,,,,,,0.049615421798080206
1175.6751685142517,3158,,,,,,,,,,0.03597540641203523
1175.9947032928467,3159,,,,,,,,,,0.03329430054873228
1176.315856218338,3160,,,,,,,,,,0.033981888089329004
1176.63631939888,3161,,,,,,,,,,0.03378232382237911
1176.957026720047,3162,,,,,,,,,,0.04279464390128851
1177.2760500907898,3163,,,,,,,,,,0.034037269302643836
1177.594130039215,3164,,,,,,,,,,0.026009243680164218
1177.939130783081,3165,,,,,,,,,,0.041261252015829086
1178.274082660675,3166,,,,,,,,,,0.03359566070139408
1178.602352142334,3167,,,,,,,,,,0.02189425239339471
1178.9301090240479,3168,,,,,,,,,,0.04029469657689333
1179.2560360431671,3169,,,,,,,,,,0.028863294515758753
1179.584677696228,3170,,,,,,,,,,0.028267068788409233
1179.921869277954,3171,,,,,,,,,,0.027773432433605194
1180.2560377120972,3172,,,,,,,,,,0.03997109830379486
1180.584730386734,3173,,,,,,,,,,0.028511893935501575
1180.9176542758942,3174,,,,,,,,,,0.02922969963401556
1181.2468466758728,3175,,,,,,,,,,0.02398390369489789
1181.5744578838348,3176,,,,,,,,,,0.026437648106366396
1181.8984429836273,3177,,,,,,,,,,0.024863665224984288
1182.2259593009949,3178,,,,,,,,,,0.02256210776977241
1182.5491034984589,3179,,,,,,,,,,0.03681463003158569
1182.8691382408142,3180,,,,,,,,,,0.052250505425035954
1183.196287870407,3181,,,,,,,,,,0.02139807492494583
1183.5133037567139,3182,,,,,,,,,,0.034827096154913306
1183.830395936966,3183,,,,,,,,,,0.025297846645116806
1184.1653254032135,3184,,,,,,,,,,0.030028402688913047
1184.4917287826538,3185,,,,,,,,,,0.03629697673022747
1184.824522972107,3186,,,,,,,,,,0.040038906037807465
1185.1496107578278,3187,,,,,,,,,,0.03300283569842577
1185.4674279689789,3188,,,,,,,,,,0.027686567278578877
1185.786448955536,3189,,,,,,,,,,0.031343964859843254
1186.1109445095062,3190,,,,,,,,,,0.03310727095231414
1186.4315128326416,3191,,,,,,,,,,0.017240000190213323
1186.7513899803162,3192,,,,,,,,,,0.03969795582816005
1187.0791156291962,3193,,,,,,,,,,0.03281638119369745
1187.3982408046722,3194,,,,,,,,,,0.02712337113916874
1187.7195014953613,3195,,,,,,,,,,0.023175619076937437
1188.03573346138,3196,,,,,,,,,,0.02651551505550742
1188.3560769557953,3197,,,,,,,,,,0.039216713747009635
1188.676613330841,3198,,,,,,,,,,0.025809008860960603
1189.0005593299866,3199,,,,,,,,,,0.03682373103220016
1189.3244469165802,3200,,,,,,,,,,0.028818688821047544
1189.6484079360962,3201,,,,,,,,,,0.035101428627967834
1189.9686613082886,3202,,,,,,,,,,0.028835247736424208
1190.2875714302063,3203,,,,,,,,,,0.039340756833553314
1190.6076817512512,3204,,,,,,,,,,0.030671001877635717
1190.9323303699493,3205,,,,,,,,,,0.045017599826678634
1191.2584795951843,3206,,,,,,,,,,0.031241110060364008
1191.5897014141083,3207,,,,,,,,,,0.02440194971859455
1191.9088752269745,3208,,,,,,,,,,0.022328056395053864
1192.2294790744781,3209,,,,,,,,,,0.035282060503959656
1192.548079252243,3210,,,,,,,,,,0.057068138383328915
1192.8788945674896,3211,,,,,,,,,,0.04026150656864047
1193.196496963501,3212,,,,,,,,,,0.030345428735017776
1193.5181546211243,3213,,,,,,,,,,0.03705384652130306
1193.8362491130829,3214,,,,,,,,,,0.030623153783380985
1194.1664583683014,3215,,,,,,,,,,0.04128446243703365
1194.4872844219208,3216,,,,,,,,,,0.03331703320145607
1194.813785791397,3217,,,,,,,,,,0.02497693384066224
1195.1375842094421,3218,,,,,,,,,,0.026981729548424482
1195.4584600925446,3219,,,,,,,,,,0.042110768146812916
1195.7818722724915,3220,,,,,,,,,,0.026482447749003768
1196.1034832000732,3221,,,,,,,,,,0.040156211238354445
1196.4254150390625,3222,,,,,,,,,,0.036636088974773884
1196.7718019485474,3223,,,,,,,,,,0.02691176743246615
1197.0947687625885,3224,,,,,,,,,,0.015265667578205466
1197.4170815944672,3225,,,,,,,,,,0.0212083887308836
1197.7515053749084,3226,,,,,,,,,,0.02859073644503951
1198.06813621521,3227,,,,,,,,,,0.02222106303088367
1198.4067208766937,3228,,,,,,,,,,0.02099459315650165
1198.7291657924652,3229,,,,,,,,,,0.03158896288368851
1199.0496990680695,3230,,,,,,,,,,0.03574650315567851
1199.3730638027191,3231,,,,,,,,,,0.052400771994143724
1199.709106683731,3232,,,,,,,,,,0.03275672113522887
1200.0333127975464,3233,,,,,,,,,,0.02206233236938715
1200.3533208370209,3234,,,,,,,,,,0.047473570331931114
1200.6743540763855,3235,,,,,,,,,,0.03529944550246
1200.9982283115387,3236,,,,,,,,,,0.04165844293311238
1201.3254704475403,3237,,,,,,,,,,0.0373998056165874
1201.6482672691345,3238,,,,,,,,,,0.03681635623797774
1201.975172996521,3239,,,,,,,,,,0.03176154801622033
1202.2927901744843,3240,,,,,,,,,,0.02278996678069234
1202.6144387722015,3241,,,,,,,,,,0.04568029148504138
1202.9363193511963,3242,,,,,,,,,,0.029745152685791254
1203.2607069015503,3243,,,,,,,,,,0.0459397304803133
1203.5896410942078,3244,,,,,,,,,,0.03355064243078232
1203.9115619659424,3245,,,,,,,,,,0.033647408708930016
1204.2332997322083,3246,,,,,,,,,,0.07396527472883463
1204.557736158371,3247,,,,,,,,,,0.045020213816314936
1204.8755373954773,3248,,,,,,,,,,0.027340519009158015
1205.197285413742,3249,,,,,,,,,,0.03375974902883172
1205.5251605510712,3250,,,,,,,,,,0.022915786132216454
1205.8521032333374,3251,,,,,,,,,,0.04887035442516208
1206.1714413166046,3252,,,,,,,,,,0.042476377915591
1206.4972131252289,3253,,,,,,,,,,0.018284507328644395
1206.8188199996948,3254,,,,,,,,,,0.042321497574448586
1207.1412258148193,3255,,,,,,,,,,0.022578935138881207
1207.4618315696716,3256,,,,,,,,,,0.040035564452409744
1207.8023028373718,3257,,,,,,,,,,0.025448850356042385
1208.1244220733643,3258,,,,,,,,,,0.02043626143131405
1208.448700428009,3259,,,,,,,,,,0.04224573355168104
1208.7746140956879,3260,,,,,,,,,,0.062079789116978645
1209.0960984230042,3261,,,,,,,,,,0.03254149341955781
1209.4174032211304,3262,,,,,,,,,,0.034105752594769
1209.7367062568665,3263,,,,,,,,,,0.03184953611344099
1210.0589289665222,3264,,,,,,,,,,0.02647775039076805
1210.3792011737823,3265,,,,,,,,,,0.03691802453249693
1210.6968240737915,3266,,,,,,,,,,0.04643722902983427
1211.013829946518,3267,,,,,,,,,,0.040343486238271
1211.340160369873,3268,,,,,,,,,,0.041091696824878454
1211.6589925289154,3269,,,,,,,,,,0.02262844773940742
1211.9807398319244,3270,,,,,,,,,,0.03594119707122445
1212.3003602027893,3271,,,,,,,,,,0.034272550605237484
1212.618481874466,3272,,,,,,,,,,0.03500395501032472
1212.950228691101,3273,,,,,,,,,,0.03523716377094388
1213.2746415138245,3274,,,,,,,,,,0.03131287358701229
1213.5917754173279,3275,,,,,,,,,,0.030054773204028606
1213.9201233386993,3276,,,,,,,,,,0.031938558677211404
1214.2416684627533,3277,,,,,,,,,,0.039954566629603505
1214.5635015964508,3278,,,,,,,,,,0.046984379179775715
1214.8913171291351,3279,,,,,,,,,,0.0348958489485085
1215.2166619300842,3280,,,,,,,,,,0.031125683104619384
1215.5422434806824,3281,,,,,,,,,,0.035755496472120285
1215.8622748851776,3282,,,,,,,,,,0.03743590507656336
1216.1852476596832,3283,,,,,,,,,,0.045526656322181225
1216.5044696331024,3284,,,,,,,,,,0.03771293815225363
1216.8345110416412,3285,,,,,,,,,,0.04558134777471423
1217.1733980178833,3286,,,,,,,,,,0.052720253355801105
1217.4950342178345,3287,,,,,,,,,,0.02673318237066269
1217.8150198459625,3288,,,,,,,,,,0.027762413257732987
1218.1319527626038,3289,,,,,,,,,,0.03239011764526367
1218.4530279636383,3290,,,,,,,,,,0.04541604220867157
1218.7878458499908,3291,,,,,,,,,,0.04031402338296175
1219.1053771972656,3292,,,,,,,,,,0.025671660900115967
1219.4246833324432,3293,,,,,,,,,,0.03481783764436841
1219.747981786728,3294,,,,,,,,,,0.022181949578225613
1220.0696353912354,3295,,,,,,,,,,0.04272947506979108
1220.404112815857,3296,,,,,,,,,,0.02978919120505452
1220.7248332500458,3297,,,,,,,,,,0.0486726313829422
1221.051961183548,3298,,,,,,,,,,0.032574583077803254
1221.386575460434,3299,,,,,,,,,,0.02364332927390933
1221.7042889595032,3300,,,,,,,,,,0.033069632248952985
1222.0302007198334,3301,,,,,,,,,,0.043914725072681904
1222.352808713913,3302,,,,,,,,,,0.03906899597495794
1222.678167104721,3303,,,,,,,,,,0.030972479842603207
1223.0030024051666,3304,,,,,,,,,,0.02357696066610515
1223.324156999588,3305,,,,,,,,,,0.015917249955236912
1223.645029783249,3306,,,,,,,,,,0.0387570426100865
1223.9622144699097,3307,,,,,,,,,,0.02631821157410741
1224.2839651107788,3308,,,,,,,,,,0.024527505272999406
1224.6028230190277,3309,,,,,,,,,,0.03991050273180008
1224.9227058887482,3310,,,,,,,,,,0.024764646543189883
1225.2459852695465,3311,,,,,,,,,,0.01986020989716053
1225.5682253837585,3312,,,,,,,,,,0.03550484497100115
1225.900733947754,3313,,,,,,,,,,0.035754125099629164
1226.2197759151459,3314,,,,,,,,,,0.03502378519624472
1226.5366847515106,3315,,,,,,,,,,0.04625193867832422
1226.8601534366608,3316,,,,,,,,,,0.04101304989308119
1227.1787474155426,3317,,,,,,,,,,0.030875253025442362
1227.4952392578125,3318,,,,,,,,,,0.03462669625878334
1227.8324773311615,3319,,,,,,,,,,0.022030318854376674
1228.1521174907684,3320,,,,,,,,,,0.03771773958578706
1228.4735097885132,3321,,,,,,,,,,0.05413336819037795
1228.7921307086945,3322,,,,,,,,,,0.022546359337866306
1229.1132564544678,3323,,,,,,,,,,0.03312681755051017
1229.4347848892212,3324,,,,,,,,,,0.02995786746032536
1229.7527594566345,3325,,,,,,,,,,0.023547339718788862
1230.0727260112762,3326,,,,,,,,,,0.030829070834442973
1230.3917434215546,3327,,,,,,,,,,0.03131498536095023
1230.7231998443604,3328,,,,,,,,,,0.03147006407380104
1231.0561838150024,3329,,,,,,,,,,0.03181929141283035
1231.3752267360687,3330,,,,,,,,,,0.03372027724981308
1231.6949684619904,3331,,,,,,,,,,0.041348505299538374
1232.0159316062927,3332,,,,,,,,,,0.026688258978538215
1232.341186761856,3333,,,,,,,,,,0.027277995832264423
1232.661544561386,3334,,,,,,,,,,0.02381373243406415
1232.9829273223877,3335,,,,,,,,,,0.02490746695548296
1233.3041026592255,3336,,,,,,,,,,0.026242573279887438
1233.6237795352936,3337,,,,,,,,,,0.03556970600038767
1233.9401621818542,3338,,,,,,,,,,0.01885467767715454
1234.2625758647919,3339,,,,,,,,,,0.032708022743463516
1234.5789964199066,3340,,,,,,,,,,0.027814419474452734
1234.9046895503998,3341,,,,,,,,,,0.024912972701713443
1235.2307612895966,3342,,,,,,,,,,0.03556453040800989
1235.5477511882782,3343,,,,,,,,,,0.03628512844443321
1235.869785785675,3344,,,,,,,,,,0.026453599333763123
1236.1898572444916,3345,,,,,,,,,,0.040146839804947376
1236.5116746425629,3346,,,,,,,,,,0.03636609250679612
1236.8345675468445,3347,,,,,,,,,,0.023324714740738273
1237.1562278270721,3348,,,,,,,,,,0.03354645217768848
1237.475890636444,3349,,,,,,,,,,0.04210888594388962
1237.8052654266357,3350,,,,,,,,,,0.031580470968037844
1238.1267755031586,3351,,,,,,,,,,0.016171547584235668
1238.4454686641693,3352,,,,,,,,,,0.022454654099419713
1238.7820947170258,3353,,,,,,,,,,0.0350415064021945
1239.112195968628,3354,,,,,,,,,,0.035671694204211235
1239.434923171997,3355,,,,,,,,,,0.03797909338027239
1239.760568857193,3356,,,,,,,,,,0.03155513387173414
1240.079906463623,3357,,,,,,,,,,0.040640237275511026
1240.4148235321045,3358,,,,,,,,,,0.025394832715392113
1240.7428498268127,3359,,,,,,,,,,0.016145010944455862
1241.0691435337067,3360,,,,,,,,,,0.022926219506189227
1241.399650335312,3361,,,,,,,,,,0.03283128282055259
1241.7246866226196,3362,,,,,,,,,,0.029644860420376062
1242.0413014888763,3363,,,,,,,,,,0.021074105752632022
1242.364500284195,3364,,,,,,,,,,0.026298764860257506
1242.6877436637878,3365,,,,,,,,,,0.0337965888902545
1243.0121204853058,3366,,,,,,,,,,0.03720094624441117
1243.3351783752441,3367,,,,,,,,,,0.03010263340547681
1243.6620478630066,3368,,,,,,,,,,0.044070176780223846
1243.9916603565216,3369,,,,,,,,,,0.03403424518182874
1244.3249955177307,3370,,,,,,,,,,0.031024527736008167
1244.6511325836182,3371,,,,,,,,,,0.029143274761736393
1244.9727039337158,3372,,,,,,,,,,0.02373311691917479
1245.2997267246246,3373,,,,,,,,,,0.031621753703802824
1245.6238074302673,3374,,,,,,,,,,0.04581244522705674
1245.9490129947662,3375,,,,,,,,,,0.04430446424521506
1246.2670941352844,3376,,,,,,,,,,0.025418520905077457
1246.587331533432,3377,,,,,,,,,,0.02482923725619912
1246.904841184616,3378,,,,,,,,,,0.036928290501236916
1247.2293441295624,3379,,,,,,,,,,0.023679239442571998
1247.5509359836578,3380,,,,,,,,,,0.049909092020243406
1247.8847179412842,3381,,,,,,,,,,0.030181288486346602
1248.2150223255157,3382,,,,,,,,,,0.036326805129647255
1248.5404634475708,3383,,,,,,,,,,0.03017182950861752
1248.8593037128448,3384,,,,,,,,,,0.040591200813651085
1249.1785991191864,3385,,,,,,,,,,0.024937228299677372
1249.4976007938385,3386,,,,,,,,,,0.01850878051482141
1249.8235492706299,3387,,,,,,,,,,0.019878237508237362
1250.1468324661255,3388,,,,,,,,,,0.021823343355208635
1250.46631193161,3389,,,,,,,,,,0.026470511686056852
1250.7888357639313,3390,,,,,,,,,,0.05202208273112774
1251.1098413467407,3391,,,,,,,,,,0.027538781985640526
1251.428189754486,3392,,,,,,,,,,0.03821703419089317
1251.7507071495056,3393,,,,,,,,,,0.02405596640892327
1252.0728216171265,3394,,,,,,,,,,0.015667139436118305
1252.3929476737976,3395,,,,,,,,,,0.03920180583372712
1252.7180569171906,3396,,,,,,,,,,0.055297151673585176
1253.0390977859497,3397,,,,,,,,,,0.02535936515778303
1253.357907295227,3398,,,,,,,,,,0.020740606007166207
1253.6792311668396,3399,,,,,,,,,,0.03743571415543556
1254.0125510692596,3400,,,,,,,,,,0.028883797815069556
1254.3349752426147,3401,,,,,,,,,,0.03694906225427985
1254.6598649024963,3402,,,,,,,,,,0.029980279505252838
1254.9788184165955,3403,,,,,,,,,,0.02397972100879997
1255.30384349823,3404,,,,,,,,,,0.025399989215657115
1255.6378092765808,3405,,,,,,,,,,0.0287882371339947
1255.9571130275726,3406,,,,,,,,,,0.038948955945670605
1256.278146982193,3407,,,,,,,,,,0.0390653982758522
1256.6002504825592,3408,,,,,,,,,,0.016789455199614167
1256.9212822914124,3409,,,,,,,,,,0.03868194483220577
1257.2452175617218,3410,,,,,,,,,,0.012931191246025264
1257.5723192691803,3411,,,,,,,,,,0.027107481844723225
1257.8977093696594,3412,,,,,,,,,,0.01721763878595084
1258.2176337242126,3413,,,,,,,,,,0.03010161779820919
1258.5378785133362,3414,,,,,,,,,,0.028883822727948427
1258.8638122081757,3415,,,,,,,,,,0.04116098256781697
1259.1834275722504,3416,,,,,,,,,,0.043072078842669725
1259.5000023841858,3417,,,,,,,,,,0.02570188423851505
1259.8345866203308,3418,,,,,,,,,,0.02824095729738474
1260.1623010635376,3419,,,,,,,,,,0.03192111989483237
1260.4828579425812,3420,,,,,,,,,,0.029016080545261502
1260.8222453594208,3421,,,,,,,,,,0.06591190863400698
1261.1476612091064,3422,,,,,,,,,,0.03352180914953351
1261.467528104782,3423,,,,,,,,,,0.020721790147945285
1261.7904913425446,3424,,,,,,,,,,0.04822853673249483
1262.1057860851288,3425,,,,,,,,,,0.02951114485040307
1262.4296362400055,3426,,,,,,,,,,0.026872242335230112
1262.754184961319,3427,,,,,,,,,,0.027291588485240936
1263.0829718112946,3428,,,,,,,,,,0.050908646546304226
1263.4020953178406,3429,,,,,,,,,,0.029513477347791195
1263.726819038391,3430,,,,,,,,,,0.03019188018515706
1264.0534827709198,3431,,,,,,,,,,0.02945122541859746
1264.3723816871643,3432,,,,,,,,,,0.027989167312625796
1264.6908512115479,3433,,,,,,,,,,0.04277219041250646
1265.0275628566742,3434,,,,,,,,,,0.04639261728152633
1265.3502719402313,3435,,,,,,,,,,0.0512611223384738
1265.6706199645996,3436,,,,,,,,,,0.0384759814478457
1266.0038967132568,3437,,,,,,,,,,0.033742580097168684
1266.330467224121,3438,,,,,,,,,,0.029139959253370762
1266.655620098114,3439,,,,,,,,,,0.04093128954991698
1266.977953672409,3440,,,,,,,,,,0.029531913343816996
1267.3075926303864,3441,,,,,,,,,,0.038219353184103966
1267.6252777576447,3442,,,,,,,,,,0.01793358800932765
1267.9537811279297,3443,,,,,,,,,,0.034380348632112145
1268.2782266139984,3444,,,,,,,,,,0.049956925213336945
1268.5981667041779,3445,,,,,,,,,,0.0318174478597939
1268.9199624061584,3446,,,,,,,,,,0.03518018126487732
1269.2377798557281,3447,,,,,,,,,,0.027728428249247372
1269.5597817897797,3448,,,,,,,,,,0.03438940120395273
1269.8829095363617,3449,,,,,,,,,,0.028112452011555433
1270.2053372859955,3450,,,,,,,,,,0.04270568210631609
1270.5226888656616,3451,,,,,,,,,,0.028891926631331444
1270.8444471359253,3452,,,,,,,,,,0.03040481638163328
1271.1830008029938,3453,,,,,,,,,,0.018605970311909914
1271.5029652118683,3454,,,,,,,,,,0.019614027347415686
1271.826667547226,3455,,,,,,,,,,0.027005565352737904
1272.1439337730408,3456,,,,,,,,,,0.030455332016572356
1272.4648444652557,3457,,,,,,,,,,0.034198581241071224
1272.788411140442,3458,,,,,,,,,,0.043840077705681324
1273.1107196807861,3459,,,,,,,,,,0.026863197796046734
1273.4342753887177,3460,,,,,,,,,,0.030912265880033374
1273.753774881363,3461,,,,,,,,,,0.025628430070355535
1274.1035521030426,3462,,,,,,,,,,0.03686350677162409
1274.4243865013123,3463,,,,,,,,,,0.03008495643734932
1274.744174003601,3464,,,,,,,,,,0.035084007075056434
1275.061137676239,3465,,,,,,,,,,0.03417334891855717
1275.3793227672577,3466,,,,,,,,,,0.031179602723568678
1275.6994454860687,3467,,,,,,,,,,0.039452616358175874
1276.0245831012726,3468,,,,,,,,,,0.020158644067123532
1276.348030090332,3469,,,,,,,,,,0.025003163842484355
1276.6661040782928,3470,,,,,,,,,,0.02340647066012025
1276.9834671020508,3471,,,,,,,,,,0.02951521473005414
1277.303986787796,3472,,,,,,,,,,0.022061496740207076
1277.6270503997803,3473,,,,,,,,,,0.015596952755004168
1277.9507534503937,3474,,,,,,,,,,0.04331273655407131
1278.2688019275665,3475,,,,,,,,,,0.058139475993812084
1278.587203502655,3476,,,,,,,,,,0.027799990377388895
1278.9103059768677,3477,,,,,,,,,,0.04058590898057446
1279.2413837909698,3478,,,,,,,,,,0.031894498504698277
1279.566136598587,3479,,,,,,,,,,0.021069755777716637
1279.8951041698456,3480,,,,,,,,,,0.04408049862831831
1280.2223582267761,3481,,,,,,,,,,0.054280081298202276
1280.5415451526642,3482,,,,,,,,,,0.03341502416878939
1280.866942167282,3483,,,,,,,,,,0.0516288778744638
1281.1937704086304,3484,,,,,,,,,,0.030184699222445488
1281.5209090709686,3485,,,,,,,,,,0.021232324885204434
1281.857712507248,3486,,,,,,,,,,0.02862374996766448
1282.1758825778961,3487,,,,,,,,,,0.02938571712002158
1282.5036313533783,3488,,,,,,,,,,0.03208262752741575
1282.8266167640686,3489,,,,,,,,,,0.02983700530603528
1283.1580758094788,3490,,,,,,,,,,0.027566163334995508
1283.4800906181335,3491,,,,,,,,,,0.03460663207806647
1283.8055560588837,3492,,,,,,,,,,0.027593924663960934
1284.1316375732422,3493,,,,,,,,,,0.0268042377429083
1284.4529542922974,3494,,,,,,,,,,0.039798857644200325
1284.773559808731,3495,,,,,,,,,,0.014754457224626094
1285.0943162441254,3496,,,,,,,,,,0.028463895432651043
1285.4181442260742,3497,,,,,,,,,,0.04640341829508543
1285.736335515976,3498,,,,,,,,,,0.043658403446897864
1286.0547637939453,3499,,,,,,,,,,0.028683215379714966
1286.3791890144348,3500,0.7235959215902481,508526,205227,0.5669019190942812,0.9885327649700167,0.8198959008890812,0.6475398360121709,60594799,934264,0.021978703793138266
1301.688482761383,3501,,,,,,,,,,0.030434538377448916
1302.0104322433472,3502,,,,,,,,,,0.02985123754478991
1302.357029914856,3503,,,,,,,,,,0.06122051412239671
1302.6828179359436,3504,,,,,,,,,,0.021567107760347426
1302.9991438388824,3505,,,,,,,,,,0.03207143163308501
1303.3275356292725,3506,,,,,,,,,,0.01974216988310218
1303.6507267951965,3507,,,,,,,,,,0.030539496103301644
1303.9677052497864,3508,,,,,,,,,,0.03422595513984561
1304.292058467865,3509,,,,,,,,,,0.031062794267199934
1304.621458530426,3510,,,,,,,,,,0.028469714801758528
1304.9408812522888,3511,,,,,,,,,,0.03806312382221222
1305.2608103752136,3512,,,,,,,,,,0.027563751209527254
1305.5820548534393,3513,,,,,,,,,,0.026355282869189978
1305.9040894508362,3514,,,,,,,,,,0.04203233262524009
1306.2353675365448,3515,,,,,,,,,,0.026364577002823353
1306.5654635429382,3516,,,,,,,,,,0.031822120770812035
1306.8916611671448,3517,,,,,,,,,,0.04712119325995445
1307.2166237831116,3518,,,,,,,,,,0.033030161168426275
1307.5386486053467,3519,,,,,,,,,,0.03657572390511632
1307.8677124977112,3520,,,,,,,,,,0.029927904484793544
1308.1877191066742,3521,,,,,,,,,,0.021829897770658135
1308.5053083896637,3522,,,,,,,,,,0.04012318677268922
1308.8253467082977,3523,,,,,,,,,,0.04157783184200525
1309.1566982269287,3524,,,,,,,,,,0.019094798946753144
1309.4750745296478,3525,,,,,,,,,,0.03981027193367481
1309.7964413166046,3526,,,,,,,,,,0.028086783597245812
1310.121745109558,3527,,,,,,,,,,0.027828181628137827
1310.4386117458344,3528,,,,,,,,,,0.030794869642704725
1310.761436700821,3529,,,,,,,,,,0.022668257588520646
1311.0943205356598,3530,,,,,,,,,,0.032338589895516634
1311.4173340797424,3531,,,,,,,,,,0.019589267671108246
1311.7383437156677,3532,,,,,,,,,,0.023472708649933338
1312.0608808994293,3533,,,,,,,,,,0.04024359118193388
1312.384390115738,3534,,,,,,,,,,0.024867838947102427
1312.7128076553345,3535,,,,,,,,,,0.02408435568213463
1313.0305671691895,3536,,,,,,,,,,0.031926197465509176
1313.3500936031342,3537,,,,,,,,,,0.028925713151693344
1313.68572640419,3538,,,,,,,,,,0.044021591544151306
1314.0096633434296,3539,,,,,,,,,,0.025457793613895774
1314.3440239429474,3540,,,,,,,,,,0.035732611548155546
1314.6761736869812,3541,,,,,,,,,,0.046133190393447876
1314.997813463211,3542,,,,,,,,,,0.02474701963365078
1315.3188135623932,3543,,,,,,,,,,0.038382403552532196
1315.6433732509613,3544,,,,,,,,,,0.040486495941877365
1315.9735524654388,3545,,,,,,,,,,0.032571163261309266
1316.3026950359344,3546,,,,,,,,,,0.03250185586512089
1316.637000322342,3547,,,,,,,,,,0.028004998341202736
1316.9551358222961,3548,,,,,,,,,,0.04108176939189434
1317.2807784080505,3549,,,,,,,,,,0.022839718032628298
1317.5985341072083,3550,,,,,,,,,,0.042238999623805285
1317.921641588211,3551,,,,,,,,,,0.025592971709556878
1318.2395000457764,3552,,,,,,,,,,0.019588205963373184
1318.5597610473633,3553,,,,,,,,,,0.03192632319405675
1318.8827657699585,3554,,,,,,,,,,0.03266805550083518
1319.202160358429,3555,,,,,,,,,,0.028986284974962473
1319.5255689620972,3556,,,,,,,,,,0.03873323183506727
1319.8438565731049,3557,,,,,,,,,,0.020702501526102424
1320.1658256053925,3558,,,,,,,,,,0.04106203047558665
1320.4880783557892,3559,,,,,,,,,,0.03218685323372483
1320.8096466064453,3560,,,,,,,,,,0.03289032215252519
1321.130784034729,3561,,,,,,,,,,0.028771165292710066
1321.4508967399597,3562,,,,,,,,,,0.036704438272863626
1321.7841114997864,3563,,,,,,,,,,0.021766244200989604
1322.1065711975098,3564,,,,,,,,,,0.02633087895810604
1322.4273841381073,3565,,,,,,,,,,0.02609631372615695
1322.7482631206512,3566,,,,,,,,,,0.030102142598479986
1323.0684683322906,3567,,,,,,,,,,0.0602783402428031
1323.3968193531036,3568,,,,,,,,,,0.027898896019905806
1323.720407962799,3569,,,,,,,,,,0.03221287205815315
1324.0431566238403,3570,,,,,,,,,,0.020672189304605126
1324.3687105178833,3571,,,,,,,,,,0.029422693885862827
1324.6946425437927,3572,,,,,,,,,,0.024908164981752634
1325.0148475170135,3573,,,,,,,,,,0.029537581373006105
1325.3336563110352,3574,,,,,,,,,,0.033403892535716295
1325.6524548530579,3575,,,,,,,,,,0.04022994404658675
1325.9784593582153,3576,,,,,,,,,,0.043295775540173054
1326.3029725551605,3577,,,,,,,,,,0.030498160049319267
1326.6204762458801,3578,,,,,,,,,,0.03197318175807595
1326.9374372959137,3579,,,,,,,,,,0.020724850706756115
1327.2649133205414,3580,,,,,,,,,,0.026003925129771233
1327.5849831104279,3581,,,,,,,,,,0.03555394522845745
1327.9096579551697,3582,,,,,,,,,,0.02321961720008403
1328.2287573814392,3583,,,,,,,,,,0.04286376526579261
1328.5488266944885,3584,,,,,,,,,,0.030999529524706304
1328.880481004715,3585,,,,,,,,,,0.042494087014347315
1329.2042210102081,3586,,,,,,,,,,0.03671818831935525
1329.5366652011871,3587,,,,,,,,,,0.026853479677811265
1329.8644959926605,3588,,,,,,,,,,0.044194544199854136
1330.1925880908966,3589,,,,,,,,,,0.021032647928223014
1330.5147793293,3590,,,,,,,,,,0.028950155712664127
1330.8382976055145,3591,,,,,,,,,,0.030673238914459944
1331.1591284275055,3592,,,,,,,,,,0.03198242420330644
1331.4814884662628,3593,,,,,,,,,,0.028025269508361816
1331.8057413101196,3594,,,,,,,,,,0.03645884431898594
1332.1212632656097,3595,,,,,,,,,,0.021059768099803478
1332.4392857551575,3596,,,,,,,,,,0.023048583883792162
1332.7633047103882,3597,,,,,,,,,,0.023404555628076196
1333.0877521038055,3598,,,,,,,,,,0.035048449877649546
1333.4160928726196,3599,,,,,,,,,,0.02222969476133585
1333.737432718277,3600,,,,,,,,,,0.03244018880650401
1334.0562415122986,3601,,,,,,,,,,0.03177992068231106
1334.3766763210297,3602,,,,,,,,,,0.027900639455765486
1334.6962413787842,3603,,,,,,,,,,0.03749834559857845
1335.0149507522583,3604,,,,,,,,,,0.024967426899820566
1335.3339972496033,3605,,,,,,,,,,0.036067519802600145
1335.65598654747,3606,,,,,,,,,,0.0349670248106122
1335.9724462032318,3607,,,,,,,,,,0.022324866498820484
1336.2953639030457,3608,,,,,,,,,,0.03446014318615198
1336.6149351596832,3609,,,,,,,,,,0.03645903547294438
1336.9385995864868,3610,,,,,,,,,,0.02712937304750085
1337.2632102966309,3611,,,,,,,,,,0.02217208268120885
1337.582795381546,3612,,,,,,,,,,0.026962165255099535
1337.9034135341644,3613,,,,,,,,,,0.036691711749881506
1338.228210926056,3614,,,,,,,,,,0.022430496755987406
1338.5493202209473,3615,,,,,,,,,,0.04619657248258591
1338.8818471431732,3616,,,,,,,,,,0.03342983638867736
1339.20157456398,3617,,,,,,,,,,0.032164378091692924
1339.5216193199158,3618,,,,,,,,,,0.03646063944324851
1339.8446786403656,3619,,,,,,,,,,0.03483845153823495
1340.168386220932,3620,,,,,,,,,,0.0280501008965075
1340.5175495147705,3621,,,,,,,,,,0.02576635591685772
1340.8360574245453,3622,,,,,,,,,,0.02879116963595152
1341.1591131687164,3623,,,,,,,,,,0.018594288208987564
1341.486370563507,3624,,,,,,,,,,0.029459220124408603
1341.8102650642395,3625,,,,,,,,,,0.030681501142680645
1342.127732515335,3626,,,,,,,,,,0.025934101548045874
1342.4528596401215,3627,,,,,,,,,,0.017394526163116097
1342.7757806777954,3628,,,,,,,,,,0.014494832372292876
1343.1012346744537,3629,,,,,,,,,,0.032341042533516884
1343.4212396144867,3630,,,,,,,,,,0.02162507630418986
1343.7493922710419,3631,,,,,,,,,,0.03348288219422102
1344.0655541419983,3632,,,,,,,,,,0.029524782672524452
1344.385278224945,3633,,,,,,,,,,0.020059842383489013
1344.7006161212921,3634,,,,,,,,,,0.032339433673769236
1345.037261247635,3635,,,,,,,,,,0.035867101047188044
1345.3642961978912,3636,,,,,,,,,,0.03580095758661628
1345.6847808361053,3637,,,,,,,,,,0.027483833488076925
1346.0101099014282,3638,,,,,,,,,,0.030314769130200148
1346.3363461494446,3639,,,,,,,,,,0.03979880083352327
1346.6559872627258,3640,,,,,,,,,,0.020755857462063432
1346.9756035804749,3641,,,,,,,,,,0.02868836745619774
1347.3033316135406,3642,,,,,,,,,,0.0366914002224803
1347.6344830989838,3643,,,,,,,,,,0.031135820085182786
1347.9531693458557,3644,,,,,,,,,,0.04064671462401748
1348.2822699546814,3645,,,,,,,,,,0.037227675784379244
1348.6138067245483,3646,,,,,,,,,,0.036571422941051424
1348.9462609291077,3647,,,,,,,,,,0.02786635374650359
1349.2670547962189,3648,,,,,,,,,,0.028704573400318623
1349.58594083786,3649,,,,,,,,,,0.029568952042609453
1349.90891122818,3650,,,,,,,,,,0.02055912697687745
1350.2374148368835,3651,,,,,,,,,,0.031234432011842728
1350.5551562309265,3652,,,,,,,,,,0.025852470425888896
1350.8752222061157,3653,,,,,,,,,,0.0687180645763874
1351.2024393081665,3654,,,,,,,,,,0.032586902379989624
1351.5308818817139,3655,,,,,,,,,,0.044829169288277626
1351.8560628890991,3656,,,,,,,,,,0.026965026976540685
1352.1787102222443,3657,,,,,,,,,,0.03636683686636388
1352.4987180233002,3658,,,,,,,,,,0.035020684357732534
1352.8221783638,3659,,,,,,,,,,0.04648782266303897
1353.1497819423676,3660,,,,,,,,,,0.04004423972219229
1353.47092795372,3661,,,,,,,,,,0.026231030002236366
1353.8079285621643,3662,,,,,,,,,,0.034510786179453135
1354.1380155086517,3663,,,,,,,,,,0.03430070308968425
1354.4596729278564,3664,,,,,,,,,,0.028669526800513268
1354.7875764369965,3665,,,,,,,,,,0.04189033852890134
1355.1172196865082,3666,,,,,,,,,,0.028383671771734953
1355.445838212967,3667,,,,,,,,,,0.03672542795538902
1355.767902135849,3668,,,,,,,,,,0.03960590995848179
1356.090695142746,3669,,,,,,,,,,0.026333486195653677
1356.4155857563019,3670,,,,,,,,,,0.04715363262221217
1356.739009141922,3671,,,,,,,,,,0.029158893041312695
1357.0577204227448,3672,,,,,,,,,,0.03216913668438792
1357.3846817016602,3673,,,,,,,,,,0.03114507789723575
1357.7099277973175,3674,,,,,,,,,,0.032066422048956156
1358.0295011997223,3675,,,,,,,,,,0.038059033220633864
1358.3537447452545,3676,,,,,,,,,,0.027254455722868443
1358.6758127212524,3677,,,,,,,,,,0.0415651760995388
1359.0024147033691,3678,,,,,,,,,,0.03821833897382021
1359.3253405094147,3679,,,,,,,,,,0.0195552094373852
1359.6501677036285,3680,,,,,,,,,,0.03793687652796507
1359.9762842655182,3681,,,,,,,,,,0.028269053145777434
1360.3138699531555,3682,,,,,,,,,,0.04109096620231867
1360.6418223381042,3683,,,,,,,,,,0.03992325393483043
1360.962938785553,3684,,,,,,,,,,0.04031536774709821
1361.2864029407501,3685,,,,,,,,,,0.016792282229289412
1361.607272863388,3686,,,,,,,,,,0.03758304822258651
1361.9257056713104,3687,,,,,,,,,,0.02902219071984291
1362.2500586509705,3688,,,,,,,,,,0.037685299292206764
1362.5676863193512,3689,,,,,,,,,,0.030315086245536804
1362.8915150165558,3690,,,,,,,,,,0.03446797514334321
1363.217128276825,3691,,,,,,,,,,0.029659134801477194
1363.5375349521637,3692,,,,,,,,,,0.034371762070804834
1363.8548119068146,3693,,,,,,,,,,0.04266245476901531
1364.1740782260895,3694,,,,,,,,,,0.033741059713065624
1364.498901128769,3695,,,,,,,,,,0.020283006597310305
1364.8229188919067,3696,,,,,,,,,,0.02824110258370638
1365.1470947265625,3697,,,,,,,,,,0.030043809209018946
1365.4654603004456,3698,,,,,,,,,,0.050624288618564606
1365.7987759113312,3699,,,,,,,,,,0.0621833773329854
1366.1273984909058,3700,,,,,,,,,,0.039133765967562795
1366.448038816452,3701,,,,,,,,,,0.05019432120025158
1366.785471200943,3702,,,,,,,,,,0.044654074124991894
1367.1101887226105,3703,,,,,,,,,,0.04789985762909055
1367.4308319091797,3704,,,,,,,,,,0.024780102539807558
1367.7518389225006,3705,,,,,,,,,,0.06820734962821007
1368.0704233646393,3706,,,,,,,,,,0.024025381542742252
1368.3886091709137,3707,,,,,,,,,,0.05635082582011819
1368.7272856235504,3708,,,,,,,,,,0.03215273981913924
1369.0484099388123,3709,,,,,,,,,,0.047272125259041786
1369.3771402835846,3710,,,,,,,,,,0.03124727844260633
1369.7209784984589,3711,,,,,,,,,,0.0319903283379972
1370.0621845722198,3712,,,,,,,,,,0.030569135444238782
1370.3857066631317,3713,,,,,,,,,,0.025153502821922302
1370.7106428146362,3714,,,,,,,,,,0.0249523869715631
1371.031534910202,3715,,,,,,,,,,0.0352665726095438
1371.356234073639,3716,,,,,,,,,,0.028946597944013774
1371.674845457077,3717,,,,,,,,,,0.026403607800602913
1371.995025396347,3718,,,,,,,,,,0.029427215922623873
1372.328407049179,3719,,,,,,,,,,0.03871015598997474
1372.6500704288483,3720,,,,,,,,,,0.032916159369051456
1372.9855341911316,3721,,,,,,,,,,0.03296817117370665
1373.303967475891,3722,,,,,,,,,,0.0319570773281157
1373.6219055652618,3723,,,,,,,,,,0.023864960996434093
1373.952542066574,3724,,,,,,,,,,0.04546480067074299
1374.2815825939178,3725,,,,,,,,,,0.03788338368758559
1374.5997672080994,3726,,,,,,,,,,0.058914971770718694
1374.922507762909,3727,,,,,,,,,,0.018552821595221758
1375.2412581443787,3728,,,,,,,,,,0.04132764134556055
1375.5592529773712,3729,,,,,,,,,,0.023052670992910862
1375.8787262439728,3730,,,,,,,,,,0.027909578755497932
1376.2160770893097,3731,,,,,,,,,,0.0438235797919333
1376.547238111496,3732,,,,,,,,,,0.031010223552584648
1376.874282836914,3733,,,,,,,,,,0.03869466623291373
1377.2032959461212,3734,,,,,,,,,,0.023902546614408493
1377.5202586650848,3735,,,,,,,,,,0.0232510989299044
1377.8456296920776,3736,,,,,,,,,,0.049696046859025955
1378.1701850891113,3737,,,,,,,,,,0.036844632122665644
1378.4869759082794,3738,,,,,,,,,,0.031005172058939934
1378.805722951889,3739,,,,,,,,,,0.04420700576156378
1379.1363544464111,3740,,,,,,,,,,0.04167132172733545
1379.4610714912415,3741,,,,,,,,,,0.03168382169678807
1379.784500360489,3742,,,,,,,,,,0.027474798262119293
1380.1180968284607,3743,,,,,,,,,,0.03939907671883702
1380.4376142024994,3744,,,,,,,,,,0.03764281328767538
1380.7643752098083,3745,,,,,,,,,,0.029535084031522274
1381.0867788791656,3746,,,,,,,,,,0.03232386847957969
1381.4101479053497,3747,,,,,,,,,,0.03176567144691944
1381.7333111763,3748,,,,,,,,,,0.045213314704596996
1382.0579626560211,3749,,,,,,,,,,0.024029999738559127
1382.3972387313843,3750,,,,,,,,,,0.030528697883710265
1382.732562303543,3751,,,,,,,,,,0.028342835139483213
1383.0537304878235,3752,,,,,,,,,,0.028277337085455656
1383.3743159770966,3753,,,,,,,,,,0.03762424737215042
1383.692409992218,3754,,,,,,,,,,0.029955395497381687
1384.0094013214111,3755,,,,,,,,,,0.041839803103357553
1384.3302597999573,3756,,,,,,,,,,0.03403367381542921
1384.660457611084,3757,,,,,,,,,,0.027441161451861262
1384.9817011356354,3758,,,,,,,,,,0.031653548358008265
1385.302495956421,3759,,,,,,,,,,0.03522354201413691
1385.6214723587036,3760,,,,,,,,,,0.02439337968826294
1385.9526777267456,3761,,,,,,,,,,0.037569720298051834
1386.2716808319092,3762,,,,,,,,,,0.028066931758075953
1386.591416835785,3763,,,,,,,,,,0.01878155767917633
1386.9078192710876,3764,,,,,,,,,,0.024935119319707155
1387.22802400589,3765,,,,,,,,,,0.024909815285354853
1387.5464742183685,3766,,,,,,,,,,0.028621431905776262
1387.8721153736115,3767,,,,,,,,,,0.04128759540617466
1388.197581768036,3768,,,,,,,,,,0.02670120820403099
1388.516303062439,3769,,,,,,,,,,0.029473211616277695
1388.8596096038818,3770,,,,,,,,,,0.01994639029726386
1389.182583808899,3771,,,,,,,,,,0.0333715220913291
1389.5043587684631,3772,,,,,,,,,,0.03191887307912111
1389.828872680664,3773,,,,,,,,,,0.03038264438509941
1390.1619281768799,3774,,,,,,,,,,0.03426201408728957
1390.4851372241974,3775,,,,,,,,,,0.035854777321219444
1390.8039870262146,3776,,,,,,,,,,0.016238224925473332
1391.1267054080963,3777,,,,,,,,,,0.03944958886131644
1391.4463391304016,3778,,,,,,,,,,0.025575114879757166
1391.7769846916199,3779,,,,,,,,,,0.019999844022095203
1392.0987980365753,3780,,,,,,,,,,0.022694833343848586
1392.4283633232117,3781,,,,,,,,,,0.014589679194614291
1392.7527704238892,3782,,,,,,,,,,0.05651251832023263
1393.0827572345734,3783,,,,,,,,,,0.050299874041229486
1393.4067578315735,3784,,,,,,,,,,0.026883822050876915
1393.7300758361816,3785,,,,,,,,,,0.04106547310948372
1394.0467877388,3786,,,,,,,,,,0.035565040074288845
1394.3668406009674,3787,,,,,,,,,,0.027448185719549656
1394.6933596134186,3788,,,,,,,,,,0.021645604632794857
1395.0090818405151,3789,,,,,,,,,,0.03093348629772663
1395.3370027542114,3790,,,,,,,,,,0.047600334975868464
1395.6603872776031,3791,,,,,,,,,,0.021683914586901665
1395.9819023609161,3792,,,,,,,,,,0.021253955783322453
1396.3101048469543,3793,,,,,,,,,,0.019743339740671217
1396.6311807632446,3794,,,,,,,,,,0.013666205806657672
1396.9509954452515,3795,,,,,,,,,,0.018090660800226033
1397.2766461372375,3796,,,,,,,,,,0.02650072844699025
1397.6004230976105,3797,,,,,,,,,,0.03835485456511378
1397.934713602066,3798,,,,,,,,,,0.025481213349848986
1398.2577967643738,3799,,,,,,,,,,0.02741853753104806
1398.575930595398,3800,,,,,,,,,,0.019375442760065198
1398.907800912857,3801,,,,,,,,,,0.038503455463796854
1399.2326354980469,3802,,,,,,,,,,0.018996443948708475
1399.5499024391174,3803,,,,,,,,,,0.03009777399711311
1399.8822112083435,3804,,,,,,,,,,0.025415792246349156
1400.2195799350739,3805,,,,,,,,,,0.03592731757089496
1400.5415160655975,3806,,,,,,,,,,0.04733832087367773
1400.8629627227783,3807,,,,,,,,,,0.027392698684707284
1401.1958508491516,3808,,,,,,,,,,0.03132425621151924
1401.521303653717,3809,,,,,,,,,,0.04548958083614707
1401.8406131267548,3810,,,,,,,,,,0.03539625369012356
1402.1626994609833,3811,,,,,,,,,,0.02836861927062273
1402.4800508022308,3812,,,,,,,,,,0.030592493247240782
1402.800083398819,3813,,,,,,,,,,0.03301195288076997
1403.1293835639954,3814,,,,,,,,,,0.03512583114206791
1403.4527366161346,3815,,,,,,,,,,0.03142596036195755
1403.7706382274628,3816,,,,,,,,,,0.017667962471023202
1404.0963530540466,3817,,,,,,,,,,0.03315491299144924
1404.4179923534393,3818,,,,,,,,,,0.03119839634746313
1404.7446458339691,3819,,,,,,,,,,0.02621802454814315
1405.071373462677,3820,,,,,,,,,,0.019409253261983395
1405.4116034507751,3821,,,,,,,,,,0.02014258923009038
1405.7413403987885,3822,,,,,,,,,,0.02699208538979292
1406.0591464042664,3823,,,,,,,,,,0.029097260907292366
1406.3801639080048,3824,,,,,,,,,,0.028976887930184603
1406.7101881504059,3825,,,,,,,,,,0.021907004062086344
1407.0363895893097,3826,,,,,,,,,,0.027351266238838434
1407.3760974407196,3827,,,,,,,,,,0.05493971309624612
1407.6986904144287,3828,,,,,,,,,,0.043645662255585194
1408.0168151855469,3829,,,,,,,,,,0.026757062878459692
1408.3464868068695,3830,,,,,,,,,,0.034221216570585966
1408.6684288978577,3831,,,,,,,,,,0.03247163910418749
1408.98557639122,3832,,,,,,,,,,0.03131682309322059
1409.3038201332092,3833,,,,,,,,,,0.03093403158709407
1409.6286878585815,3834,,,,,,,,,,0.03557635052129626
1409.9770057201385,3835,,,,,,,,,,0.029629583470523357
1410.3045165538788,3836,,,,,,,,,,0.03624915983527899
1410.6384007930756,3837,,,,,,,,,,0.048116478603333235
1410.9677925109863,3838,,,,,,,,,,0.04399260971695185
1411.2944209575653,3839,,,,,,,,,,0.017047221306711435
1411.6119742393494,3840,,,,,,,,,,0.026561899343505502
1411.935497045517,3841,,,,,,,,,,0.025284721050411463
1412.2596366405487,3842,,,,,,,,,,0.04037610616069287
1412.578893661499,3843,,,,,,,,,,0.04841233789920807
1412.8989012241364,3844,,,,,,,,,,0.04010941181331873
1413.224957704544,3845,,,,,,,,,,0.0361199660692364
1413.5559334754944,3846,,,,,,,,,,0.051217421889305115
1413.879124879837,3847,,,,,,,,,,0.026998929562978446
1414.2049140930176,3848,,,,,,,,,,0.0341682150028646
1414.5237047672272,3849,,,,,,,,,,0.043539742939174175
1414.8457243442535,3850,,,,,,,,,,0.027543712640181184
1415.1629700660706,3851,,,,,,,,,,0.01742967194877565
1415.479341506958,3852,,,,,,,,,,0.05057828361168504
1415.7997109889984,3853,,,,,,,,,,0.032264066860079765
1416.1315217018127,3854,,,,,,,,,,0.019422928104177117
1416.4662828445435,3855,,,,,,,,,,0.031352139776572585
1416.783728837967,3856,,,,,,,,,,0.02428132831119001
1417.1158998012543,3857,,,,,,,,,,0.025939701590687037
1417.441002368927,3858,,,,,,,,,,0.029205349273979664
1417.7595777511597,3859,,,,,,,,,,0.039333499036729336
1418.0752062797546,3860,,,,,,,,,,0.040275261271744967
1418.397432088852,3861,,,,,,,,,,0.019928422174416482
1418.7215678691864,3862,,,,,,,,,,0.029381826287135482
1419.040049314499,3863,,,,,,,,,,0.012604911345988512
1419.3596329689026,3864,,,,,,,,,,0.01729244366288185
1419.7133677005768,3865,,,,,,,,,,0.03683208953589201
1420.0313918590546,3866,,,,,,,,,,0.022898067254573107
1420.3548555374146,3867,,,,,,,,,,0.039110171142965555
1420.6758875846863,3868,,,,,,,,,,0.02970189182087779
1421.0107667446136,3869,,,,,,,,,,0.03350493963807821
1421.342056274414,3870,,,,,,,,,,0.05637151002883911
1421.6617321968079,3871,,,,,,,,,,0.028126686112955213
1421.9814937114716,3872,,,,,,,,,,0.029266629833728075
1422.2989287376404,3873,,,,,,,,,,0.04023233242332935
1422.6172811985016,3874,,,,,,,,,,0.05287520191632211
1422.940182209015,3875,,,,,,,,,,0.025243557523936033
1423.2660331726074,3876,,,,,,,,,,0.042283897288143635
1423.5871946811676,3877,,,,,,,,,,0.023316876497119665
1423.9151585102081,3878,,,,,,,,,,0.03406903054565191
1424.235053062439,3879,,,,,,,,,,0.029821126954630017
1424.5583651065826,3880,,,,,,,,,,0.028854620410129428
1424.8828976154327,3881,,,,,,,,,,0.035108957439661026
1425.205661535263,3882,,,,,,,,,,0.040028825867921114
1425.5241723060608,3883,,,,,,,,,,0.02315787272527814
1425.845937013626,3884,,,,,,,,,,0.037236305652186275
1426.1736288070679,3885,,,,,,,,,,0.028795958030968904
1426.4921352863312,3886,,,,,,,,,,0.03464965196326375
1426.8157799243927,3887,,,,,,,,,,0.027577671338804066
1427.1453711986542,3888,,,,,,,,,,0.026641453499905765
1427.4740986824036,3889,,,,,,,,,,0.02739536645822227
1427.8018653392792,3890,,,,,,,,,,0.02554872166365385
1428.1308808326721,3891,,,,,,,,,,0.022722543217241764
1428.4650347232819,3892,,,,,,,,,,0.036182713229209185
1428.7853088378906,3893,,,,,,,,,,0.049990718718618155
1429.1070375442505,3894,,,,,,,,,,0.03243560588452965
1429.4267828464508,3895,,,,,,,,,,0.03766215709038079
1429.7517671585083,3896,,,,,,,,,,0.03471194859594107
1430.0682408809662,3897,,,,,,,,,,0.022035140777006745
1430.4010705947876,3898,,,,,,,,,,0.03741999948397279
1430.7192478179932,3899,,,,,,,,,,0.015121269971132278
1431.0433526039124,3900,,,,,,,,,,0.03851153701543808
1431.3653273582458,3901,,,,,,,,,,0.045959985349327326
1431.6821382045746,3902,,,,,,,,,,0.030846749898046255
1432.0114314556122,3903,,,,,,,,,,0.04561346024274826
1432.3364400863647,3904,,,,,,,,,,0.033248982625082135
1432.6586661338806,3905,,,,,,,,,,0.03735421737655997
1432.993025302887,3906,,,,,,,,,,0.036899536149576306
1433.3172874450684,3907,,,,,,,,,,0.027894083876162767
1433.6364860534668,3908,,,,,,,,,,0.04985280241817236
1433.9632687568665,3909,,,,,,,,,,0.03558152285404503
1434.2815291881561,3910,,,,,,,,,,0.02494094311259687
1434.602571964264,3911,,,,,,,,,,0.017968447995372117
1434.924328804016,3912,,,,,,,,,,0.03466575685888529
1435.2422404289246,3913,,,,,,,,,,0.03260145685635507
1435.5614957809448,3914,,,,,,,,,,0.03327777981758118
1435.8828382492065,3915,,,,,,,,,,0.054717942140996456
1436.2021551132202,3916,,,,,,,,,,0.023810567799955606
1436.5293531417847,3917,,,,,,,,,,0.049863649532198906
1436.8484547138214,3918,,,,,,,,,,0.03427638788707554
1437.170758485794,3919,,,,,,,,,,0.02404599147848785
1437.4912295341492,3920,,,,,,,,,,0.03247431153431535
1437.8115057945251,3921,,,,,,,,,,0.028471328783780336
1438.134610414505,3922,,,,,,,,,,0.023156317183747888
1438.4534714221954,3923,,,,,,,,,,0.038206924218684435
1438.7766723632812,3924,,,,,,,,,,0.03575463267043233
1439.0983347892761,3925,,,,,,,,,,0.04701355751603842
1439.429090499878,3926,,,,,,,,,,0.024173261364921927
1439.7520849704742,3927,,,,,,,,,,0.029252690728753805
1440.0689539909363,3928,,,,,,,,,,0.03167730709537864
1440.395334482193,3929,,,,,,,,,,0.03507025679573417
1440.7171158790588,3930,,,,,,,,,,0.03256362350657582
1441.0350060462952,3931,,,,,,,,,,0.03830142831429839
1441.3648993968964,3932,,,,,,,,,,0.03892881516367197
1441.690418958664,3933,,,,,,,,,,0.038497093599289656
1442.0175004005432,3934,,,,,,,,,,0.027659334242343903
1442.3406069278717,3935,,,,,,,,,,0.028367060236632824
1442.6602997779846,3936,,,,,,,,,,0.02462704759091139
1442.9850997924805,3937,,,,,,,,,,0.03265080228447914
1443.3185946941376,3938,,,,,,,,,,0.025841847527772188
1443.6513693332672,3939,,,,,,,,,,0.04729567468166351
1443.9686152935028,3940,,,,,,,,,,0.02473569894209504
1444.2857615947723,3941,,,,,,,,,,0.027802903670817614
1444.6025307178497,3942,,,,,,,,,,0.03146745264530182
1444.9240243434906,3943,,,,,,,,,,0.027835275046527386
1445.2453100681305,3944,,,,,,,,,,0.023972179973497987
1445.5664672851562,3945,,,,,,,,,,0.026849163230508566
1445.8858954906464,3946,,,,,,,,,,0.02992962719872594
1446.2028803825378,3947,,,,,,,,,,0.03303980501368642
1446.5265996456146,3948,,,,,,,,,,0.03726573777385056
1446.8457050323486,3949,,,,,,,,,,0.02488791011273861
1447.173398733139,3950,,,,,,,,,,0.054996694438159466
1447.4911034107208,3951,,,,,,,,,,0.024182285997085273
1447.8113703727722,3952,,,,,,,,,,0.03148135426454246
1448.1336178779602,3953,,,,,,,,,,0.04370091250166297
1448.4572801589966,3954,,,,,,,,,,0.044277218636125326
1448.7801821231842,3955,,,,,,,,,,0.026984337717294693
1449.0969235897064,3956,,,,,,,,,,0.0417372053489089
1449.4199056625366,3957,,,,,,,,,,0.04757371451705694
1449.7407395839691,3958,,,,,,,,,,0.027073683217167854
1450.0669813156128,3959,,,,,,,,,,0.018426208291202784
1450.3933408260345,3960,,,,,,,,,,0.02432786114513874
1450.7145652770996,3961,,,,,,,,,,0.03757063299417496
1451.0416676998138,3962,,,,,,,,,,0.039417180232703686
1451.3634374141693,3963,,,,,,,,,,0.04180355928838253
1451.6846883296967,3964,,,,,,,,,,0.040941945277154446
1452.0017349720001,3965,,,,,,,,,,0.02946258196607232
1452.3210351467133,3966,,,,,,,,,,0.026450378820300102
1452.6401150226593,3967,,,,,,,,,,0.03507903218269348
1452.9616293907166,3968,,,,,,,,,,0.0540395388379693
1453.284728050232,3969,,,,,,,,,,0.03772141691297293
1453.6080226898193,3970,,,,,,,,,,0.03600742854177952
1453.9298169612885,3971,,,,,,,,,,0.029365777038037777
1454.2521693706512,3972,,,,,,,,,,0.029049770440906286
1454.578232049942,3973,,,,,,,,,,0.04365822300314903
1454.8965973854065,3974,,,,,,,,,,0.03582998085767031
1455.2269203662872,3975,,,,,,,,,,0.030160541413351893
1455.5444407463074,3976,,,,,,,,,,0.036527029471471906
1455.8635952472687,3977,,,,,,,,,,0.030069852247834206
1456.1848413944244,3978,,,,,,,,,,0.025243356823921204
1456.5086867809296,3979,,,,,,,,,,0.04885966144502163
1456.8280034065247,3980,,,,,,,,,,0.021440351090859622
1457.1520891189575,3981,,,,,,,,,,0.026171851437538862
1457.4812564849854,3982,,,,,,,,,,0.025551415979862213
1457.8034789562225,3983,,,,,,,,,,0.03904333105310798
1458.126645565033,3984,,,,,,,,,,0.023614098085090518
1458.4453406333923,3985,,,,,,,,,,0.03681582724675536
1458.7653877735138,3986,,,,,,,,,,0.03995748236775398
1459.081092596054,3987,,,,,,,,,,0.0458479430526495
1459.4086356163025,3988,,,,,,,,,,0.03811088530346751
1459.7297580242157,3989,,,,,,,,,,0.02213934122119099
1460.0466964244843,3990,,,,,,,,,,0.03233845718204975
1460.3813436031342,3991,,,,,,,,,,0.0356373623944819
1460.7018585205078,3992,,,,,,,,,,0.031478703022003174
1461.0433232784271,3993,,,,,,,,,,0.02207712666131556
1461.3738005161285,3994,,,,,,,,,,0.03193810675293207
1461.7009100914001,3995,,,,,,,,,,0.03965211985632777
1462.0296063423157,3996,,,,,,,,,,0.025309056509286165
1462.3566436767578,3997,,,,,,,,,,0.024772149976342916
1462.6792876720428,3998,,,,,,,,,,0.03925532754510641
1462.996105670929,3999,,,,,,,,,,0.042468189261853695
1463.3290796279907,4000,0.7151524423695316,517244,220052,0.5566048969174462,0.9881545205152672,0.8079151674496639,0.6414973766105948,60579974,925546,0.02941050729714334
1478.3984479904175,4001,,,,,,,,,,0.04209214448928833
1478.7204897403717,4002,,,,,,,,,,0.03664998454041779
1479.039282798767,4003,,,,,,,,,,0.041592656169086695
1479.362315416336,4004,,,,,,,,,,0.0365825560875237
1479.6901564598083,4005,,,,,,,,,,0.02209477499127388
1480.0166721343994,4006,,,,,,,,,,0.039663031697273254
1480.348052740097,4007,,,,,,,,,,0.03818270657211542
1480.6736919879913,4008,,,,,,,,,,0.024630105821415782
1480.9953916072845,4009,,,,,,,,,,0.022972656646743417
1481.3456795215607,4010,,,,,,,,,,0.030186207965016365
1481.6702020168304,4011,,,,,,,,,,0.02740151435136795
1481.9996192455292,4012,,,,,,,,,,0.03519185399636626
1482.3208689689636,4013,,,,,,,,,,0.02999949734658003
1482.650279045105,4014,,,,,,,,,,0.027123845415189862
1482.9759681224823,4015,,,,,,,,,,0.034619728568941355
1483.302606344223,4016,,,,,,,,,,0.019735501147806644
1483.6332385540009,4017,,,,,,,,,,0.02356702648103237
1483.9674544334412,4018,,,,,,,,,,0.023479830590076745
1484.2985541820526,4019,,,,,,,,,,0.04549979418516159
1484.6205642223358,4020,,,,,,,,,,0.028741461224853992
1484.951589345932,4021,,,,,,,,,,0.032712457701563835
1485.2898626327515,4022,,,,,,,,,,0.039106539683416486
1485.615386247635,4023,,,,,,,,,,0.02505762386135757
1485.9356200695038,4024,,,,,,,,,,0.03865691088140011
1486.259328842163,4025,,,,,,,,,,0.03117906511761248
1486.581039428711,4026,,,,,,,,,,0.046519081108272076
1486.9003703594208,4027,,,,,,,,,,0.032175338827073574
1487.235860824585,4028,,,,,,,,,,0.031708452850580215
1487.555649280548,4029,,,,,,,,,,0.04142308561131358
1487.88014793396,4030,,,,,,,,,,0.034897224977612495
1488.201313495636,4031,,,,,,,,,,0.028071393724530935
1488.5221164226532,4032,,,,,,,,,,0.03836759692057967
1488.8445100784302,4033,,,,,,,,,,0.033984596375375986
1489.1807708740234,4034,,,,,,,,,,0.04210884962230921
1489.5042457580566,4035,,,,,,,,,,0.04717514757066965
1489.824081659317,4036,,,,,,,,,,0.031614751322194934
1490.1473553180695,4037,,,,,,,,,,0.03632919304072857
1490.4734473228455,4038,,,,,,,,,,0.02497886144556105
1490.7968809604645,4039,,,,,,,,,,0.039173935540020466
1491.1207931041718,4040,,,,,,,,,,0.016859571682289243
1491.4544768333435,4041,,,,,,,,,,0.018965106923133135
1491.7771351337433,4042,,,,,,,,,,0.028710846789181232
1492.095022201538,4043,,,,,,,,,,0.03535918006673455
1492.4156076908112,4044,,,,,,,,,,0.027768864762037992
1492.7466912269592,4045,,,,,,,,,,0.035144082736223936
1493.076497554779,4046,,,,,,,,,,0.032009385991841555
1493.403091430664,4047,,,,,,,,,,0.031220318749547005
1493.724361896515,4048,,,,,,,,,,0.01778030302375555
1494.0575971603394,4049,,,,,,,,,,0.03166854986920953
1494.3747758865356,4050,,,,,,,,,,0.03530881414189935
1494.7000677585602,4051,,,,,,,,,,0.030944335740059614
1495.0315909385681,4052,,,,,,,,,,0.035647206008434296
1495.3511366844177,4053,,,,,,,,,,0.027683996595442295
1495.6854338645935,4054,,,,,,,,,,0.04238233296200633
1496.0188615322113,4055,,,,,,,,,,0.030009211041033268
1496.3387591838837,4056,,,,,,,,,,0.034409910906106234
1496.658162355423,4057,,,,,,,,,,0.020648434292525053
1496.9789912700653,4058,,,,,,,,,,0.03774150973185897
1497.3060655593872,4059,,,,,,,,,,0.038164890836924314
1497.6268026828766,4060,,,,,,,,,,0.043221131432801485
1497.9453439712524,4061,,,,,,,,,,0.01809372700517997
1498.2709889411926,4062,,,,,,,,,,0.01983422553166747
1498.6001689434052,4063,,,,,,,,,,0.027841531671583652
1498.920895576477,4064,,,,,,,,,,0.033870475832372904
1499.244807958603,4065,,,,,,,,,,0.046740046702325344
1499.5635509490967,4066,,,,,,,,,,0.047376515343785286
1499.8954393863678,4067,,,,,,,,,,0.030264994129538536
1500.2313349246979,4068,,,,,,,,,,0.038334795739501715
1500.5512382984161,4069,,,,,,,,,,0.031158918980509043
1500.8811390399933,4070,,,,,,,,,,0.02041165647096932
1501.2039885520935,4071,,,,,,,,,,0.021558204665780067
1501.522427558899,4072,,,,,,,,,,0.03152542840689421
1501.8409969806671,4073,,,,,,,,,,0.03245538333430886
1502.1577489376068,4074,,,,,,,,,,0.030396567657589912
1502.4749691486359,4075,,,,,,,,,,0.029689314775168896
1502.7964704036713,4076,,,,,,,,,,0.047757424879819155
1503.1123588085175,4077,,,,,,,,,,0.03938004467636347
1503.4430406093597,4078,,,,,,,,,,0.02925069397315383
1503.762107849121,4079,,,,,,,,,,0.040114053059369326
1504.0904088020325,4080,,,,,,,,,,0.02877007843926549
1504.4164266586304,4081,,,,,,,,,,0.029098779195919633
1504.741602897644,4082,,,,,,,,,,0.026736093685030937
1505.0679001808167,4083,,,,,,,,,,0.04850741848349571
1505.3940923213959,4084,,,,,,,,,,0.0421718661673367
1505.7162775993347,4085,,,,,,,,,,0.02443916443735361
1506.0351667404175,4086,,,,,,,,,,0.026947208680212498
1506.3615832328796,4087,,,,,,,,,,0.026487912517040968
1506.6815011501312,4088,,,,,,,,,,0.038607732858508825
1507.0021624565125,4089,,,,,,,,,,0.041509708389639854
1507.3225739002228,4090,,,,,,,,,,0.034182684030383825
1507.6451888084412,4091,,,,,,,,,,0.019633830292150378
1507.9666101932526,4092,,,,,,,,,,0.027978348080068827
1508.2852149009705,4093,,,,,,,,,,0.028846268309280276
1508.6034648418427,4094,,,,,,,,,,0.017168561927974224
1508.925323009491,4095,,,,,,,,,,0.028067725244909525
1509.2466809749603,4096,,,,,,,,,,0.03103833319619298
1509.5675737857819,4097,,,,,,,,,,0.03382689645513892
1509.8920657634735,4098,,,,,,,,,,0.03649245575070381
1510.2199728488922,4099,,,,,,,,,,0.03392669511958957
1510.5394146442413,4100,,,,,,,,,,0.02528238669037819
1510.8674054145813,4101,,,,,,,,,,0.029907034011557698
1511.1874356269836,4102,,,,,,,,,,0.019241986563429236
1511.5102241039276,4103,,,,,,,,,,0.02743937773630023
1511.829775094986,4104,,,,,,,,,,0.031158212572336197
1512.1502032279968,4105,,,,,,,,,,0.03251399734290317
1512.4692084789276,4106,,,,,,,,,,0.03194714104756713
1512.7863159179688,4107,,,,,,,,,,0.035729626193642616
1513.1064043045044,4108,,,,,,,,,,0.03041189955547452
1513.4376587867737,4109,,,,,,,,,,0.02987128240056336
1513.7617359161377,4110,,,,,,,,,,0.026019174605607986
1514.0795211791992,4111,,,,,,,,,,0.04703380819410086
1514.4074597358704,4112,,,,,,,,,,0.027611735509708524
1514.726633310318,4113,,,,,,,,,,0.031857941299676895
1515.0444881916046,4114,,,,,,,,,,0.023450610227882862
1515.3642356395721,4115,,,,,,,,,,0.021765250712633133
1515.6844811439514,4116,,,,,,,,,,0.02295264066196978
1516.0078358650208,4117,,,,,,,,,,0.033053658436983824
1516.3296768665314,4118,,,,,,,,,,0.028796279337257147
1516.6463088989258,4119,,,,,,,,,,0.041369288228452206
1516.9789688587189,4120,,,,,,,,,,0.036994460970163345
1517.3096191883087,4121,,,,,,,,,,0.03350958647206426
1517.6305286884308,4122,,,,,,,,,,0.03467825520783663
1517.9564418792725,4123,,,,,,,,,,0.023937984136864543
1518.279590845108,4124,,,,,,,,,,0.01778858993202448
1518.5963053703308,4125,,,,,,,,,,0.025135483825579286
1518.9300603866577,4126,,,,,,,,,,0.04345467803068459
1519.2605538368225,4127,,,,,,,,,,0.03187925461679697
1519.5796036720276,4128,,,,,,,,,,0.029503108467906713
1519.9016408920288,4129,,,,,,,,,,0.025957138743251562
1520.2266824245453,4130,,,,,,,,,,0.021686615655198693
1520.5477097034454,4131,,,,,,,,,,0.03055759984999895
1520.8680787086487,4132,,,,,,,,,,0.02441781247034669
1521.18945479393,4133,,,,,,,,,,0.03544077603146434
1521.512885093689,4134,,,,,,,,,,0.04296599770896137
1521.8486835956573,4135,,,,,,,,,,0.0256584445014596
1522.1680142879486,4136,,,,,,,,,,0.024418086744844913
1522.492793560028,4137,,,,,,,,,,0.02293567289598286
1522.8107323646545,4138,,,,,,,,,,0.04126436496153474
1523.1293439865112,4139,,,,,,,,,,0.03084269422106445
1523.451180934906,4140,,,,,,,,,,0.024321379140019417
1523.7836282253265,4141,,,,,,,,,,0.03894548397511244
1524.1006696224213,4142,,,,,,,,,,0.025506050791591406
1524.4192934036255,4143,,,,,,,,,,0.01754468458238989
1524.7513365745544,4144,,,,,,,,,,0.02806127746589482
1525.0774211883545,4145,,,,,,,,,,0.05123768583871424
1525.4116485118866,4146,,,,,,,,,,0.02039926080033183
1525.7346682548523,4147,,,,,,,,,,0.013882179744541645
1526.0562336444855,4148,,,,,,,,,,0.050117740873247385
1526.3742928504944,4149,,,,,,,,,,0.03114454122260213
1526.6953675746918,4150,,,,,,,,,,0.03474865714088082
1527.0156993865967,4151,,,,,,,,,,0.03348560928134248
1527.3351480960846,4152,,,,,,,,,,0.056763854809105396
1527.6602787971497,4153,,,,,,,,,,0.021302340959664434
1527.9785718917847,4154,,,,,,,,,,0.01974799996241927
1528.2987201213837,4155,,,,,,,,,,0.053222146816551685
1528.6279108524323,4156,,,,,,,,,,0.03548641363158822
1528.9501340389252,4157,,,,,,,,,,0.03644482512027025
1529.2693181037903,4158,,,,,,,,,,0.03426013607531786
1529.5883104801178,4159,,,,,,,,,,0.020756347104907036
1529.9187018871307,4160,,,,,,,,,,0.036682212725281715
1530.2441782951355,4161,,,,,,,,,,0.045054420828819275
1530.5624516010284,4162,,,,,,,,,,0.022299952805042267
1530.882588148117,4163,,,,,,,,,,0.036039776634424925
1531.2035298347473,4164,,,,,,,,,,0.04389618057757616
1531.5254893302917,4165,,,,,,,,,,0.03372129192575812
1531.8523247241974,4166,,,,,,,,,,0.03920470550656319
1532.17400431633,4167,,,,,,,,,,0.031146720983088017
1532.500126838684,4168,,,,,,,,,,0.02958387159742415
1532.8252515792847,4169,,,,,,,,,,0.02779302094131708
1533.1461036205292,4170,,,,,,,,,,0.02807770110666752
1533.4694142341614,4171,,,,,,,,,,0.037810602225363255
1533.8039481639862,4172,,,,,,,,,,0.041524688713252544
1534.1222705841064,4173,,,,,,,,,,0.03295691078528762
1534.4431104660034,4174,,,,,,,,,,0.030221593100577593
1534.7635326385498,4175,,,,,,,,,,0.03370938589796424
1535.0832104682922,4176,,,,,,,,,,0.031171915587037802
1535.4017350673676,4177,,,,,,,,,,0.04222233174368739
1535.7226536273956,4178,,,,,,,,,,0.023290662793442607
1536.0557973384857,4179,,,,,,,,,,0.028665977995842695
1536.3901336193085,4180,,,,,,,,,,0.028373149689286947
1536.7166225910187,4181,,,,,,,,,,0.02486246870830655
1537.0636103153229,4182,,,,,,,,,,0.02280183299444616
1537.3880915641785,4183,,,,,,,,,,0.02605510503053665
1537.706439256668,4184,,,,,,,,,,0.03705687960609794
1538.0227966308594,4185,,,,,,,,,,0.03434758121147752
1538.3609809875488,4186,,,,,,,,,,0.033921979367733
1538.6809918880463,4187,,,,,,,,,,0.06127023324370384
1539.0020785331726,4188,,,,,,,,,,0.039014304988086224
1539.327399969101,4189,,,,,,,,,,0.03028183034621179
1539.6472308635712,4190,,,,,,,,,,0.048101793974637985
1539.978934764862,4191,,,,,,,,,,0.03649942250922322
1540.3153641223907,4192,,,,,,,,,,0.02061338908970356
1540.6381051540375,4193,,,,,,,,,,0.033273552544415
1540.9597511291504,4194,,,,,,,,,,0.01525250799022615
1541.2843930721283,4195,,,,,,,,,,0.03101802198216319
1541.6171629428864,4196,,,,,,,,,,0.02592193358577788
1541.9452638626099,4197,,,,,,,,,,0.048989832401275635
1542.2641294002533,4198,,,,,,,,,,0.027030823286622763
1542.590106010437,4199,,,,,,,,,,0.044392358511686325
1542.927447795868,4200,,,,,,,,,,0.018505709478631616
1543.2505543231964,4201,,,,,,,,,,0.04055755119770765
1543.5770952701569,4202,,,,,,,,,,0.028459376422688365
1543.9063441753387,4203,,,,,,,,,,0.02377162332413718
1544.223895072937,4204,,,,,,,,,,0.027281136601231992
1544.550356388092,4205,,,,,,,,,,0.029330371180549264
1544.872005224228,4206,,,,,,,,,,0.03342790633905679
1545.191032409668,4207,,,,,,,,,,0.012694507255218923
1545.5280611515045,4208,,,,,,,,,,0.033773388946428895
1545.8517503738403,4209,,,,,,,,,,0.013598773628473282
1546.1675519943237,4210,,,,,,,,,,0.026645931880921125
1546.4900877475739,4211,,,,,,,,,,0.03214223752729595
1546.831726551056,4212,,,,,,,,,,0.02497958019375801
1547.1535339355469,4213,,,,,,,,,,0.0291559137403965
1547.4758322238922,4214,,,,,,,,,,0.03521600132808089
1547.8072791099548,4215,,,,,,,,,,0.03705681418068707
1548.1302437782288,4216,,,,,,,,,,0.034174995962530375
1548.4519593715668,4217,,,,,,,,,,0.0284931561909616
1548.7742245197296,4218,,,,,,,,,,0.024873115587979555
1549.098869562149,4219,,,,,,,,,,0.03825181536376476
1549.4167416095734,4220,,,,,,,,,,0.02339042827952653
1549.765172958374,4221,,,,,,,,,,0.024251817259937525
1550.0899336338043,4222,,,,,,,,,,0.055186052806675434
1550.4187302589417,4223,,,,,,,,,,0.033768410328775644
1550.7417559623718,4224,,,,,,,,,,0.030687516555190086
1551.0688853263855,4225,,,,,,,,,,0.03156857448630035
1551.3920106887817,4226,,,,,,,,,,0.0349474404938519
1551.7106671333313,4227,,,,,,,,,,0.03518837038427591
1552.0313901901245,4228,,,,,,,,,,0.030561366118490696
1552.361325263977,4229,,,,,,,,,,0.020853217458352447
1552.679875612259,4230,,,,,,,,,,0.027542676543816924
1553.000766992569,4231,,,,,,,,,,0.0530819371342659
1553.317317724228,4232,,,,,,,,,,0.03141766181215644
1553.6344430446625,4233,,,,,,,,,,0.03850606735795736
1553.9590229988098,4234,,,,,,,,,,0.024062382988631725
1554.279025554657,4235,,,,,,,,,,0.028342210920527577
1554.6100189685822,4236,,,,,,,,,,0.02987209102138877
1554.9401659965515,4237,,,,,,,,,,0.024735152488574386
1555.2587628364563,4238,,,,,,,,,,0.032072323840111494
1555.579336643219,4239,,,,,,,,,,0.017619297141209245
1555.916897058487,4240,,,,,,,,,,0.03132446389645338
1556.2400403022766,4241,,,,,,,,,,0.03231188328936696
1556.5596187114716,4242,,,,,,,,,,0.033542447723448277
1556.9024653434753,4243,,,,,,,,,,0.04586615040898323
1557.2289140224457,4244,,,,,,,,,,0.046767089515924454
1557.5664699077606,4245,,,,,,,,,,0.036577275954186916
1557.8841693401337,4246,,,,,,,,,,0.032808097545057535
1558.200349330902,4247,,,,,,,,,,0.03657906036823988
1558.5235562324524,4248,,,,,,,,,,0.029692734824493527
1558.8674385547638,4249,,,,,,,,,,0.025588206248357892
1559.192551612854,4250,,,,,,,,,,0.0378557238727808
1559.5206758975983,4251,,,,,,,,,,0.030464159324765205
1559.8409368991852,4252,,,,,,,,,,0.02699618088081479
1560.1587009429932,4253,,,,,,,,,,0.0340181898791343
1560.4877417087555,4254,,,,,,,,,,0.03453786810860038
1560.8139929771423,4255,,,,,,,,,,0.028767409501597285
1561.145424604416,4256,,,,,,,,,,0.03650028398260474
1561.4682371616364,4257,,,,,,,,,,0.03286273684352636
1561.7895863056183,4258,,,,,,,,,,0.043390232138335705
1562.117103099823,4259,,,,,,,,,,0.031519404612481594
1562.4417023658752,4260,,,,,,,,,,0.02821551077067852
1562.7608454227448,4261,,,,,,,,,,0.02726073656231165
1563.0834367275238,4262,,,,,,,,,,0.024135499726980925
1563.4106421470642,4263,,,,,,,,,,0.028043195605278015
1563.7320969104767,4264,,,,,,,,,,0.029806910548359156
1564.05433011055,4265,,,,,,,,,,0.04183487128466368
1564.3759560585022,4266,,,,,,,,,,0.033490102738142014
1564.6944377422333,4267,,,,,,,,,,0.02304847608320415
1565.0186367034912,4268,,,,,,,,,,0.02575136278755963
1565.341288805008,4269,,,,,,,,,,0.03637385834008455
1565.659790277481,4270,,,,,,,,,,0.022865870036184788
1565.9966750144958,4271,,,,,,,,,,0.02962580043822527
1566.315655708313,4272,,,,,,,,,,0.03383031114935875
1566.633195400238,4273,,,,,,,,,,0.018240378238260746
1566.9550178050995,4274,,,,,,,,,,0.024188312934711576
1567.2747206687927,4275,,,,,,,,,,0.04293547780252993
1567.5952446460724,4276,,,,,,,,,,0.04609942180104554
1567.9238755702972,4277,,,,,,,,,,0.0378552102483809
1568.2472417354584,4278,,,,,,,,,,0.04390094173140824
1568.5667140483856,4279,,,,,,,,,,0.028865759260952473
1568.8873808383942,4280,,,,,,,,,,0.016186595079489052
1569.2060759067535,4281,,,,,,,,,,0.037042750511318445
1569.529770374298,4282,,,,,,,,,,0.037496799137443304
1569.8553862571716,4283,,,,,,,,,,0.026239261496812105
1570.1760351657867,4284,,,,,,,,,,0.023916583508253098
1570.5013720989227,4285,,,,,,,,,,0.02687355107627809
1570.8283178806305,4286,,,,,,,,,,0.024527808418497443
1571.1458342075348,4287,,,,,,,,,,0.030350979883223772
1571.4721598625183,4288,,,,,,,,,,0.021719148382544518
1571.7916781902313,4289,,,,,,,,,,0.023128980537876487
1572.1108031272888,4290,,,,,,,,,,0.06140929087996483
1572.431780576706,4291,,,,,,,,,,0.04305530432611704
1572.7504692077637,4292,,,,,,,,,,0.035338059067726135
1573.070613861084,4293,,,,,,,,,,0.028681954368948936
1573.3933277130127,4294,,,,,,,,,,0.01869039796292782
1573.7101738452911,4295,,,,,,,,,,0.01966077950783074
1574.0462868213654,4296,,,,,,,,,,0.025389700662344694
1574.3689260482788,4297,,,,,,,,,,0.03245439566671848
1574.68767786026,4298,,,,,,,,,,0.028983366093598306
1575.0175685882568,4299,,,,,,,,,,0.030352843459695578
1575.3372144699097,4300,,,,,,,,,,0.03009804873727262
1575.655966758728,4301,,,,,,,,,,0.028732059989124537
1575.9877841472626,4302,,,,,,,,,,0.02932359534315765
1576.3185405731201,4303,,,,,,,,,,0.04271189495921135
1576.6469945907593,4304,,,,,,,,,,0.02367147896438837
1576.9752037525177,4305,,,,,,,,,,0.04048514738678932
1577.29549574852,4306,,,,,,,,,,0.0382512048818171
1577.6175694465637,4307,,,,,,,,,,0.034470855724066496
1577.94398188591,4308,,,,,,,,,,0.03793986653909087
1578.2819619178772,4309,,,,,,,,,,0.02552158571779728
1578.6012609004974,4310,,,,,,,,,,0.028419374022632837
1578.9250733852386,4311,,,,,,,,,,0.03004902694374323
1579.253273010254,4312,,,,,,,,,,0.02504825172945857
1579.5720131397247,4313,,,,,,,,,,0.03620712528936565
1579.8903539180756,4314,,,,,,,,,,0.02441743854433298
1580.2137362957,4315,,,,,,,,,,0.03356878971680999
1580.5448331832886,4316,,,,,,,,,,0.026820184430107474
1580.8669443130493,4317,,,,,,,,,,0.021259996108710766
1581.1870422363281,4318,,,,,,,,,,0.03334257612004876
1581.5101976394653,4319,,,,,,,,,,0.02324175974354148
1581.8356251716614,4320,,,,,,,,,,0.03553080838173628
1582.1545448303223,4321,,,,,,,,,,0.036857223603874445
1582.4767773151398,4322,,,,,,,,,,0.04370719497092068
1582.7990214824677,4323,,,,,,,,,,0.024850381072610617
1583.1226229667664,4324,,,,,,,,,,0.03223348245956004
1583.4447660446167,4325,,,,,,,,,,0.03916255896911025
1583.769758939743,4326,,,,,,,,,,0.0221113006118685
1584.0885708332062,4327,,,,,,,,,,0.026082151802256703
1584.4105834960938,4328,,,,,,,,,,0.03979265969246626
1584.73646235466,4329,,,,,,,,,,0.023813785053789616
1585.0596852302551,4330,,,,,,,,,,0.025581467431038618
1585.393702507019,4331,,,,,,,,,,0.03533201850950718
1585.7265357971191,4332,,,,,,,,,,0.030076548922806978
1586.048659324646,4333,,,,,,,,,,0.04197951452806592
1586.3700776100159,4334,,,,,,,,,,0.02722881140653044
1586.6884706020355,4335,,,,,,,,,,0.01970448053907603
1587.0204298496246,4336,,,,,,,,,,0.025803557131439447
1587.3443048000336,4337,,,,,,,,,,0.03590378863736987
1587.6611716747284,4338,,,,,,,,,,0.02707859268411994
1587.9831964969635,4339,,,,,,,,,,0.03864043205976486
1588.3147966861725,4340,,,,,,,,,,0.025143649196252227
1588.6361246109009,4341,,,,,,,,,,0.02772152260877192
1588.9525666236877,4342,,,,,,,,,,0.03410307480953634
1589.274160861969,4343,,,,,,,,,,0.0403211354278028
1589.5920770168304,4344,,,,,,,,,,0.0366665911860764
1589.9131619930267,4345,,,,,,,,,,0.03881039470434189
1590.2357234954834,4346,,,,,,,,,,0.05972656514495611
1590.5560264587402,4347,,,,,,,,,,0.03577432036399841
1590.883502960205,4348,,,,,,,,,,0.04902910068631172
1591.211282491684,4349,,,,,,,,,,0.040699973702430725
1591.5387353897095,4350,,,,,,,,,,0.017538064159452915
1591.8612937927246,4351,,,,,,,,,,0.03900465462356806
1592.1805758476257,4352,,,,,,,,,,0.03633542824536562
1592.5025506019592,4353,,,,,,,,,,0.03414898528717458
1592.82275056839,4354,,,,,,,,,,0.02637223992496729
1593.142261981964,4355,,,,,,,,,,0.028570295311510563
1593.4697031974792,4356,,,,,,,,,,0.04318725783377886
1593.7908182144165,4357,,,,,,,,,,0.037935450905933976
1594.1168928146362,4358,,,,,,,,,,0.031842369586229324
1594.4396204948425,4359,,,,,,,,,,0.03357514482922852
1594.7628467082977,4360,,,,,,,,,,0.03846553061157465
1595.0821945667267,4361,,,,,,,,,,0.029297782573848963
1595.4117648601532,4362,,,,,,,,,,0.059739548712968826
1595.7390296459198,4363,,,,,,,,,,0.028705217875540257
1596.073301076889,4364,,,,,,,,,,0.02611940773203969
1596.3948180675507,4365,,,,,,,,,,0.029910644283518195
1596.7202281951904,4366,,,,,,,,,,0.03698316868394613
1597.0401623249054,4367,,,,,,,,,,0.03353885607793927
1597.3645474910736,4368,,,,,,,,,,0.02050343155860901
1597.6880278587341,4369,,,,,,,,,,0.03532918356359005
1598.0080981254578,4370,,,,,,,,,,0.050508846528828144
1598.3331725597382,4371,,,,,,,,,,0.04276897758245468
1598.6485035419464,4372,,,,,,,,,,0.0181070847902447
1598.97620844841,4373,,,,,,,,,,0.03217781288549304
1599.3057656288147,4374,,,,,,,,,,0.04710353026166558
1599.626443862915,4375,,,,,,,,,,0.04165265941992402
1599.94615650177,4376,,,,,,,,,,0.04970315098762512
1600.276370048523,4377,,,,,,,,,,0.027956347912549973
1600.5982882976532,4378,,,,,,,,,,0.021999637130647898
1600.9218814373016,4379,,,,,,,,,,0.04845969192683697
1601.2404246330261,4380,,,,,,,,,,0.02214079792611301
1601.5617940425873,4381,,,,,,,,,,0.021823982417117804
1601.8875515460968,4382,,,,,,,,,,0.03926013596355915
1602.2064876556396,4383,,,,,,,,,,0.05008223978802562
1602.5291545391083,4384,,,,,,,,,,0.03115657437592745
1602.8542551994324,4385,,,,,,,,,,0.049201156478375196
1603.1782383918762,4386,,,,,,,,,,0.02106197807006538
1603.5049767494202,4387,,,,,,,,,,0.018797973869368434
1603.8279225826263,4388,,,,,,,,,,0.03515088954009116
1604.1444263458252,4389,,,,,,,,,,0.02282570395618677
1604.4650280475616,4390,,,,,,,,,,0.0297997766174376
1604.784868478775,4391,,,,,,,,,,0.020749451592564583
1605.1029019355774,4392,,,,,,,,,,0.04690055921673775
1605.4243807792664,4393,,,,,,,,,,0.030857264064252377
1605.7461471557617,4394,,,,,,,,,,0.026170669589191675
1606.0673155784607,4395,,,,,,,,,,0.037569656036794186
1606.3893423080444,4396,,,,,,,,,,0.030909861903637648
1606.7098858356476,4397,,,,,,,,,,0.016217740951105952
1607.0364036560059,4398,,,,,,,,,,0.03887395979836583
1607.3554599285126,4399,,,,,,,,,,0.024761516600847244
1607.6781919002533,4400,,,,,,,,,,0.027586054289713502
1607.9987337589264,4401,,,,,,,,,,0.03530639782547951
1608.324128627777,4402,,,,,,,,,,0.03386843204498291
1608.6545550823212,4403,,,,,,,,,,0.03926693880930543
1608.98064827919,4404,,,,,,,,,,0.03846385749056935
1609.2989053726196,4405,,,,,,,,,,0.02751149656251073
1609.6222767829895,4406,,,,,,,,,,0.03305104933679104
1609.9441936016083,4407,,,,,,,,,,0.03863546811044216
1610.2740497589111,4408,,,,,,,,,,0.036517922300845385
1610.5962715148926,4409,,,,,,,,,,0.03252901555970311
1610.9209368228912,4410,,,,,,,,,,0.03506440715864301
1611.244563817978,4411,,,,,,,,,,0.026658477960154414
1611.5687997341156,4412,,,,,,,,,,0.029529957799240947
1611.8863961696625,4413,,,,,,,,,,0.023335623322054744
1612.2104840278625,4414,,,,,,,,,,0.050110571552067995
1612.5315506458282,4415,,,,,,,,,,0.04107877053320408
1612.8491041660309,4416,,,,,,,,,,0.038532250095158815
1613.164827823639,4417,,,,,,,,,,0.03969365172088146
1613.4858300685883,4418,,,,,,,,,,0.027735841926187277
1613.8124635219574,4419,,,,,,,,,,0.019223035080358386
1614.132333278656,4420,,,,,,,,,,0.03820993541739881
1614.4520053863525,4421,,,,,,,,,,0.026700689923018217
1614.7774257659912,4422,,,,,,,,,,0.03367474768310785
1615.096450805664,4423,,,,,,,,,,0.02313653309829533
1615.4214115142822,4424,,,,,,,,,,0.028569677844643593
1615.752046585083,4425,,,,,,,,,,0.03161855507642031
1616.078554391861,4426,,,,,,,,,,0.020306857768446207
1616.4073581695557,4427,,,,,,,,,,0.037323740776628256
1616.7276673316956,4428,,,,,,,,,,0.0389447626657784
1617.0450084209442,4429,,,,,,,,,,0.038419264601543546
1617.362982749939,4430,,,,,,,,,,0.030272822827100754
1617.6930170059204,4431,,,,,,,,,,0.04448966262862086
1618.0207266807556,4432,,,,,,,,,,0.037627090234309435
1618.344500541687,4433,,,,,,,,,,0.026084355311468244
1618.6639711856842,4434,,,,,,,,,,0.02412855578586459
1618.988353729248,4435,,,,,,,,,,0.022638166323304176
1619.3087663650513,4436,,,,,,,,,,0.04068927001208067
1619.636105298996,4437,,,,,,,,,,0.04483434103894979
1619.9593350887299,4438,,,,,,,,,,0.037575727328658104
1620.2792608737946,4439,,,,,,,,,,0.018998121609911323
1620.6177077293396,4440,,,,,,,,,,0.031762071419507265
1620.950083732605,4441,,,,,,,,,,0.03211488667875528
1621.2771759033203,4442,,,,,,,,,,0.04124499671161175
1621.5986733436584,4443,,,,,,,,,,0.048964380752295256
1621.9273436069489,4444,,,,,,,,,,0.03728053206577897
1622.2570068836212,4445,,,,,,,,,,0.04790682438760996
1622.5761964321136,4446,,,,,,,,,,0.02238012955058366
1622.898381471634,4447,,,,,,,,,,0.06245107622817159
1623.2200272083282,4448,,,,,,,,,,0.04753751214593649
1623.5474677085876,4449,,,,,,,,,,0.025165914557874203
1623.8699674606323,4450,,,,,,,,,,0.04660733137279749
1624.1983029842377,4451,,,,,,,,,,0.030110981315374374
1624.5161709785461,4452,,,,,,,,,,0.02587835444137454
1624.8345880508423,4453,,,,,,,,,,0.03557990142144263
1625.1521923542023,4454,,,,,,,,,,0.032311893068253994
1625.4859149456024,4455,,,,,,,,,,0.03764629876241088
1625.8056118488312,4456,,,,,,,,,,0.0263008086476475
1626.1260929107666,4457,,,,,,,,,,0.02622036705724895
1626.449013710022,4458,,,,,,,,,,0.014840296818874776
1626.7882566452026,4459,,,,,,,,,,0.024486746406182647
1627.1122245788574,4460,,,,,,,,,,0.02929292037151754
1627.439846277237,4461,,,,,,,,,,0.021620587911456823
1627.7591795921326,4462,,,,,,,,,,0.024107165460009128
1628.077309846878,4463,,,,,,,,,,0.029182275058701634
1628.3981325626373,4464,,,,,,,,,,0.03274829359725118
1628.7134218215942,4465,,,,,,,,,,0.02634237182792276
1629.0464644432068,4466,,,,,,,,,,0.02946661412715912
1629.3666121959686,4467,,,,,,,,,,0.03297632921021432
1629.6871073246002,4468,,,,,,,,,,0.02934470260515809
1630.007714509964,4469,,,,,,,,,,0.0155980559065938
1630.3385014533997,4470,,,,,,,,,,0.02589921886101365
1630.6579809188843,4471,,,,,,,,,,0.034618120174854994
1630.983022928238,4472,,,,,,,,,,0.04616755759343505
1631.3166673183441,4473,,,,,,,,,,0.017191468214150518
1631.635816335678,4474,,,,,,,,,,0.032332086469978094
1631.9558353424072,4475,,,,,,,,,,0.026261376682668924
1632.2814981937408,4476,,,,,,,,,,0.02747676521539688
1632.6032705307007,4477,,,,,,,,,,0.02140312734991312
1632.922400712967,4478,,,,,,,,,,0.050731764640659094
1633.242978811264,4479,,,,,,,,,,0.028218102175742388
1633.5603487491608,4480,,,,,,,,,,0.04715998750180006
1633.8858044147491,4481,,,,,,,,,,0.029160084668546915
1634.2122542858124,4482,,,,,,,,,,0.029047636315226555
1634.541140794754,4483,,,,,,,,,,0.03100437531247735
1634.873664855957,4484,,,,,,,,,,0.0181345489108935
1635.2066333293915,4485,,,,,,,,,,0.02339137764647603
1635.5295214653015,4486,,,,,,,,,,0.029406666988506913
1635.861825466156,4487,,,,,,,,,,0.028613104484975338
1636.1875653266907,4488,,,,,,,,,,0.04557038750499487
1636.5118911266327,4489,,,,,,,,,,0.03578071389347315
1636.8359529972076,4490,,,,,,,,,,0.035710993222892284
1637.1591682434082,4491,,,,,,,,,,0.02160767838358879
1637.4799053668976,4492,,,,,,,,,,0.019157553906552494
1637.8054521083832,4493,,,,,,,,,,0.03372628311626613
1638.1265177726746,4494,,,,,,,,,,0.02774854702875018
1638.4494519233704,4495,,,,,,,,,,0.034773862920701504
1638.7709248065948,4496,,,,,,,,,,0.048210626002401114
1639.0957055091858,4497,,,,,,,,,,0.03330820286646485
1639.4296748638153,4498,,,,,,,,,,0.03654674021527171
1639.7529382705688,4499,,,,,,,,,,0.03201209660619497
1640.0718312263489,4500,0.7127354587444317,510377,241232,0.5536821965508764,0.9879245662664106,0.7944591422448867,0.6462569050242932,60558794,932413,0.023712026188150048
1655.2673177719116,4501,,,,,,,,,,0.01962778903543949
1655.5853111743927,4502,,,,,,,,,,0.030477996449917555
1655.9049818515778,4503,,,,,,,,,,0.03478753054514527
1656.2239689826965,4504,,,,,,,,,,0.01728585991077125
1656.5538003444672,4505,,,,,,,,,,0.04435120662674308
1656.8857862949371,4506,,,,,,,,,,0.022275339579209685
1657.2041969299316,4507,,,,,,,,,,0.021753101143985987
1657.5285201072693,4508,,,,,,,,,,0.036715371534228325
1657.8489017486572,4509,,,,,,,,,,0.03041897900402546
1658.169436454773,4510,,,,,,,,,,0.028804601170122623
1658.5074727535248,4511,,,,,,,,,,0.04260401241481304
1658.8276619911194,4512,,,,,,,,,,0.01434581889770925
1659.1555528640747,4513,,,,,,,,,,0.03852320625446737
1659.4891662597656,4514,,,,,,,,,,0.04693463630974293
1659.8079540729523,4515,,,,,,,,,,0.01830796035937965
1660.1433410644531,4516,,,,,,,,,,0.02026962675154209
1660.475091457367,4517,,,,,,,,,,0.022402010159567
1660.7987282276154,4518,,,,,,,,,,0.0281910952180624
1661.1156468391418,4519,,,,,,,,,,0.030042957980185747
1661.4483246803284,4520,,,,,,,,,,0.036158166360110044
1661.779597043991,4521,,,,,,,,,,0.03175096586346626
1662.0977737903595,4522,,,,,,,,,,0.02976690512150526
1662.4180371761322,4523,,,,,,,,,,0.03085682773962617
1662.7404627799988,4524,,,,,,,,,,0.03375437529757619
1663.0601527690887,4525,,,,,,,,,,0.03187288250774145
1663.382138967514,4526,,,,,,,,,,0.03615531185641885
1663.7017872333527,4527,,,,,,,,,,0.03382550040259957
1664.0259022712708,4528,,,,,,,,,,0.03650196804665029
1664.3533143997192,4529,,,,,,,,,,0.03929311130195856
1664.672932624817,4530,,,,,,,,,,0.029834804590791464
1665.0007102489471,4531,,,,,,,,,,0.029888439923524857
1665.32302069664,4532,,,,,,,,,,0.032737789675593376
1665.6478424072266,4533,,,,,,,,,,0.024434309802018106
1665.9691936969757,4534,,,,,,,,,,0.03194430423900485
1666.2928757667542,4535,,,,,,,,,,0.036004746332764626
1666.6182713508606,4536,,,,,,,,,,0.04044689051806927
1666.944538116455,4537,,,,,,,,,,0.028422140050679445
1667.2690453529358,4538,,,,,,,,,,0.03828362876083702
1667.591670036316,4539,,,,,,,,,,0.021781456656754017
1667.933396577835,4540,,,,,,,,,,0.01909514330327511
1668.2527465820312,4541,,,,,,,,,,0.028664385434240103
1668.5756125450134,4542,,,,,,,,,,0.024199826177209616
1668.8975205421448,4543,,,,,,,,,,0.03923100885003805
1669.2145898342133,4544,,,,,,,,,,0.027499587507918477
1669.5358312129974,4545,,,,,,,,,,0.027346308575943112
1669.8586614131927,4546,,,,,,,,,,0.04390691965818405
1670.1770603656769,4547,,,,,,,,,,0.03065463248640299
1670.5024495124817,4548,,,,,,,,,,0.031205259263515472
1670.826203584671,4549,,,,,,,,,,0.022699224296957254
1671.1478369235992,4550,,,,,,,,,,0.030732816318050027
1671.4748890399933,4551,,,,,,,,,,0.04806829849258065
1671.7963199615479,4552,,,,,,,,,,0.0455154306255281
1672.113761663437,4553,,,,,,,,,,0.036114104092121124
1672.4387373924255,4554,,,,,,,,,,0.03135594679042697
1672.780503988266,4555,,,,,,,,,,0.03635107818990946
1673.1020255088806,4556,,,,,,,,,,0.03238823660649359
1673.4230649471283,4557,,,,,,,,,,0.02737324358895421
1673.7443211078644,4558,,,,,,,,,,0.03790978388860822
1674.08655667305,4559,,,,,,,,,,0.03744986280798912
1674.4069373607635,4560,,,,,,,,,,0.038470878498628736
1674.7349498271942,4561,,,,,,,,,,0.023765146732330322
1675.0607492923737,4562,,,,,,,,,,0.031525237020105124
1675.3800535202026,4563,,,,,,,,,,0.023393874987959862
1675.7161605358124,4564,,,,,,,,,,0.03271371126174927
1676.0337526798248,4565,,,,,,,,,,0.02296910574659705
1676.3535673618317,4566,,,,,,,,,,0.025106061017140746
1676.6777822971344,4567,,,,,,,,,,0.03393540531396866
1677.00315451622,4568,,,,,,,,,,0.031699163839221
1677.336624622345,4569,,,,,,,,,,0.02324027195572853
1677.6543445587158,4570,,,,,,,,,,0.031336691696196795
1677.9818017482758,4571,,,,,,,,,,0.046049317345023155
1678.304744720459,4572,,,,,,,,,,0.037794471019878983
1678.6258141994476,4573,,,,,,,,,,0.02942164964042604
1678.946007490158,4574,,,,,,,,,,0.030668680788949132
1679.2631525993347,4575,,,,,,,,,,0.07317358255386353
1679.5814080238342,4576,,,,,,,,,,0.04858545772731304
1679.9064638614655,4577,,,,,,,,,,0.039185917004942894
1680.2282042503357,4578,,,,,,,,,,0.04391498304903507
1680.5569775104523,4579,,,,,,,,,,0.03229383984580636
1680.8794124126434,4580,,,,,,,,,,0.04100768268108368
1681.2033171653748,4581,,,,,,,,,,0.03758428292348981
1681.5274503231049,4582,,,,,,,,,,0.02857733005657792
1681.8691473007202,4583,,,,,,,,,,0.03998943092301488
1682.1918015480042,4584,,,,,,,,,,0.02402737643569708
1682.511539697647,4585,,,,,,,,,,0.04274168470874429
1682.8324694633484,4586,,,,,,,,,,0.04299031849950552
1683.1690654754639,4587,,,,,,,,,,0.03205240285024047
1683.4891443252563,4588,,,,,,,,,,0.026621967554092407
1683.8137004375458,4589,,,,,,,,,,0.03569219773635268
1684.139229774475,4590,,,,,,,,,,0.022165887989103794
1684.4656524658203,4591,,,,,,,,,,0.03234685771167278
1684.7917478084564,4592,,,,,,,,,,0.027911217184737325
1685.1161942481995,4593,,,,,,,,,,0.026002153288573027
1685.4384427070618,4594,,,,,,,,,,0.024022096418775618
1685.7609477043152,4595,,,,,,,,,,0.02287619817070663
1686.0785806179047,4596,,,,,,,,,,0.035502569284290075
1686.4003298282623,4597,,,,,,,,,,0.0292644458822906
1686.761342048645,4598,,,,,,,,,,0.05165739869698882
1687.1011443138123,4599,,,,,,,,,,0.03159557096660137
1687.4280941486359,4600,,,,,,,,,,0.054559847339987755
1687.7467188835144,4601,,,,,,,,,,0.035032480489462614
1688.0655558109283,4602,,,,,,,,,,0.03950562793761492
1688.388251543045,4603,,,,,,,,,,0.02708673186134547
1688.7048885822296,4604,,,,,,,,,,0.025975655880756676
1689.0233745574951,4605,,,,,,,,,,0.030334465205669403
1689.3398406505585,4606,,,,,,,,,,0.04107584524899721
1689.6565539836884,4607,,,,,,,,,,0.05753084272146225
1689.9769825935364,4608,,,,,,,,,,0.0346778049133718
1690.2962837219238,4609,,,,,,,,,,0.029683107743039727
1690.6173775196075,4610,,,,,,,,,,0.032204932533204556
1690.9365463256836,4611,,,,,,,,,,0.036428182385861874
1691.2519788742065,4612,,,,,,,,,,0.034575515892356634
1691.5721209049225,4613,,,,,,,,,,0.02534585539251566
1691.8927776813507,4614,,,,,,,,,,0.03506466466933489
1692.2118904590607,4615,,,,,,,,,,0.022377846762537956
1692.5301296710968,4616,,,,,,,,,,0.03743844898417592
1692.846961259842,4617,,,,,,,,,,0.03384552523493767
1693.1630663871765,4618,,,,,,,,,,0.030814035795629025
1693.4806780815125,4619,,,,,,,,,,0.03430640627630055
1693.8005754947662,4620,,,,,,,,,,0.0373776494525373
1694.1178390979767,4621,,,,,,,,,,0.022639158880338073
1694.4354515075684,4622,,,,,,,,,,0.029157791985198855
1694.7582349777222,4623,,,,,,,,,,0.027202371507883072
1695.076419353485,4624,,,,,,,,,,0.023198484210297465
1695.3977801799774,4625,,,,,,,,,,0.026492973789572716
1695.7176423072815,4626,,,,,,,,,,0.031556098721921444
1696.0388660430908,4627,,,,,,,,,,0.03362905769608915
1696.3562879562378,4628,,,,,,,,,,0.016676079714670777
1696.6750009059906,4629,,,,,,,,,,0.03261467535048723
1696.997746706009,4630,,,,,,,,,,0.025461132638156414
1697.32039809227,4631,,,,,,,,,,0.02778087044134736
1697.6396174430847,4632,,,,,,,,,,0.02685300656594336
1697.959763288498,4633,,,,,,,,,,0.04400160210207105
1698.2824971675873,4634,,,,,,,,,,0.03343836544081569
1698.6031482219696,4635,,,,,,,,,,0.027611570432782173
1698.9428486824036,4636,,,,,,,,,,0.03517515875864774
1699.2672669887543,4637,,,,,,,,,,0.028472919249907136
1699.5901229381561,4638,,,,,,,,,,0.03532465500757098
1699.9164516925812,4639,,,,,,,,,,0.048619108740240335
1700.2321846485138,4640,,,,,,,,,,0.024859284982085228
1700.5586881637573,4641,,,,,,,,,,0.03829739848151803
1700.8788030147552,4642,,,,,,,,,,0.024959137197583914
1701.1949820518494,4643,,,,,,,,,,0.02442382532171905
1701.5134739875793,4644,,,,,,,,,,0.02492253528907895
1701.830439567566,4645,,,,,,,,,,0.035641595954075456
1702.1442663669586,4646,,,,,,,,,,0.04109979514032602
1702.4614100456238,4647,,,,,,,,,,0.031164546380750835
1702.7807846069336,4648,,,,,,,,,,0.034437489695847034
1703.0988852977753,4649,,,,,,,,,,0.0358891561627388
1703.4177210330963,4650,,,,,,,,,,0.037211981136351824
1703.7444818019867,4651,,,,,,,,,,0.037432601442560554
1704.0681943893433,4652,,,,,,,,,,0.04090719483792782
1704.3872771263123,4653,,,,,,,,,,0.0293650827370584
1704.7060887813568,4654,,,,,,,,,,0.022499579936265945
1705.0302650928497,4655,,,,,,,,,,0.027843514690175653
1705.3468976020813,4656,,,,,,,,,,0.03734592301771045
1705.665715456009,4657,,,,,,,,,,0.029998929239809513
1705.984694480896,4658,,,,,,,,,,0.023997795302420855
1706.3002743721008,4659,,,,,,,,,,0.021028746850788593
1706.6185266971588,4660,,,,,,,,,,0.02094234013929963
1706.9361305236816,4661,,,,,,,,,,0.039172895485535264
1707.2565214633942,4662,,,,,,,,,,0.045717140194028616
1707.5755660533905,4663,,,,,,,,,,0.036203783005476
1707.8989934921265,4664,,,,,,,,,,0.029367025941610336
1708.2161695957184,4665,,,,,,,,,,0.023258048808202147
1708.5373406410217,4666,,,,,,,,,,0.040823074989020824
1708.854870557785,4667,,,,,,,,,,0.037355284206569195
1709.1713242530823,4668,,,,,,,,,,0.041781460866332054
1709.4916996955872,4669,,,,,,,,,,0.036019416991621256
1709.8097829818726,4670,,,,,,,,,,0.02898875216487795
1710.1287870407104,4671,,,,,,,,,,0.0365328723564744
1710.4541039466858,4672,,,,,,,,,,0.03011894691735506
1710.7769989967346,4673,,,,,,,,,,0.03296654857695103
1711.0948073863983,4674,,,,,,,,,,0.0378182684071362
1711.4149100780487,4675,,,,,,,,,,0.04105756524950266
1711.731770992279,4676,,,,,,,,,,0.021148046827875078
1712.054986000061,4677,,,,,,,,,,0.03948972327634692
1712.373901605606,4678,,,,,,,,,,0.029841391369700432
1712.6940314769745,4679,,,,,,,,,,0.024026848026551306
1713.0296158790588,4680,,,,,,,,,,0.029430686496198177
1713.3645477294922,4681,,,,,,,,,,0.04470015526749194
1713.6860001087189,4682,,,,,,,,,,0.02112851687707007
1714.0060541629791,4683,,,,,,,,,,0.023680763784796
1714.3201932907104,4684,,,,,,,,,,0.022695718333125114
1714.6385717391968,4685,,,,,,,,,,0.03038413031026721
1714.9557900428772,4686,,,,,,,,,,0.02671913430094719
1715.272057056427,4687,,,,,,,,,,0.035396487917751074
1715.5903661251068,4688,,,,,,,,,,0.031199831049889326
1715.9223892688751,4689,,,,,,,,,,0.02991894306614995
1716.242038011551,4690,,,,,,,,,,0.03310014866292477
1716.559979915619,4691,,,,,,,,,,0.030351876048371196
1716.8858354091644,4692,,,,,,,,,,0.047350731678307056
1717.204330444336,4693,,,,,,,,,,0.022559246979653835
1717.5265340805054,4694,,,,,,,,,,0.02263504546135664
1717.8424665927887,4695,,,,,,,,,,0.02825169265270233
1718.1604318618774,4696,,,,,,,,,,0.04788294993340969
1718.4833042621613,4697,,,,,,,,,,0.03478972613811493
1718.8023090362549,4698,,,,,,,,,,0.02357404911890626
1719.1238658428192,4699,,,,,,,,,,0.023552783066406846
1719.441251039505,4700,,,,,,,,,,0.04168573347851634
1719.7855372428894,4701,,,,,,,,,,0.0288058512378484
1720.1208958625793,4702,,,,,,,,,,0.026935191359370947
1720.4475927352905,4703,,,,,,,,,,0.03892270056530833
1720.7661447525024,4704,,,,,,,,,,0.022861621342599392
1721.086672782898,4705,,,,,,,,,,0.024987011682242155
1721.410251379013,4706,,,,,,,,,,0.055885241366922855
1721.7271614074707,4707,,,,,,,,,,0.018252328969538212
1722.0431056022644,4708,,,,,,,,,,0.023344547720625997
1722.3594410419464,4709,,,,,,,,,,0.03380558220669627
1722.6795914173126,4710,,,,,,,,,,0.01678520836867392
1723.0038847923279,4711,,,,,,,,,,0.05401422642171383
1723.3195374011993,4712,,,,,,,,,,0.037347955629229546
1723.6374335289001,4713,,,,,,,,,,0.038350919261574745
1723.9588253498077,4714,,,,,,,,,,0.023295432329177856
1724.2776944637299,4715,,,,,,,,,,0.04470157576724887
1724.5972828865051,4716,,,,,,,,,,0.03892621584236622
1724.9193255901337,4717,,,,,,,,,,0.020278960233554244
1725.238755941391,4718,,,,,,,,,,0.03501793369650841
1725.5649149417877,4719,,,,,,,,,,0.027871943777427077
1725.8878290653229,4720,,,,,,,,,,0.05128874769434333
1726.2050688266754,4721,,,,,,,,,,0.03624072438105941
1726.5271933078766,4722,,,,,,,,,,0.03617110662162304
1726.8429896831512,4723,,,,,,,,,,0.01767104212194681
1727.1605834960938,4724,,,,,,,,,,0.04331705812364817
1727.4784698486328,4725,,,,,,,,,,0.035341530572623014
1727.794821023941,4726,,,,,,,,,,0.04615051904693246
1728.11763381958,4727,,,,,,,,,,0.025380859151482582
1728.438057422638,4728,,,,,,,,,,0.018348341342061758
1728.7588937282562,4729,,,,,,,,,,0.027667500777170062
1729.0771226882935,4730,,,,,,,,,,0.03731843805871904
1729.3965601921082,4731,,,,,,,,,,0.04161037690937519
1729.7186255455017,4732,,,,,,,,,,0.04261538363061845
1730.0374145507812,4733,,,,,,,,,,0.052090857177972794
1730.3543844223022,4734,,,,,,,,,,0.0399896539747715
1730.6750161647797,4735,,,,,,,,,,0.04100562632083893
1730.9937891960144,4736,,,,,,,,,,0.032575690653175116
1731.3240714073181,4737,,,,,,,,,,0.02264266344718635
1731.6444499492645,4738,,,,,,,,,,0.026042379904538393
1731.9666843414307,4739,,,,,,,,,,0.08250746689736843
1732.2817776203156,4740,,,,,,,,,,0.03846851969137788
1732.6126420497894,4741,,,,,,,,,,0.01954085676698014
1732.9408464431763,4742,,,,,,,,,,0.03344277711585164
1733.2579364776611,4743,,,,,,,,,,0.04381215153262019
1733.5758605003357,4744,,,,,,,,,,0.019872002536430955
1733.89803647995,4745,,,,,,,,,,0.0329459811327979
1734.2131581306458,4746,,,,,,,,,,0.028440498281270266
1734.5386590957642,4747,,,,,,,,,,0.025468839332461357
1734.854276895523,4748,,,,,,,,,,0.04351011384278536
1735.1725647449493,4749,,,,,,,,,,0.041582833509892225
1735.4898285865784,4750,,,,,,,,,,0.024113840889185667
1735.8075325489044,4751,,,,,,,,,,0.021281887078657746
1736.131059885025,4752,,,,,,,,,,0.046661336440593004
1736.4530925750732,4753,,,,,,,,,,0.05360883753746748
1736.7701425552368,4754,,,,,,,,,,0.03826279053464532
1737.0898809432983,4755,,,,,,,,,,0.02685418352484703
1737.4091670513153,4756,,,,,,,,,,0.024603771744295955
1737.7263808250427,4757,,,,,,,,,,0.03738828608766198
1738.0476636886597,4758,,,,,,,,,,0.02279379777610302
1738.3640477657318,4759,,,,,,,,,,0.0584408207796514
1738.6922042369843,4760,,,,,,,,,,0.0340319718234241
1739.011623620987,4761,,,,,,,,,,0.029655450489372015
1739.3358545303345,4762,,,,,,,,,,0.04527878202497959
1739.654245376587,4763,,,,,,,,,,0.04441509675234556
1739.972627401352,4764,,,,,,,,,,0.020801863400265574
1740.2910339832306,4765,,,,,,,,,,0.012613799539394677
1740.6118218898773,4766,,,,,,,,,,0.04095872491598129
1740.936515569687,4767,,,,,,,,,,0.0303559061139822
1741.2573940753937,4768,,,,,,,,,,0.03697008453309536
1741.5878608226776,4769,,,,,,,,,,0.03243505675345659
1741.9047210216522,4770,,,,,,,,,,0.01589407736901194
1742.2326970100403,4771,,,,,,,,,,0.028082731179893017
1742.5528061389923,4772,,,,,,,,,,0.01693572010844946
1742.869060754776,4773,,,,,,,,,,0.027058805339038372
1743.1849868297577,4774,,,,,,,,,,0.02934763440862298
1743.5033268928528,4775,,,,,,,,,,0.03263659914955497
1743.8219275474548,4776,,,,,,,,,,0.03343614470213652
1744.1407005786896,4777,,,,,,,,,,0.023384494706988335
1744.4653551578522,4778,,,,,,,,,,0.035622768104076385
1744.7907705307007,4779,,,,,,,,,,0.030164229683578014
1745.1090576648712,4780,,,,,,,,,,0.026340583339333534
1745.4461286067963,4781,,,,,,,,,,0.03253341419622302
1745.7630653381348,4782,,,,,,,,,,0.03444282058626413
1746.0856127738953,4783,,,,,,,,,,0.02565841656178236
1746.4023742675781,4784,,,,,,,,,,0.02278463589027524
1746.7184102535248,4785,,,,,,,,,,0.031128830276429653
1747.0433416366577,4786,,,,,,,,,,0.03139285882934928
1747.361632347107,4787,,,,,,,,,,0.01719277584925294
1747.6842489242554,4788,,,,,,,,,,0.022790804505348206
1748.0090024471283,4789,,,,,,,,,,0.04664692364167422
1748.33114695549,4790,,,,,,,,,,0.04058912396430969
1748.6594190597534,4791,,,,,,,,,,0.0214816031511873
1748.9801168441772,4792,,,,,,,,,,0.03410789044573903
1749.3025574684143,4793,,,,,,,,,,0.047569764778018
1749.6196835041046,4794,,,,,,,,,,0.026594274677336216
1749.9413657188416,4795,,,,,,,,,,0.03251791652292013
1750.257194519043,4796,,,,,,,,,,0.034165467135608196
1750.5827946662903,4797,,,,,,,,,,0.04164062300696969
1750.9052336215973,4798,,,,,,,,,,0.030123176518827677
1751.2224261760712,4799,,,,,,,,,,0.029935845406726003
1751.5491962432861,4800,,,,,,,,,,0.04336422588676214
1751.8654851913452,4801,,,,,,,,,,0.036485095508396626
1752.184883594513,4802,,,,,,,,,,0.01966562122106552
1752.502436876297,4803,,,,,,,,,,0.02442828891798854
1752.8181397914886,4804,,,,,,,,,,0.018244983162730932
1753.1383039951324,4805,,,,,,,,,,0.03446278814226389
1753.4605083465576,4806,,,,,,,,,,0.04542522598057985
1753.7766258716583,4807,,,,,,,,,,0.07331559713929892
1754.09250497818,4808,,,,,,,,,,0.02967508090659976
1754.410038948059,4809,,,,,,,,,,0.028583582025021315
1754.7271802425385,4810,,,,,,,,,,0.04174408782273531
1755.0595684051514,4811,,,,,,,,,,0.0356583003886044
1755.374451637268,4812,,,,,,,,,,0.029257938265800476
1755.7061975002289,4813,,,,,,,,,,0.03987398324534297
1756.0289306640625,4814,,,,,,,,,,0.027090198826044798
1756.346806526184,4815,,,,,,,,,,0.04768507136031985
1756.6679680347443,4816,,,,,,,,,,0.026436153333634138
1756.9872682094574,4817,,,,,,,,,,0.02554964425507933
1757.3033707141876,4818,,,,,,,,,,0.030344540253281593
1757.6215081214905,4819,,,,,,,,,,0.034290486946702003
1757.9385228157043,4820,,,,,,,,,,0.03279275889508426
1758.254644393921,4821,,,,,,,,,,0.018783404026180506
1758.571217060089,4822,,,,,,,,,,0.042079792357981205
1758.8883697986603,4823,,,,,,,,,,0.030680479016155005
1759.2106955051422,4824,,,,,,,,,,0.04188765003345907
1759.5372400283813,4825,,,,,,,,,,0.029398456681519747
1759.853303194046,4826,,,,,,,,,,0.01898603397421539
1760.1713671684265,4827,,,,,,,,,,0.03588789235800505
1760.4932880401611,4828,,,,,,,,,,0.026238806545734406
1760.8210396766663,4829,,,,,,,,,,0.029953050194308162
1761.1557564735413,4830,,,,,,,,,,0.03571993065997958
1761.4839143753052,4831,,,,,,,,,,0.03018837235867977
1761.7994117736816,4832,,,,,,,,,,0.03476824704557657
1762.1220388412476,4833,,,,,,,,,,0.02713355142623186
1762.4412722587585,4834,,,,,,,,,,0.02976207947358489
1762.7580432891846,4835,,,,,,,,,,0.0245519254822284
1763.0750827789307,4836,,,,,,,,,,0.03066040202975273
1763.392138004303,4837,,,,,,,,,,0.04341208515688777
1763.7099134922028,4838,,,,,,,,,,0.028252050979062915
1764.0287733078003,4839,,,,,,,,,,0.03844831115566194
1764.344355583191,4840,,,,,,,,,,0.031597139313817024
1764.6636199951172,4841,,,,,,,,,,0.029717674711719155
1764.9846439361572,4842,,,,,,,,,,0.02237544534727931
1765.3023467063904,4843,,,,,,,,,,0.059735794086009264
1765.6234502792358,4844,,,,,,,,,,0.02601485187187791
1765.9406373500824,4845,,,,,,,,,,0.0375196379609406
1766.2560586929321,4846,,,,,,,,,,0.03721890039741993
1766.5795431137085,4847,,,,,,,,,,0.035913247149437666
1766.8937530517578,4848,,,,,,,,,,0.03231437597423792
1767.2151668071747,4849,,,,,,,,,,0.0261803911998868
1767.5370817184448,4850,,,,,,,,,,0.052417568396776915
1767.8532791137695,4851,,,,,,,,,,0.03543489845469594
1768.1791336536407,4852,,,,,,,,,,0.03318389551714063
1768.498309135437,4853,,,,,,,,,,0.024249693378806114
1768.8398587703705,4854,,,,,,,,,,0.03426931565627456
1769.167031288147,4855,,,,,,,,,,0.02408958598971367
1769.5014419555664,4856,,,,,,,,,,0.033346014097332954
1769.8168830871582,4857,,,,,,,,,,0.03326605074107647
1770.134741783142,4858,,,,,,,,,,0.043038643430918455
1770.4556362628937,4859,,,,,,,,,,0.03303928254172206
1770.7765023708344,4860,,,,,,,,,,0.030522510642185807
1771.0952503681183,4861,,,,,,,,,,0.03261329000815749
1771.4122862815857,4862,,,,,,,,,,0.04046626249328256
1771.7304594516754,4863,,,,,,,,,,0.01980127301067114
1772.0578789710999,4864,,,,,,,,,,0.022740490967407823
1772.3740620613098,4865,,,,,,,,,,0.043399697402492166
1772.693424463272,4866,,,,,,,,,,0.016257393406704068
1773.013953924179,4867,,,,,,,,,,0.014610740123316646
1773.3342208862305,4868,,,,,,,,,,0.02019456308335066
1773.6544663906097,4869,,,,,,,,,,0.025983987841755152
1773.9722001552582,4870,,,,,,,,,,0.03294401569291949
1774.2879116535187,4871,,,,,,,,,,0.05021103844046593
1774.60457777977,4872,,,,,,,,,,0.02547680027782917
1774.9238600730896,4873,,,,,,,,,,0.02534421137534082
1775.2383959293365,4874,,,,,,,,,,0.034231618978083134
1775.5614032745361,4875,,,,,,,,,,0.01860938500612974
1775.8762238025665,4876,,,,,,,,,,0.04041884373873472
1776.1959447860718,4877,,,,,,,,,,0.030030843103304505
1776.517109632492,4878,,,,,,,,,,0.02039865730330348
1776.8375203609467,4879,,,,,,,,,,0.02724018692970276
1777.1904139518738,4880,,,,,,,,,,0.020492424606345594
1777.5143208503723,4881,,,,,,,,,,0.032413455191999674
1777.8304696083069,4882,,,,,,,,,,0.04035472171381116
1778.160133600235,4883,,,,,,,,,,0.033424834720790386
1778.4856314659119,4884,,,,,,,,,,0.04288435238413513
1778.8148715496063,4885,,,,,,,,,,0.03600683668628335
1779.1360597610474,4886,,,,,,,,,,0.03368147066794336
1779.4554114341736,4887,,,,,,,,,,0.024033393943682313
1779.7709484100342,4888,,,,,,,,,,0.02543128188699484
1780.0913577079773,4889,,,,,,,,,,0.0392446662299335
1780.4085013866425,4890,,,,,,,,,,0.03362689400091767
1780.728263616562,4891,,,,,,,,,,0.0282793496735394
1781.0441212654114,4892,,,,,,,,,,0.03120031883008778
1781.3592536449432,4893,,,,,,,,,,0.01979393430519849
1781.6839725971222,4894,,,,,,,,,,0.030135332141071558
1782.0002179145813,4895,,,,,,,,,,0.03199245873838663
1782.3156237602234,4896,,,,,,,,,,0.028774081729352474
1782.6343047618866,4897,,,,,,,,,,0.03169337613508105
1782.9544293880463,4898,,,,,,,,,,0.03281646524555981
1783.2733142375946,4899,,,,,,,,,,0.030518025159835815
1783.5897755622864,4900,,,,,,,,,,0.02147309109568596
1783.908542394638,4901,,,,,,,,,,0.025093459989875555
1784.229251384735,4902,,,,,,,,,,0.022459049709141254
1784.5616900920868,4903,,,,,,,,,,0.030898042023181915
1784.8763780593872,4904,,,,,,,,,,0.030532009666785598
1785.1963160037994,4905,,,,,,,,,,0.02180934665375389
1785.511967420578,4906,,,,,,,,,,0.06500504352152348
1785.82821393013,4907,,,,,,,,,,0.03466006275266409
1786.146765947342,4908,,,,,,,,,,0.035718210972845554
1786.4677493572235,4909,,,,,,,,,,0.02082990761846304
1786.7847497463226,4910,,,,,,,,,,0.031839914503507316
1787.106456041336,4911,,,,,,,,,,0.024503988912329078
1787.4236369132996,4912,,,,,,,,,,0.032478239852935076
1787.7475807666779,4913,,,,,,,,,,0.02949242666363716
1788.0765533447266,4914,,,,,,,,,,0.024866065476089716
1788.394139289856,4915,,,,,,,,,,0.02409200742840767
1788.7117738723755,4916,,,,,,,,,,0.029001928865909576
1789.0408291816711,4917,,,,,,,,,,0.046924596186727285
1789.355102300644,4918,,,,,,,,,,0.030184524599462748
1789.6717493534088,4919,,,,,,,,,,0.02499045873992145
1789.9913477897644,4920,,,,,,,,,,0.0367575075943023
1790.3083136081696,4921,,,,,,,,,,0.017253737663850188
1790.6287457942963,4922,,,,,,,,,,0.03563654888421297
1790.951444864273,4923,,,,,,,,,,0.043901804368942976
1791.267920255661,4924,,,,,,,,,,0.04009778890758753
1791.5918476581573,4925,,,,,,,,,,0.026156825246289372
1791.929503440857,4926,,,,,,,,,,0.023300471249967813
1792.2498967647552,4927,,,,,,,,,,0.04479678254574537
1792.5693447589874,4928,,,,,,,,,,0.02076443564146757
1792.8877165317535,4929,,,,,,,,,,0.032816916704177856
1793.204998254776,4930,,,,,,,,,,0.03226964513305575
1793.5265228748322,4931,,,,,,,,,,0.028093499364331365
1793.8442583084106,4932,,,,,,,,,,0.01656832965090871
1794.1625785827637,4933,,,,,,,,,,0.02499770186841488
1794.4822146892548,4934,,,,,,,,,,0.02281955210492015
1794.8026282787323,4935,,,,,,,,,,0.016233009286224842
1795.12189245224,4936,,,,,,,,,,0.025216546142473817
1795.4397535324097,4937,,,,,,,,,,0.022791563533246517
1795.755981683731,4938,,,,,,,,,,0.04334184410981834
1796.0748417377472,4939,,,,,,,,,,0.02720712241716683
1796.390949010849,4940,,,,,,,,,,0.024221966043114662
1796.7104349136353,4941,,,,,,,,,,0.02750501106493175
1797.0269973278046,4942,,,,,,,,,,0.03014867939054966
1797.3426706790924,4943,,,,,,,,,,0.023794359527528286
1797.65993142128,4944,,,,,,,,,,0.0333259217441082
1797.9823529720306,4945,,,,,,,,,,0.05548044666647911
1798.2985558509827,4946,,,,,,,,,,0.01933026174083352
1798.6185793876648,4947,,,,,,,,,,0.04185948334634304
1798.9713695049286,4948,,,,,,,,,,0.016666114795953035
1799.2902660369873,4949,,,,,,,,,,0.02879948215559125
1799.6083118915558,4950,,,,,,,,,,0.025832112645730376
1799.9264602661133,4951,,,,,,,,,,0.03836866281926632
1800.2431917190552,4952,,,,,,,,,,0.036038780584931374
1800.5638167858124,4953,,,,,,,,,,0.025939227431081235
1800.8806431293488,4954,,,,,,,,,,0.04304805863648653
1801.2029330730438,4955,,,,,,,,,,0.024311463814228773
1801.5270502567291,4956,,,,,,,,,,0.04046556260436773
1801.8420972824097,4957,,,,,,,,,,0.022475718753412366
1802.1654312610626,4958,,,,,,,,,,0.037975433049723506
1802.4842460155487,4959,,,,,,,,,,0.013417769456282258
1802.7986476421356,4960,,,,,,,,,,0.0298543618991971
1803.123105764389,4961,,,,,,,,,,0.03963285940699279
1803.4413695335388,4962,,,,,,,,,,0.03308003302663565
1803.7579355239868,4963,,,,,,,,,,0.028158650966361165
1804.0763869285583,4964,,,,,,,,,,0.033020481234416366
1804.391845703125,4965,,,,,,,,,,0.025622406508773565
1804.7126791477203,4966,,,,,,,,,,0.02143233362585306
1805.0345058441162,4967,,,,,,,,,,0.03101420123130083
1805.3486530780792,4968,,,,,,,,,,0.031859122682362795
1805.666268825531,4969,,,,,,,,,,0.0391951990313828
1805.9853219985962,4970,,,,,,,,,,0.02459781547077
1806.3018109798431,4971,,,,,,,,,,0.019399878568947315
1806.6265006065369,4972,,,,,,,,,,0.03378870617598295
1806.944364309311,4973,,,,,,,,,,0.019063384272158146
1807.2577040195465,4974,,,,,,,,,,0.04105707956478
1807.576275587082,4975,,,,,,,,,,0.03707855939865112
1807.891221523285,4976,,,,,,,,,,0.027632123325020075
1808.2089426517487,4977,,,,,,,,,,0.02997266687452793
1808.5263509750366,4978,,,,,,,,,,0.032796835992485285
1808.8404705524445,4979,,,,,,,,,,0.023244481533765793
1809.158343076706,4980,,,,,,,,,,0.033105675131082535
1809.4836328029633,4981,,,,,,,,,,0.044276758562773466
1809.7989630699158,4982,,,,,,,,,,0.03138158959336579
1810.1285185813904,4983,,,,,,,,,,0.016370653873309493
1810.4471971988678,4984,,,,,,,,,,0.016030132537707686
1810.7701227664948,4985,,,,,,,,,,0.02843596739694476
1811.100783109665,4986,,,,,,,,,,0.023055659607052803
1811.4180505275726,4987,,,,,,,,,,0.03793814405798912
1811.7412972450256,4988,,,,,,,,,,0.03176605817861855
1812.0598871707916,4989,,,,,,,,,,0.023946346482262015
1812.375343322754,4990,,,,,,,,,,0.04811945278197527
1812.6942207813263,4991,,,,,,,,,,0.041217110119760036
1813.0118143558502,4992,,,,,,,,,,0.01713438145816326
1813.32905459404,4993,,,,,,,,,,0.02502666087821126
1813.6465458869934,4994,,,,,,,,,,0.042618587613105774
1813.9722335338593,4995,,,,,,,,,,0.02505278494209051
1814.2910652160645,4996,,,,,,,,,,0.03209384344518185
1814.61971616745,4997,,,,,,,,,,0.047900741919875145
1814.9364483356476,4998,,,,,,,,,,0.0318293406162411
1815.2524011135101,4999,,,,,,,,,,0.03180132247507572
1815.5686881542206,5000,0.6953246503526117,582154,172068,0.532948407847625,0.9878825855179817,0.8333811043629152,0.5965081543398554,60627958,860636,0.02063770964741707
