eval_f1,eval_fn,eval_fp,eval_iou,eval_overall_accuracy,eval_precision,eval_recall,eval_tn,eval_tp,step,step_seconds,train_batch_oa,train_loss
,,,,,,,,,1,13.011987209320068,0.6027450561523438,0.6698353290557861
,,,,,,,,,2,0.09078168869018555,0.8850784301757812,0.5695787668228149
,,,,,,,,,3,0.08628320693969727,0.9236907958984375,0.5046366453170776
,,,,,,,,,4,0.0846705436706543,0.9439449310302734,0.4304584860801697
,,,,,,,,,5,0.08483600616455078,0.9742679595947266,0.37549901008605957
,,,,,,,,,6,0.08497214317321777,0.9690818786621094,0.35653606057167053
,,,,,,,,,7,0.08683562278747559,0.9798126220703125,0.31671249866485596
,,,,,,,,,8,0.08524274826049805,0.9838924407958984,0.28302884101867676
,,,,,,,,,9,0.08476495742797852,0.9762840270996094,0.2739337086677551
,,,,,,,,,10,0.08677482604980469,0.9846229553222656,0.2361963540315628
,,,,,,,,,11,0.08677077293395996,0.9757080078125,0.27213650941848755
,,,,,,,,,12,0.08496880531311035,0.9627590179443359,0.3040919899940491
,,,,,,,,,13,0.08454251289367676,0.9845485687255859,0.22239525616168976
,,,,,,,,,14,0.08484649658203125,0.9868488311767578,0.2174007147550583
,,,,,,,,,15,0.08531522750854492,0.9761199951171875,0.2197279930114746
,,,,,,,,,16,0.0845034122467041,0.9788036346435547,0.2108950912952423
,,,,,,,,,17,0.08705019950866699,0.9815425872802734,0.19527022540569305
,,,,,,,,,18,0.08496880531311035,0.9771022796630859,0.20935669541358948
,,,,,,,,,19,0.08477973937988281,0.9755706787109375,0.20397719740867615
,,,,,,,,,20,0.08487534523010254,0.9723300933837891,0.20198726654052734
,,,,,,,,,21,0.08697628974914551,0.9855213165283203,0.18025465309619904
,,,,,,,,,22,0.0893855094909668,0.9920825958251953,0.1617867350578308
,,,,,,,,,23,0.08489513397216797,0.9832229614257812,0.1658145934343338
,,,,,,,,,24,0.08597135543823242,0.9805946350097656,0.16475224494934082
,,,,,,,,,25,0.08501482009887695,0.9899845123291016,0.1494912952184677
,,,,,,,,,26,0.08470702171325684,0.9852809906005859,0.15230831503868103
,,,,,,,,,27,0.08513069152832031,0.9846553802490234,0.1442604660987854
,,,,,,,,,28,0.08524227142333984,0.9923095703125,0.1299244910478592
,,,,,,,,,29,0.0859532356262207,0.9844093322753906,0.14321263134479523
,,,,,,,,,30,0.08493947982788086,0.9806423187255859,0.1390356868505478
,,,,,,,,,31,0.08774900436401367,0.99041748046875,0.12657500803470612
,,,,,,,,,32,0.08500528335571289,0.9812297821044922,0.13707691431045532
,,,,,,,,,33,0.08508181571960449,0.9872760772705078,0.11620161682367325
,,,,,,,,,34,0.08488988876342773,0.9808540344238281,0.12390048801898956
,,,,,,,,,35,0.0849161148071289,0.9850654602050781,0.11779008060693741
,,,,,,,,,36,0.08646345138549805,0.9893283843994141,0.10549584031105042
,,,,,,,,,37,0.0849452018737793,0.989410400390625,0.09922537207603455
,,,,,,,,,38,0.08486723899841309,0.9881134033203125,0.10414628684520721
,,,,,,,,,39,0.08491802215576172,0.9839458465576172,0.10400471836328506
,,,,,,,,,40,0.08482050895690918,0.9832801818847656,0.10302545130252838
,,,,,,,,,41,0.08723664283752441,0.9883594512939453,0.0928029716014862
,,,,,,,,,42,0.08500194549560547,0.9857864379882812,0.09816927462816238
,,,,,,,,,43,0.08746552467346191,0.9917945861816406,0.08791948854923248
,,,,,,,,,44,0.08515763282775879,0.98516845703125,0.0975186675786972
,,,,,,,,,45,0.08491683006286621,0.9854316711425781,0.08937821537256241
,,,,,,,,,46,0.08496832847595215,0.9874382019042969,0.08893812447786331
,,,,,,,,,47,0.08456206321716309,0.9863967895507812,0.08683719485998154
,,,,,,,,,48,0.08482909202575684,0.9803314208984375,0.0947452262043953
,,,,,,,,,49,0.08531594276428223,0.9803714752197266,0.09404809027910233
,,,,,,,,,50,0.09058475494384766,0.978271484375,0.09259442239999771
,,,,,,,,,51,0.08696794509887695,0.9873733520507812,0.0760495588183403
,,,,,,,,,52,0.08493280410766602,0.9871635437011719,0.07997182011604309
,,,,,,,,,53,0.08482909202575684,0.9794178009033203,0.08953630179166794
,,,,,,,,,54,0.08529090881347656,0.9847240447998047,0.08449003845453262
,,,,,,,,,55,0.08516931533813477,0.9846630096435547,0.08037302643060684
,,,,,,,,,56,0.08489274978637695,0.9844150543212891,0.07764779776334763
,,,,,,,,,57,0.08657598495483398,0.9820175170898438,0.08256368339061737
,,,,,,,,,58,0.08478283882141113,0.9665813446044922,0.11313201487064362
,,,,,,,,,59,0.08698153495788574,0.9887905120849609,0.06769181787967682
,,,,,,,,,60,0.08506894111633301,0.9833469390869141,0.0775780901312828
,,,,,,,,,61,0.0867459774017334,0.9831314086914062,0.07579533010721207
,,,,,,,,,62,0.08568334579467773,0.9836196899414062,0.0768611803650856
,,,,,,,,,63,0.08490109443664551,0.9826526641845703,0.07766585797071457
,,,,,,,,,64,0.08867406845092773,0.9792938232421875,0.07819570600986481
,,,,,,,,,65,0.0848245620727539,0.9829120635986328,0.07319530099630356
,,,,,,,,,66,0.08490180969238281,0.9832496643066406,0.072162926197052
,,,,,,,,,67,0.08510804176330566,0.9880657196044922,0.0627836138010025
,,,,,,,,,68,0.08503341674804688,0.9842414855957031,0.071819968521595
,,,,,,,,,69,0.0887610912322998,0.9846420288085938,0.06724473834037781
,,,,,,,,,70,0.08497476577758789,0.9863815307617188,0.06389857828617096
,,,,,,,,,71,0.09193301200866699,0.9839096069335938,0.06849241256713867
,,,,,,,,,72,0.08508038520812988,0.9848213195800781,0.06600077450275421
,,,,,,,,,73,0.0857689380645752,0.9839839935302734,0.0709080845117569
,,,,,,,,,74,0.0873112678527832,0.9922924041748047,0.05079497769474983
,,,,,,,,,75,0.08881425857543945,0.9874553680419922,0.05887337028980255
,,,,,,,,,76,0.08606815338134766,0.9879226684570312,0.05644317716360092
,,,,,,,,,77,0.08500027656555176,0.9858417510986328,0.06097997725009918
,,,,,,,,,78,0.08594226837158203,0.9886760711669922,0.05520417541265488
,,,,,,,,,79,0.08706521987915039,0.9858474731445312,0.06024150550365448
,,,,,,,,,80,0.0849158763885498,0.9863681793212891,0.057262811809778214
,,,,,,,,,81,0.09085965156555176,0.9882469177246094,0.05402900651097298
,,,,,,,,,82,0.08520364761352539,0.9856700897216797,0.058726198971271515
,,,,,,,,,83,0.08661365509033203,0.98602294921875,0.05590561404824257
,,,,,,,,,84,0.08706927299499512,0.9850234985351562,0.0583871491253376
,,,,,,,,,85,0.08509087562561035,0.9851913452148438,0.05608825758099556
,,,,,,,,,86,0.08585882186889648,0.9824581146240234,0.06271980702877045
,,,,,,,,,87,0.08771085739135742,0.9908885955810547,0.0446079820394516
,,,,,,,,,88,0.0848701000213623,0.9894428253173828,0.04696481302380562
,,,,,,,,,89,0.08719611167907715,0.9772586822509766,0.07206862419843674
,,,,,,,,,90,0.08595037460327148,0.9820709228515625,0.06145172193646431
,,,,,,,,,91,0.08728981018066406,0.9844226837158203,0.054725173860788345
,,,,,,,,,92,0.08491206169128418,0.987213134765625,0.0533025749027729
,,,,,,,,,93,0.08500504493713379,0.9769763946533203,0.06986213475465775
,,,,,,,,,94,0.0868828296661377,0.9814434051513672,0.05960049852728844
,,,,,,,,,95,0.08483529090881348,0.9833450317382812,0.05637117847800255
,,,,,,,,,96,0.08490514755249023,0.9818305969238281,0.060383617877960205
,,,,,,,,,97,0.08695840835571289,0.9867019653320312,0.047757089138031006
,,,,,,,,,98,0.08493471145629883,0.9796714782714844,0.06625404208898544
,,,,,,,,,99,0.08755087852478027,0.9841442108154297,0.05720295384526253
,,,,,,,,,100,0.08482003211975098,0.9880504608154297,0.049843259155750275
,,,,,,,,,101,0.08727478981018066,0.9835758209228516,0.05549013614654541
,,,,,,,,,102,0.08492803573608398,0.9786338806152344,0.06851714104413986
,,,,,,,,,103,0.08498287200927734,0.9842262268066406,0.054862383753061295
,,,,,,,,,104,0.09008193016052246,0.9871101379394531,0.049448028206825256
,,,,,,,,,105,0.08499002456665039,0.9852333068847656,0.05157175287604332
,,,,,,,,,106,0.08510327339172363,0.98858642578125,0.04526747018098831
,,,,,,,,,107,0.0850837230682373,0.9831771850585938,0.05693928897380829
,,,,,,,,,108,0.08500528335571289,0.9867782592773438,0.04865103214979172
,,,,,,,,,109,0.08523678779602051,0.9889678955078125,0.04517876356840134
,,,,,,,,,110,0.08494329452514648,0.9845504760742188,0.051894091069698334
,,,,,,,,,111,0.0891580581665039,0.9862403869628906,0.048859402537345886
,,,,,,,,,112,0.0850377082824707,0.9853553771972656,0.04967484250664711
,,,,,,,,,113,0.08493614196777344,0.9888057708740234,0.04301232099533081
,,,,,,,,,114,0.08490252494812012,0.9841060638427734,0.05218816548585892
,,,,,,,,,115,0.08508467674255371,0.9876613616943359,0.04818781465291977
,,,,,,,,,116,0.08509516716003418,0.9925594329833984,0.03622909635305405
,,,,,,,,,117,0.0850992202758789,0.983001708984375,0.05677950754761696
,,,,,,,,,118,0.08638811111450195,0.9875316619873047,0.04469320923089981
,,,,,,,,,119,0.0850217342376709,0.9787158966064453,0.06331196427345276
,,,,,,,,,120,0.08512425422668457,0.9876480102539062,0.04322725161910057
,,,,,,,,,121,0.08712363243103027,0.9846210479736328,0.048334844410419464
,,,,,,,,,122,0.08492588996887207,0.9897193908691406,0.038397274911403656
,,,,,,,,,123,0.0849306583404541,0.9855365753173828,0.050599124282598495
,,,,,,,,,124,0.0849766731262207,0.9823684692382812,0.055043235421180725
,,,,,,,,,125,0.08675813674926758,0.9849624633789062,0.047800105065107346
,,,,,,,,,126,0.08592557907104492,0.9866485595703125,0.04488580673933029
,,,,,,,,,127,0.08573460578918457,0.9812870025634766,0.05659644305706024
,,,,,,,,,128,0.0850834846496582,0.9880714416503906,0.04073282331228256
,,,,,,,,,129,0.08489012718200684,0.9862918853759766,0.044866468757390976
,,,,,,,,,130,0.08513712882995605,0.9876766204833984,0.04236087575554848
,,,,,,,,,131,0.08751273155212402,0.9892234802246094,0.037385087460279465
,,,,,,,,,132,0.08687591552734375,0.9868106842041016,0.04307153448462486
,,,,,,,,,133,0.08502483367919922,0.9850101470947266,0.047724127769470215
,,,,,,,,,134,0.08497190475463867,0.9880943298339844,0.04140081629157066
,,,,,,,,,135,0.08502864837646484,0.9924659729003906,0.03285177797079086
,,,,,,,,,136,0.08740639686584473,0.9912567138671875,0.035331640392541885
,,,,,,,,,137,0.08545851707458496,0.9876232147216797,0.04005449637770653
,,,,,,,,,138,0.08510708808898926,0.97821044921875,0.060254499316215515
,,,,,,,,,139,0.0866844654083252,0.9906349182128906,0.03551844507455826
,,,,,,,,,140,0.08495926856994629,0.9847240447998047,0.046843066811561584
,,,,,,,,,141,0.08723044395446777,0.9881381988525391,0.042322125285863876
,,,,,,,,,142,0.08504104614257812,0.99041748046875,0.04014001786708832
,,,,,,,,,143,0.08516597747802734,0.9910793304443359,0.038042064756155014
,,,,,,,,,144,0.08498120307922363,0.9829311370849609,0.054155051708221436
,,,,,,,,,145,0.08491921424865723,0.98736572265625,0.04167642071843147
,,,,,,,,,146,0.08898115158081055,0.9813861846923828,0.05263090878725052
,,,,,,,,,147,0.08490228652954102,0.9892787933349609,0.038415610790252686
,,,,,,,,,148,0.0853276252746582,0.9890708923339844,0.038738053292036057
,,,,,,,,,149,0.08496904373168945,0.9879550933837891,0.03896200656890869
,,,,,,,,,150,0.08522748947143555,0.9835796356201172,0.05041896551847458
,,,,,,,,,151,0.0872809886932373,0.9830093383789062,0.05267276242375374
,,,,,,,,,152,0.08523869514465332,0.9770545959472656,0.06374013423919678
,,,,,,,,,153,0.08691644668579102,0.9826126098632812,0.051882196217775345
,,,,,,,,,154,0.08500003814697266,0.9817771911621094,0.04948386177420616
,,,,,,,,,155,0.08497095108032227,0.9789943695068359,0.06643200665712357
,,,,,,,,,156,0.0872037410736084,0.9892730712890625,0.03464241325855255
,,,,,,,,,157,0.08501482009887695,0.9838504791259766,0.0508447140455246
,,,,,,,,,158,0.08562803268432617,0.9870891571044922,0.04077170416712761
,,,,,,,,,159,0.08511972427368164,0.9880886077880859,0.03747038170695305
,,,,,,,,,160,0.08712196350097656,0.9858779907226562,0.04112672805786133
,,,,,,,,,161,0.08941030502319336,0.9887180328369141,0.03887961059808731
,,,,,,,,,162,0.08504056930541992,0.9915332794189453,0.03563017398118973
,,,,,,,,,163,0.08501172065734863,0.9838085174560547,0.048684459179639816
,,,,,,,,,164,0.08506274223327637,0.9898109436035156,0.034495655447244644
,,,,,,,,,165,0.08564329147338867,0.9796905517578125,0.056957945227622986
,,,,,,,,,166,0.08709883689880371,0.9916038513183594,0.031025400385260582
,,,,,,,,,167,0.08638882637023926,0.9858970642089844,0.040373120456933975
,,,,,,,,,168,0.09576034545898438,0.9843368530273438,0.04553190618753433
,,,,,,,,,169,0.09844255447387695,0.9848060607910156,0.04268655925989151
,,,,,,,,,170,0.09528779983520508,0.9869899749755859,0.03833094984292984
,,,,,,,,,171,0.08708047866821289,0.9901885986328125,0.032886866480112076
,,,,,,,,,172,0.08574056625366211,0.9885311126708984,0.037266701459884644
,,,,,,,,,173,0.08519768714904785,0.9887828826904297,0.03487280383706093
,,,,,,,,,174,0.08679819107055664,0.988037109375,0.037225715816020966
,,,,,,,,,175,0.08528923988342285,0.9863796234130859,0.0419112853705883
,,,,,,,,,176,0.08664369583129883,0.9891185760498047,0.035426974296569824
,,,,,,,,,177,0.08551931381225586,0.9788284301757812,0.05480678752064705
,,,,,,,,,178,0.08768033981323242,0.9882411956787109,0.03705858811736107
,,,,,,,,,179,0.08508682250976562,0.9892120361328125,0.034325435757637024
,,,,,,,,,180,0.0853891372680664,0.9855403900146484,0.043328121304512024
,,,,,,,,,181,0.08823347091674805,0.9796276092529297,0.05586472153663635
,,,,,,,,,182,0.08515000343322754,0.9812908172607422,0.05857944115996361
,,,,,,,,,183,0.08650779724121094,0.9907894134521484,0.030723344534635544
,,,,,,,,,184,0.08514547348022461,0.9842720031738281,0.04383328557014465
,,,,,,,,,185,0.08556747436523438,0.9850311279296875,0.0421094186604023
,,,,,,,,,186,0.08524894714355469,0.9898052215576172,0.03555433824658394
,,,,,,,,,187,0.0858912467956543,0.9864234924316406,0.039256501942873
,,,,,,,,,188,0.0857234001159668,0.9839954376220703,0.04688559100031853
,,,,,,,,,189,0.08522462844848633,0.9893836975097656,0.03588525578379631
,,,,,,,,,190,0.0862894058227539,0.9899005889892578,0.03344472125172615
,,,,,,,,,191,0.08751106262207031,0.9736690521240234,0.07124157249927521
,,,,,,,,,192,0.08521842956542969,0.9900054931640625,0.031863898038864136
,,,,,,,,,193,0.08530783653259277,0.9896640777587891,0.03232681751251221
,,,,,,,,,194,0.08521080017089844,0.988067626953125,0.03509228676557541
,,,,,,,,,195,0.08598685264587402,0.9879055023193359,0.036229491233825684
,,,,,,,,,196,0.08515691757202148,0.9858455657958984,0.042834341526031494
,,,,,,,,,197,0.08655309677124023,0.9851608276367188,0.0416126549243927
,,,,,,,,,198,0.08626866340637207,0.9829730987548828,0.04779299721121788
,,,,,,,,,199,0.08539628982543945,0.9833316802978516,0.04494946449995041
,,,,,,,,,200,0.08755636215209961,0.9862804412841797,0.03968730941414833
,,,,,,,,,201,0.08753728866577148,0.9843502044677734,0.04258974641561508
,,,,,,,,,202,0.08585810661315918,0.9837493896484375,0.046226684004068375
,,,,,,,,,203,0.08539915084838867,0.9871120452880859,0.03895200043916702
,,,,,,,,,204,0.08684659004211426,0.9869346618652344,0.0383487343788147
,,,,,,,,,205,0.08748126029968262,0.9836406707763672,0.047060515731573105
,,,,,,,,,206,0.08526015281677246,0.9910163879394531,0.027628477662801743
,,,,,,,,,207,0.08515071868896484,0.9893741607666016,0.033695414662361145
,,,,,,,,,208,0.08858633041381836,0.9898529052734375,0.032817475497722626
,,,,,,,,,209,0.08606934547424316,0.9913864135742188,0.02863261103630066
,,,,,,,,,210,0.09075450897216797,0.9862594604492188,0.03811321407556534
,,,,,,,,,211,0.08917951583862305,0.9890995025634766,0.03285261243581772
,,,,,,,,,212,0.08529782295227051,0.9837169647216797,0.045319050550460815
,,,,,,,,,213,0.08536243438720703,0.9851398468017578,0.04210101440548897
,,,,,,,,,214,0.08541536331176758,0.9813823699951172,0.06076882407069206
,,,,,,,,,215,0.08773112297058105,0.9866294860839844,0.040603358298540115
,,,,,,,,,216,0.08537507057189941,0.9867038726806641,0.037740789353847504
,,,,,,,,,217,0.0853261947631836,0.9881095886230469,0.0351264514029026
,,,,,,,,,218,0.08697271347045898,0.9842739105224609,0.043071482330560684
,,,,,,,,,219,0.08529520034790039,0.9861869812011719,0.039329010993242264
,,,,,,,,,220,0.08714413642883301,0.9893150329589844,0.0338512547314167
,,,,,,,,,221,0.0877084732055664,0.9884300231933594,0.03389740362763405
,,,,,,,,,222,0.0854501724243164,0.9841442108154297,0.04351174458861351
,,,,,,,,,223,0.08565211296081543,0.9837455749511719,0.04845607280731201
,,,,,,,,,224,0.08549714088439941,0.9875144958496094,0.03570086136460304
,,,,,,,,,225,0.08914947509765625,0.9834384918212891,0.048669952899217606
,,,,,,,,,226,0.0852956771850586,0.9824275970458984,0.046574003994464874
,,,,,,,,,227,0.08551812171936035,0.9840450286865234,0.04296485334634781
,,,,,,,,,228,0.08547115325927734,0.9840869903564453,0.041341815143823624
,,,,,,,,,229,0.08550310134887695,0.9812736511230469,0.05465277284383774
,,,,,,,,,230,0.08591151237487793,0.9828910827636719,0.04401041567325592
,,,,,,,,,231,0.08738160133361816,0.99249267578125,0.02531600184738636
,,,,,,,,,232,0.08724117279052734,0.9834041595458984,0.05016287416219711
,,,,,,,,,233,0.08526468276977539,0.9794788360595703,0.04758574813604355
,,,,,,,,,234,0.08528566360473633,0.9864139556884766,0.03508415073156357
,,,,,,,,,235,0.08534908294677734,0.9922103881835938,0.025501573458313942
,,,,,,,,,236,0.08574604988098145,0.9893798828125,0.03321745619177818
,,,,,,,,,237,0.0863640308380127,0.9886798858642578,0.03486131504178047
,,,,,,,,,238,0.08532357215881348,0.9829158782958984,0.048362281173467636
,,,,,,,,,239,0.08727788925170898,0.9780101776123047,0.05346109718084335
,,,,,,,,,240,0.08541369438171387,0.9837455749511719,0.04440915957093239
,,,,,,,,,241,0.08760380744934082,0.9771308898925781,0.05913379788398743
,,,,,,,,,242,0.08538389205932617,0.9834270477294922,0.04377518966794014
,,,,,,,,,243,0.08516287803649902,0.9882946014404297,0.033759817481040955
,,,,,,,,,244,0.08530330657958984,0.981414794921875,0.051042359322309494
,,,,,,,,,245,0.08511900901794434,0.9860286712646484,0.040651675313711166
,,,,,,,,,246,0.08741354942321777,0.9914760589599609,0.030717965215444565
,,,,,,,,,247,0.08772611618041992,0.9791889190673828,0.05397997796535492
,,,,,,,,,248,0.08534359931945801,0.982757568359375,0.04615826904773712
,,,,,,,,,249,0.08527779579162598,0.9822330474853516,0.044639572501182556
,,,,,,,,,250,0.08519506454467773,0.9817676544189453,0.04792144522070885
,,,,,,,,,251,0.0876009464263916,0.9854354858398438,0.0405605174601078
,,,,,,,,,252,0.08524203300476074,0.9888992309570312,0.033127617090940475
,,,,,,,,,253,0.08684396743774414,0.9883213043212891,0.03468839451670647
,,,,,,,,,254,0.08536720275878906,0.9885711669921875,0.03238188475370407
,,,,,,,,,255,0.0855255126953125,0.9827499389648438,0.047875840216875076
,,,,,,,,,256,0.08556985855102539,0.9851455688476562,0.04280872642993927
,,,,,,,,,257,0.08740425109863281,0.9854145050048828,0.039908550679683685
,,,,,,,,,258,0.08573460578918457,0.9796924591064453,0.05435117706656456
,,,,,,,,,259,0.08554983139038086,0.9848728179931641,0.043077532202005386
,,,,,,,,,260,0.0873866081237793,0.9886932373046875,0.03316469490528107
,,,,,,,,,261,0.08776688575744629,0.9843368530273438,0.04339361563324928
,,,,,,,,,262,0.08565473556518555,0.9829559326171875,0.04670627415180206
,,,,,,,,,263,0.08527255058288574,0.9822769165039062,0.04555128514766693
,,,,,,,,,264,0.08529162406921387,0.9840965270996094,0.043832361698150635
,,,,,,,,,265,0.08559513092041016,0.9803752899169922,0.049138180911540985
,,,,,,,,,266,0.08559083938598633,0.9889945983886719,0.032878126949071884
,,,,,,,,,267,0.08951854705810547,0.9891643524169922,0.03273121640086174
,,,,,,,,,268,0.08524155616760254,0.9832286834716797,0.04305313155055046
,,,,,,,,,269,0.0853724479675293,0.99114990234375,0.02779722772538662
,,,,,,,,,270,0.08597636222839355,0.9857330322265625,0.04008747637271881
,,,,,,,,,271,0.08758044242858887,0.9800014495849609,0.05265035480260849
,,,,,,,,,272,0.08603191375732422,0.990447998046875,0.028863001614809036
,,,,,,,,,273,0.0854637622833252,0.990020751953125,0.030140941962599754
,,,,,,,,,274,0.0876774787902832,0.9702033996582031,0.07348106056451797
,,,,,,,,,275,0.08529353141784668,0.9891757965087891,0.030884001404047012
,,,,,,,,,276,0.08583784103393555,0.9737777709960938,0.06403481960296631
,,,,,,,,,277,0.0853126049041748,0.9882335662841797,0.034395135939121246
,,,,,,,,,278,0.08525705337524414,0.9842987060546875,0.04241742938756943
,,,,,,,,,279,0.08555936813354492,0.9878997802734375,0.038530752062797546
,,,,,,,,,280,0.08548378944396973,0.9898681640625,0.031078150495886803
,,,,,,,,,281,0.09016251564025879,0.9871311187744141,0.03585801646113396
,,,,,,,,,282,0.08529925346374512,0.9810543060302734,0.05120573937892914
,,,,,,,,,283,0.08524322509765625,0.9863414764404297,0.0371614433825016
,,,,,,,,,284,0.08777785301208496,0.9883441925048828,0.03405557945370674
,,,,,,,,,285,0.0854640007019043,0.9837741851806641,0.04322704300284386
,,,,,,,,,286,0.08585357666015625,0.9813404083251953,0.04985670745372772
,,,,,,,,,287,0.08530354499816895,0.9910068511962891,0.028728412464261055
,,,,,,,,,288,0.08699345588684082,0.986541748046875,0.04032575339078903
,,,,,,,,,289,0.08751559257507324,0.9843959808349609,0.04315304011106491
,,,,,,,,,290,0.08532285690307617,0.9850196838378906,0.03763203322887421
,,,,,,,,,291,0.08759379386901855,0.9868068695068359,0.03730575740337372
,,,,,,,,,292,0.08546829223632812,0.9788703918457031,0.056945204734802246
,,,,,,,,,293,0.08586311340332031,0.9882965087890625,0.0347135104238987
,,,,,,,,,294,0.08772897720336914,0.9907321929931641,0.02872040681540966
,,,,,,,,,295,0.08740043640136719,0.9841327667236328,0.043331440538167953
,,,,,,,,,296,0.08521628379821777,0.9934501647949219,0.022830849513411522
,,,,,,,,,297,0.08540534973144531,0.9922714233398438,0.025687219575047493
,,,,,,,,,298,0.085357666015625,0.9913387298583984,0.026400819420814514
,,,,,,,,,299,0.08788180351257324,0.9911365509033203,0.02698369510471821
,,,,,,,,,300,0.08542585372924805,0.980499267578125,0.04564162343740463
,,,,,,,,,301,0.08770895004272461,0.9761829376220703,0.062479909509420395
,,,,,,,,,302,0.08721113204956055,0.9894180297851562,0.03082103654742241
,,,,,,,,,303,0.08514642715454102,0.9841957092285156,0.0442245751619339
,,,,,,,,,304,0.0881032943725586,0.9858341217041016,0.03654635325074196
,,,,,,,,,305,0.08522629737854004,0.9839496612548828,0.044291332364082336
,,,,,,,,,306,0.08635759353637695,0.9870033264160156,0.0352608747780323
,,,,,,,,,307,0.08559584617614746,0.9837512969970703,0.04201486334204674
,,,,,,,,,308,0.08531403541564941,0.9859142303466797,0.03900245949625969
,,,,,,,,,309,0.08903670310974121,0.9894809722900391,0.032361481338739395
,,,,,,,,,310,0.08549165725708008,0.9860000610351562,0.03984437137842178
,,,,,,,,,311,0.08810043334960938,0.9869384765625,0.03641269728541374
,,,,,,,,,312,0.08550667762756348,0.9863452911376953,0.0377688966691494
,,,,,,,,,313,0.08515620231628418,0.989471435546875,0.03172972425818443
,,,,,,,,,314,0.08584356307983398,0.9826717376708984,0.04518914222717285
,,,,,,,,,315,0.08552145957946777,0.9795913696289062,0.05096094682812691
,,,,,,,,,316,0.08696699142456055,0.9897117614746094,0.030663814395666122
,,,,,,,,,317,0.08533096313476562,0.9922771453857422,0.02841266244649887
,,,,,,,,,318,0.08539056777954102,0.9881763458251953,0.033380329608917236
,,,,,,,,,319,0.08835721015930176,0.990936279296875,0.026625635102391243
,,,,,,,,,320,0.08562731742858887,0.9718589782714844,0.07284656167030334
,,,,,,,,,321,0.0892941951751709,0.9903583526611328,0.026394905522465706
,,,,,,,,,322,0.08566880226135254,0.9831638336181641,0.04331257566809654
,,,,,,,,,323,0.08799123764038086,0.9931068420410156,0.021913012489676476
,,,,,,,,,324,0.08536434173583984,0.9860916137695312,0.03864696994423866
,,,,,,,,,325,0.08556103706359863,0.9765739440917969,0.05574288219213486
,,,,,,,,,326,0.08589053153991699,0.9866714477539062,0.03890097886323929
,,,,,,,,,327,0.08551311492919922,0.9843025207519531,0.03922496736049652
,,,,,,,,,328,0.0854182243347168,0.9824752807617188,0.04576389491558075
,,,,,,,,,329,0.08541536331176758,0.9854660034179688,0.041367825120687485
,,,,,,,,,330,0.08751511573791504,0.9827384948730469,0.046052783727645874
,,,,,,,,,331,0.08826470375061035,0.9839744567871094,0.04285307973623276
,,,,,,,,,332,0.08601713180541992,0.9860992431640625,0.036247290670871735
,,,,,,,,,333,0.08544301986694336,0.9877243041992188,0.03339957445859909
,,,,,,,,,334,0.08536863327026367,0.9876518249511719,0.03345891088247299
,,,,,,,,,335,0.08562064170837402,0.9838180541992188,0.040424395352602005
,,,,,,,,,336,0.0887303352355957,0.9891681671142578,0.03079923428595066
,,,,,,,,,337,0.08804011344909668,0.9923553466796875,0.022111743688583374
,,,,,,,,,338,0.08545804023742676,0.9902420043945312,0.029058657586574554
,,,,,,,,,339,0.0852975845336914,0.9869861602783203,0.036328963935375214
,,,,,,,,,340,0.08561825752258301,0.9859447479248047,0.03644068166613579
,,,,,,,,,341,0.08851170539855957,0.9728240966796875,0.06655070185661316
,,,,,,,,,342,0.08556437492370605,0.9938945770263672,0.020024374127388
,,,,,,,,,343,0.08548498153686523,0.9869308471679688,0.036575060337781906
,,,,,,,,,344,0.08724021911621094,0.9842243194580078,0.04534269869327545
,,,,,,,,,345,0.08540558815002441,0.9815216064453125,0.04550979286432266
,,,,,,,,,346,0.08608675003051758,0.9876613616943359,0.03538932278752327
,,,,,,,,,347,0.08555269241333008,0.9900760650634766,0.030105246230959892
,,,,,,,,,348,0.08555364608764648,0.9896202087402344,0.033787958323955536
,,,,,,,,,349,0.08558368682861328,0.9859981536865234,0.040130216628313065
,,,,,,,,,350,0.08548712730407715,0.9883136749267578,0.03298261761665344
,,,,,,,,,351,0.08857154846191406,0.9862079620361328,0.0387500524520874
,,,,,,,,,352,0.0853886604309082,0.9842567443847656,0.043023645877838135
,,,,,,,,,353,0.08659887313842773,0.9906425476074219,0.025987615808844566
,,,,,,,,,354,0.08547663688659668,0.9871025085449219,0.036547064781188965
,,,,,,,,,355,0.08571481704711914,0.9895648956298828,0.029501905664801598
,,,,,,,,,356,0.08541727066040039,0.9846858978271484,0.04274732246994972
,,,,,,,,,357,0.08598732948303223,0.9883899688720703,0.03236110880970955
,,,,,,,,,358,0.08987951278686523,0.9869384765625,0.03549015522003174
,,,,,,,,,359,0.08559226989746094,0.9861068725585938,0.039397649466991425
,,,,,,,,,360,0.08674383163452148,0.9918308258056641,0.023625623434782028
,,,,,,,,,361,0.0878596305847168,0.98736572265625,0.03432377427816391
,,,,,,,,,362,0.08551144599914551,0.9782276153564453,0.055333107709884644
,,,,,,,,,363,0.08549761772155762,0.9880199432373047,0.03483760356903076
,,,,,,,,,364,0.08554768562316895,0.9831466674804688,0.045569997280836105
,,,,,,,,,365,0.08623242378234863,0.9889373779296875,0.030851956456899643
,,,,,,,,,366,0.08552694320678711,0.9898357391357422,0.028363248333334923
,,,,,,,,,367,0.08685159683227539,0.9847145080566406,0.04020716995000839
,,,,,,,,,368,0.0879371166229248,0.9882068634033203,0.034239914268255234
,,,,,,,,,369,0.08607745170593262,0.9882926940917969,0.032488323748111725
,,,,,,,,,370,0.08548450469970703,0.9851741790771484,0.040801774710416794
,,,,,,,,,371,0.08895993232727051,0.9853553771972656,0.03921409323811531
,,,,,,,,,372,0.08727526664733887,0.9925136566162109,0.02366001158952713
,,,,,,,,,373,0.08572983741760254,0.9838352203369141,0.0407412089407444
,,,,,,,,,374,0.08727598190307617,0.9947338104248047,0.019117336720228195
,,,,,,,,,375,0.08591675758361816,0.9915771484375,0.027302848175168037
,,,,,,,,,376,0.08544635772705078,0.9843711853027344,0.041925784200429916
,,,,,,,,,377,0.0856328010559082,0.9911975860595703,0.026127930730581284
,,,,,,,,,378,0.08792591094970703,0.9892673492431641,0.03201683610677719
,,,,,,,,,379,0.08575558662414551,0.9669303894042969,0.08813537657260895
,,,,,,,,,380,0.08545708656311035,0.9816303253173828,0.04643549025058746
,,,,,,,,,381,0.09010982513427734,0.9843616485595703,0.0395703949034214
,,,,,,,,,382,0.08574438095092773,0.9856185913085938,0.040690843015909195
,,,,,,,,,383,0.0857536792755127,0.9870758056640625,0.036625999957323074
,,,,,,,,,384,0.08534979820251465,0.9901599884033203,0.028415808454155922
,,,,,,,,,385,0.08599853515625,0.9854812622070312,0.03991467133164406
,,,,,,,,,386,0.08615756034851074,0.9883365631103516,0.03217409923672676
,,,,,,,,,387,0.0854635238647461,0.988189697265625,0.030951393768191338
,,,,,,,,,388,0.08731460571289062,0.9843425750732422,0.042413130402565
,,,,,,,,,389,0.08555150032043457,0.9863300323486328,0.036875199526548386
,,,,,,,,,390,0.08845639228820801,0.9854259490966797,0.03925267606973648
,,,,,,,,,391,0.08812713623046875,0.9909496307373047,0.024576861411333084
,,,,,,,,,392,0.08543801307678223,0.9898414611816406,0.027345772832632065
,,,,,,,,,393,0.08606219291687012,0.9896450042724609,0.028566254302859306
,,,,,,,,,394,0.08567357063293457,0.9918670654296875,0.023064125329256058
,,,,,,,,,395,0.08886170387268066,0.9901542663574219,0.027014372870326042
,,,,,,,,,396,0.08580970764160156,0.9913349151611328,0.024401435628533363
,,,,,,,,,397,0.08550667762756348,0.9836044311523438,0.04779532179236412
,,,,,,,,,398,0.08555793762207031,0.9872722625732422,0.03684138134121895
,,,,,,,,,399,0.08583760261535645,0.9888553619384766,0.030212827026844025
,,,,,,,,,400,0.0879676342010498,0.9836502075195312,0.045016273856163025
,,,,,,,,,401,0.08776617050170898,0.9864501953125,0.03691590949892998
,,,,,,,,,402,0.0873868465423584,0.9868526458740234,0.036284416913986206
,,,,,,,,,403,0.08567070960998535,0.9859352111816406,0.03562767431139946
,,,,,,,,,404,0.08552074432373047,0.9892578125,0.030854487791657448
,,,,,,,,,405,0.08795285224914551,0.9859390258789062,0.038237135857343674
,,,,,,,,,406,0.08572101593017578,0.9834022521972656,0.0429069809615612
,,,,,,,,,407,0.08556246757507324,0.9908237457275391,0.02680443786084652
,,,,,,,,,408,0.08550715446472168,0.9815006256103516,0.047216713428497314
,,,,,,,,,409,0.08729052543640137,0.9870719909667969,0.034343112260103226
,,,,,,,,,410,0.08764338493347168,0.9836559295654297,0.04430883005261421
,,,,,,,,,411,0.08809113502502441,0.9830589294433594,0.04200286790728569
,,,,,,,,,412,0.08554196357727051,0.9876480102539062,0.03362517058849335
,,,,,,,,,413,0.08551144599914551,0.9866313934326172,0.03355080261826515
,,,,,,,,,414,0.0855863094329834,0.9873428344726562,0.033633749932050705
,,,,,,,,,415,0.08781743049621582,0.9913005828857422,0.02516382932662964
,,,,,,,,,416,0.08809733390808105,0.9929866790771484,0.02055439166724682
,,,,,,,,,417,0.08553814888000488,0.9861049652099609,0.03589552268385887
,,,,,,,,,418,0.08595061302185059,0.9902267456054688,0.02720920741558075
,,,,,,,,,419,0.08560419082641602,0.9795303344726562,0.05126858875155449
,,,,,,,,,420,0.08581686019897461,0.9935035705566406,0.01942618004977703
,,,,,,,,,421,0.0876612663269043,0.9908199310302734,0.027007276192307472
,,,,,,,,,422,0.08569598197937012,0.9859561920166016,0.03603391349315643
,,,,,,,,,423,0.08770632743835449,0.993408203125,0.0215164665132761
,,,,,,,,,424,0.0856468677520752,0.982696533203125,0.046898070722818375
,,,,,,,,,425,0.08559775352478027,0.9902839660644531,0.027067288756370544
,,,,,,,,,426,0.08566665649414062,0.9868583679199219,0.03594144806265831
,,,,,,,,,427,0.08782601356506348,0.98822021484375,0.031748216599226
,,,,,,,,,428,0.08550405502319336,0.9871902465820312,0.03565322607755661
,,,,,,,,,429,0.08553504943847656,0.9854183197021484,0.036709822714328766
,,,,,,,,,430,0.08699750900268555,0.9892940521240234,0.028530392795801163
,,,,,,,,,431,0.08779001235961914,0.9808349609375,0.0498780757188797
,,,,,,,,,432,0.08615779876708984,0.9803981781005859,0.050816610455513
,,,,,,,,,433,0.08569598197937012,0.9848556518554688,0.039992015808820724
,,,,,,,,,434,0.08541369438171387,0.9845809936523438,0.04103391245007515
,,,,,,,,,435,0.08573484420776367,0.9890537261962891,0.03121277317404747
,,,,,,,,,436,0.08563065528869629,0.9914894104003906,0.025038693100214005
,,,,,,,,,437,0.0887460708618164,0.9889450073242188,0.03263050690293312
,,,,,,,,,438,0.0855250358581543,0.9906291961669922,0.02675887569785118
,,,,,,,,,439,0.08632087707519531,0.9916248321533203,0.02445434406399727
,,,,,,,,,440,0.08564281463623047,0.9894161224365234,0.029702618718147278
,,,,,,,,,441,0.08801984786987305,0.9860324859619141,0.03734366595745087
,,,,,,,,,442,0.08552026748657227,0.9856586456298828,0.0390019565820694
,,,,,,,,,443,0.08586597442626953,0.9902381896972656,0.026730410754680634
,,,,,,,,,444,0.08709430694580078,0.98760986328125,0.03204486146569252
,,,,,,,,,445,0.08556246757507324,0.9861507415771484,0.03493573144078255
,,,,,,,,,446,0.08618521690368652,0.9887905120849609,0.029905492439866066
,,,,,,,,,447,0.08782076835632324,0.9898796081542969,0.029383180662989616
,,,,,,,,,448,0.08548355102539062,0.9775867462158203,0.05506991967558861
,,,,,,,,,449,0.08594536781311035,0.9863719940185547,0.036122165620326996
,,,,,,,,,450,0.0855247974395752,0.9893550872802734,0.029185684397816658
,,,,,,,,,451,0.0906984806060791,0.9849929809570312,0.04063226282596588
,,,,,,,,,452,0.08583521842956543,0.9871196746826172,0.03510856255888939
,,,,,,,,,453,0.08722591400146484,0.9804458618164062,0.0458315946161747
,,,,,,,,,454,0.08601498603820801,0.9867839813232422,0.03452837094664574
,,,,,,,,,455,0.08564329147338867,0.9894142150878906,0.030138874426484108
,,,,,,,,,456,0.08550262451171875,0.9861183166503906,0.035093095153570175
,,,,,,,,,457,0.08556365966796875,0.9850387573242188,0.04097776114940643
,,,,,,,,,458,0.0860595703125,0.9841194152832031,0.04000590741634369
,,,,,,,,,459,0.08834433555603027,0.9856300354003906,0.0411873534321785
,,,,,,,,,460,0.08722686767578125,0.9927482604980469,0.021708715707063675
,,,,,,,,,461,0.09655237197875977,0.9803295135498047,0.04910872504115105
,,,,,,,,,462,0.0963127613067627,0.9866218566894531,0.03325521573424339
,,,,,,,,,463,0.09679269790649414,0.9873828887939453,0.0352277047932148
,,,,,,,,,464,0.08559942245483398,0.9874820709228516,0.032363761216402054
,,,,,,,,,465,0.08574676513671875,0.9832324981689453,0.04887397214770317
,,,,,,,,,466,0.08800935745239258,0.9849262237548828,0.03912704437971115
,,,,,,,,,467,0.085693359375,0.9850482940673828,0.03804893046617508
,,,,,,,,,468,0.08564186096191406,0.9903125762939453,0.026314327493309975
,,,,,,,,,469,0.08721017837524414,0.9868965148925781,0.03419254720211029
,,,,,,,,,470,0.08566737174987793,0.9872875213623047,0.035122621804475784
,,,,,,,,,471,0.08999824523925781,0.9858570098876953,0.0420764721930027
,,,,,,,,,472,0.08548426628112793,0.9782886505126953,0.05521366000175476
,,,,,,,,,473,0.08556199073791504,0.9864177703857422,0.034949541091918945
,,,,,,,,,474,0.08568525314331055,0.9888401031494141,0.03091520443558693
,,,,,,,,,475,0.08553838729858398,0.983856201171875,0.041396114975214005
,,,,,,,,,476,0.08870863914489746,0.9845981597900391,0.03892051428556442
,,,,,,,,,477,0.08559012413024902,0.9862537384033203,0.036184173077344894
,,,,,,,,,478,0.08599352836608887,0.989288330078125,0.030498553067445755
,,,,,,,,,479,0.08562517166137695,0.9805011749267578,0.04973558336496353
,,,,,,,,,480,0.08566451072692871,0.9873313903808594,0.03519665449857712
,,,,,,,,,481,0.09040951728820801,0.9889144897460938,0.029170773923397064
,,,,,,,,,482,0.08697319030761719,0.9872455596923828,0.032958995550870895
,,,,,,,,,483,0.0882120132446289,0.9919052124023438,0.024631919339299202
,,,,,,,,,484,0.08562850952148438,0.9892234802246094,0.030485035851597786
,,,,,,,,,485,0.08645892143249512,0.9914703369140625,0.024037504568696022
,,,,,,,,,486,0.08785009384155273,0.9932384490966797,0.021000653505325317
,,,,,,,,,487,0.08567643165588379,0.9941482543945312,0.017066024243831635
,,,,,,,,,488,0.08572506904602051,0.9910106658935547,0.02429969049990177
,,,,,,,,,489,0.08551597595214844,0.9809169769287109,0.05605337396264076
,,,,,,,,,490,0.08861684799194336,0.9876136779785156,0.03642777353525162
,,,,,,,,,491,0.09059906005859375,0.9769439697265625,0.06049228832125664
,,,,,,,,,492,0.08600854873657227,0.9851703643798828,0.037842072546482086
,,,,,,,,,493,0.0854651927947998,0.9885730743408203,0.029677212238311768
,,,,,,,,,494,0.08571839332580566,0.9858531951904297,0.03789910301566124
,,,,,,,,,495,0.08557581901550293,0.9869804382324219,0.03476112708449364
,,,,,,,,,496,0.0854940414428711,0.9829177856445312,0.04468439891934395
,,,,,,,,,497,0.0883026123046875,0.9908370971679688,0.0281186755746603
,,,,,,,,,498,0.08589434623718262,0.9863929748535156,0.035088229924440384
,,,,,,,,,499,0.08614468574523926,0.977996826171875,0.05518285930156708
0.5223188014316402,41674,7841,0.35347191392682736,0.9876646703603317,0.7754067369385884,0.3937886391737581,3937494,27071,500,0.08568477630615234,0.9853916168212891,0.03744100034236908
,,,,,,,,,501,0.09406590461730957,0.9874897003173828,0.03330380097031593
,,,,,,,,,502,0.08574891090393066,0.9901676177978516,0.02852032333612442
,,,,,,,,,503,0.08824729919433594,0.9893207550048828,0.029364928603172302
,,,,,,,,,504,0.08577251434326172,0.9812583923339844,0.048535507172346115
,,,,,,,,,505,0.08851981163024902,0.9851894378662109,0.03909856826066971
,,,,,,,,,506,0.08609199523925781,0.993072509765625,0.022443920373916626
,,,,,,,,,507,0.08578157424926758,0.9882011413574219,0.02949882484972477
,,,,,,,,,508,0.08577394485473633,0.9831199645996094,0.042448222637176514
,,,,,,,,,509,0.08561587333679199,0.9903068542480469,0.02618248388171196
,,,,,,,,,510,0.09144139289855957,0.9909896850585938,0.02767035737633705
,,,,,,,,,511,0.09075140953063965,0.9837722778320312,0.041143372654914856
,,,,,,,,,512,0.08609127998352051,0.9879055023193359,0.03407417610287666
,,,,,,,,,513,0.0857698917388916,0.9846057891845703,0.038436949253082275
,,,,,,,,,514,0.08559608459472656,0.9868602752685547,0.03554887697100639
,,,,,,,,,515,0.08779287338256836,0.9886531829833984,0.03221806883811951
,,,,,,,,,516,0.08587932586669922,0.9889678955078125,0.03018033504486084
,,,,,,,,,517,0.0875558853149414,0.9863052368164062,0.037734322249889374
,,,,,,,,,518,0.0857245922088623,0.9830799102783203,0.048412028700113297
,,,,,,,,,519,0.08608627319335938,0.9884967803955078,0.030339740216732025
,,,,,,,,,520,0.08811736106872559,0.9881744384765625,0.032256968319416046
,,,,,,,,,521,0.09047913551330566,0.9840850830078125,0.041466496884822845
,,,,,,,,,522,0.08550715446472168,0.9845943450927734,0.03814951702952385
,,,,,,,,,523,0.08591628074645996,0.9853324890136719,0.037490032613277435
,,,,,,,,,524,0.08701038360595703,0.9888591766357422,0.030486242845654488
,,,,,,,,,525,0.08573746681213379,0.9862251281738281,0.03600949048995972
,,,,,,,,,526,0.08723211288452148,0.9876823425292969,0.03348208963871002
,,,,,,,,,527,0.08584809303283691,0.9902687072753906,0.02763478457927704
,,,,,,,,,528,0.08550691604614258,0.9864768981933594,0.034645576030015945
,,,,,,,,,529,0.0855705738067627,0.9909934997558594,0.02365819551050663
,,,,,,,,,530,0.08573651313781738,0.9904632568359375,0.025798223912715912
,,,,,,,,,531,0.09034132957458496,0.9905300140380859,0.02725955657660961
,,,,,,,,,532,0.08569884300231934,0.992523193359375,0.024440685287117958
,,,,,,,,,533,0.08758711814880371,0.9872894287109375,0.0324140340089798
,,,,,,,,,534,0.08554220199584961,0.9825439453125,0.045467082411050797
,,,,,,,,,535,0.08562421798706055,0.9863929748535156,0.0369710735976696
,,,,,,,,,536,0.08594679832458496,0.9910755157470703,0.025695353746414185
,,,,,,,,,537,0.08809304237365723,0.9910182952880859,0.024630889296531677
,,,,,,,,,538,0.08667564392089844,0.9836864471435547,0.04273568466305733
,,,,,,,,,539,0.08580398559570312,0.9754772186279297,0.06248452886939049
,,,,,,,,,540,0.08757948875427246,0.9881229400634766,0.03157797455787659
,,,,,,,,,541,0.09063482284545898,0.9843101501464844,0.03941704332828522
,,,,,,,,,542,0.08575868606567383,0.9906749725341797,0.026100171729922295
,,,,,,,,,543,0.08559751510620117,0.9862289428710938,0.036148764193058014
,,,,,,,,,544,0.08570146560668945,0.9892063140869141,0.027926834300160408
,,,,,,,,,545,0.08589863777160645,0.9871997833251953,0.03416180983185768
,,,,,,,,,546,0.08585143089294434,0.9874553680419922,0.032937999814748764
,,,,,,,,,547,0.09037566184997559,0.9819507598876953,0.04742979630827904
,,,,,,,,,548,0.08564424514770508,0.9893054962158203,0.029510358348488808
,,,,,,,,,549,0.08553719520568848,0.9875278472900391,0.0333886444568634
,,,,,,,,,550,0.0859074592590332,0.990631103515625,0.0271049402654171
,,,,,,,,,551,0.0886988639831543,0.9851284027099609,0.04064193740487099
,,,,,,,,,552,0.08559298515319824,0.9872035980224609,0.038474190980196
,,,,,,,,,553,0.08580994606018066,0.9891204833984375,0.030036231502890587
,,,,,,,,,554,0.08826804161071777,0.9851703643798828,0.03750739246606827
,,,,,,,,,555,0.0855872631072998,0.9883251190185547,0.0325385145843029
,,,,,,,,,556,0.08611512184143066,0.9881134033203125,0.03204186633229256
,,,,,,,,,557,0.08553338050842285,0.9938507080078125,0.019453026354312897
,,,,,,,,,558,0.08569693565368652,0.9870052337646484,0.03656206652522087
,,,,,,,,,559,0.08582472801208496,0.9849853515625,0.03919299319386482
,,,,,,,,,560,0.0857388973236084,0.9937000274658203,0.01966782473027706
,,,,,,,,,561,0.09201335906982422,0.9900989532470703,0.02661132626235485
,,,,,,,,,562,0.08594012260437012,0.9895229339599609,0.028534511104226112
,,,,,,,,,563,0.0865325927734375,0.9894065856933594,0.0284490417689085
,,,,,,,,,564,0.08835792541503906,0.9907646179199219,0.026622848585247993
,,,,,,,,,565,0.08565425872802734,0.9905014038085938,0.025654051452875137
,,,,,,,,,566,0.08571791648864746,0.9772911071777344,0.05790790542960167
,,,,,,,,,567,0.08589863777160645,0.9813823699951172,0.04459497705101967
,,,,,,,,,568,0.088165283203125,0.9794368743896484,0.05077990144491196
,,,,,,,,,569,0.08792662620544434,0.9856014251708984,0.03738369047641754
,,,,,,,,,570,0.08590960502624512,0.9869251251220703,0.033018533140420914
,,,,,,,,,571,0.09055304527282715,0.9871902465820312,0.031407762318849564
,,,,,,,,,572,0.08667397499084473,0.9835319519042969,0.03953533247113228
,,,,,,,,,573,0.0857079029083252,0.9866943359375,0.03454245999455452
,,,,,,,,,574,0.08870124816894531,0.9861640930175781,0.0342102125287056
,,,,,,,,,575,0.08736252784729004,0.9784297943115234,0.05408080667257309
,,,,,,,,,576,0.08577275276184082,0.9871349334716797,0.03339039534330368
,,,,,,,,,577,0.08588051795959473,0.9880161285400391,0.029520925134420395
,,,,,,,,,578,0.08579826354980469,0.9881515502929688,0.029688682407140732
,,,,,,,,,579,0.08805131912231445,0.9840049743652344,0.042963143438100815
,,,,,,,,,580,0.0855410099029541,0.9874210357666016,0.03311296924948692
,,,,,,,,,581,0.09045267105102539,0.9899272918701172,0.027659593150019646
,,,,,,,,,582,0.08806777000427246,0.9910717010498047,0.02510453760623932
,,,,,,,,,583,0.08565473556518555,0.9800701141357422,0.057308971881866455
,,,,,,,,,584,0.08892536163330078,0.9900341033935547,0.026323148980736732
,,,,,,,,,585,0.08542442321777344,0.9822998046875,0.04265676811337471
,,,,,,,,,586,0.0859832763671875,0.9864044189453125,0.03471923619508743
,,,,,,,,,587,0.08576750755310059,0.9896640777587891,0.031599611043930054
,,,,,,,,,588,0.08562302589416504,0.9873809814453125,0.033386342227458954
,,,,,,,,,589,0.08651852607727051,0.9835300445556641,0.04022885486483574
,,,,,,,,,590,0.08571147918701172,0.9829807281494141,0.04348267614841461
,,,,,,,,,591,0.09278345108032227,0.9838542938232422,0.04127003252506256
,,,,,,,,,592,0.08617734909057617,0.9896411895751953,0.029779929667711258
,,,,,,,,,593,0.0857236385345459,0.9864959716796875,0.03462090343236923
,,,,,,,,,594,0.08558034896850586,0.9808673858642578,0.04655544459819794
,,,,,,,,,595,0.08567476272583008,0.9915904998779297,0.024573110044002533
,,,,,,,,,596,0.08838105201721191,0.9825267791748047,0.04343216493725777
,,,,,,,,,597,0.08559727668762207,0.9912128448486328,0.024931225925683975
,,,,,,,,,598,0.08653950691223145,0.9853248596191406,0.03742209076881409
,,,,,,,,,599,0.08565258979797363,0.9877758026123047,0.03291448950767517
,,,,,,,,,600,0.0859529972076416,0.9867572784423828,0.033541202545166016
,,,,,,,,,601,0.08827924728393555,0.9868907928466797,0.03289350867271423
,,,,,,,,,602,0.0860905647277832,0.9932079315185547,0.017845991998910904
,,,,,,,,,603,0.0862874984741211,0.989776611328125,0.026659462600946426
,,,,,,,,,604,0.08591103553771973,0.9879322052001953,0.03137940913438797
,,,,,,,,,605,0.08809423446655273,0.9886112213134766,0.028677061200141907
,,,,,,,,,606,0.08780431747436523,0.9876289367675781,0.03186161443591118
,,,,,,,,,607,0.08597803115844727,0.9907474517822266,0.025093041360378265
,,,,,,,,,608,0.08568620681762695,0.9815235137939453,0.04661624878644943
,,,,,,,,,609,0.08585166931152344,0.9869537353515625,0.03280874714255333
,,,,,,,,,610,0.08643627166748047,0.9885540008544922,0.030043339356780052
,,,,,,,,,611,0.09035348892211914,0.9919700622558594,0.022044749930500984
,,,,,,,,,612,0.08751296997070312,0.9858226776123047,0.03730270639061928
,,,,,,,,,613,0.08604621887207031,0.9910602569580078,0.023432908579707146
,,,,,,,,,614,0.08574724197387695,0.9876728057861328,0.033400677144527435
,,,,,,,,,615,0.0856924057006836,0.9914207458496094,0.02381376549601555
,,,,,,,,,616,0.08788442611694336,0.9880428314208984,0.031145378947257996
,,,,,,,,,617,0.08563017845153809,0.9832706451416016,0.04831394553184509
,,,,,,,,,618,0.08598113059997559,0.9862461090087891,0.03557563200592995
,,,,,,,,,619,0.08809852600097656,0.98724365234375,0.034432824701070786
,,,,,,,,,620,0.08597779273986816,0.9844226837158203,0.040153395384550095
,,,,,,,,,621,0.09017062187194824,0.9857349395751953,0.03788463771343231
,,,,,,,,,622,0.08565330505371094,0.9874019622802734,0.033491700887680054
,,,,,,,,,623,0.08578801155090332,0.9873237609863281,0.03544268384575844
,,,,,,,,,624,0.08581733703613281,0.9862957000732422,0.036659784615039825
,,,,,,,,,625,0.08575773239135742,0.9890193939208984,0.029068632051348686
,,,,,,,,,626,0.08813619613647461,0.9855289459228516,0.03749721124768257
,,,,,,,,,627,0.0862586498260498,0.9899101257324219,0.027371970936655998
,,,,,,,,,628,0.08860373497009277,0.9868278503417969,0.03338751569390297
,,,,,,,,,629,0.08590412139892578,0.9892387390136719,0.02940487116575241
,,,,,,,,,630,0.0857546329498291,0.9860363006591797,0.03697769343852997
,,,,,,,,,631,0.09094357490539551,0.9932689666748047,0.02230711653828621
,,,,,,,,,632,0.08589673042297363,0.9809017181396484,0.05117236450314522
,,,,,,,,,633,0.08835911750793457,0.9929523468017578,0.019672099500894547
,,,,,,,,,634,0.08552837371826172,0.9818038940429688,0.04296763986349106
,,,,,,,,,635,0.08639740943908691,0.9794731140136719,0.0527363196015358
,,,,,,,,,636,0.08565592765808105,0.9849452972412109,0.039000481367111206
,,,,,,,,,637,0.0858774185180664,0.9908676147460938,0.02588806301355362
,,,,,,,,,638,0.08852982521057129,0.9857940673828125,0.0356026366353035
,,,,,,,,,639,0.08600664138793945,0.9868297576904297,0.034983277320861816
,,,,,,,,,640,0.08867549896240234,0.9915046691894531,0.023520242422819138
,,,,,,,,,641,0.09099268913269043,0.9822864532470703,0.044418271631002426
,,,,,,,,,642,0.08694028854370117,0.9886474609375,0.032131876796483994
,,,,,,,,,643,0.08574867248535156,0.9843997955322266,0.0402362085878849
,,,,,,,,,644,0.08573007583618164,0.9848537445068359,0.038192931562662125
,,,,,,,,,645,0.08631682395935059,0.9898834228515625,0.028913510963320732
,,,,,,,,,646,0.0859689712524414,0.9852447509765625,0.03947741165757179
,,,,,,,,,647,0.08649110794067383,0.9835891723632812,0.03980248421430588
,,,,,,,,,648,0.08570122718811035,0.9887371063232422,0.029606128111481667
,,,,,,,,,649,0.08729004859924316,0.9898700714111328,0.02778581902384758
,,,,,,,,,650,0.08604907989501953,0.9856319427490234,0.03649359196424484
,,,,,,,,,651,0.09081697463989258,0.9896621704101562,0.027419857680797577
,,,,,,,,,652,0.08589410781860352,0.9872474670410156,0.0337100513279438
,,,,,,,,,653,0.0863335132598877,0.993255615234375,0.019774729385972023
,,,,,,,,,654,0.08654379844665527,0.9901828765869141,0.025854740291833878
,,,,,,,,,655,0.08817410469055176,0.987396240234375,0.03531338647007942
,,,,,,,,,656,0.08750748634338379,0.9821376800537109,0.049362875521183014
,,,,,,,,,657,0.08585453033447266,0.990936279296875,0.0238503385335207
,,,,,,,,,658,0.0858619213104248,0.9877052307128906,0.03135472536087036
,,,,,,,,,659,0.08587408065795898,0.9901084899902344,0.026931021362543106
,,,,,,,,,660,0.08808732032775879,0.9901752471923828,0.025317862629890442
,,,,,,,,,661,0.09072232246398926,0.9846096038818359,0.03901851177215576
,,,,,,,,,662,0.08591556549072266,0.9925537109375,0.02089400589466095
,,,,,,,,,663,0.08769583702087402,0.9845161437988281,0.03993181511759758
,,,,,,,,,664,0.08571934700012207,0.9875850677490234,0.03266322240233421
,,,,,,,,,665,0.08845853805541992,0.9877452850341797,0.032462745904922485
,,,,,,,,,666,0.08591437339782715,0.985931396484375,0.03913189470767975
,,,,,,,,,667,0.0861043930053711,0.9910984039306641,0.0248562078922987
,,,,,,,,,668,0.08586907386779785,0.9875221252441406,0.03217272087931633
,,,,,,,,,669,0.08591747283935547,0.9853134155273438,0.03647655248641968
,,,,,,,,,670,0.0895545482635498,0.9806976318359375,0.047818873077631
,,,,,,,,,671,0.09080982208251953,0.9884376525878906,0.0317317396402359
,,,,,,,,,672,0.08592391014099121,0.9862270355224609,0.03698347508907318
,,,,,,,,,673,0.08587384223937988,0.9909934997558594,0.026843825355172157
,,,,,,,,,674,0.08602118492126465,0.979736328125,0.050090041011571884
,,,,,,,,,675,0.08591318130493164,0.9908733367919922,0.02492995746433735
,,,,,,,,,676,0.08635282516479492,0.9914264678955078,0.023924658074975014
,,,,,,,,,677,0.0882718563079834,0.9846477508544922,0.039764404296875
,,,,,,,,,678,0.08599257469177246,0.9895973205566406,0.028253961354494095
,,,,,,,,,679,0.08698701858520508,0.9905910491943359,0.02603043057024479
,,,,,,,,,680,0.08612537384033203,0.9839591979980469,0.039150260388851166
,,,,,,,,,681,0.09065937995910645,0.9881420135498047,0.030527377501130104
,,,,,,,,,682,0.08583593368530273,0.9841499328613281,0.04142988473176956
,,,,,,,,,683,0.08599162101745605,0.9825458526611328,0.04466606676578522
,,,,,,,,,684,0.0873715877532959,0.9876823425292969,0.03135904297232628
,,,,,,,,,685,0.08573150634765625,0.9867362976074219,0.0326140895485878
,,,,,,,,,686,0.08673763275146484,0.9863681793212891,0.031832899898290634
,,,,,,,,,687,0.0880584716796875,0.9889469146728516,0.03096659667789936
,,,,,,,,,688,0.08571219444274902,0.9875736236572266,0.032832153141498566
,,,,,,,,,689,0.08597302436828613,0.9885711669921875,0.03304728865623474
,,,,,,,,,690,0.08608174324035645,0.9774608612060547,0.05907320976257324
,,,,,,,,,691,0.09068751335144043,0.9883937835693359,0.03109731897711754
,,,,,,,,,692,0.0858612060546875,0.9897499084472656,0.03040805459022522
,,,,,,,,,693,0.08669590950012207,0.9838447570800781,0.03928840905427933
,,,,,,,,,694,0.08580470085144043,0.9829998016357422,0.0408829040825367
,,,,,,,,,695,0.08584833145141602,0.9863777160644531,0.03570789098739624
,,,,,,,,,696,0.08591485023498535,0.9915962219238281,0.023450208827853203
,,,,,,,,,697,0.08792233467102051,0.9832706451416016,0.04470948502421379
,,,,,,,,,698,0.08688807487487793,0.9878864288330078,0.03000476397573948
,,,,,,,,,699,0.08636856079101562,0.9871997833251953,0.03179566562175751
,,,,,,,,,700,0.08779287338256836,0.9859428405761719,0.035512104630470276
,,,,,,,,,701,0.09061455726623535,0.9917221069335938,0.022319694980978966
,,,,,,,,,702,0.08622097969055176,0.9953403472900391,0.014648965559899807
,,,,,,,,,703,0.09438776969909668,0.9865036010742188,0.03435041010379791
,,,,,,,,,704,0.09651851654052734,0.9925079345703125,0.02089424803853035
,,,,,,,,,705,0.09698987007141113,0.9915103912353516,0.021544456481933594
,,,,,,,,,706,0.08574342727661133,0.9797115325927734,0.05051378533244133
,,,,,,,,,707,0.0860438346862793,0.9871978759765625,0.03653141111135483
,,,,,,,,,708,0.08596920967102051,0.9891548156738281,0.028462043032050133
,,,,,,,,,709,0.08767271041870117,0.9865951538085938,0.03398633748292923
,,,,,,,,,710,0.08590531349182129,0.9902744293212891,0.026798194274306297
,,,,,,,,,711,0.09114956855773926,0.9920158386230469,0.022416703402996063
,,,,,,,,,712,0.08609604835510254,0.9831409454345703,0.04373977333307266
,,,,,,,,,713,0.08592867851257324,0.9784297943115234,0.05500859022140503
,,,,,,,,,714,0.08571839332580566,0.9906330108642578,0.025324387475848198
,,,,,,,,,715,0.08705496788024902,0.9928836822509766,0.02179383859038353
,,,,,,,,,716,0.08961343765258789,0.9834995269775391,0.04434645548462868
,,,,,,,,,717,0.08573603630065918,0.9899692535400391,0.028845489025115967
,,,,,,,,,718,0.08684635162353516,0.9885883331298828,0.03235175460577011
,,,,,,,,,719,0.08618736267089844,0.9868679046630859,0.03321120887994766
,,,,,,,,,720,0.0859217643737793,0.9802360534667969,0.04908299446105957
,,,,,,,,,721,0.08829665184020996,0.9880523681640625,0.030329231172800064
,,,,,,,,,722,0.09152007102966309,0.9869880676269531,0.03354166820645332
,,,,,,,,,723,0.08586812019348145,0.9913444519042969,0.024695204570889473
,,,,,,,,,724,0.08585071563720703,0.9898681640625,0.026740266010165215
,,,,,,,,,725,0.08815860748291016,0.9917354583740234,0.024278027936816216
,,,,,,,,,726,0.08574700355529785,0.9770393371582031,0.06129998341202736
,,,,,,,,,727,0.08583784103393555,0.9839839935302734,0.0346381738781929
,,,,,,,,,728,0.08641242980957031,0.9926605224609375,0.023337889462709427
,,,,,,,,,729,0.08577990531921387,0.9759140014648438,0.056645773351192474
,,,,,,,,,730,0.08616948127746582,0.9859066009521484,0.03548823669552803
,,,,,,,,,731,0.09058833122253418,0.9893798828125,0.02829766646027565
,,,,,,,,,732,0.08858394622802734,0.9879417419433594,0.030991027131676674
,,,,,,,,,733,0.08576202392578125,0.9871749877929688,0.03272699937224388
,,,,,,,,,734,0.08610963821411133,0.9822731018066406,0.04534006863832474
,,,,,,,,,735,0.08605003356933594,0.989227294921875,0.030057476833462715
,,,,,,,,,736,0.08584356307983398,0.989349365234375,0.02905488945543766
,,,,,,,,,737,0.0859220027923584,0.9831027984619141,0.04045715555548668
,,,,,,,,,738,0.08838677406311035,0.9861125946044922,0.04037196934223175
,,,,,,,,,739,0.0890357494354248,0.9884796142578125,0.03105286695063114
,,,,,,,,,740,0.08598041534423828,0.9849109649658203,0.03913888335227966
,,,,,,,,,741,0.09157943725585938,0.9926261901855469,0.021221701055765152
,,,,,,,,,742,0.08606314659118652,0.9944076538085938,0.01652742736041546
,,,,,,,,,743,0.08649086952209473,0.9885482788085938,0.03299529477953911
,,,,,,,,,744,0.08589410781860352,0.9855060577392578,0.037975914776325226
,,,,,,,,,745,0.08597421646118164,0.9913997650146484,0.024618947878479958
,,,,,,,,,746,0.08677506446838379,0.9857807159423828,0.03988959267735481
,,,,,,,,,747,0.08591079711914062,0.9884548187255859,0.029092881828546524
,,,,,,,,,748,0.08912301063537598,0.9917850494384766,0.023112384602427483
,,,,,,,,,749,0.08620977401733398,0.9893646240234375,0.029095806181430817
,,,,,,,,,750,0.08583259582519531,0.9899044036865234,0.028630930930376053
,,,,,,,,,751,0.08832311630249023,0.9853687286376953,0.03817862272262573
,,,,,,,,,752,0.08604168891906738,0.9915275573730469,0.025745928287506104
,,,,,,,,,753,0.08623313903808594,0.9862880706787109,0.03681432455778122
,,,,,,,,,754,0.08595609664916992,0.9943141937255859,0.016880398616194725
,,,,,,,,,755,0.08895182609558105,0.9908103942871094,0.02591460943222046
,,,,,,,,,756,0.08593940734863281,0.9799957275390625,0.06046983599662781
,,,,,,,,,757,0.08603453636169434,0.9868488311767578,0.03685082867741585
,,,,,,,,,758,0.0859978199005127,0.989227294921875,0.0274636410176754
,,,,,,,,,759,0.08629918098449707,0.9876117706298828,0.03294831141829491
,,,,,,,,,760,0.08987164497375488,0.9869728088378906,0.034763187170028687
,,,,,,,,,761,0.09076070785522461,0.9835052490234375,0.042101047933101654
,,,,,,,,,762,0.08829808235168457,0.9887523651123047,0.02857179008424282
,,,,,,,,,763,0.08578801155090332,0.9874076843261719,0.03256216645240784
,,,,,,,,,764,0.0859534740447998,0.9908638000488281,0.02683888003230095
,,,,,,,,,765,0.08833765983581543,0.9924869537353516,0.02378293313086033
,,,,,,,,,766,0.08587646484375,0.9913196563720703,0.02563471347093582
,,,,,,,,,767,0.08653807640075684,0.9909553527832031,0.025476226583123207
,,,,,,,,,768,0.08594632148742676,0.976715087890625,0.06416923552751541
,,,,,,,,,769,0.08764934539794922,0.9879436492919922,0.037502363324165344
,,,,,,,,,770,0.08784365653991699,0.9905624389648438,0.025824904441833496
,,,,,,,,,771,0.09087991714477539,0.986236572265625,0.03868580237030983
,,,,,,,,,772,0.08595156669616699,0.9841575622558594,0.04003409668803215
,,,,,,,,,773,0.0859076976776123,0.9886245727539062,0.02986696921288967
,,,,,,,,,774,0.0858449935913086,0.9888648986816406,0.028084997087717056
,,,,,,,,,775,0.0859212875366211,0.9862136840820312,0.03740815445780754
,,,,,,,,,776,0.08857226371765137,0.9865341186523438,0.032728251069784164
,,,,,,,,,777,0.0880744457244873,0.9867134094238281,0.03459680452942848
,,,,,,,,,778,0.08778572082519531,0.9934940338134766,0.018432313576340675
,,,,,,,,,779,0.08587121963500977,0.9918918609619141,0.021695440635085106
,,,,,,,,,780,0.0863494873046875,0.9793529510498047,0.04727823659777641
,,,,,,,,,781,0.0906212329864502,0.9872245788574219,0.03531353175640106
,,,,,,,,,782,0.0859384536743164,0.9909248352050781,0.023686319589614868
,,,,,,,,,783,0.08775901794433594,0.9931526184082031,0.018988963216543198
,,,,,,,,,784,0.0858614444732666,0.9915599822998047,0.023053910583257675
,,,,,,,,,785,0.087371826171875,0.9892063140869141,0.03157801926136017
,,,,,,,,,786,0.08563017845153809,0.9851474761962891,0.039441391825675964
,,,,,,,,,787,0.08845949172973633,0.9886436462402344,0.02917165867984295
,,,,,,,,,788,0.08603215217590332,0.9883537292480469,0.03164840117096901
,,,,,,,,,789,0.08580350875854492,0.9871158599853516,0.0334363654255867
,,,,,,,,,790,0.08673763275146484,0.9836311340332031,0.04178708419203758
,,,,,,,,,791,0.09078669548034668,0.9890651702880859,0.02840464934706688
,,,,,,,,,792,0.08800005912780762,0.9855403900146484,0.03710610046982765
,,,,,,,,,793,0.08593273162841797,0.9821796417236328,0.044508304446935654
,,,,,,,,,794,0.08604001998901367,0.9921627044677734,0.02174912765622139
,,,,,,,,,795,0.08612275123596191,0.9809360504150391,0.0498746782541275
,,,,,,,,,796,0.08595728874206543,0.9885101318359375,0.03007686138153076
,,,,,,,,,797,0.08649849891662598,0.9872322082519531,0.03194662556052208
,,,,,,,,,798,0.08610677719116211,0.9795875549316406,0.04880620166659355
,,,,,,,,,799,0.08829545974731445,0.9858074188232422,0.03528004512190819
,,,,,,,,,800,0.08583736419677734,0.9844417572021484,0.042600251734256744
,,,,,,,,,801,0.0907590389251709,0.9889736175537109,0.029449494555592537
,,,,,,,,,802,0.0860745906829834,0.9848461151123047,0.0423349030315876
,,,,,,,,,803,0.08594799041748047,0.985260009765625,0.03531039506196976
,,,,,,,,,804,0.08825421333312988,0.9931564331054688,0.018168974667787552
,,,,,,,,,805,0.08607244491577148,0.9844932556152344,0.04127933084964752
,,,,,,,,,806,0.08773636817932129,0.9814739227294922,0.04426302760839462
,,,,,,,,,807,0.08591485023498535,0.9852218627929688,0.03837815672159195
,,,,,,,,,808,0.08705306053161621,0.9882011413574219,0.03338707983493805
,,,,,,,,,809,0.08802008628845215,0.9895420074462891,0.030455229803919792
,,,,,,,,,810,0.08595418930053711,0.9918575286865234,0.02465546689927578
,,,,,,,,,811,0.09088873863220215,0.9841194152832031,0.04337533563375473
,,,,,,,,,812,0.08611416816711426,0.989776611328125,0.027355873957276344
,,,,,,,,,813,0.08786845207214355,0.9870529174804688,0.034903865307569504
,,,,,,,,,814,0.0880730152130127,0.9913349151611328,0.022453980520367622
,,,,,,,,,815,0.08638381958007812,0.9905319213867188,0.02595662884414196
,,,,,,,,,816,0.08585810661315918,0.9925041198730469,0.020633097738027573
,,,,,,,,,817,0.08686304092407227,0.9873600006103516,0.03244415298104286
,,,,,,,,,818,0.08628392219543457,0.9849796295166016,0.04016031324863434
,,,,,,,,,819,0.08790874481201172,0.9911670684814453,0.02483079582452774
,,,,,,,,,820,0.08835816383361816,0.9866085052490234,0.03545547276735306
,,,,,,,,,821,0.09094119071960449,0.9892654418945312,0.029371727257966995
,,,,,,,,,822,0.08742094039916992,0.9874534606933594,0.03283609822392464
,,,,,,,,,823,0.08611798286437988,0.983367919921875,0.04203801229596138
,,,,,,,,,824,0.08599114418029785,0.9905567169189453,0.025063516572117805
,,,,,,,,,825,0.08579230308532715,0.9863090515136719,0.0352298729121685
,,,,,,,,,826,0.08817338943481445,0.9869937896728516,0.03273535519838333
,,,,,,,,,827,0.08759236335754395,0.9858970642089844,0.036695126444101334
,,,,,,,,,828,0.08596277236938477,0.9885597229003906,0.031071845442056656
,,,,,,,,,829,0.08726263046264648,0.9907741546630859,0.023440474644303322
,,,,,,,,,830,0.0859675407409668,0.9860630035400391,0.03607601672410965
,,,,,,,,,831,0.09070158004760742,0.9907455444335938,0.026520537212491035
,,,,,,,,,832,0.08594512939453125,0.9925975799560547,0.020046262070536613
,,,,,,,,,833,0.08610200881958008,0.9872684478759766,0.035729750990867615
,,,,,,,,,834,0.08635210990905762,0.9872264862060547,0.03508042171597481
,,,,,,,,,835,0.08590269088745117,0.9890689849853516,0.028859805315732956
,,,,,,,,,836,0.08961749076843262,0.9880352020263672,0.029482444748282433
,,,,,,,,,837,0.08602190017700195,0.9898681640625,0.02443592995405197
,,,,,,,,,838,0.08603358268737793,0.9867687225341797,0.0339776948094368
,,,,,,,,,839,0.0859684944152832,0.9882411956787109,0.030771980062127113
,,,,,,,,,840,0.0862722396850586,0.9872951507568359,0.03070780262351036
,,,,,,,,,841,0.09066009521484375,0.9900760650634766,0.028299346566200256
,,,,,,,,,842,0.08594441413879395,0.992279052734375,0.01953364536166191
,,,,,,,,,843,0.08745384216308594,0.986236572265625,0.03548363968729973
,,,,,,,,,844,0.0857844352722168,0.9892082214355469,0.027963705360889435
,,,,,,,,,845,0.08598017692565918,0.9932632446289062,0.019113995134830475
,,,,,,,,,846,0.08689045906066895,0.9848651885986328,0.037682946771383286
,,,,,,,,,847,0.08583569526672363,0.9878158569335938,0.03216557577252388
,,,,,,,,,848,0.08679747581481934,0.9914951324462891,0.023421945050358772
,,,,,,,,,849,0.08600997924804688,0.9831180572509766,0.04221795126795769
,,,,,,,,,850,0.08777952194213867,0.9900398254394531,0.027461567893624306
,,,,,,,,,851,0.08835887908935547,0.9843654632568359,0.04021138697862625
,,,,,,,,,852,0.08610320091247559,0.9913043975830078,0.023434115573763847
,,,,,,,,,853,0.08603787422180176,0.9917678833007812,0.021968385204672813
,,,,,,,,,854,0.08591008186340332,0.9878501892089844,0.031239308416843414
,,,,,,,,,855,0.0860292911529541,0.9863758087158203,0.03375212103128433
,,,,,,,,,856,0.08699536323547363,0.9916267395019531,0.022096648812294006
,,,,,,,,,857,0.08860063552856445,0.9824008941650391,0.045688729733228683
,,,,,,,,,858,0.08823251724243164,0.99139404296875,0.023089375346899033
,,,,,,,,,859,0.08636951446533203,0.9889106750488281,0.02796187996864319
,,,,,,,,,860,0.08579111099243164,0.9899806976318359,0.02766011841595173
,,,,,,,,,861,0.09113192558288574,0.9905109405517578,0.024876374751329422
,,,,,,,,,862,0.08605170249938965,0.9904136657714844,0.027568500488996506
,,,,,,,,,863,0.08614563941955566,0.9863796234130859,0.03711222484707832
,,,,,,,,,864,0.08755874633789062,0.9868984222412109,0.033350348472595215
,,,,,,,,,865,0.08603930473327637,0.9861297607421875,0.036576904356479645
,,,,,,,,,866,0.08768868446350098,0.9897823333740234,0.026982096955180168
,,,,,,,,,867,0.0858621597290039,0.9866886138916016,0.03383852168917656
,,,,,,,,,868,0.08825087547302246,0.9870719909667969,0.033278509974479675
,,,,,,,,,869,0.08600425720214844,0.9838275909423828,0.03902242332696915
,,,,,,,,,870,0.0859534740447998,0.9887790679931641,0.028628306463360786
,,,,,,,,,871,0.09024238586425781,0.9712314605712891,0.07275538146495819
,,,,,,,,,872,0.0859980583190918,0.9885883331298828,0.029787279665470123
,,,,,,,,,873,0.08798408508300781,0.9884986877441406,0.031033826991915703
,,,,,,,,,874,0.08598637580871582,0.9886837005615234,0.030385449528694153
,,,,,,,,,875,0.08871698379516602,0.9882678985595703,0.031175820156931877
,,,,,,,,,876,0.0859978199005127,0.988433837890625,0.029032506048679352
,,,,,,,,,877,0.08582425117492676,0.9912338256835938,0.02241465076804161
,,,,,,,,,878,0.08574247360229492,0.9876613616943359,0.03268962725996971
,,,,,,,,,879,0.08574628829956055,0.9926624298095703,0.02041216939687729
,,,,,,,,,880,0.09022760391235352,0.9878139495849609,0.034762874245643616
,,,,,,,,,881,0.09068179130554199,0.9868984222412109,0.03665109723806381
,,,,,,,,,882,0.08628606796264648,0.9891395568847656,0.029158854857087135
,,,,,,,,,883,0.08593630790710449,0.9885139465332031,0.030636891722679138
,,,,,,,,,884,0.08603572845458984,0.9870491027832031,0.035193007439374924
,,,,,,,,,885,0.08832097053527832,0.9812641143798828,0.046486109495162964
,,,,,,,,,886,0.08614826202392578,0.9840736389160156,0.040655653923749924
,,,,,,,,,887,0.08866262435913086,0.9890403747558594,0.028860945254564285
,,,,,,,,,888,0.08573746681213379,0.9848899841308594,0.03566153347492218
,,,,,,,,,889,0.08697724342346191,0.9862918853759766,0.03589603304862976
,,,,,,,,,890,0.0881507396697998,0.9877376556396484,0.03287521004676819
,,,,,,,,,891,0.09052395820617676,0.9917144775390625,0.02264361083507538
,,,,,,,,,892,0.08596277236938477,0.9862098693847656,0.03571496531367302
,,,,,,,,,893,0.0859212875366211,0.9909114837646484,0.024284986779093742
,,,,,,,,,894,0.08722829818725586,0.9795989990234375,0.04846243932843208
,,,,,,,,,895,0.08591556549072266,0.9869022369384766,0.036659300327301025
,,,,,,,,,896,0.08760976791381836,0.9928798675537109,0.020419588312506676
,,,,,,,,,897,0.0882723331451416,0.9897022247314453,0.026662254706025124
,,,,,,,,,898,0.08583641052246094,0.9895896911621094,0.028827082365751266
,,,,,,,,,899,0.08598875999450684,0.9882583618164062,0.03134077042341232
,,,,,,,,,900,0.08582043647766113,0.9928474426269531,0.020455382764339447
,,,,,,,,,901,0.09082293510437012,0.9926719665527344,0.019977092742919922
,,,,,,,,,902,0.0860588550567627,0.9773273468017578,0.05725474655628204
,,,,,,,,,903,0.08789372444152832,0.9891929626464844,0.030789410695433617
,,,,,,,,,904,0.08603119850158691,0.9864215850830078,0.03588126227259636
,,,,,,,,,905,0.08583188056945801,0.9873886108398438,0.03062375634908676
,,,,,,,,,906,0.08621048927307129,0.9844245910644531,0.037586867809295654
,,,,,,,,,907,0.08832144737243652,0.9849281311035156,0.0382542610168457
,,,,,,,,,908,0.08585262298583984,0.9861373901367188,0.03351021185517311
,,,,,,,,,909,0.08634185791015625,0.9828529357910156,0.04142676666378975
,,,,,,,,,910,0.08803558349609375,0.9815158843994141,0.0496603362262249
,,,,,,,,,911,0.09075784683227539,0.9902191162109375,0.0261952206492424
,,,,,,,,,912,0.08613228797912598,0.9913520812988281,0.024039113894104958
,,,,,,,,,913,0.08610677719116211,0.9885635375976562,0.029877835884690285
,,,,,,,,,914,0.08628153800964355,0.9850826263427734,0.03731190413236618
,,,,,,,,,915,0.08596396446228027,0.9860439300537109,0.035854220390319824
,,,,,,,,,916,0.08620595932006836,0.9907932281494141,0.024288460612297058
,,,,,,,,,917,0.08779287338256836,0.9878177642822266,0.03123544715344906
,,,,,,,,,918,0.0859522819519043,0.9919357299804688,0.022645052522420883
,,,,,,,,,919,0.08652424812316895,0.9854183197021484,0.03880002349615097
,,,,,,,,,920,0.0858769416809082,0.9932746887207031,0.01861882582306862
,,,,,,,,,921,0.0905904769897461,0.9821624755859375,0.04814252257347107
,,,,,,,,,922,0.0859687328338623,0.9907665252685547,0.023700540885329247
,,,,,,,,,923,0.08625340461730957,0.9931869506835938,0.019481705501675606
,,,,,,,,,924,0.09041857719421387,0.9684562683105469,0.07194292545318604
,,,,,,,,,925,0.08604216575622559,0.9907722473144531,0.025743713602423668
,,,,,,,,,926,0.08683991432189941,0.9858074188232422,0.03974807634949684
,,,,,,,,,927,0.0858762264251709,0.9876613616943359,0.03478407487273216
,,,,,,,,,928,0.0859835147857666,0.9826087951660156,0.042134322226047516
,,,,,,,,,929,0.08848023414611816,0.9896049499511719,0.026819739490747452
,,,,,,,,,930,0.08597826957702637,0.9852218627929688,0.03666380047798157
,,,,,,,,,931,0.09090757369995117,0.9880275726318359,0.029871445149183273
,,,,,,,,,932,0.08596372604370117,0.9902019500732422,0.024274421855807304
,,,,,,,,,933,0.08749818801879883,0.9857883453369141,0.03950707986950874
,,,,,,,,,934,0.08841776847839355,0.9885272979736328,0.030302556231617928
,,,,,,,,,935,0.08617281913757324,0.9834384918212891,0.042499005794525146
,,,,,,,,,936,0.08605194091796875,0.9885921478271484,0.02877025492489338
,,,,,,,,,937,0.0857996940612793,0.9864482879638672,0.03585227206349373
,,,,,,,,,938,0.0867459774017334,0.9886932373046875,0.02745659090578556
,,,,,,,,,939,0.08633947372436523,0.9904327392578125,0.025746384635567665
,,,,,,,,,940,0.08760356903076172,0.9832649230957031,0.04402979090809822
,,,,,,,,,941,0.09056687355041504,0.9895439147949219,0.027419734746217728
,,,,,,,,,942,0.08606982231140137,0.9890956878662109,0.029364192858338356
,,,,,,,,,943,0.08609724044799805,0.9890613555908203,0.02988528646528721
,,,,,,,,,944,0.0859835147857666,0.9845809936523438,0.04129922017455101
,,,,,,,,,945,0.08586001396179199,0.9868297576904297,0.03385200351476669
,,,,,,,,,946,0.08628034591674805,0.9904594421386719,0.028069933876395226
,,,,,,,,,947,0.0889430046081543,0.9910240173339844,0.027978744357824326
,,,,,,,,,948,0.08599996566772461,0.9894542694091797,0.028114859014749527
,,,,,,,,,949,0.08630704879760742,0.9856910705566406,0.035315826535224915
,,,,,,,,,950,0.08593606948852539,0.9811916351318359,0.04470063000917435
,,,,,,,,,951,0.09099888801574707,0.9904232025146484,0.026956476271152496
,,,,,,,,,952,0.08611845970153809,0.9836902618408203,0.04378923773765564
,,,,,,,,,953,0.08599328994750977,0.991668701171875,0.023056145757436752
,,,,,,,,,954,0.08770132064819336,0.9929981231689453,0.020534837618470192
,,,,,,,,,955,0.08609318733215332,0.9828739166259766,0.045477189123630524
,,,,,,,,,956,0.08868598937988281,0.9864597320556641,0.0350952111184597
,,,,,,,,,957,0.08587265014648438,0.9883842468261719,0.030248716473579407
,,,,,,,,,958,0.08608126640319824,0.9840259552001953,0.043595682829618454
,,,,,,,,,959,0.08597993850708008,0.9922752380371094,0.02214796096086502
,,,,,,,,,960,0.08580827713012695,0.9879589080810547,0.03108474798500538
,,,,,,,,,961,0.09171915054321289,0.9850196838378906,0.03750476986169815
,,,,,,,,,962,0.08605074882507324,0.9892330169677734,0.027899591252207756
,,,,,,,,,963,0.08802056312561035,0.9895648956298828,0.028080295771360397
,,,,,,,,,964,0.08575940132141113,0.9890975952148438,0.02735430747270584
,,,,,,,,,965,0.08585119247436523,0.9848670959472656,0.03756139427423477
,,,,,,,,,966,0.08616161346435547,0.9919013977050781,0.021293602883815765
,,,,,,,,,967,0.08600950241088867,0.9905986785888672,0.025967000052332878
,,,,,,,,,968,0.08697509765625,0.9815864562988281,0.04931562393903732
,,,,,,,,,969,0.08623361587524414,0.9861812591552734,0.03630044311285019
,,,,,,,,,970,0.08815932273864746,0.9850959777832031,0.03765220567584038
,,,,,,,,,971,0.09057188034057617,0.9888877868652344,0.029160086065530777
,,,,,,,,,972,0.08590221405029297,0.9804096221923828,0.05159242823719978
,,,,,,,,,973,0.08614468574523926,0.9876270294189453,0.030956873670220375
,,,,,,,,,974,0.08585238456726074,0.9881076812744141,0.03049669973552227
,,,,,,,,,975,0.0865025520324707,0.9817256927490234,0.04200097918510437
,,,,,,,,,976,0.08602714538574219,0.9844799041748047,0.04089202359318733
,,,,,,,,,977,0.0882406234741211,0.9793052673339844,0.049527060240507126
,,,,,,,,,978,0.08835244178771973,0.9894924163818359,0.03001994453370571
,,,,,,,,,979,0.08619284629821777,0.9851055145263672,0.03794987499713898
,,,,,,,,,980,0.08586955070495605,0.9842586517333984,0.041699208319187164
,,,,,,,,,981,0.09069299697875977,0.9924564361572266,0.023123208433389664
,,,,,,,,,982,0.08648324012756348,0.9827728271484375,0.04179159924387932
,,,,,,,,,983,0.08586978912353516,0.9928855895996094,0.021091273054480553
,,,,,,,,,984,0.08867049217224121,0.9885272979736328,0.03196713700890541
,,,,,,,,,985,0.08597159385681152,0.9828414916992188,0.045634135603904724
,,,,,,,,,986,0.08609533309936523,0.9867763519287109,0.033786240965127945
,,,,,,,,,987,0.0859687328338623,0.9859085083007812,0.03746575862169266
,,,,,,,,,988,0.08616113662719727,0.9963703155517578,0.015307697467505932
,,,,,,,,,989,0.08613371849060059,0.985137939453125,0.03537221625447273
,,,,,,,,,990,0.08608055114746094,0.9898109436035156,0.026640573516488075
,,,,,,,,,991,0.09240937232971191,0.9889678955078125,0.029210161417722702
,,,,,,,,,992,0.08603382110595703,0.9917774200439453,0.02223651111125946
,,,,,,,,,993,0.08707404136657715,0.9924907684326172,0.020527321845293045
,,,,,,,,,994,0.09686279296875,0.9865856170654297,0.03612121194601059
,,,,,,,,,995,0.09662985801696777,0.9860172271728516,0.03716479614377022
,,,,,,,,,996,0.09637689590454102,0.9830818176269531,0.03975169360637665
,,,,,,,,,997,0.0862584114074707,0.985595703125,0.036178670823574066
,,,,,,,,,998,0.08605217933654785,0.9837360382080078,0.04012615606188774
,,,,,,,,,999,0.08591103553771973,0.9868183135986328,0.034391287714242935
0.42618049462155494,22846,100753,0.2707937556785331,0.9692086356026786,0.3129790251752448,0.6676703760273475,3844582,45899,1000,0.08637285232543945,0.9815578460693359,0.04324844479560852
,,,,,,,,,1001,0.0881800651550293,0.9821128845214844,0.04381691291928291
,,,,,,,,,1002,0.08689093589782715,0.9839229583740234,0.039795324206352234
,,,,,,,,,1003,0.08654403686523438,0.9878101348876953,0.032938502728939056
,,,,,,,,,1004,0.08571076393127441,0.9810199737548828,0.04737374931573868
,,,,,,,,,1005,0.0894613265991211,0.9719676971435547,0.07058124244213104
,,,,,,,,,1006,0.08570551872253418,0.9917640686035156,0.022692812606692314
,,,,,,,,,1007,0.08732986450195312,0.9837265014648438,0.04076056182384491
,,,,,,,,,1008,0.08580636978149414,0.9865570068359375,0.03378564491868019
,,,,,,,,,1009,0.08574485778808594,0.9848709106445312,0.03867408260703087
,,,,,,,,,1010,0.08854055404663086,0.9850120544433594,0.03754483163356781
,,,,,,,,,1011,0.0910646915435791,0.9876575469970703,0.0314430370926857
,,,,,,,,,1012,0.08717989921569824,0.9873237609863281,0.03394452482461929
,,,,,,,,,1013,0.08593416213989258,0.9929542541503906,0.020322777330875397
,,,,,,,,,1014,0.08766317367553711,0.9862308502197266,0.036310166120529175
,,,,,,,,,1015,0.08619427680969238,0.9827499389648438,0.04239640384912491
,,,,,,,,,1016,0.08591914176940918,0.9895992279052734,0.027264462783932686
,,,,,,,,,1017,0.08612346649169922,0.9867744445800781,0.03433273360133171
,,,,,,,,,1018,0.08600616455078125,0.9911766052246094,0.026211993768811226
,,,,,,,,,1019,0.08645462989807129,0.9930343627929688,0.019673820585012436
,,,,,,,,,1020,0.08585953712463379,0.9897365570068359,0.02635308727622032
,,,,,,,,,1021,0.09068703651428223,0.9869728088378906,0.033009566366672516
,,,,,,,,,1022,0.08592915534973145,0.9882755279541016,0.03126976266503334
,,,,,,,,,1023,0.08629822731018066,0.99212646484375,0.021806128323078156
,,,,,,,,,1024,0.08584070205688477,0.9894218444824219,0.027068177238106728
,,,,,,,,,1025,0.0858917236328125,0.9815502166748047,0.05240686610341072
,,,,,,,,,1026,0.08644556999206543,0.9778919219970703,0.060688283294439316
,,,,,,,,,1027,0.08837294578552246,0.9847278594970703,0.03856716305017471
,,,,,,,,,1028,0.08887672424316406,0.9895439147949219,0.028073517605662346
,,,,,,,,,1029,0.08592748641967773,0.9823474884033203,0.04641543701291084
,,,,,,,,,1030,0.08679723739624023,0.9853324890136719,0.038408923894166946
,,,,,,,,,1031,0.08825254440307617,0.9875202178955078,0.034295424818992615
,,,,,,,,,1032,0.08582448959350586,0.9858722686767578,0.036682166159152985
,,,,,,,,,1033,0.08600831031799316,0.9888343811035156,0.029292160645127296
,,,,,,,,,1034,0.08585333824157715,0.9901618957519531,0.026475442573428154
,,,,,,,,,1035,0.08863568305969238,0.9867839813232422,0.03457362577319145
,,,,,,,,,1036,0.08617210388183594,0.988861083984375,0.03092036210000515
,,,,,,,,,1037,0.08911681175231934,0.9865303039550781,0.036007411777973175
,,,,,,,,,1038,0.08595991134643555,0.9794216156005859,0.050935640931129456
,,,,,,,,,1039,0.08633184432983398,0.9902267456054688,0.02653239667415619
,,,,,,,,,1040,0.08617496490478516,0.9875545501708984,0.03143957257270813
,,,,,,,,,1041,0.08814811706542969,0.9812984466552734,0.04435409605503082
,,,,,,,,,1042,0.08731293678283691,0.9886436462402344,0.030149009078741074
,,,,,,,,,1043,0.08600139617919922,0.9869136810302734,0.032697271555662155
,,,,,,,,,1044,0.08910083770751953,0.9898643493652344,0.02596510946750641
,,,,,,,,,1045,0.08606815338134766,0.9872512817382812,0.03270049765706062
,,,,,,,,,1046,0.08598828315734863,0.9905261993408203,0.026683012023568153
,,,,,,,,,1047,0.08591771125793457,0.9891090393066406,0.02626487798988819
,,,,,,,,,1048,0.08586311340332031,0.9904727935791016,0.025469787418842316
,,,,,,,,,1049,0.08822393417358398,0.9835643768310547,0.04287199676036835
,,,,,,,,,1050,0.08595156669616699,0.9890518188476562,0.029527880251407623
,,,,,,,,,1051,0.09007644653320312,0.9931640625,0.021089784801006317
,,,,,,,,,1052,0.08636021614074707,0.9897327423095703,0.027138156816363335
,,,,,,,,,1053,0.08607983589172363,0.9839363098144531,0.04188947752118111
,,,,,,,,,1054,0.08797764778137207,0.9818038940429688,0.047970086336135864
,,,,,,,,,1055,0.0859384536743164,0.9920425415039062,0.023679837584495544
,,,,,,,,,1056,0.08587217330932617,0.9900741577148438,0.026529232040047646
,,,,,,,,,1057,0.08593940734863281,0.9897804260253906,0.026756182312965393
,,,,,,,,,1058,0.08818244934082031,0.98779296875,0.032547395676374435
,,,,,,,,,1059,0.0880584716796875,0.9924907684326172,0.021062133833765984
,,,,,,,,,1060,0.08678221702575684,0.9915599822998047,0.02342994511127472
,,,,,,,,,1061,0.08815884590148926,0.9852924346923828,0.03595622628927231
,,,,,,,,,1062,0.0860452651977539,0.9884243011474609,0.030796654522418976
,,,,,,,,,1063,0.10232901573181152,0.9853649139404297,0.037142615765333176
,,,,,,,,,1064,0.08591389656066895,0.9840946197509766,0.04025252163410187
,,,,,,,,,1065,0.08655142784118652,0.989227294921875,0.028002792969346046
,,,,,,,,,1066,0.08640742301940918,0.9844684600830078,0.03808116912841797
,,,,,,,,,1067,0.0879507064819336,0.9841804504394531,0.0398733951151371
,,,,,,,,,1068,0.08589911460876465,0.9887332916259766,0.032118842005729675
,,,,,,,,,1069,0.0861046314239502,0.9889488220214844,0.03021867945790291
,,,,,,,,,1070,0.08659744262695312,0.9891452789306641,0.02908356674015522
,,,,,,,,,1071,0.10089349746704102,0.9879035949707031,0.032231517136096954
,,,,,,,,,1072,0.08611774444580078,0.9923839569091797,0.02192568965256214
,,,,,,,,,1073,0.08599066734313965,0.9843521118164062,0.03676540404558182
,,,,,,,,,1074,0.08822822570800781,0.9847011566162109,0.03748367354273796
,,,,,,,,,1075,0.08620476722717285,0.9888134002685547,0.02974216267466545
,,,,,,,,,1076,0.0865483283996582,0.9782524108886719,0.056878525763750076
,,,,,,,,,1077,0.08599400520324707,0.9840507507324219,0.037928029894828796
,,,,,,,,,1078,0.08820438385009766,0.9897022247314453,0.026845552027225494
,,,,,,,,,1079,0.08602070808410645,0.9897937774658203,0.02605314925312996
,,,,,,,,,1080,0.08583664894104004,0.9884433746337891,0.031205318868160248
,,,,,,,,,1081,0.08855986595153809,0.9923744201660156,0.019984077662229538
,,,,,,,,,1082,0.08608484268188477,0.9884052276611328,0.03012782894074917
,,,,,,,,,1083,0.08841753005981445,0.9919090270996094,0.022935975342988968
,,,,,,,,,1084,0.08598470687866211,0.9833488464355469,0.042914241552352905
,,,,,,,,,1085,0.08614802360534668,0.9842472076416016,0.04274123162031174
,,,,,,,,,1086,0.08623909950256348,0.9834442138671875,0.04082843288779259
,,,,,,,,,1087,0.08587288856506348,0.9849319458007812,0.03915800899267197
,,,,,,,,,1088,0.08891630172729492,0.9888229370117188,0.02825787663459778
,,,,,,,,,1089,0.08634114265441895,0.9886608123779297,0.030405782163143158
,,,,,,,,,1090,0.08836555480957031,0.9921665191650391,0.021701755002141
,,,,,,,,,1091,0.08812785148620605,0.9918861389160156,0.02504013106226921
,,,,,,,,,1092,0.08615827560424805,0.990234375,0.026583999395370483
,,,,,,,,,1093,0.08586788177490234,0.9918708801269531,0.021996643394231796
,,,,,,,,,1094,0.08598828315734863,0.9840164184570312,0.03961082547903061
,,,,,,,,,1095,0.08618474006652832,0.9865436553955078,0.03259676322340965
,,,,,,,,,1096,0.08606243133544922,0.9774150848388672,0.05775177478790283
,,,,,,,,,1097,0.08738446235656738,0.9858379364013672,0.035206299275159836
,,,,,,,,,1098,0.08808302879333496,0.9805374145507812,0.048782434314489365
,,,,,,,,,1099,0.08599519729614258,0.9867496490478516,0.034788087010383606
,,,,,,,,,1100,0.08582854270935059,0.9864749908447266,0.035138241946697235
,,,,,,,,,1101,0.08800315856933594,0.9904422760009766,0.024962972849607468
,,,,,,,,,1102,0.08641290664672852,0.9880790710449219,0.031602732837200165
,,,,,,,,,1103,0.08643937110900879,0.9858455657958984,0.038309257477521896
,,,,,,,,,1104,0.08769869804382324,0.9899673461914062,0.0261489637196064
,,,,,,,,,1105,0.08852243423461914,0.9893264770507812,0.027171263471245766
,,,,,,,,,1106,0.08656811714172363,0.987030029296875,0.03279723972082138
,,,,,,,,,1107,0.08586001396179199,0.9860858917236328,0.0333966389298439
,,,,,,,,,1108,0.0860447883605957,0.9879646301269531,0.030773181468248367
,,,,,,,,,1109,0.08611631393432617,0.9869651794433594,0.03523677587509155
,,,,,,,,,1110,0.08829140663146973,0.9891872406005859,0.028298234567046165
,,,,,,,,,1111,0.08927154541015625,0.9902572631835938,0.027372246608138084
,,,,,,,,,1112,0.08596467971801758,0.9828739166259766,0.04513281211256981
,,,,,,,,,1113,0.08755636215209961,0.9879722595214844,0.030311835929751396
,,,,,,,,,1114,0.08592343330383301,0.9906864166259766,0.02666768990457058
,,,,,,,,,1115,0.08826589584350586,0.9860668182373047,0.035443808883428574
,,,,,,,,,1116,0.08598756790161133,0.9899559020996094,0.0258563794195652
,,,,,,,,,1117,0.08581233024597168,0.9813098907470703,0.046688251197338104
,,,,,,,,,1118,0.08752584457397461,0.9852638244628906,0.03923318535089493
,,,,,,,,,1119,0.08587336540222168,0.9844837188720703,0.03899388015270233
,,,,,,,,,1120,0.08957791328430176,0.9919223785400391,0.022609330713748932
,,,,,,,,,1121,0.08817887306213379,0.9817295074462891,0.046051010489463806
,,,,,,,,,1122,0.08595514297485352,0.9887142181396484,0.029953356832265854
,,,,,,,,,1123,0.08605527877807617,0.9907054901123047,0.025327980518341064
,,,,,,,,,1124,0.08584213256835938,0.9876480102539062,0.03134109079837799
,,,,,,,,,1125,0.08605384826660156,0.9893474578857422,0.029561562463641167
,,,,,,,,,1126,0.08583879470825195,0.984375,0.042580023407936096
,,,,,,,,,1127,0.0890195369720459,0.9938869476318359,0.018570730462670326
,,,,,,,,,1128,0.08601522445678711,0.9877529144287109,0.0312323197722435
,,,,,,,,,1129,0.08610367774963379,0.9900188446044922,0.028298266232013702
,,,,,,,,,1130,0.08585429191589355,0.9903793334960938,0.02561757154762745
,,,,,,,,,1131,0.08822011947631836,0.9906406402587891,0.02421422116458416
,,,,,,,,,1132,0.08604288101196289,0.9898567199707031,0.02574753761291504
,,,,,,,,,1133,0.08591341972351074,0.9909343719482422,0.02588501200079918
,,,,,,,,,1134,0.08798766136169434,0.9878273010253906,0.03170675039291382
,,,,,,,,,1135,0.08595681190490723,0.9851722717285156,0.039741918444633484
,,,,,,,,,1136,0.0858755111694336,0.9917526245117188,0.021302035078406334
,,,,,,,,,1137,0.08826851844787598,0.9922809600830078,0.021411104127764702
,,,,,,,,,1138,0.08594226837158203,0.9856452941894531,0.034958649426698685
,,,,,,,,,1139,0.08590197563171387,0.9890823364257812,0.027640093117952347
,,,,,,,,,1140,0.08630704879760742,0.9893360137939453,0.02779584750533104
,,,,,,,,,1141,0.09135246276855469,0.9898281097412109,0.025066912174224854
,,,,,,,,,1142,0.08608007431030273,0.9888229370117188,0.02970864064991474
,,,,,,,,,1143,0.0874471664428711,0.9746685028076172,0.06388914585113525
,,,,,,,,,1144,0.08587169647216797,0.9914417266845703,0.023019546642899513
,,,,,,,,,1145,0.08602619171142578,0.9887714385986328,0.027742456644773483
,,,,,,,,,1146,0.0862739086151123,0.9860496520996094,0.033733949065208435
,,,,,,,,,1147,0.08790206909179688,0.9929618835449219,0.020182223990559578
,,,,,,,,,1148,0.08845806121826172,0.9869899749755859,0.03395158052444458
,,,,,,,,,1149,0.08606600761413574,0.9892921447753906,0.029948558658361435
,,,,,,,,,1150,0.08618998527526855,0.9845046997070312,0.04179701954126358
,,,,,,,,,1151,0.08811569213867188,0.9890785217285156,0.026463882997632027
,,,,,,,,,1152,0.08609557151794434,0.9899044036865234,0.026898927986621857
,,,,,,,,,1153,0.0859687328338623,0.9846725463867188,0.04110705479979515
,,,,,,,,,1154,0.08818411827087402,0.9924068450927734,0.02106109820306301
,,,,,,,,,1155,0.08760452270507812,0.9909343719482422,0.02365311048924923
,,,,,,,,,1156,0.08612608909606934,0.98468017578125,0.03963585942983627
,,,,,,,,,1157,0.08781170845031738,0.9811668395996094,0.04685456305742264
,,,,,,,,,1158,0.08585071563720703,0.9843845367431641,0.04170437902212143
,,,,,,,,,1159,0.08845210075378418,0.9881916046142578,0.032116957008838654
,,,,,,,,,1160,0.08608555793762207,0.9834632873535156,0.04340871796011925
,,,,,,,,,1161,0.08832764625549316,0.9824314117431641,0.04775935411453247
,,,,,,,,,1162,0.08675479888916016,0.9886894226074219,0.028943803161382675
,,,,,,,,,1163,0.08592772483825684,0.9880199432373047,0.031137758865952492
,,,,,,,,,1164,0.09000110626220703,0.9851016998291016,0.03619007393717766
,,,,,,,,,1165,0.08623051643371582,0.9887065887451172,0.030502956360578537
,,,,,,,,,1166,0.08596301078796387,0.9912376403808594,0.02675255946815014
,,,,,,,,,1167,0.0868375301361084,0.9841461181640625,0.03957882523536682
,,,,,,,,,1168,0.08625006675720215,0.9876556396484375,0.03411846235394478
,,,,,,,,,1169,0.08897590637207031,0.9897689819335938,0.028297752141952515
,,,,,,,,,1170,0.08639693260192871,0.991912841796875,0.02610856667160988
,,,,,,,,,1171,0.08960628509521484,0.9936161041259766,0.01873769611120224
,,,,,,,,,1172,0.08598637580871582,0.9855747222900391,0.03564446046948433
,,,,,,,,,1173,0.08588027954101562,0.9889373779296875,0.030217215418815613
,,,,,,,,,1174,0.08581042289733887,0.9859600067138672,0.03894925117492676
,,,,,,,,,1175,0.08596158027648926,0.9788169860839844,0.06343389302492142
,,,,,,,,,1176,0.08617949485778809,0.9906387329101562,0.027903279289603233
,,,,,,,,,1177,0.08618044853210449,0.9887523651123047,0.027865376323461533
,,,,,,,,,1178,0.08896541595458984,0.9875354766845703,0.03138813003897667
,,,,,,,,,1179,0.08595871925354004,0.9814586639404297,0.04217007756233215
,,,,,,,,,1180,0.08637762069702148,0.9809761047363281,0.048332132399082184
,,,,,,,,,1181,0.08860588073730469,0.989349365234375,0.032775796949863434
,,,,,,,,,1182,0.08589673042297363,0.9912910461425781,0.026673682034015656
,,,,,,,,,1183,0.08614039421081543,0.9843330383300781,0.041503846645355225
,,,,,,,,,1184,0.08607769012451172,0.9863700866699219,0.0347515232861042
,,,,,,,,,1185,0.08814477920532227,0.9879360198974609,0.03109968826174736
,,,,,,,,,1186,0.08847737312316895,0.988372802734375,0.0324581116437912
,,,,,,,,,1187,0.0863804817199707,0.9866523742675781,0.036566175520420074
,,,,,,,,,1188,0.08615279197692871,0.9885902404785156,0.03105679340660572
,,,,,,,,,1189,0.0863492488861084,0.9805774688720703,0.04777200520038605
,,,,,,,,,1190,0.08632707595825195,0.9908962249755859,0.023448791354894638
,,,,,,,,,1191,0.09069132804870605,0.9874935150146484,0.03345705196261406
,,,,,,,,,1192,0.08761382102966309,0.9844207763671875,0.03934650495648384
,,,,,,,,,1193,0.08593988418579102,0.9874992370605469,0.031898628920316696
,,,,,,,,,1194,0.0872797966003418,0.9905261993408203,0.025069324299693108
,,,,,,,,,1195,0.08634638786315918,0.9875450134277344,0.03227250650525093
,,,,,,,,,1196,0.08800053596496582,0.9845142364501953,0.03857177495956421
,,,,,,,,,1197,0.08612585067749023,0.9884033203125,0.02987433411180973
,,,,,,,,,1198,0.08608722686767578,0.9840145111083984,0.039565857499837875
,,,,,,,,,1199,0.08741140365600586,0.9900741577148438,0.026634400710463524
,,,,,,,,,1200,0.0860142707824707,0.9926662445068359,0.021756459027528763
,,,,,,,,,1201,0.09154009819030762,0.9773426055908203,0.059128813445568085
,,,,,,,,,1202,0.08623743057250977,0.9860076904296875,0.03340637683868408
,,,,,,,,,1203,0.08617687225341797,0.9881362915039062,0.031077448278665543
,,,,,,,,,1204,0.08605360984802246,0.9866657257080078,0.03692910075187683
,,,,,,,,,1205,0.0859832763671875,0.9870662689208984,0.03552579879760742
,,,,,,,,,1206,0.08738303184509277,0.9880542755126953,0.030417220667004585
,,,,,,,,,1207,0.09185624122619629,0.9867115020751953,0.03813965991139412
,,,,,,,,,1208,0.08918356895446777,0.9873142242431641,0.031356777995824814
,,,,,,,,,1209,0.08595490455627441,0.9881744384765625,0.03135685250163078
,,,,,,,,,1210,0.08607935905456543,0.9872665405273438,0.03220554068684578
,,,,,,,,,1211,0.09079504013061523,0.9862937927246094,0.035673465579748154
,,,,,,,,,1212,0.0860285758972168,0.9816513061523438,0.04399952292442322
,,,,,,,,,1213,0.08592748641967773,0.9852523803710938,0.040216073393821716
,,,,,,,,,1214,0.08620333671569824,0.9861774444580078,0.03496221825480461
,,,,,,,,,1215,0.08772563934326172,0.9841728210449219,0.046438947319984436
,,,,,,,,,1216,0.08710885047912598,0.9857139587402344,0.037713807076215744
,,,,,,,,,1217,0.08624625205993652,0.9820480346679688,0.04714835435152054
,,,,,,,,,1218,0.08797645568847656,0.9878997802734375,0.03301238641142845
,,,,,,,,,1219,0.08596467971801758,0.985595703125,0.0384511724114418
,,,,,,,,,1220,0.08619403839111328,0.9915847778320312,0.024927929043769836
,,,,,,,,,1221,0.09039664268493652,0.9891204833984375,0.029857926070690155
,,,,,,,,,1222,0.08803510665893555,0.9875049591064453,0.031027816236019135
,,,,,,,,,1223,0.08614659309387207,0.9863185882568359,0.03456510975956917
,,,,,,,,,1224,0.0865170955657959,0.9836368560791016,0.040715694427490234
,,,,,,,,,1225,0.08657622337341309,0.989013671875,0.02819843403995037
,,,,,,,,,1226,0.08593225479125977,0.9924468994140625,0.020796101540327072
,,,,,,,,,1227,0.08595061302185059,0.9894638061523438,0.026512932032346725
,,,,,,,,,1228,0.08649230003356934,0.9870700836181641,0.03520878404378891
,,,,,,,,,1229,0.08751988410949707,0.9922218322753906,0.021219324320554733
,,,,,,,,,1230,0.08872485160827637,0.9840278625488281,0.03798683360219002
,,,,,,,,,1231,0.08762907981872559,0.9896430969238281,0.027664581313729286
,,,,,,,,,1232,0.0858156681060791,0.9881381988525391,0.027254873886704445
,,,,,,,,,1233,0.08605217933654785,0.9912128448486328,0.02332134172320366
,,,,,,,,,1234,0.08633828163146973,0.9822006225585938,0.04730246961116791
,,,,,,,,,1235,0.08843708038330078,0.9870033264160156,0.03326372802257538
,,,,,,,,,1236,0.08694982528686523,0.9890613555908203,0.02991798333823681
,,,,,,,,,1237,0.08614253997802734,0.9924335479736328,0.02307571843266487
,,,,,,,,,1238,0.08744502067565918,0.9794292449951172,0.04786074161529541
,,,,,,,,,1239,0.08595728874206543,0.9844551086425781,0.04071458429098129
,,,,,,,,,1240,0.08833575248718262,0.9818382263183594,0.045526161789894104
,,,,,,,,,1241,0.09044623374938965,0.9857711791992188,0.0369616374373436
,,,,,,,,,1242,0.08595466613769531,0.9883518218994141,0.029675301164388657
,,,,,,,,,1243,0.09485054016113281,0.9895553588867188,0.027345001697540283
,,,,,,,,,1244,0.09636235237121582,0.9828948974609375,0.04487480968236923
,,,,,,,,,1245,0.09672260284423828,0.9863414764404297,0.0343935489654541
,,,,,,,,,1246,0.08594679832458496,0.9837837219238281,0.04097364842891693
,,,,,,,,,1247,0.09017372131347656,0.9871978759765625,0.031424425542354584
,,,,,,,,,1248,0.08612728118896484,0.9893226623535156,0.02975304052233696
,,,,,,,,,1249,0.08646297454833984,0.9879188537597656,0.03137202560901642
,,,,,,,,,1250,0.0861821174621582,0.9875392913818359,0.032216526567935944
,,,,,,,,,1251,0.09110903739929199,0.9831523895263672,0.041891537606716156
,,,,,,,,,1252,0.0863041877746582,0.9914302825927734,0.0224104356020689
,,,,,,,,,1253,0.08622384071350098,0.9825077056884766,0.041203573346138
,,,,,,,,,1254,0.08820104598999023,0.9927730560302734,0.019756266847252846
,,,,,,,,,1255,0.0868520736694336,0.9888591766357422,0.028376203030347824
,,,,,,,,,1256,0.08649706840515137,0.9891853332519531,0.02717108279466629
,,,,,,,,,1257,0.08571028709411621,0.9888706207275391,0.02916371263563633
,,,,,,,,,1258,0.08606815338134766,0.9873428344726562,0.03329121321439743
,,,,,,,,,1259,0.08837699890136719,0.9847354888916016,0.03899886831641197
,,,,,,,,,1260,0.08598089218139648,0.9894866943359375,0.02685054950416088
,,,,,,,,,1261,0.09219169616699219,0.9914054870605469,0.021326487883925438
,,,,,,,,,1262,0.08621811866760254,0.9891510009765625,0.027910549193620682
,,,,,,,,,1263,0.08733487129211426,0.9886665344238281,0.029405567795038223
,,,,,,,,,1264,0.08802151679992676,0.9883174896240234,0.030042637139558792
,,,,,,,,,1265,0.08612251281738281,0.9901447296142578,0.02431364730000496
,,,,,,,,,1266,0.08592629432678223,0.9815273284912109,0.04549888148903847
,,,,,,,,,1267,0.08610701560974121,0.9806861877441406,0.05157602205872536
,,,,,,,,,1268,0.08618950843811035,0.9892406463623047,0.027436167001724243
,,,,,,,,,1269,0.0882878303527832,0.9897975921630859,0.02835249900817871
,,,,,,,,,1270,0.08768844604492188,0.9862194061279297,0.037040796130895615
,,,,,,,,,1271,0.09120678901672363,0.9916172027587891,0.02404969371855259
,,,,,,,,,1272,0.08623838424682617,0.9872837066650391,0.032808054238557816
,,,,,,,,,1273,0.08602166175842285,0.991546630859375,0.024876102805137634
,,,,,,,,,1274,0.08586907386779785,0.9898548126220703,0.02730267122387886
,,,,,,,,,1275,0.08623814582824707,0.9867897033691406,0.03311024233698845
,,,,,,,,,1276,0.08594346046447754,0.9900493621826172,0.025972267612814903
,,,,,,,,,1277,0.0885152816772461,0.99114990234375,0.024365490302443504
,,,,,,,,,1278,0.08591151237487793,0.9859943389892578,0.03512706980109215
,,,,,,,,,1279,0.08685994148254395,0.9852695465087891,0.040462277829647064
,,,,,,,,,1280,0.08607292175292969,0.9850273132324219,0.03738289698958397
,,,,,,,,,1281,0.09073781967163086,0.9836292266845703,0.043481118977069855
,,,,,,,,,1282,0.08594679832458496,0.9896965026855469,0.027506500482559204
,,,,,,,,,1283,0.08610749244689941,0.9902114868164062,0.025478139519691467
,,,,,,,,,1284,0.08777236938476562,0.98565673828125,0.033949773758649826
,,,,,,,,,1285,0.08580756187438965,0.9878444671630859,0.03183519467711449
,,,,,,,,,1286,0.08865809440612793,0.9886131286621094,0.02913334220647812
,,,,,,,,,1287,0.08633852005004883,0.9865989685058594,0.0354059636592865
,,,,,,,,,1288,0.08612298965454102,0.9880142211914062,0.03109220787882805
,,,,,,,,,1289,0.08602571487426758,0.9917945861816406,0.021092336624860764
,,,,,,,,,1290,0.08603954315185547,0.9848690032958984,0.038160111755132675
,,,,,,,,,1291,0.09209132194519043,0.9880714416503906,0.029540006071329117
,,,,,,,,,1292,0.08599114418029785,0.9915657043457031,0.022661549970507622
,,,,,,,,,1293,0.08792400360107422,0.9871654510498047,0.03324966877698898
,,,,,,,,,1294,0.0864875316619873,0.9768352508544922,0.06462763249874115
,,,,,,,,,1295,0.08640384674072266,0.9902420043945312,0.025972824543714523
,,,,,,,,,1296,0.0859372615814209,0.9910755157470703,0.02451760321855545
,,,,,,,,,1297,0.08591222763061523,0.9896221160888672,0.026686664670705795
,,,,,,,,,1298,0.08682537078857422,0.9948177337646484,0.015965960919857025
,,,,,,,,,1299,0.08603143692016602,0.9883441925048828,0.03093373030424118
,,,,,,,,,1300,0.08799266815185547,0.9787349700927734,0.05455906689167023
,,,,,,,,,1301,0.0906059741973877,0.9911155700683594,0.02390161156654358
,,,,,,,,,1302,0.08619499206542969,0.9900436401367188,0.02764594554901123
,,,,,,,,,1303,0.08589816093444824,0.9888477325439453,0.029997728765010834
,,,,,,,,,1304,0.0859231948852539,0.9881954193115234,0.029979998245835304
,,,,,,,,,1305,0.08601570129394531,0.9876861572265625,0.03177817165851593
,,,,,,,,,1306,0.0861048698425293,0.9904670715332031,0.02609545737504959
,,,,,,,,,1307,0.08810925483703613,0.9874935150146484,0.03045882284641266
,,,,,,,,,1308,0.0883033275604248,0.9920711517333984,0.021652989089488983
,,,,,,,,,1309,0.08595538139343262,0.9833889007568359,0.04291924834251404
,,,,,,,,,1310,0.08599209785461426,0.9875698089599609,0.030532652512192726
,,,,,,,,,1311,0.0908820629119873,0.9890098571777344,0.028041575103998184
,,,,,,,,,1312,0.08614253997802734,0.985504150390625,0.03891780227422714
,,,,,,,,,1313,0.08625006675720215,0.9888401031494141,0.03127145767211914
,,,,,,,,,1314,0.08876323699951172,0.9877777099609375,0.03169259801506996
,,,,,,,,,1315,0.08604168891906738,0.9850749969482422,0.03604750335216522
,,,,,,,,,1316,0.08663058280944824,0.9869899749755859,0.03137693554162979
,,,,,,,,,1317,0.08635544776916504,0.9823398590087891,0.04402130842208862
,,,,,,,,,1318,0.08807134628295898,0.9891929626464844,0.02779981680214405
,,,,,,,,,1319,0.08596658706665039,0.9870033264160156,0.03265782818198204
,,,,,,,,,1320,0.08673501014709473,0.9867763519287109,0.033161453902721405
,,,,,,,,,1321,0.0909738540649414,0.9903087615966797,0.027084678411483765
,,,,,,,,,1322,0.08625435829162598,0.9887294769287109,0.029612096026539803
,,,,,,,,,1323,0.08728694915771484,0.9837322235107422,0.0430612713098526
,,,,,,,,,1324,0.08606195449829102,0.9912338256835938,0.023793620988726616
,,,,,,,,,1325,0.08843994140625,0.9789047241210938,0.05530295521020889
,,,,,,,,,1326,0.0859823226928711,0.9881153106689453,0.03118300437927246
,,,,,,,,,1327,0.08628463745117188,0.9833583831787109,0.04108745604753494
,,,,,,,,,1328,0.08603143692016602,0.9865131378173828,0.03170665353536606
,,,,,,,,,1329,0.08594131469726562,0.9852466583251953,0.03639546036720276
,,,,,,,,,1330,0.09035515785217285,0.9865550994873047,0.033095669001340866
,,,,,,,,,1331,0.0911710262298584,0.9923820495605469,0.02413794957101345
,,,,,,,,,1332,0.08689641952514648,0.9923629760742188,0.02059165947139263
,,,,,,,,,1333,0.08641505241394043,0.9830341339111328,0.046505533158779144
,,,,,,,,,1334,0.08595418930053711,0.9903888702392578,0.025369076058268547
,,,,,,,,,1335,0.08847618103027344,0.9881362915039062,0.029991786926984787
,,,,,,,,,1336,0.08602142333984375,0.9891490936279297,0.029386136680841446
,,,,,,,,,1337,0.08773684501647949,0.9904956817626953,0.0247835461050272
,,,,,,,,,1338,0.08588123321533203,0.9865951538085938,0.03477596864104271
,,,,,,,,,1339,0.08667898178100586,0.9860973358154297,0.03430323675274849
,,,,,,,,,1340,0.08599114418029785,0.9827919006347656,0.04677736386656761
,,,,,,,,,1341,0.09131169319152832,0.9867019653320312,0.033781811594963074
,,,,,,,,,1342,0.08624267578125,0.9873142242431641,0.03204942122101784
,,,,,,,,,1343,0.08609318733215332,0.9834880828857422,0.03957374393939972
,,,,,,,,,1344,0.08799982070922852,0.9865703582763672,0.03514609858393669
,,,,,,,,,1345,0.08615398406982422,0.9859046936035156,0.035368409007787704
,,,,,,,,,1346,0.08625411987304688,0.9886722564697266,0.030836502090096474
,,,,,,,,,1347,0.08874988555908203,0.9883747100830078,0.030095910653471947
,,,,,,,,,1348,0.0862281322479248,0.9872722625732422,0.034582559019327164
,,,,,,,,,1349,0.08627653121948242,0.991729736328125,0.023900140076875687
,,,,,,,,,1350,0.0857548713684082,0.9866733551025391,0.03377664089202881
,,,,,,,,,1351,0.09091019630432129,0.989044189453125,0.02904498390853405
,,,,,,,,,1352,0.08599495887756348,0.9760246276855469,0.05987534672021866
,,,,,,,,,1353,0.08812952041625977,0.9907855987548828,0.025731317698955536
,,,,,,,,,1354,0.08590841293334961,0.9876079559326172,0.032358165830373764
,,,,,,,,,1355,0.08618593215942383,0.9884109497070312,0.031801532953977585
,,,,,,,,,1356,0.08687233924865723,0.9879913330078125,0.032184842973947525
,,,,,,,,,1357,0.08830904960632324,0.9763050079345703,0.062463559210300446
,,,,,,,,,1358,0.08630084991455078,0.9871311187744141,0.030488161370158195
,,,,,,,,,1359,0.08603692054748535,0.9880447387695312,0.030353369191288948
,,,,,,,,,1360,0.08782744407653809,0.99078369140625,0.023806510493159294
,,,,,,,,,1361,0.09082913398742676,0.9903812408447266,0.027480941265821457
,,,,,,,,,1362,0.08598113059997559,0.9900093078613281,0.026776617392897606
,,,,,,,,,1363,0.08611702919006348,0.9895133972167969,0.02583368495106697
,,,,,,,,,1364,0.08640336990356445,0.9813461303710938,0.047798410058021545
,,,,,,,,,1365,0.08606624603271484,0.9881095886230469,0.03049790859222412
,,,,,,,,,1366,0.08607244491577148,0.9756851196289062,0.060485243797302246
,,,,,,,,,1367,0.08774757385253906,0.9844150543212891,0.04143914952874184
,,,,,,,,,1368,0.08603525161743164,0.9886245727539062,0.03048427775502205
,,,,,,,,,1369,0.08874773979187012,0.9861602783203125,0.036720044910907745
,,,,,,,,,1370,0.08618474006652832,0.9888381958007812,0.031855206936597824
,,,,,,,,,1371,0.09069967269897461,0.9820194244384766,0.04667891561985016
,,,,,,,,,1372,0.08610129356384277,0.9868793487548828,0.0321984589099884
,,,,,,,,,1373,0.08600783348083496,0.9791984558105469,0.05027303844690323
,,,,,,,,,1374,0.09004068374633789,0.9873371124267578,0.031670358031988144
,,,,,,,,,1375,0.08600759506225586,0.9906997680664062,0.02241775207221508
,,,,,,,,,1376,0.08748483657836914,0.9867153167724609,0.03654385358095169
,,,,,,,,,1377,0.08604550361633301,0.9881458282470703,0.03259574994444847
,,,,,,,,,1378,0.08601260185241699,0.9922256469726562,0.02073858492076397
,,,,,,,,,1379,0.08821678161621094,0.9917201995849609,0.02164677157998085
,,,,,,,,,1380,0.08586955070495605,0.9874382019042969,0.030482836067676544
,,,,,,,,,1381,0.09122014045715332,0.9916820526123047,0.02228892222046852
,,,,,,,,,1382,0.0861368179321289,0.9874134063720703,0.033398110419511795
,,,,,,,,,1383,0.0872812271118164,0.9884128570556641,0.03097008541226387
,,,,,,,,,1384,0.08822321891784668,0.9929027557373047,0.020132815465331078
,,,,,,,,,1385,0.08606076240539551,0.9799537658691406,0.04873783513903618
,,,,,,,,,1386,0.08582305908203125,0.9890823364257812,0.02628331631422043
,,,,,,,,,1387,0.08627605438232422,0.9888381958007812,0.027995815500617027
,,,,,,,,,1388,0.08609724044799805,0.985565185546875,0.03586922585964203
,,,,,,,,,1389,0.0860753059387207,0.9901180267333984,0.02623874321579933
,,,,,,,,,1390,0.08830595016479492,0.9889545440673828,0.02828395552933216
,,,,,,,,,1391,0.09094572067260742,0.9835281372070312,0.042342253029346466
,,,,,,,,,1392,0.08646488189697266,0.9776515960693359,0.05609185993671417
,,,,,,,,,1393,0.08620023727416992,0.991302490234375,0.023677876219153404
,,,,,,,,,1394,0.08580470085144043,0.9838275909423828,0.041877150535583496
,,,,,,,,,1395,0.08609628677368164,0.9819526672363281,0.0454476922750473
,,,,,,,,,1396,0.0883018970489502,0.9879817962646484,0.03164404630661011
,,,,,,,,,1397,0.08781170845031738,0.9893569946289062,0.02748682349920273
,,,,,,,,,1398,0.08593869209289551,0.9836616516113281,0.039544686675071716
,,,,,,,,,1399,0.08661532402038574,0.9889297485351562,0.02808992564678192
,,,,,,,,,1400,0.08601140975952148,0.9858551025390625,0.035422660410404205
,,,,,,,,,1401,0.09077262878417969,0.9882793426513672,0.030023522675037384
,,,,,,,,,1402,0.08601546287536621,0.9856128692626953,0.037159621715545654
,,,,,,,,,1403,0.08610224723815918,0.9854946136474609,0.036371052265167236
,,,,,,,,,1404,0.08750462532043457,0.9888534545898438,0.02731909789144993
,,,,,,,,,1405,0.08597183227539062,0.9871444702148438,0.036535702645778656
,,,,,,,,,1406,0.08933281898498535,0.9928741455078125,0.02038000337779522
,,,,,,,,,1407,0.08587026596069336,0.9837303161621094,0.04044364020228386
,,,,,,,,,1408,0.08613133430480957,0.9891815185546875,0.02899077720940113
,,,,,,,,,1409,0.08612060546875,0.9829330444335938,0.041019342839717865
,,,,,,,,,1410,0.08660745620727539,0.9887180328369141,0.028813378885388374
,,,,,,,,,1411,0.09085679054260254,0.9799995422363281,0.04843820631504059
,,,,,,,,,1412,0.08611536026000977,0.9879741668701172,0.03161918371915817
,,,,,,,,,1413,0.08785390853881836,0.9843902587890625,0.03824293985962868
,,,,,,,,,1414,0.08607864379882812,0.9867744445800781,0.03299481421709061
,,,,,,,,,1415,0.08596658706665039,0.9889259338378906,0.02928762696683407
,,,,,,,,,1416,0.08615946769714355,0.9754276275634766,0.058902062475681305
,,,,,,,,,1417,0.08604979515075684,0.9897308349609375,0.026018258184194565
,,,,,,,,,1418,0.08901619911193848,0.9889183044433594,0.02909456007182598
,,,,,,,,,1419,0.08612322807312012,0.9813175201416016,0.04586368799209595
,,,,,,,,,1420,0.0880284309387207,0.9918708801269531,0.02306681126356125
,,,,,,,,,1421,0.09097719192504883,0.9927959442138672,0.02103383094072342
,,,,,,,,,1422,0.08731484413146973,0.9871654510498047,0.03210761770606041
,,,,,,,,,1423,0.08611273765563965,0.9917869567871094,0.022645430639386177
,,,,,,,,,1424,0.0862727165222168,0.9886665344238281,0.031560029834508896
,,,,,,,,,1425,0.08629322052001953,0.9866390228271484,0.035388775169849396
,,,,,,,,,1426,0.08606696128845215,0.9912586212158203,0.02346915192902088
,,,,,,,,,1427,0.08916711807250977,0.9943599700927734,0.016577599570155144
,,,,,,,,,1428,0.08826637268066406,0.9915676116943359,0.02330872416496277
,,,,,,,,,1429,0.08655834197998047,0.9898204803466797,0.026381514966487885
,,,,,,,,,1430,0.08614969253540039,0.9877605438232422,0.030641518533229828
,,,,,,,,,1431,0.09108614921569824,0.989166259765625,0.028097791597247124
,,,,,,,,,1432,0.08628606796264648,0.984649658203125,0.03730759769678116
,,,,,,,,,1433,0.08596920967102051,0.9928874969482422,0.019332099705934525
,,,,,,,,,1434,0.08822488784790039,0.9872894287109375,0.03050779551267624
,,,,,,,,,1435,0.08664345741271973,0.9820232391357422,0.03901772201061249
,,,,,,,,,1436,0.08756875991821289,0.9947891235351562,0.016551122069358826
,,,,,,,,,1437,0.08627653121948242,0.9890308380126953,0.02752632275223732
,,,,,,,,,1438,0.08634567260742188,0.9829940795898438,0.041691575199365616
,,,,,,,,,1439,0.08660030364990234,0.98876953125,0.02790580503642559
,,,,,,,,,1440,0.08841919898986816,0.9910469055175781,0.023692306131124496
,,,,,,,,,1441,0.08963298797607422,0.9827327728271484,0.04252379387617111
,,,,,,,,,1442,0.08627676963806152,0.9901390075683594,0.025675352662801743
,,,,,,,,,1443,0.08789658546447754,0.9898910522460938,0.02703119069337845
,,,,,,,,,1444,0.08629083633422852,0.9864673614501953,0.034267645329236984
,,,,,,,,,1445,0.08859443664550781,0.9881401062011719,0.0325365886092186
,,,,,,,,,1446,0.08603143692016602,0.9867115020751953,0.03287729248404503
,,,,,,,,,1447,0.08619022369384766,0.9860591888427734,0.034881558269262314
,,,,,,,,,1448,0.08628249168395996,0.9837417602539062,0.04000629857182503
,,,,,,,,,1449,0.08625531196594238,0.9922409057617188,0.022298669442534447
,,,,,,,,,1450,0.0894472599029541,0.9818801879882812,0.044517092406749725
,,,,,,,,,1451,0.09120535850524902,0.9822063446044922,0.04911860451102257
,,,,,,,,,1452,0.08679866790771484,0.9919223785400391,0.02188509702682495
,,,,,,,,,1453,0.08642864227294922,0.9922466278076172,0.02142837457358837
,,,,,,,,,1454,0.08625364303588867,0.9906215667724609,0.026000112295150757
,,,,,,,,,1455,0.08606910705566406,0.9852428436279297,0.040470100939273834
,,,,,,,,,1456,0.08617234230041504,0.9905052185058594,0.02558302693068981
,,,,,,,,,1457,0.09060263633728027,0.9900856018066406,0.027713200077414513
,,,,,,,,,1458,0.08623719215393066,0.9809017181396484,0.046430181711912155
,,,,,,,,,1459,0.08756637573242188,0.9879379272460938,0.03179684653878212
,,,,,,,,,1460,0.08612346649169922,0.9868183135986328,0.03246572986245155
,,,,,,,,,1461,0.09113717079162598,0.9885692596435547,0.029592132195830345
,,,,,,,,,1462,0.08627080917358398,0.9881591796875,0.03125767782330513
,,,,,,,,,1463,0.08626484870910645,0.9862937927246094,0.0335145965218544
,,,,,,,,,1464,0.08804154396057129,0.9892063140869141,0.030154943466186523
,,,,,,,,,1465,0.08628559112548828,0.9907054901123047,0.025097040459513664
,,,,,,,,,1466,0.08800959587097168,0.9854545593261719,0.03654133155941963
,,,,,,,,,1467,0.08843350410461426,0.9845314025878906,0.04081451892852783
,,,,,,,,,1468,0.0860280990600586,0.9844741821289062,0.039272602647542953
,,,,,,,,,1469,0.08616113662719727,0.9856796264648438,0.035834964364767075
,,,,,,,,,1470,0.08626675605773926,0.9861354827880859,0.03554897382855415
,,,,,,,,,1471,0.0908656120300293,0.9891586303710938,0.029255788773298264
,,,,,,,,,1472,0.0865015983581543,0.9864635467529297,0.032444000244140625
,,,,,,,,,1473,0.08837437629699707,0.9803829193115234,0.052853524684906006
,,,,,,,,,1474,0.08683633804321289,0.9911727905273438,0.022053906694054604
,,,,,,,,,1475,0.0868997573852539,0.9899787902832031,0.02428262121975422
,,,,,,,,,1476,0.08616518974304199,0.9915390014648438,0.021798280999064445
,,,,,,,,,1477,0.08615612983703613,0.9883384704589844,0.030613746494054794
,,,,,,,,,1478,0.0864262580871582,0.9888782501220703,0.029602089896798134
,,,,,,,,,1479,0.08832645416259766,0.9892253875732422,0.029202694073319435
,,,,,,,,,1480,0.08756828308105469,0.9807014465332031,0.04900723695755005
,,,,,,,,,1481,0.09122681617736816,0.989471435546875,0.02750038355588913
,,,,,,,,,1482,0.08756518363952637,0.9878349304199219,0.030328530818223953
,,,,,,,,,1483,0.08616447448730469,0.9895820617675781,0.027364589273929596
,,,,,,,,,1484,0.08854055404663086,0.9885807037353516,0.03065367601811886
,,,,,,,,,1485,0.08624076843261719,0.9904537200927734,0.025488194078207016
,,,,,,,,,1486,0.08612275123596191,0.9865608215332031,0.034495897591114044
,,,,,,,,,1487,0.08743047714233398,0.9889583587646484,0.02958950214087963
,,,,,,,,,1488,0.08628225326538086,0.9907989501953125,0.024140197783708572
,,,,,,,,,1489,0.08769965171813965,0.9900016784667969,0.0263861995190382
,,,,,,,,,1490,0.08615660667419434,0.9852066040039062,0.037449147552251816
,,,,,,,,,1491,0.08984589576721191,0.9721240997314453,0.0693742036819458
,,,,,,,,,1492,0.08622145652770996,0.9869670867919922,0.03225559741258621
,,,,,,,,,1493,0.08615684509277344,0.9901561737060547,0.02583528310060501
,,,,,,,,,1494,0.08667683601379395,0.9911842346191406,0.023476451635360718
,,,,,,,,,1495,0.0863795280456543,0.9887752532958984,0.028499675914645195
,,,,,,,,,1496,0.08886528015136719,0.9879665374755859,0.02987407147884369
,,,,,,,,,1497,0.08609175682067871,0.9892692565917969,0.026859190315008163
,,,,,,,,,1498,0.08674955368041992,0.9921150207519531,0.022085903212428093
,,,,,,,,,1499,0.08620762825012207,0.9889564514160156,0.027317194268107414
0.5415901264920919,29975,35656,0.37135659620118583,0.9836498026945153,0.5209201085642114,0.5639682886028075,3909679,38770,1500,0.08611679077148438,0.9811782836914062,0.052921026945114136
,,,,,,,,,1501,0.09210515022277832,0.9896621704101562,0.026815788820385933
,,,,,,,,,1502,0.08594536781311035,0.9896507263183594,0.028633181005716324
,,,,,,,,,1503,0.08649921417236328,0.9839096069335938,0.03982579708099365
,,,,,,,,,1504,0.08785533905029297,0.9873504638671875,0.03309738263487816
,,,,,,,,,1505,0.08588743209838867,0.9904270172119141,0.022633196786046028
,,,,,,,,,1506,0.08601164817810059,0.9885425567626953,0.03001074306666851
,,,,,,,,,1507,0.08632063865661621,0.9819679260253906,0.046359531581401825
,,,,,,,,,1508,0.08845329284667969,0.9827079772949219,0.041494812816381454
,,,,,,,,,1509,0.08624076843261719,0.9904670715332031,0.02543335221707821
,,,,,,,,,1510,0.08714437484741211,0.9914798736572266,0.023071037605404854
,,,,,,,,,1511,0.09045290946960449,0.9814682006835938,0.042884621769189835
,,,,,,,,,1512,0.08604788780212402,0.9908008575439453,0.024979958310723305
,,,,,,,,,1513,0.08592581748962402,0.9825153350830078,0.045635201036930084
,,,,,,,,,1514,0.08582663536071777,0.9858913421630859,0.038973983377218246
,,,,,,,,,1515,0.08873724937438965,0.9867210388183594,0.03490188717842102
,,,,,,,,,1516,0.0872659683227539,0.9889030456542969,0.029504889622330666
,,,,,,,,,1517,0.08630251884460449,0.9888401031494141,0.030127445235848427
,,,,,,,,,1518,0.08615756034851074,0.9901714324951172,0.027653630822896957
,,,,,,,,,1519,0.08598995208740234,0.9888057708740234,0.029245229437947273
,,,,,,,,,1520,0.08595705032348633,0.9916667938232422,0.02260027453303337
,,,,,,,,,1521,0.0905296802520752,0.9901199340820312,0.02647162601351738
,,,,,,,,,1522,0.08754968643188477,0.9859046936035156,0.03721361234784126
,,,,,,,,,1523,0.08593153953552246,0.9884147644042969,0.030211247503757477
,,,,,,,,,1524,0.08804535865783691,0.9911632537841797,0.025784125551581383
,,,,,,,,,1525,0.08570647239685059,0.9901866912841797,0.025693248957395554
,,,,,,,,,1526,0.0884103775024414,0.9915676116943359,0.02278641238808632
,,,,,,,,,1527,0.08584427833557129,0.9919528961181641,0.02175344154238701
,,,,,,,,,1528,0.08596348762512207,0.9880332946777344,0.031897492706775665
,,,,,,,,,1529,0.08618283271789551,0.9844856262207031,0.03905624896287918
,,,,,,,,,1530,0.08581876754760742,0.9944629669189453,0.016154205426573753
,,,,,,,,,1531,0.09288454055786133,0.9821243286132812,0.04374787583947182
,,,,,,,,,1532,0.08595609664916992,0.9870338439941406,0.035495221614837646
,,,,,,,,,1533,0.08578324317932129,0.9892864227294922,0.027223486453294754
,,,,,,,,,1534,0.08595871925354004,0.9847450256347656,0.03796596825122833
,,,,,,,,,1535,0.08607864379882812,0.9892387390136719,0.02722473442554474
,,,,,,,,,1536,0.08654332160949707,0.9894065856933594,0.02651895210146904
,,,,,,,,,1537,0.0858001708984375,0.9828033447265625,0.04441645368933678
,,,,,,,,,1538,0.08834075927734375,0.99072265625,0.025735018774867058
,,,,,,,,,1539,0.08585262298583984,0.9889011383056641,0.02888428047299385
,,,,,,,,,1540,0.0861201286315918,0.9866561889648438,0.033398207277059555
,,,,,,,,,1541,0.09040307998657227,0.9848461151123047,0.038821522146463394
,,,,,,,,,1542,0.08587861061096191,0.9819202423095703,0.044837187975645065
,,,,,,,,,1543,0.08609986305236816,0.9898338317871094,0.02704061195254326
,,,,,,,,,1544,0.0860292911529541,0.9885215759277344,0.029615327715873718
,,,,,,,,,1545,0.08853602409362793,0.9796810150146484,0.05095057189464569
,,,,,,,,,1546,0.08590960502624512,0.9764537811279297,0.059064120054244995
,,,,,,,,,1547,0.08590340614318848,0.9825248718261719,0.045055415481328964
,,,,,,,,,1548,0.08810544013977051,0.9885578155517578,0.03001973405480385
,,,,,,,,,1549,0.08593106269836426,0.9844837188720703,0.035706084221601486
,,,,,,,,,1550,0.08590579032897949,0.9844818115234375,0.03829116001725197
,,,,,,,,,1551,0.09079360961914062,0.9878578186035156,0.030182259157299995
,,,,,,,,,1552,0.0889902114868164,0.9844474792480469,0.03855760395526886
,,,,,,,,,1553,0.08593630790710449,0.9901790618896484,0.025100592523813248
,,,,,,,,,1554,0.08711028099060059,0.9892921447753906,0.027601823210716248
,,,,,,,,,1555,0.08658242225646973,0.9807090759277344,0.04960762709379196
,,,,,,,,,1556,0.08611249923706055,0.9889812469482422,0.028970524668693542
,,,,,,,,,1557,0.08577299118041992,0.9920768737792969,0.020874666050076485
,,,,,,,,,1558,0.08591842651367188,0.9899139404296875,0.026225965470075607
,,,,,,,,,1559,0.08744549751281738,0.9880714416503906,0.030837111175060272
,,,,,,,,,1560,0.0858910083770752,0.9880752563476562,0.03203744441270828
,,,,,,,,,1561,0.0930178165435791,0.9903793334960938,0.025044193491339684
,,,,,,,,,1562,0.08603644371032715,0.9884719848632812,0.0317198671400547
,,,,,,,,,1563,0.08603596687316895,0.9953079223632812,0.013940776698291302
,,,,,,,,,1564,0.08588337898254395,0.9931774139404297,0.019600609317421913
,,,,,,,,,1565,0.08845806121826172,0.9826316833496094,0.0441058985888958
,,,,,,,,,1566,0.08661651611328125,0.9833564758300781,0.043416451662778854
,,,,,,,,,1567,0.08598756790161133,0.9884567260742188,0.03179403394460678
,,,,,,,,,1568,0.0885167121887207,0.9875392913818359,0.032936885952949524
,,,,,,,,,1569,0.08596634864807129,0.9857864379882812,0.03918961435556412
,,,,,,,,,1570,0.08870911598205566,0.9894676208496094,0.027640325948596
,,,,,,,,,1571,0.08967137336730957,0.9878482818603516,0.03286822512745857
,,,,,,,,,1572,0.08585596084594727,0.9850196838378906,0.037027955055236816
,,,,,,,,,1573,0.08583378791809082,0.992218017578125,0.02049216255545616
,,,,,,,,,1574,0.08602619171142578,0.9883079528808594,0.029533958062529564
,,,,,,,,,1575,0.09016251564025879,0.9947738647460938,0.016072910279035568
,,,,,,,,,1576,0.08604860305786133,0.9880161285400391,0.029602255672216415
,,,,,,,,,1577,0.08603835105895996,0.9872112274169922,0.03592681139707565
,,,,,,,,,1578,0.08588242530822754,0.992584228515625,0.019343674182891846
,,,,,,,,,1579,0.08668303489685059,0.9851665496826172,0.03602052107453346
,,,,,,,,,1580,0.08609414100646973,0.9889583587646484,0.02899843454360962
,,,,,,,,,1581,0.09088730812072754,0.99041748046875,0.025540757924318314
,,,,,,,,,1582,0.08736205101013184,0.9730930328369141,0.07095062732696533
,,,,,,,,,1583,0.08602523803710938,0.9886550903320312,0.029344996437430382
,,,,,,,,,1584,0.0878911018371582,0.9780807495117188,0.054288823157548904
,,,,,,,,,1585,0.09628725051879883,0.9890632629394531,0.02793223224580288
,,,,,,,,,1586,0.08637213706970215,0.9817314147949219,0.04562288150191307
,,,,,,,,,1587,0.08580875396728516,0.9868564605712891,0.036761362105607986
,,,,,,,,,1588,0.09444355964660645,0.9905910491943359,0.026036925613880157
,,,,,,,,,1589,0.0863344669342041,0.9900341033935547,0.0292879156768322
,,,,,,,,,1590,0.08579635620117188,0.9925174713134766,0.020667318254709244
,,,,,,,,,1591,0.09570765495300293,0.9888706207275391,0.028311124071478844
,,,,,,,,,1592,0.08597731590270996,0.9879131317138672,0.03168685734272003
,,,,,,,,,1593,0.08808541297912598,0.9920787811279297,0.021932782605290413
,,,,,,,,,1594,0.08890128135681152,0.9833507537841797,0.04449494928121567
,,,,,,,,,1595,0.08604097366333008,0.9804191589355469,0.05138184502720833
,,,,,,,,,1596,0.08622908592224121,0.9888343811035156,0.029938992112874985
,,,,,,,,,1597,0.08596181869506836,0.98895263671875,0.02929762750864029
,,,,,,,,,1598,0.09823155403137207,0.9932632446289062,0.019466189667582512
,,,,,,,,,1599,0.08666539192199707,0.9902477264404297,0.027632687240839005
,,,,,,,,,1600,0.09102749824523926,0.9876022338867188,0.030218226835131645
,,,,,,,,,1601,0.08979249000549316,0.9919033050537109,0.021307427436113358
,,,,,,,,,1602,0.08788394927978516,0.9932098388671875,0.01851094886660576
,,,,,,,,,1603,0.08619165420532227,0.9853801727294922,0.036763738840818405
,,,,,,,,,1604,0.09641361236572266,0.9913463592529297,0.023411206901073456
,,,,,,,,,1605,0.09894180297851562,0.9798374176025391,0.05268459767103195
,,,,,,,,,1606,0.09582734107971191,0.9843559265136719,0.03904237225651741
,,,,,,,,,1607,0.09938240051269531,0.9839992523193359,0.038094740360975266
,,,,,,,,,1608,0.09734177589416504,0.9867572784423828,0.03193576633930206
,,,,,,,,,1609,0.09712767601013184,0.9821434020996094,0.04618023708462715
,,,,,,,,,1610,0.09778165817260742,0.9880123138427734,0.032803360372781754
,,,,,,,,,1611,0.09886813163757324,0.9863967895507812,0.034368328750133514
,,,,,,,,,1612,0.09012007713317871,0.9851207733154297,0.035624511539936066
,,,,,,,,,1613,0.08896994590759277,0.9851093292236328,0.038235001266002655
,,,,,,,,,1614,0.08946752548217773,0.9843826293945312,0.03950202092528343
,,,,,,,,,1615,0.0905904769897461,0.9903526306152344,0.024892862886190414
,,,,,,,,,1616,0.0887460708618164,0.9819717407226562,0.04389863461256027
,,,,,,,,,1617,0.0885629653930664,0.9883384704589844,0.030118953436613083
,,,,,,,,,1618,0.08876347541809082,0.9867954254150391,0.0339973084628582
,,,,,,,,,1619,0.08582258224487305,0.9879798889160156,0.03049498237669468
,,,,,,,,,1620,0.0883026123046875,0.98309326171875,0.04284942150115967
,,,,,,,,,1621,0.08812069892883301,0.9884319305419922,0.0303774643689394
,,,,,,,,,1622,0.08600020408630371,0.9874000549316406,0.03169747442007065
,,,,,,,,,1623,0.08612704277038574,0.9828910827636719,0.04766014963388443
,,,,,,,,,1624,0.08631515502929688,0.9907131195068359,0.02439536713063717
,,,,,,,,,1625,0.08591771125793457,0.9827022552490234,0.04300878196954727
,,,,,,,,,1626,0.08589649200439453,0.9840202331542969,0.042852919548749924
,,,,,,,,,1627,0.0918874740600586,0.9812202453613281,0.04712199419736862
,,,,,,,,,1628,0.08842635154724121,0.9838714599609375,0.040404897183179855
,,,,,,,,,1629,0.08639240264892578,0.9885482788085938,0.029184281826019287
,,,,,,,,,1630,0.08596920967102051,0.9831142425537109,0.04124889150261879
,,,,,,,,,1631,0.46379637718200684,0.9886341094970703,0.03145577758550644
,,,,,,,,,1632,0.08456754684448242,0.9882926940917969,0.029317988082766533
,,,,,,,,,1633,0.08458614349365234,0.9850273132324219,0.035136621445417404
,,,,,,,,,1634,0.08723115921020508,0.988800048828125,0.02869594655930996
,,,,,,,,,1635,0.08445358276367188,0.9824676513671875,0.04579377546906471
,,,,,,,,,1636,0.08442997932434082,0.9877777099609375,0.03132340684533119
,,,,,,,,,1637,0.08662152290344238,0.9792613983154297,0.053545694798231125
,,,,,,,,,1638,0.08472394943237305,0.9925613403320312,0.022824086248874664
,,,,,,,,,1639,0.08670544624328613,0.9948234558105469,0.015697572380304337
,,,,,,,,,1640,0.0843501091003418,0.9927463531494141,0.020176175981760025
,,,,,,,,,1641,0.08695435523986816,0.9846420288085938,0.039308756589889526
,,,,,,,,,1642,0.08449006080627441,0.9919948577880859,0.022185007110238075
,,,,,,,,,1643,0.08479428291320801,0.986541748046875,0.03504142165184021
,,,,,,,,,1644,0.08773159980773926,0.9922828674316406,0.020805958658456802
,,,,,,,,,1645,0.08493852615356445,0.9897117614746094,0.026586953550577164
,,,,,,,,,1646,0.08463168144226074,0.988525390625,0.029629072174429893
,,,,,,,,,1647,0.0844564437866211,0.9848308563232422,0.0372738242149353
,,,,,,,,,1648,0.08456635475158691,0.9867839813232422,0.03914352133870125
,,,,,,,,,1649,0.08817172050476074,0.9923381805419922,0.020755475386977196
,,,,,,,,,1650,0.08447504043579102,0.9903850555419922,0.026640789583325386
,,,,,,,,,1651,0.08838772773742676,0.9912986755371094,0.02395496889948845
,,,,,,,,,1652,0.08494782447814941,0.9901142120361328,0.025255413725972176
,,,,,,,,,1653,0.08474516868591309,0.9872722625732422,0.03317781910300255
,,,,,,,,,1654,0.0870370864868164,0.9823474884033203,0.04183785989880562
,,,,,,,,,1655,0.08551216125488281,0.9830760955810547,0.04230611026287079
,,,,,,,,,1656,0.08638215065002441,0.9812889099121094,0.046122122555971146
,,,,,,,,,1657,0.0848078727722168,0.9792270660400391,0.05130894482135773
,,,,,,,,,1658,0.08517718315124512,0.9823989868164062,0.04891752079129219
,,,,,,,,,1659,0.08689403533935547,0.9824295043945312,0.042557865381240845
,,,,,,,,,1660,0.08471179008483887,0.9870071411132812,0.031455039978027344
,,,,,,,,,1661,0.08683252334594727,0.9848880767822266,0.03687456622719765
,,,,,,,,,1662,0.08456873893737793,0.9830284118652344,0.04360275715589523
,,,,,,,,,1663,0.08708691596984863,0.9860706329345703,0.034273263067007065
,,,,,,,,,1664,0.08677053451538086,0.9890499114990234,0.029443401843309402
,,,,,,,,,1665,0.08469724655151367,0.9859352111816406,0.032590679824352264
,,,,,,,,,1666,0.08459115028381348,0.9880332946777344,0.03007471188902855
,,,,,,,,,1667,0.08460021018981934,0.9908485412597656,0.023226147517561913
,,,,,,,,,1668,0.08471202850341797,0.9778461456298828,0.05685167387127876
,,,,,,,,,1669,0.08704543113708496,0.985443115234375,0.03629264980554581
,,,,,,,,,1670,0.08694648742675781,0.9913234710693359,0.023881489410996437
,,,,,,,,,1671,0.0867774486541748,0.9896965026855469,0.02616729401051998
,,,,,,,,,1672,0.0845479965209961,0.9902114868164062,0.025701355189085007
,,,,,,,,,1673,0.08468413352966309,0.9868278503417969,0.03499745577573776
,,,,,,,,,1674,0.08700370788574219,0.9869441986083984,0.03337479755282402
,,,,,,,,,1675,0.08513951301574707,0.9855976104736328,0.03873938322067261
,,,,,,,,,1676,0.08480405807495117,0.9901256561279297,0.02854974940419197
,,,,,,,,,1677,0.0861966609954834,0.9870681762695312,0.03344470635056496
,,,,,,,,,1678,0.08504343032836914,0.9931468963623047,0.02110949158668518
,,,,,,,,,1679,0.08681559562683105,0.9887256622314453,0.028224704787135124
,,,,,,,,,1680,0.08465790748596191,0.9890098571777344,0.02886669896543026
,,,,,,,,,1681,0.08679604530334473,0.9907875061035156,0.024564262479543686
,,,,,,,,,1682,0.08529114723205566,0.9854812622070312,0.03539613261818886
,,,,,,,,,1683,0.08473801612854004,0.9855499267578125,0.03836774453520775
,,,,,,,,,1684,0.08806586265563965,0.9902572631835938,0.02555827423930168
,,,,,,,,,1685,0.08514022827148438,0.9877052307128906,0.030717262998223305
,,,,,,,,,1686,0.08465814590454102,0.9905529022216797,0.02705233357846737
,,,,,,,,,1687,0.08457469940185547,0.9850234985351562,0.03601600229740143
,,,,,,,,,1688,0.08559012413024902,0.9782619476318359,0.05200560763478279
,,,,,,,,,1689,0.08919215202331543,0.9823112487792969,0.04585390165448189
,,,,,,,,,1690,0.08483314514160156,0.9885387420654297,0.031033238396048546
,,,,,,,,,1691,0.08747243881225586,0.9885978698730469,0.03086211532354355
,,,,,,,,,1692,0.08461928367614746,0.9882259368896484,0.03049062378704548
,,,,,,,,,1693,0.0847318172454834,0.9901504516601562,0.025432724505662918
,,,,,,,,,1694,0.08770632743835449,0.9879226684570312,0.03211614489555359
,,,,,,,,,1695,0.08458065986633301,0.9898281097412109,0.024894127622246742
,,,,,,,,,1696,0.08670568466186523,0.99188232421875,0.020569559186697006
,,,,,,,,,1697,0.0847625732421875,0.9951534271240234,0.014434948563575745
,,,,,,,,,1698,0.08487105369567871,0.9820423126220703,0.048679620027542114
,,,,,,,,,1699,0.0870826244354248,0.9782142639160156,0.05995212867856026
,,,,,,,,,1700,0.08463287353515625,0.9927482604980469,0.018660325556993484
,,,,,,,,,1701,0.08693385124206543,0.9839076995849609,0.043375421315431595
,,,,,,,,,1702,0.08471226692199707,0.9890422821044922,0.028321074321866035
,,,,,,,,,1703,0.08634305000305176,0.9861183166503906,0.037780437618494034
,,,,,,,,,1704,0.0874321460723877,0.9848594665527344,0.04033476859331131
,,,,,,,,,1705,0.08496761322021484,0.9890003204345703,0.029330380260944366
,,,,,,,,,1706,0.0854494571685791,0.9915504455566406,0.02337718941271305
,,,,,,,,,1707,0.08485913276672363,0.9892024993896484,0.02980491705238819
,,,,,,,,,1708,0.08494281768798828,0.9900550842285156,0.02622203901410103
,,,,,,,,,1709,0.08724021911621094,0.9883995056152344,0.03064296767115593
,,,,,,,,,1710,0.08656001091003418,0.9897575378417969,0.026253122836351395
,,,,,,,,,1711,0.08748435974121094,0.9864845275878906,0.034596387296915054
,,,,,,,,,1712,0.08533716201782227,0.9882946014404297,0.030016761273145676
,,,,,,,,,1713,0.08511710166931152,0.9828720092773438,0.04161069169640541
,,,,,,,,,1714,0.08690023422241211,0.9879341125488281,0.03346548601984978
,,,,,,,,,1715,0.08550500869750977,0.987274169921875,0.03126317635178566
,,,,,,,,,1716,0.08505868911743164,0.9888534545898438,0.029706323519349098
,,,,,,,,,1717,0.08594727516174316,0.9866962432861328,0.034181393682956696
,,,,,,,,,1718,0.08513927459716797,0.9823188781738281,0.04516299068927765
,,,,,,,,,1719,0.08750462532043457,0.9863128662109375,0.03255606070160866
,,,,,,,,,1720,0.08494949340820312,0.9892501831054688,0.02789473719894886
,,,,,,,,,1721,0.08707046508789062,0.9822559356689453,0.04442697390913963
,,,,,,,,,1722,0.08650851249694824,0.9867973327636719,0.03356263041496277
,,,,,,,,,1723,0.0854032039642334,0.9887104034423828,0.028831562027335167
,,,,,,,,,1724,0.08896207809448242,0.990020751953125,0.028125576674938202
,,,,,,,,,1725,0.08495187759399414,0.9930992126464844,0.01899954490363598
,,,,,,,,,1726,0.08492136001586914,0.9914398193359375,0.02378905937075615
,,,,,,,,,1727,0.0849149227142334,0.9890823364257812,0.03026779368519783
,,,,,,,,,1728,0.08524537086486816,0.9884548187255859,0.030358916148543358
,,,,,,,,,1729,0.08768010139465332,0.9870567321777344,0.03278198465704918
,,,,,,,,,1730,0.08514523506164551,0.9891357421875,0.026081236079335213
,,,,,,,,,1731,0.08806133270263672,0.9909248352050781,0.023331191390752792
,,,,,,,,,1732,0.08521413803100586,0.9889183044433594,0.0297346543520689
,,,,,,,,,1733,0.08505558967590332,0.9733810424804688,0.07019034773111343
,,,,,,,,,1734,0.0872950553894043,0.9872627258300781,0.03355757147073746
,,,,,,,,,1735,0.08478903770446777,0.9888534545898438,0.029201822355389595
,,,,,,,,,1736,0.08704710006713867,0.9856681823730469,0.03718280792236328
,,,,,,,,,1737,0.08492612838745117,0.9857902526855469,0.03484870120882988
,,,,,,,,,1738,0.10275387763977051,0.9894981384277344,0.02828924171626568
,,,,,,,,,1739,0.08616900444030762,0.9884185791015625,0.030135564506053925
,,,,,,,,,1740,0.08501672744750977,0.9848041534423828,0.041071392595767975
,,,,,,,,,1741,0.08515787124633789,0.9887561798095703,0.027896394953131676
,,,,,,,,,1742,0.0848231315612793,0.9903202056884766,0.02421918325126171
,,,,,,,,,1743,0.08562946319580078,0.9893131256103516,0.026662243530154228
,,,,,,,,,1744,0.08474946022033691,0.9839229583740234,0.038148146122694016
,,,,,,,,,1745,0.0870211124420166,0.9886016845703125,0.030197208747267723
,,,,,,,,,1746,0.08521437644958496,0.9892768859863281,0.027119068428874016
,,,,,,,,,1747,0.09761810302734375,0.9896526336669922,0.025218741968274117
,,,,,,,,,1748,0.09690594673156738,0.9864978790283203,0.03721734881401062
,,,,,,,,,1749,0.0953826904296875,0.9903087615966797,0.026124591007828712
,,,,,,,,,1750,0.09950399398803711,0.9865188598632812,0.032159820199012756
,,,,,,,,,1751,0.08718395233154297,0.9869384765625,0.03310474380850792
,,,,,,,,,1752,0.08487272262573242,0.9902725219726562,0.023613683879375458
,,,,,,,,,1753,0.08493924140930176,0.9895000457763672,0.02648971974849701
,,,,,,,,,1754,0.08755636215209961,0.9791145324707031,0.04959547519683838
,,,,,,,,,1755,0.08503198623657227,0.9876632690429688,0.029897671192884445
,,,,,,,,,1756,0.08511161804199219,0.9878273010253906,0.03038323111832142
,,,,,,,,,1757,0.08479714393615723,0.9873924255371094,0.032427504658699036
,,,,,,,,,1758,0.0873861312866211,0.9873523712158203,0.03719892352819443
,,,,,,,,,1759,0.08501100540161133,0.9848003387451172,0.034930117428302765
,,,,,,,,,1760,0.08506369590759277,0.9883575439453125,0.029007786884903908
,,,,,,,,,1761,0.0895545482635498,0.9899539947509766,0.027040401473641396
,,,,,,,,,1762,0.0849156379699707,0.9842815399169922,0.04185792803764343
,,,,,,,,,1763,0.08513975143432617,0.9772262573242188,0.05774517357349396
,,,,,,,,,1764,0.08486127853393555,0.9885768890380859,0.028835665434598923
,,,,,,,,,1765,0.08489823341369629,0.9892539978027344,0.028739837929606438
,,,,,,,,,1766,0.08475852012634277,0.9900875091552734,0.029118746519088745
,,,,,,,,,1767,0.0848388671875,0.9897727966308594,0.027016472071409225
,,,,,,,,,1768,0.08823490142822266,0.9862556457519531,0.03422946110367775
,,,,,,,,,1769,0.08517599105834961,0.9872379302978516,0.039522621780633926
,,,,,,,,,1770,0.08487558364868164,0.9906139373779297,0.025639057159423828
,,,,,,,,,1771,0.0856626033782959,0.9885005950927734,0.029366105794906616
,,,,,,,,,1772,0.08481216430664062,0.9811229705810547,0.04678957164287567
,,,,,,,,,1773,0.0848536491394043,0.9923839569091797,0.022182511165738106
,,,,,,,,,1774,0.0853877067565918,0.9840183258056641,0.0421236976981163
,,,,,,,,,1775,0.08643913269042969,0.9921913146972656,0.020265115424990654
,,,,,,,,,1776,0.0848696231842041,0.9911231994628906,0.02316204272210598
,,,,,,,,,1777,0.08506155014038086,0.9930686950683594,0.01979345828294754
,,,,,,,,,1778,0.08585691452026367,0.9889278411865234,0.02750987559556961
,,,,,,,,,1779,0.08471488952636719,0.992340087890625,0.020724738016724586
,,,,,,,,,1780,0.09894943237304688,0.9921493530273438,0.01980937086045742
,,,,,,,,,1781,0.09085392951965332,0.9856681823730469,0.038200169801712036
,,,,,,,,,1782,0.087066650390625,0.9892616271972656,0.027370812371373177
,,,,,,,,,1783,0.08524799346923828,0.9901237487792969,0.024474427103996277
,,,,,,,,,1784,0.08673381805419922,0.9863376617431641,0.03464481234550476
,,,,,,,,,1785,0.08497214317321777,0.9914684295654297,0.023662224411964417
,,,,,,,,,1786,0.08488821983337402,0.9876022338867188,0.034048426896333694
,,,,,,,,,1787,0.08516812324523926,0.9914989471435547,0.024440381675958633
,,,,,,,,,1788,0.08511185646057129,0.9920501708984375,0.02251065894961357
,,,,,,,,,1789,0.08769083023071289,0.9867687225341797,0.03257552906870842
,,,,,,,,,1790,0.0851893424987793,0.9928989410400391,0.019440319389104843
,,,,,,,,,1791,0.08589696884155273,0.9805145263671875,0.04904931038618088
,,,,,,,,,1792,0.08500814437866211,0.9862499237060547,0.03441879153251648
,,,,,,,,,1793,0.08543992042541504,0.9883441925048828,0.030800845474004745
,,,,,,,,,1794,0.08520817756652832,0.9857654571533203,0.037722717970609665
,,,,,,,,,1795,0.08504557609558105,0.9847011566162109,0.038336049765348434
,,,,,,,,,1796,0.08717632293701172,0.9869174957275391,0.03399154171347618
,,,,,,,,,1797,0.08535408973693848,0.9880905151367188,0.029843255877494812
,,,,,,,,,1798,0.08519482612609863,0.9907360076904297,0.026195891201496124
,,,,,,,,,1799,0.08518338203430176,0.9863929748535156,0.03564634546637535
,,,,,,,,,1800,0.08598446846008301,0.9899673461914062,0.02644895762205124
,,,,,,,,,1801,0.0862116813659668,0.9944820404052734,0.01614929921925068
,,,,,,,,,1802,0.08540105819702148,0.9922943115234375,0.02061450108885765
,,,,,,,,,1803,0.08619356155395508,0.9886760711669922,0.029921920970082283
,,,,,,,,,1804,0.085479736328125,0.9905223846435547,0.025223832577466965
,,,,,,,,,1805,0.08600091934204102,0.9879016876220703,0.031637515872716904
,,,,,,,,,1806,0.08504533767700195,0.9833488464355469,0.04063865914940834
,,,,,,,,,1807,0.08535313606262207,0.9910297393798828,0.022486932575702667
,,,,,,,,,1808,0.08559989929199219,0.9853153228759766,0.0357147753238678
,,,,,,,,,1809,0.08514046669006348,0.9844131469726562,0.03734975308179855
,,,,,,,,,1810,0.08658146858215332,0.9844779968261719,0.03974401205778122
,,,,,,,,,1811,0.08619546890258789,0.9908523559570312,0.02373194508254528
,,,,,,,,,1812,0.08503055572509766,0.9921035766601562,0.022723712027072906
,,,,,,,,,1813,0.08507180213928223,0.9918174743652344,0.02184380032122135
,,,,,,,,,1814,0.085784912109375,0.9840450286865234,0.041963282972574234
,,,,,,,,,1815,0.08706426620483398,0.9852409362792969,0.03584461659193039
,,,,,,,,,1816,0.08522748947143555,0.9914722442626953,0.022477425634860992
,,,,,,,,,1817,0.08585619926452637,0.9843292236328125,0.040282756090164185
,,,,,,,,,1818,0.0851447582244873,0.9916801452636719,0.021541578695178032
,,,,,,,,,1819,0.08515501022338867,0.9892940521240234,0.027448158711194992
,,,,,,,,,1820,0.08603429794311523,0.9908428192138672,0.02422722801566124
,,,,,,,,,1821,0.08609294891357422,0.9893379211425781,0.027747362852096558
,,,,,,,,,1822,0.08815693855285645,0.977935791015625,0.05654748156666756
,,,,,,,,,1823,0.08514070510864258,0.9919986724853516,0.021388402208685875
,,,,,,,,,1824,0.08550739288330078,0.9857311248779297,0.03582998365163803
,,,,,,,,,1825,0.08640289306640625,0.9877967834472656,0.031132223084568977
,,,,,,,,,1826,0.08515572547912598,0.9854907989501953,0.0401923693716526
,,,,,,,,,1827,0.08509421348571777,0.9873600006103516,0.03587813675403595
,,,,,,,,,1828,0.08510112762451172,0.9895877838134766,0.028655631467700005
,,,,,,,,,1829,0.08707857131958008,0.9857559204101562,0.03644794225692749
,,,,,,,,,1830,0.08595991134643555,0.9931163787841797,0.020382041111588478
,,,,,,,,,1831,0.08701848983764648,0.9899940490722656,0.026180017739534378
,,,,,,,,,1832,0.0851285457611084,0.9757308959960938,0.057060349732637405
,,,,,,,,,1833,0.08570075035095215,0.9872303009033203,0.03419551998376846
,,,,,,,,,1834,0.08518457412719727,0.9875373840332031,0.030576035380363464
,,,,,,,,,1835,0.08622598648071289,0.9813632965087891,0.049561042338609695
,,,,,,,,,1836,0.08695030212402344,0.9886302947998047,0.02848331816494465
,,,,,,,,,1837,0.08513450622558594,0.9897594451904297,0.0267341248691082
,,,,,,,,,1838,0.08535575866699219,0.9818859100341797,0.04167649522423744
,,,,,,,,,1839,0.08513283729553223,0.9896774291992188,0.024635083973407745
,,,,,,,,,1840,0.08579039573669434,0.9883861541748047,0.03125128895044327
,,,,,,,,,1841,0.08742928504943848,0.98760986328125,0.03132353723049164
,,,,,,,,,1842,0.08502888679504395,0.9859142303466797,0.03878958895802498
,,,,,,,,,1843,0.08690142631530762,0.9860382080078125,0.03570806235074997
,,,,,,,,,1844,0.08522987365722656,0.9778575897216797,0.05703728273510933
,,,,,,,,,1845,0.08603978157043457,0.98431396484375,0.03819412365555763
,,,,,,,,,1846,0.08514213562011719,0.9843902587890625,0.04272846132516861
,,,,,,,,,1847,0.08511972427368164,0.9858875274658203,0.036597710102796555
,,,,,,,,,1848,0.08564972877502441,0.981689453125,0.04234683886170387
,,,,,,,,,1849,0.08513021469116211,0.9894199371337891,0.02998128905892372
,,,,,,,,,1850,0.08821415901184082,0.9754619598388672,0.06299005448818207
,,,,,,,,,1851,0.08645987510681152,0.9887580871582031,0.030620478093624115
,,,,,,,,,1852,0.08523941040039062,0.9847469329833984,0.03871097415685654
,,,,,,,,,1853,0.08523344993591309,0.9784164428710938,0.04901212826371193
,,,,,,,,,1854,0.08513140678405762,0.9890518188476562,0.0284084752202034
,,,,,,,,,1855,0.08722925186157227,0.9864673614501953,0.031746041029691696
,,,,,,,,,1856,0.08501052856445312,0.9840583801269531,0.03793333098292351
,,,,,,,,,1857,0.08648800849914551,0.9877948760986328,0.030486224219202995
,,,,,,,,,1858,0.0854954719543457,0.9852867126464844,0.03716963902115822
,,,,,,,,,1859,0.08511948585510254,0.99090576171875,0.023760413751006126
,,,,,,,,,1860,0.08601808547973633,0.990753173828125,0.024685412645339966
,,,,,,,,,1861,0.08697199821472168,0.9856929779052734,0.035039909183979034
,,,,,,,,,1862,0.08671760559082031,0.9818305969238281,0.043867163360118866
,,,,,,,,,1863,0.08530831336975098,0.9805431365966797,0.05451614409685135
,,,,,,,,,1864,0.08645176887512207,0.9870414733886719,0.03227875754237175
,,,,,,,,,1865,0.08574557304382324,0.9892559051513672,0.02731989324092865
,,,,,,,,,1866,0.08553767204284668,0.9891853332519531,0.02733076550066471
,,,,,,,,,1867,0.08508753776550293,0.9901828765869141,0.024690167978405952
,,,,,,,,,1868,0.08521008491516113,0.9910163879394531,0.023416567593812943
,,,,,,,,,1869,0.08696603775024414,0.986541748046875,0.03655295446515083
,,,,,,,,,1870,0.08577990531921387,0.9908180236816406,0.024748682975769043
,,,,,,,,,1871,0.08743453025817871,0.9859466552734375,0.03648180142045021
,,,,,,,,,1872,0.08622598648071289,0.9870338439941406,0.03496258705854416
,,,,,,,,,1873,0.08622050285339355,0.9797744750976562,0.05477827787399292
,,,,,,,,,1874,0.08567047119140625,0.989044189453125,0.028340138494968414
,,,,,,,,,1875,0.08584380149841309,0.9832019805908203,0.044885411858558655
,,,,,,,,,1876,0.08736944198608398,0.9910755157470703,0.024513080716133118
,,,,,,,,,1877,0.08554840087890625,0.9815235137939453,0.04830653965473175
,,,,,,,,,1878,0.08602380752563477,0.9838008880615234,0.040867067873477936
,,,,,,,,,1879,0.08538317680358887,0.9852123260498047,0.0348660983145237
,,,,,,,,,1880,0.08570098876953125,0.9876575469970703,0.033116623759269714
,,,,,,,,,1881,0.08688807487487793,0.9857578277587891,0.03835732862353325
,,,,,,,,,1882,0.08527159690856934,0.9881687164306641,0.030824918299913406
,,,,,,,,,1883,0.08743810653686523,0.9901504516601562,0.02774289809167385
,,,,,,,,,1884,0.08557939529418945,0.9864521026611328,0.03532049059867859
,,,,,,,,,1885,0.08568644523620605,0.9905166625976562,0.025227351114153862
,,,,,,,,,1886,0.08558440208435059,0.9889163970947266,0.029302295297384262
,,,,,,,,,1887,0.08550405502319336,0.9896068572998047,0.0271319430321455
,,,,,,,,,1888,0.08534479141235352,0.9893589019775391,0.0286562480032444
,,,,,,,,,1889,0.08532881736755371,0.9749774932861328,0.0642801821231842
,,,,,,,,,1890,0.08797049522399902,0.9839534759521484,0.03888681158423424
,,,,,,,,,1891,0.0871891975402832,0.9878616333007812,0.029771611094474792
,,,,,,,,,1892,0.08664846420288086,0.9875526428222656,0.030085254460573196
,,,,,,,,,1893,0.08806777000427246,0.9866390228271484,0.033091697841882706
,,,,,,,,,1894,0.08805298805236816,0.9895439147949219,0.02649533748626709
,,,,,,,,,1895,0.08785629272460938,0.9882793426513672,0.029520604759454727
,,,,,,,,,1896,0.0857245922088623,0.9835758209228516,0.04109390452504158
,,,,,,,,,1897,0.0877387523651123,0.9916400909423828,0.021540319547057152
,,,,,,,,,1898,0.08542013168334961,0.9824275970458984,0.04439099505543709
,,,,,,,,,1899,0.08654475212097168,0.9861812591552734,0.03578070178627968
,,,,,,,,,1900,0.08562350273132324,0.9832210540771484,0.04291977360844612
,,,,,,,,,1901,0.0870213508605957,0.9918022155761719,0.022058935835957527
,,,,,,,,,1902,0.08528470993041992,0.9805316925048828,0.04825519397854805
,,,,,,,,,1903,0.0862424373626709,0.991058349609375,0.025197207927703857
,,,,,,,,,1904,0.08654451370239258,0.9832210540771484,0.04154595360159874
,,,,,,,,,1905,0.08565497398376465,0.9892330169677734,0.028006739914417267
,,,,,,,,,1906,0.08663535118103027,0.9897346496582031,0.02806241810321808
,,,,,,,,,1907,0.08664178848266602,0.9802494049072266,0.04773828014731407
,,,,,,,,,1908,0.08527374267578125,0.9846420288085938,0.037177976220846176
,,,,,,,,,1909,0.08527922630310059,0.9925460815429688,0.020969901233911514
,,,,,,,,,1910,0.08523344993591309,0.9901542663574219,0.025407718494534492
,,,,,,,,,1911,0.08716773986816406,0.99395751953125,0.018756281584501266
,,,,,,,,,1912,0.08519721031188965,0.9833698272705078,0.042963381856679916
,,,,,,,,,1913,0.08665204048156738,0.9920139312744141,0.023525860160589218
,,,,,,,,,1914,0.08557510375976562,0.9906787872314453,0.024124175310134888
,,,,,,,,,1915,0.08526206016540527,0.9880733489990234,0.030186690390110016
,,,,,,,,,1916,0.08509230613708496,0.9907016754150391,0.024811765179038048
,,,,,,,,,1917,0.08586692810058594,0.99029541015625,0.02668945863842964
,,,,,,,,,1918,0.08674740791320801,0.9889888763427734,0.028979467228055
,,,,,,,,,1919,0.08548259735107422,0.9879074096679688,0.03478531539440155
,,,,,,,,,1920,0.08550071716308594,0.98907470703125,0.028323544189333916
,,,,,,,,,1921,0.08631563186645508,0.9927215576171875,0.018721794709563255
,,,,,,,,,1922,0.08523344993591309,0.9840774536132812,0.03844115138053894
,,,,,,,,,1923,0.08530092239379883,0.9878311157226562,0.031552378088235855
,,,,,,,,,1924,0.08536458015441895,0.9904308319091797,0.024911172688007355
,,,,,,,,,1925,0.08825111389160156,0.9944534301757812,0.016684886068105698
,,,,,,,,,1926,0.08518290519714355,0.9883079528808594,0.030376458540558815
,,,,,,,,,1927,0.08607125282287598,0.9905281066894531,0.023277264088392258
,,,,,,,,,1928,0.08552908897399902,0.9873199462890625,0.030449112877249718
,,,,,,,,,1929,0.08523726463317871,0.9868907928466797,0.034540917724370956
,,,,,,,,,1930,0.08535909652709961,0.9899253845214844,0.026160772889852524
,,,,,,,,,1931,0.08688950538635254,0.9938335418701172,0.01699296571314335
,,,,,,,,,1932,0.08782696723937988,0.9899330139160156,0.02500877156853676
,,,,,,,,,1933,0.08552193641662598,0.9811363220214844,0.05229198560118675
,,,,,,,,,1934,0.08584856986999512,0.9882869720458984,0.027839908376336098
,,,,,,,,,1935,0.08532524108886719,0.9913101196289062,0.022431625053286552
,,,,,,,,,1936,0.08514785766601562,0.9845542907714844,0.03773060813546181
,,,,,,,,,1937,0.08585810661315918,0.9898338317871094,0.02714456617832184
,,,,,,,,,1938,0.08608412742614746,0.9789390563964844,0.051183320581912994
,,,,,,,,,1939,0.08815622329711914,0.9887981414794922,0.02906462550163269
,,,,,,,,,1940,0.08546018600463867,0.9869747161865234,0.03446750342845917
,,,,,,,,,1941,0.0871272087097168,0.9821357727050781,0.04194604232907295
,,,,,,,,,1942,0.08574151992797852,0.9887027740478516,0.030554482713341713
,,,,,,,,,1943,0.08545470237731934,0.9856891632080078,0.03539757430553436
,,,,,,,,,1944,0.08564233779907227,0.9843807220458984,0.037419430911540985
,,,,,,,,,1945,0.08523845672607422,0.986083984375,0.03385167196393013
,,,,,,,,,1946,0.08785247802734375,0.9784488677978516,0.054895684123039246
,,,,,,,,,1947,0.08545851707458496,0.9880580902099609,0.031906574964523315
,,,,,,,,,1948,0.08626365661621094,0.9837856292724609,0.03923388943076134
,,,,,,,,,1949,0.08564925193786621,0.9882240295410156,0.03328901156783104
,,,,,,,,,1950,0.0851893424987793,0.9923496246337891,0.023772459477186203
,,,,,,,,,1951,0.0868692398071289,0.9902248382568359,0.026210878044366837
,,,,,,,,,1952,0.08545708656311035,0.9857254028320312,0.03761134296655655
,,,,,,,,,1953,0.08735990524291992,0.9923229217529297,0.02087988145649433
,,,,,,,,,1954,0.08633136749267578,0.9868011474609375,0.03591468930244446
,,,,,,,,,1955,0.08535099029541016,0.9883460998535156,0.029051203280687332
,,,,,,,,,1956,0.08548140525817871,0.9782028198242188,0.05414591729640961
,,,,,,,,,1957,0.08538317680358887,0.9894733428955078,0.0269269160926342
,,,,,,,,,1958,0.0852811336517334,0.9875926971435547,0.03012484684586525
,,,,,,,,,1959,0.08621072769165039,0.9876041412353516,0.03180336952209473
,,,,,,,,,1960,0.08686709403991699,0.9894847869873047,0.026041053235530853
,,,,,,,,,1961,0.08740758895874023,0.9900054931640625,0.02486414462327957
,,,,,,,,,1962,0.08521676063537598,0.9900989532470703,0.02629297599196434
,,,,,,,,,1963,0.0855863094329834,0.9873027801513672,0.03355644270777702
,,,,,,,,,1964,0.08658623695373535,0.9870700836181641,0.03149629384279251
,,,,,,,,,1965,0.08516335487365723,0.9894561767578125,0.02905777096748352
,,,,,,,,,1966,0.08549261093139648,0.9811553955078125,0.048810966312885284
,,,,,,,,,1967,0.08643245697021484,0.9886264801025391,0.030763201415538788
,,,,,,,,,1968,0.08508133888244629,0.9867763519287109,0.036956433206796646
,,,,,,,,,1969,0.08627581596374512,0.9766407012939453,0.05894052982330322
,,,,,,,,,1970,0.0853278636932373,0.9885368347167969,0.02876017428934574
,,,,,,,,,1971,0.08706235885620117,0.9852752685546875,0.0377839021384716
,,,,,,,,,1972,0.08555364608764648,0.9866580963134766,0.033149946480989456
,,,,,,,,,1973,0.08533668518066406,0.9866600036621094,0.03355613350868225
,,,,,,,,,1974,0.088623046875,0.9912776947021484,0.024035166949033737
,,,,,,,,,1975,0.08567953109741211,0.9906749725341797,0.024008959531784058
,,,,,,,,,1976,0.08515453338623047,0.9873752593994141,0.0341382697224617
,,,,,,,,,1977,0.08557987213134766,0.9920063018798828,0.02169095352292061
,,,,,,,,,1978,0.08522605895996094,0.9825935363769531,0.04469309002161026
,,,,,,,,,1979,0.0867166519165039,0.9876117706298828,0.03514954075217247
,,,,,,,,,1980,0.08543109893798828,0.9794502258300781,0.04791121184825897
,,,,,,,,,1981,0.08947396278381348,0.9902229309082031,0.0241269301623106
,,,,,,,,,1982,0.08533263206481934,0.9809703826904297,0.045769739896059036
,,,,,,,,,1983,0.08565306663513184,0.9876136779785156,0.03162149339914322
,,,,,,,,,1984,0.08582353591918945,0.9882602691650391,0.028349269181489944
,,,,,,,,,1985,0.0856485366821289,0.9876461029052734,0.030836518853902817
,,,,,,,,,1986,0.08577251434326172,0.9838085174560547,0.03810490667819977
,,,,,,,,,1987,0.08519649505615234,0.9872474670410156,0.031424280256032944
,,,,,,,,,1988,0.08679509162902832,0.9917430877685547,0.023151520639657974
,,,,,,,,,1989,0.08611702919006348,0.9862155914306641,0.03599860891699791
,,,,,,,,,1990,0.08528733253479004,0.9806995391845703,0.050358522683382034
,,,,,,,,,1991,0.08617854118347168,0.9821796417236328,0.045492611825466156
,,,,,,,,,1992,0.0853433609008789,0.9824733734130859,0.04234442859888077
,,,,,,,,,1993,0.08590483665466309,0.9893875122070312,0.027562979608774185
,,,,,,,,,1994,0.08546614646911621,0.9883689880371094,0.028761154040694237
,,,,,,,,,1995,0.08698511123657227,0.9864921569824219,0.03605864942073822
,,,,,,,,,1996,0.08539414405822754,0.9855232238769531,0.035828545689582825
,,,,,,,,,1997,0.08578133583068848,0.9873752593994141,0.032687120139598846
,,,,,,,,,1998,0.08539748191833496,0.9878253936767578,0.030837668105959892
,,,,,,,,,1999,0.08522963523864746,0.9892387390136719,0.02793450467288494
0.5209185975633841,35843,24676,0.3521906209524625,0.984923319913903,0.5714335336413213,0.47860935340752053,3920659,32902,2000,0.08591914176940918,0.9872207641601562,0.03345951437950134
,,,,,,,,,2001,0.08676505088806152,0.9847259521484375,0.036868803203105927
,,,,,,,,,2002,0.0856943130493164,0.9896717071533203,0.026864320039749146
,,,,,,,,,2003,0.08537888526916504,0.9902572631835938,0.027062928304076195
,,,,,,,,,2004,0.08600044250488281,0.9918899536132812,0.02173139527440071
,,,,,,,,,2005,0.08662843704223633,0.9939098358154297,0.017278233543038368
,,,,,,,,,2006,0.08706140518188477,0.9865398406982422,0.035294294357299805
,,,,,,,,,2007,0.08533310890197754,0.9952564239501953,0.013871800154447556
,,,,,,,,,2008,0.08561396598815918,0.9879741668701172,0.031939323991537094
,,,,,,,,,2009,0.08559417724609375,0.9852733612060547,0.03927572816610336
,,,,,,,,,2010,0.08611416816711426,0.9894771575927734,0.030048834159970284
,,,,,,,,,2011,0.08725571632385254,0.9891510009765625,0.028259174898266792
,,,,,,,,,2012,0.08538174629211426,0.9782180786132812,0.0530424639582634
,,,,,,,,,2013,0.08735489845275879,0.9858264923095703,0.035702720284461975
,,,,,,,,,2014,0.08542490005493164,0.9883460998535156,0.032104771584272385
,,,,,,,,,2015,0.0862429141998291,0.9883460998535156,0.03056909330189228
,,,,,,,,,2016,0.0853724479675293,0.9868507385253906,0.03533177450299263
,,,,,,,,,2017,0.08529210090637207,0.988311767578125,0.03149809688329697
,,,,,,,,,2018,0.08530855178833008,0.98553466796875,0.03767387941479683
,,,,,,,,,2019,0.0851600170135498,0.9890537261962891,0.02751743607223034
,,,,,,,,,2020,0.08768939971923828,0.9876518249511719,0.029841486364603043
,,,,,,,,,2021,0.08696794509887695,0.9878654479980469,0.030370639637112617
,,,,,,,,,2022,0.08584928512573242,0.9812946319580078,0.04909057915210724
,,,,,,,,,2023,0.08533239364624023,0.9894142150878906,0.027204927057027817
,,,,,,,,,2024,0.0852971076965332,0.9913921356201172,0.022462565451860428
,,,,,,,,,2025,0.08647370338439941,0.9849510192871094,0.036123838275671005
,,,,,,,,,2026,0.0852193832397461,0.9889583587646484,0.0269441120326519
,,,,,,,,,2027,0.08709287643432617,0.9882564544677734,0.029124263674020767
,,,,,,,,,2028,0.08528733253479004,0.9891204833984375,0.02763071469962597
,,,,,,,,,2029,0.08519291877746582,0.9837398529052734,0.04148684814572334
,,,,,,,,,2030,0.08607077598571777,0.9857311248779297,0.037309907376766205
,,,,,,,,,2031,0.08734250068664551,0.9917392730712891,0.021664341911673546
,,,,,,,,,2032,0.08686447143554688,0.9844970703125,0.04007205739617348
,,,,,,,,,2033,0.0851290225982666,0.9886474609375,0.028540749102830887
,,,,,,,,,2034,0.08773207664489746,0.9871749877929688,0.03363329544663429
,,,,,,,,,2035,0.08620524406433105,0.9857139587402344,0.035425662994384766
,,,,,,,,,2036,0.08533525466918945,0.9876441955566406,0.03055688738822937
,,,,,,,,,2037,0.08519434928894043,0.9884300231933594,0.029434949159622192
,,,,,,,,,2038,0.08533930778503418,0.9962654113769531,0.01184561662375927
,,,,,,,,,2039,0.08725094795227051,0.9758701324462891,0.06308133155107498
,,,,,,,,,2040,0.08629727363586426,0.9859256744384766,0.03460574895143509
,,,,,,,,,2041,0.08753085136413574,0.9879989624023438,0.0305645652115345
,,,,,,,,,2042,0.08555388450622559,0.9889926910400391,0.028349129483103752
,,,,,,,,,2043,0.0852663516998291,0.9935951232910156,0.020246608182787895
,,,,,,,,,2044,0.08522701263427734,0.9905433654785156,0.0273694209754467
,,,,,,,,,2045,0.08600020408630371,0.984161376953125,0.04199584573507309
,,,,,,,,,2046,0.08786964416503906,0.9744586944580078,0.06564979255199432
,,,,,,,,,2047,0.08524775505065918,0.9926223754882812,0.02414836175739765
,,,,,,,,,2048,0.08625483512878418,0.9820899963378906,0.04148102179169655
,,,,,,,,,2049,0.08507037162780762,0.9913578033447266,0.022092700004577637
,,,,,,,,,2050,0.08558201789855957,0.9882411956787109,0.03205738589167595
,,,,,,,,,2051,0.08694696426391602,0.9813079833984375,0.047937631607055664
,,,,,,,,,2052,0.08518290519714355,0.9914016723632812,0.023255888372659683
,,,,,,,,,2053,0.08722209930419922,0.9851474761962891,0.037846408784389496
,,,,,,,,,2054,0.08521437644958496,0.9854545593261719,0.03551976755261421
,,,,,,,,,2055,0.08591580390930176,0.9828643798828125,0.043461479246616364
,,,,,,,,,2056,0.08537673950195312,0.9863109588623047,0.03497232496738434
,,,,,,,,,2057,0.08560800552368164,0.9879398345947266,0.0318952277302742
,,,,,,,,,2058,0.08614563941955566,0.9892921447753906,0.02870366722345352
,,,,,,,,,2059,0.08518195152282715,0.9932384490966797,0.018978215754032135
,,,,,,,,,2060,0.0868220329284668,0.9933815002441406,0.018119772896170616
,,,,,,,,,2061,0.08702492713928223,0.9890689849853516,0.030643001198768616
,,,,,,,,,2062,0.08585548400878906,0.9804134368896484,0.05775386095046997
,,,,,,,,,2063,0.08529901504516602,0.9861259460449219,0.03684350475668907
,,,,,,,,,2064,0.08638763427734375,0.9819488525390625,0.043344058096408844
,,,,,,,,,2065,0.0854337215423584,0.9925689697265625,0.020729726180434227
,,,,,,,,,2066,0.08520317077636719,0.9872837066650391,0.032190579921007156
,,,,,,,,,2067,0.08808541297912598,0.9920368194580078,0.021800516173243523
,,,,,,,,,2068,0.08523845672607422,0.9797859191894531,0.04846132919192314
,,,,,,,,,2069,0.08619189262390137,0.9892826080322266,0.030327433720231056
,,,,,,,,,2070,0.08539223670959473,0.9806232452392578,0.04981205239892006
,,,,,,,,,2071,0.08623480796813965,0.9872207641601562,0.03396912291646004
,,,,,,,,,2072,0.0852196216583252,0.9883518218994141,0.03024420514702797
,,,,,,,,,2073,0.08521461486816406,0.9863662719726562,0.035982418805360794
,,,,,,,,,2074,0.08788466453552246,0.9868392944335938,0.03320378437638283
,,,,,,,,,2075,0.08545827865600586,0.9856739044189453,0.039405707269907
,,,,,,,,,2076,0.08528304100036621,0.9851779937744141,0.03881746158003807
,,,,,,,,,2077,0.08619523048400879,0.9878940582275391,0.030628487467765808
,,,,,,,,,2078,0.08524298667907715,0.9898338317871094,0.025679655373096466
,,,,,,,,,2079,0.08518767356872559,0.9868621826171875,0.03152550011873245
,,,,,,,,,2080,0.0851583480834961,0.9893913269042969,0.027780206874012947
,,,,,,,,,2081,0.0895988941192627,0.9900283813476562,0.025254901498556137
,,,,,,,,,2082,0.08522248268127441,0.9897975921630859,0.025706153362989426
,,,,,,,,,2083,0.08565783500671387,0.9868373870849609,0.036570675671100616
,,,,,,,,,2084,0.08538413047790527,0.9914150238037109,0.02329518273472786
,,,,,,,,,2085,0.08520317077636719,0.9878997802734375,0.03106693923473358
,,,,,,,,,2086,0.08649230003356934,0.9827003479003906,0.04706215113401413
,,,,,,,,,2087,0.08594274520874023,0.9832420349121094,0.049601960927248
,,,,,,,,,2088,0.08671784400939941,0.9902477264404297,0.024077916517853737
,,,,,,,,,2089,0.08540940284729004,0.9845943450927734,0.04315527528524399
,,,,,,,,,2090,0.08512210845947266,0.9843540191650391,0.041051238775253296
,,,,,,,,,2091,0.08707427978515625,0.9862251281738281,0.03402905538678169
,,,,,,,,,2092,0.08521485328674316,0.9902553558349609,0.028212709352374077
,,,,,,,,,2093,0.08673310279846191,0.98846435546875,0.03189297392964363
,,,,,,,,,2094,0.08527851104736328,0.9838581085205078,0.04005231335759163
,,,,,,,,,2095,0.08676505088806152,0.9853897094726562,0.03899924457073212
,,,,,,,,,2096,0.08537864685058594,0.9863224029541016,0.033341556787490845
,,,,,,,,,2097,0.08646535873413086,0.9854583740234375,0.0367693230509758
,,,,,,,,,2098,0.08553290367126465,0.9936599731445312,0.01726795732975006
,,,,,,,,,2099,0.0853719711303711,0.9885463714599609,0.02888527698814869
,,,,,,,,,2100,0.0866250991821289,0.9891185760498047,0.027402877807617188
,,,,,,,,,2101,0.08758330345153809,0.9893283843994141,0.027131307870149612
,,,,,,,,,2102,0.08682632446289062,0.9909534454345703,0.024206189438700676
,,,,,,,,,2103,0.08560585975646973,0.9930400848388672,0.0222588200122118
,,,,,,,,,2104,0.0855262279510498,0.9862747192382812,0.037523429840803146
,,,,,,,,,2105,0.08558249473571777,0.9863185882568359,0.034347839653491974
,,,,,,,,,2106,0.08705830574035645,0.9747695922851562,0.060334060341119766
,,,,,,,,,2107,0.08719849586486816,0.9834918975830078,0.04167855530977249
,,,,,,,,,2108,0.08552956581115723,0.9883499145507812,0.03117423877120018
,,,,,,,,,2109,0.08786630630493164,0.9900970458984375,0.027729546651244164
,,,,,,,,,2110,0.08554768562316895,0.9855632781982422,0.03289395943284035
,,,,,,,,,2111,0.08634018898010254,0.9875679016113281,0.030359650030732155
,,,,,,,,,2112,0.08569931983947754,0.9851799011230469,0.03909396007657051
,,,,,,,,,2113,0.08535051345825195,0.9851055145263672,0.039560284465551376
,,,,,,,,,2114,0.08757805824279785,0.9830780029296875,0.04316777363419533
,,,,,,,,,2115,0.08544611930847168,0.9909954071044922,0.022580865770578384
,,,,,,,,,2116,0.08717751502990723,0.9860305786132812,0.03358924016356468
,,,,,,,,,2117,0.08568620681762695,0.9834804534912109,0.040155522525310516
,,,,,,,,,2118,0.08552885055541992,0.9883098602294922,0.029508719220757484
,,,,,,,,,2119,0.08568954467773438,0.9894886016845703,0.026904957368969917
,,,,,,,,,2120,0.0853877067565918,0.9851951599121094,0.03712405636906624
,,,,,,,,,2121,0.08817028999328613,0.9822883605957031,0.04359925910830498
,,,,,,,,,2122,0.08544707298278809,0.9689502716064453,0.07135529071092606
,,,,,,,,,2123,0.08572244644165039,0.9872226715087891,0.03338467702269554
,,,,,,,,,2124,0.08639979362487793,0.9905548095703125,0.026817552745342255
,,,,,,,,,2125,0.08568692207336426,0.9885330200195312,0.029009651392698288
,,,,,,,,,2126,0.08573436737060547,0.9835090637207031,0.039359502494335175
,,,,,,,,,2127,0.0856177806854248,0.9925689697265625,0.02019643783569336
,,,,,,,,,2128,0.08695816993713379,0.9905242919921875,0.02642502263188362
,,,,,,,,,2129,0.0862727165222168,0.9813003540039062,0.04695717990398407
,,,,,,,,,2130,0.08675122261047363,0.9923610687255859,0.02439541183412075
,,,,,,,,,2131,0.08738899230957031,0.9908294677734375,0.022906722500920296
,,,,,,,,,2132,0.08541107177734375,0.9924106597900391,0.02079838700592518
,,,,,,,,,2133,0.08545470237731934,0.9821624755859375,0.0459519699215889
,,,,,,,,,2134,0.08640718460083008,0.9886608123779297,0.028906486928462982
,,,,,,,,,2135,0.08787679672241211,0.9849586486816406,0.04022142291069031
,,,,,,,,,2136,0.08536434173583984,0.9890708923339844,0.029297593981027603
,,,,,,,,,2137,0.08663630485534668,0.986053466796875,0.03333153575658798
,,,,,,,,,2138,0.08560562133789062,0.9843025207519531,0.038352202624082565
,,,,,,,,,2139,0.08626174926757812,0.9891300201416016,0.029034152626991272
,,,,,,,,,2140,0.08581161499023438,0.9894905090332031,0.027376463636755943
,,,,,,,,,2141,0.08722853660583496,0.9853610992431641,0.039972081780433655
,,,,,,,,,2142,0.08676314353942871,0.9912643432617188,0.025213785469532013
,,,,,,,,,2143,0.08555221557617188,0.9885463714599609,0.028241852298378944
,,,,,,,,,2144,0.08660769462585449,0.9893550872802734,0.029318710789084435
,,,,,,,,,2145,0.08560347557067871,0.9881324768066406,0.02890520729124546
,,,,,,,,,2146,0.08668732643127441,0.990966796875,0.024215176701545715
,,,,,,,,,2147,0.08794713020324707,0.9903144836425781,0.027323635295033455
,,,,,,,,,2148,0.08923888206481934,0.9867630004882812,0.03587513789534569
,,,,,,,,,2149,0.08829116821289062,0.9861240386962891,0.034791890531778336
,,,,,,,,,2150,0.08541059494018555,0.9889469146728516,0.029018858447670937
,,,,,,,,,2151,0.08916091918945312,0.9906654357910156,0.02373010851442814
,,,,,,,,,2152,0.08557534217834473,0.9862937927246094,0.03700568526983261
,,,,,,,,,2153,0.0854024887084961,0.9794139862060547,0.05208618566393852
,,,,,,,,,2154,0.0857241153717041,0.9931774139404297,0.018066994845867157
,,,,,,,,,2155,0.08588027954101562,0.9872798919677734,0.034135498106479645
,,,,,,,,,2156,0.08614349365234375,0.9848041534423828,0.03608756512403488
,,,,,,,,,2157,0.0852503776550293,0.9901390075683594,0.025850027799606323
,,,,,,,,,2158,0.08703184127807617,0.9853038787841797,0.03466157615184784
,,,,,,,,,2159,0.08553051948547363,0.9875850677490234,0.03555312752723694
,,,,,,,,,2160,0.08524465560913086,0.9872989654541016,0.029652006924152374
,,,,,,,,,2161,0.0874183177947998,0.9889030456542969,0.028125282377004623
,,,,,,,,,2162,0.08536982536315918,0.9894790649414062,0.02674383856356144
,,,,,,,,,2163,0.08611035346984863,0.9901180267333984,0.025923922657966614
,,,,,,,,,2164,0.08553409576416016,0.9921455383300781,0.019972046837210655
,,,,,,,,,2165,0.08684134483337402,0.9743976593017578,0.06285961717367172
,,,,,,,,,2166,0.08627033233642578,0.9880599975585938,0.03060043603181839
,,,,,,,,,2167,0.0854485034942627,0.9786891937255859,0.04912590980529785
,,,,,,,,,2168,0.08557534217834473,0.9900150299072266,0.025994576513767242
,,,,,,,,,2169,0.08532357215881348,0.9856967926025391,0.036079149693250656
,,,,,,,,,2170,0.0868520736694336,0.9902973175048828,0.028226887807250023
,,,,,,,,,2171,0.08732342720031738,0.9895000457763672,0.027385829016566277
,,,,,,,,,2172,0.08678674697875977,0.9865074157714844,0.03501325845718384
,,,,,,,,,2173,0.08551478385925293,0.9928741455078125,0.023479485884308815
,,,,,,,,,2174,0.08542728424072266,0.9842243194580078,0.043901409953832626
,,,,,,,,,2175,0.08550643920898438,0.99078369140625,0.025827495381236076
,,,,,,,,,2176,0.086212158203125,0.9885597229003906,0.03172951936721802
,,,,,,,,,2177,0.08760356903076172,0.9883365631103516,0.031048133969306946
,,,,,,,,,2178,0.086212158203125,0.9852695465087891,0.03593047335743904
,,,,,,,,,2179,0.08675503730773926,0.9911899566650391,0.023354776203632355
,,,,,,,,,2180,0.08545351028442383,0.9882411956787109,0.028843574225902557
,,,,,,,,,2181,0.08741593360900879,0.9866161346435547,0.03436431661248207
,,,,,,,,,2182,0.0856013298034668,0.9833583831787109,0.04311254620552063
,,,,,,,,,2183,0.08530402183532715,0.9918346405029297,0.020885400474071503
,,,,,,,,,2184,0.0860288143157959,0.9905815124511719,0.02649991400539875
,,,,,,,,,2185,0.08528685569763184,0.9833316802978516,0.04350658506155014
,,,,,,,,,2186,0.0875387191772461,0.9797611236572266,0.05158349499106407
,,,,,,,,,2187,0.08563613891601562,0.9861507415771484,0.03509863093495369
,,,,,,,,,2188,0.08545589447021484,0.9925460815429688,0.019565127789974213
,,,,,,,,,2189,0.08545446395874023,0.989837646484375,0.02669629454612732
,,,,,,,,,2190,0.08593320846557617,0.9879722595214844,0.028512921184301376
,,,,,,,,,2191,0.08709931373596191,0.9899215698242188,0.028270047158002853
,,,,,,,,,2192,0.08537435531616211,0.9782695770263672,0.05256933718919754
,,,,,,,,,2193,0.08676290512084961,0.9860782623291016,0.03605302423238754
,,,,,,,,,2194,0.08546733856201172,0.9898757934570312,0.02748246118426323
,,,,,,,,,2195,0.08566117286682129,0.9866504669189453,0.03354692459106445
,,,,,,,,,2196,0.08648347854614258,0.9866294860839844,0.03467809408903122
,,,,,,,,,2197,0.085479736328125,0.9852161407470703,0.03620462119579315
,,,,,,,,,2198,0.0871744155883789,0.9868335723876953,0.034910477697849274
,,,,,,,,,2199,0.08542513847351074,0.9893569946289062,0.02775183506309986
,,,,,,,,,2200,0.08655047416687012,0.9906520843505859,0.022648148238658905
,,,,,,,,,2201,0.0873713493347168,0.9874057769775391,0.031207293272018433
,,,,,,,,,2202,0.08531355857849121,0.9927692413330078,0.019773514941334724
,,,,,,,,,2203,0.08593297004699707,0.9838371276855469,0.0413498654961586
,,,,,,,,,2204,0.08540678024291992,0.9857292175292969,0.03446490690112114
,,,,,,,,,2205,0.08691644668579102,0.9849071502685547,0.03640980273485184
,,,,,,,,,2206,0.08537912368774414,0.9910640716552734,0.023253893479704857
,,,,,,,,,2207,0.0866692066192627,0.9903221130371094,0.02440197579562664
,,,,,,,,,2208,0.08570575714111328,0.9846363067626953,0.03606999292969704
,,,,,,,,,2209,0.08532238006591797,0.98974609375,0.02725820615887642
,,,,,,,,,2210,0.08571338653564453,0.9906826019287109,0.02406618930399418
,,,,,,,,,2211,0.08698105812072754,0.9919166564941406,0.02183251827955246
,,,,,,,,,2212,0.08687186241149902,0.9929656982421875,0.018149666488170624
,,,,,,,,,2213,0.08559870719909668,0.9898815155029297,0.026305675506591797
,,,,,,,,,2214,0.08671164512634277,0.9910697937011719,0.02309766411781311
,,,,,,,,,2215,0.08577179908752441,0.9909000396728516,0.026581985875964165
,,,,,,,,,2216,0.08533787727355957,0.9881858825683594,0.030899327248334885
,,,,,,,,,2217,0.08539175987243652,0.9898586273193359,0.026166658848524094
,,,,,,,,,2218,0.08724451065063477,0.9908695220947266,0.02596251480281353
,,,,,,,,,2219,0.08656573295593262,0.9822349548339844,0.04311876371502876
,,,,,,,,,2220,0.08538436889648438,0.9855594635009766,0.03314075618982315
,,,,,,,,,2221,0.08847784996032715,0.9860515594482422,0.03705395758152008
,,,,,,,,,2222,0.08564019203186035,0.9913482666015625,0.022844357416033745
,,,,,,,,,2223,0.08550024032592773,0.9852867126464844,0.03631437569856644
,,,,,,,,,2224,0.08559894561767578,0.9889335632324219,0.027564242482185364
,,,,,,,,,2225,0.08546257019042969,0.9893436431884766,0.027525953948497772
,,,,,,,,,2226,0.08697199821472168,0.9878101348876953,0.03229198977351189
,,,,,,,,,2227,0.08547019958496094,0.98724365234375,0.03302450478076935
,,,,,,,,,2228,0.08686184883117676,0.9845657348632812,0.03580465912818909
,,,,,,,,,2229,0.08562159538269043,0.9923362731933594,0.02182675711810589
,,,,,,,,,2230,0.08557629585266113,0.9830951690673828,0.043356381356716156
,,,,,,,,,2231,0.0871286392211914,0.9894275665283203,0.027073221281170845
,,,,,,,,,2232,0.08670949935913086,0.982177734375,0.04257206991314888
,,,,,,,,,2233,0.08689665794372559,0.9891223907470703,0.027345404028892517
,,,,,,,,,2234,0.08558368682861328,0.9853858947753906,0.03466958552598953
,,,,,,,,,2235,0.08690977096557617,0.9834728240966797,0.04155591502785683
,,,,,,,,,2236,0.08542728424072266,0.9917888641357422,0.020744286477565765
,,,,,,,,,2237,0.08551764488220215,0.9890918731689453,0.02699493058025837
,,,,,,,,,2238,0.08649659156799316,0.9897251129150391,0.028162196278572083
,,,,,,,,,2239,0.0854349136352539,0.988800048828125,0.025869522243738174
,,,,,,,,,2240,0.08743619918823242,0.9883556365966797,0.031341396272182465
,,,,,,,,,2241,0.08728957176208496,0.9932861328125,0.01869906112551689
,,,,,,,,,2242,0.0858607292175293,0.9887619018554688,0.029687359929084778
,,,,,,,,,2243,0.08563470840454102,0.9912338256835938,0.0241299606859684
,,,,,,,,,2244,0.08550024032592773,0.9866142272949219,0.03282506763935089
,,,,,,,,,2245,0.08580756187438965,0.9795036315917969,0.05006814002990723
,,,,,,,,,2246,0.08541560173034668,0.9911823272705078,0.022625446319580078
,,,,,,,,,2247,0.0882115364074707,0.9888248443603516,0.028238432481884956
,,,,,,,,,2248,0.08610987663269043,0.9874420166015625,0.031974971294403076
,,,,,,,,,2249,0.08657169342041016,0.9890995025634766,0.027393735945224762
,,,,,,,,,2250,0.08550572395324707,0.9873809814453125,0.03169489651918411
,,,,,,,,,2251,0.08722233772277832,0.9925117492675781,0.020218288525938988
,,,,,,,,,2252,0.08571481704711914,0.9898166656494141,0.025730492547154427
,,,,,,,,,2253,0.08577942848205566,0.9889240264892578,0.02699889987707138
,,,,,,,,,2254,0.08804082870483398,0.985870361328125,0.03491802513599396
,,,,,,,,,2255,0.08569622039794922,0.9869670867919922,0.03537071868777275
,,,,,,,,,2256,0.08642911911010742,0.9911422729492188,0.023012947291135788
,,,,,,,,,2257,0.0855865478515625,0.9883193969726562,0.029978955164551735
,,,,,,,,,2258,0.08575105667114258,0.9773998260498047,0.060087211430072784
,,,,,,,,,2259,0.08543252944946289,0.9860019683837891,0.03667876869440079
,,,,,,,,,2260,0.08589625358581543,0.9804878234863281,0.04840797930955887
,,,,,,,,,2261,0.08857226371765137,0.9879989624023438,0.031886179000139236
,,,,,,,,,2262,0.08543682098388672,0.9887008666992188,0.03068266063928604
,,,,,,,,,2263,0.08627438545227051,0.9882049560546875,0.03314239904284477
,,,,,,,,,2264,0.08535218238830566,0.9880332946777344,0.03138729929924011
,,,,,,,,,2265,0.08551621437072754,0.9818916320800781,0.04074834659695625
,,,,,,,,,2266,0.08557581901550293,0.9853782653808594,0.03751133382320404
,,,,,,,,,2267,0.08554697036743164,0.9907855987548828,0.0244183000177145
,,,,,,,,,2268,0.08699798583984375,0.9849739074707031,0.03480582684278488
,,,,,,,,,2269,0.08553433418273926,0.9890041351318359,0.028104038909077644
,,,,,,,,,2270,0.086181640625,0.9884510040283203,0.030405979603528976
,,,,,,,,,2271,0.08714056015014648,0.9904708862304688,0.023642634972929955
,,,,,,,,,2272,0.08534598350524902,0.9895591735839844,0.025865519419312477
,,,,,,,,,2273,0.08579730987548828,0.9862518310546875,0.036660872399806976
,,,,,,,,,2274,0.08578062057495117,0.9906253814697266,0.023829875513911247
,,,,,,,,,2275,0.08792591094970703,0.9895191192626953,0.026090562343597412
,,,,,,,,,2276,0.08542251586914062,0.9899768829345703,0.026619400829076767
,,,,,,,,,2277,0.08601880073547363,0.9864082336425781,0.035147882997989655
,,,,,,,,,2278,0.08573079109191895,0.9888668060302734,0.027998413890600204
,,,,,,,,,2279,0.0860905647277832,0.9900836944580078,0.028062008321285248
,,,,,,,,,2280,0.08646774291992188,0.9909038543701172,0.024080049246549606
,,,,,,,,,2281,0.08703160285949707,0.9879894256591797,0.028796041384339333
,,,,,,,,,2282,0.08767008781433105,0.9892425537109375,0.026462778449058533
,,,,,,,,,2283,0.0855717658996582,0.9859275817871094,0.03681209310889244
,,,,,,,,,2284,0.08608031272888184,0.9816055297851562,0.04531355947256088
,,,,,,,,,2285,0.08648514747619629,0.9830837249755859,0.03845304623246193
,,,,,,,,,2286,0.08550262451171875,0.9861946105957031,0.03399106115102768
,,,,,,,,,2287,0.08519291877746582,0.9867782592773438,0.03414497897028923
,,,,,,,,,2288,0.08534598350524902,0.9909553527832031,0.024290598928928375
,,,,,,,,,2289,0.08696699142456055,0.9831714630126953,0.03903898596763611
,,,,,,,,,2290,0.08642935752868652,0.9881324768066406,0.030820751562714577
,,,,,,,,,2291,0.08722424507141113,0.9889717102050781,0.028351765125989914
,,,,,,,,,2292,0.08539938926696777,0.9886970520019531,0.02886883169412613
,,,,,,,,,2293,0.08544397354125977,0.9808330535888672,0.048024747520685196
,,,,,,,,,2294,0.08613157272338867,0.9876842498779297,0.033706534653902054
,,,,,,,,,2295,0.08618974685668945,0.9892864227294922,0.027186136692762375
,,,,,,,,,2296,0.08708333969116211,0.9931392669677734,0.018261725082993507
,,,,,,,,,2297,0.08553886413574219,0.9904098510742188,0.02559366263449192
,,,,,,,,,2298,0.08716201782226562,0.9879646301269531,0.031721942126750946
,,,,,,,,,2299,0.08564949035644531,0.9738101959228516,0.058079689741134644
,,,,,,,,,2300,0.08639121055603027,0.9866085052490234,0.03237627446651459
,,,,,,,,,2301,0.08705735206604004,0.9892120361328125,0.028454577550292015
,,,,,,,,,2302,0.08554625511169434,0.9893474578857422,0.027639416977763176
,,,,,,,,,2303,0.0881185531616211,0.9851703643798828,0.034960027784109116
,,,,,,,,,2304,0.08555340766906738,0.9900302886962891,0.02699214592576027
,,,,,,,,,2305,0.08691835403442383,0.9907550811767578,0.023376481607556343
,,,,,,,,,2306,0.08543181419372559,0.9835948944091797,0.04160332307219505
,,,,,,,,,2307,0.0856180191040039,0.9891281127929688,0.02520614117383957
,,,,,,,,,2308,0.08580946922302246,0.9914474487304688,0.01934884302318096
,,,,,,,,,2309,0.08544135093688965,0.9868087768554688,0.035908348858356476
,,,,,,,,,2310,0.08788037300109863,0.9899978637695312,0.02597018890082836
,,,,,,,,,2311,0.08706450462341309,0.9884910583496094,0.02712194062769413
,,,,,,,,,2312,0.08559107780456543,0.9849910736083984,0.03705717995762825
,,,,,,,,,2313,0.08562135696411133,0.9868755340576172,0.031283315271139145
,,,,,,,,,2314,0.08562397956848145,0.9883041381835938,0.029916146770119667
,,,,,,,,,2315,0.08578968048095703,0.9901714324951172,0.025181790813803673
,,,,,,,,,2316,0.08537149429321289,0.9798946380615234,0.053223349153995514
,,,,,,,,,2317,0.08776640892028809,0.9868564605712891,0.03551787883043289
,,,,,,,,,2318,0.08574819564819336,0.9858970642089844,0.03480621427297592
,,,,,,,,,2319,0.08536577224731445,0.9818820953369141,0.04221963882446289
,,,,,,,,,2320,0.08637499809265137,0.9886455535888672,0.028358951210975647
,,,,,,,,,2321,0.08709478378295898,0.9877147674560547,0.030943742021918297
,,,,,,,,,2322,0.08561253547668457,0.9876594543457031,0.031734365969896317
,,,,,,,,,2323,0.08549380302429199,0.9850692749023438,0.036643173545598984
,,,,,,,,,2324,0.08800721168518066,0.9871788024902344,0.030712516978383064
,,,,,,,,,2325,0.08548116683959961,0.9906425476074219,0.02584768831729889
,,,,,,,,,2326,0.08562707901000977,0.9879055023193359,0.03276010975241661
,,,,,,,,,2327,0.08598017692565918,0.9810810089111328,0.047067876905202866
,,,,,,,,,2328,0.08563041687011719,0.9925632476806641,0.020129196345806122
,,,,,,,,,2329,0.08551621437072754,0.9873905181884766,0.03172358497977257
,,,,,,,,,2330,0.08548641204833984,0.9862136840820312,0.03392466902732849
,,,,,,,,,2331,0.08853840827941895,0.990234375,0.026337062940001488
,,,,,,,,,2332,0.08589577674865723,0.9787063598632812,0.049095481634140015
,,,,,,,,,2333,0.08570265769958496,0.9845104217529297,0.04026620462536812
,,,,,,,,,2334,0.08538317680358887,0.988739013671875,0.027691224589943886
,,,,,,,,,2335,0.08552789688110352,0.9885959625244141,0.030650470405817032
,,,,,,,,,2336,0.08561158180236816,0.9835395812988281,0.04035544395446777
,,,,,,,,,2337,0.08655738830566406,0.9859752655029297,0.03535652160644531
,,,,,,,,,2338,0.08708071708679199,0.9854507446289062,0.037049997597932816
,,,,,,,,,2339,0.08534741401672363,0.9832916259765625,0.04023989289999008
,,,,,,,,,2340,0.08572745323181152,0.9880924224853516,0.031567007303237915
,,,,,,,,,2341,0.0873103141784668,0.9847545623779297,0.040257878601551056
,,,,,,,,,2342,0.08557510375976562,0.9824542999267578,0.04270927608013153
,,,,,,,,,2343,0.0857853889465332,0.9871540069580078,0.03105131909251213
,,,,,,,,,2344,0.08542943000793457,0.9909744262695312,0.023437239229679108
,,,,,,,,,2345,0.08763551712036133,0.9880180358886719,0.030854614451527596
,,,,,,,,,2346,0.08566641807556152,0.9909400939941406,0.023500610142946243
,,,,,,,,,2347,0.0863349437713623,0.9843063354492188,0.04361378401517868
,,,,,,,,,2348,0.08560705184936523,0.9854450225830078,0.03829146921634674
,,,,,,,,,2349,0.08576059341430664,0.9920139312744141,0.021128859370946884
,,,,,,,,,2350,0.08545184135437012,0.9870243072509766,0.03365331515669823
,,,,,,,,,2351,0.08715987205505371,0.9875087738037109,0.03144488483667374
,,,,,,,,,2352,0.08731818199157715,0.9873371124267578,0.033143654465675354
,,,,,,,,,2353,0.08568501472473145,0.9874134063720703,0.03404625505208969
,,,,,,,,,2354,0.08574247360229492,0.9909420013427734,0.024159923195838928
,,,,,,,,,2355,0.08590531349182129,0.98876953125,0.02722773142158985
,,,,,,,,,2356,0.08564972877502441,0.9901046752929688,0.023395352065563202
,,,,,,,,,2357,0.08591985702514648,0.9879550933837891,0.031320855021476746
,,,,,,,,,2358,0.08547258377075195,0.9908237457275391,0.024786420166492462
,,,,,,,,,2359,0.08745789527893066,0.9831809997558594,0.047942399978637695
,,,,,,,,,2360,0.08562278747558594,0.9905567169189453,0.0243477001786232
,,,,,,,,,2361,0.08709859848022461,0.9880752563476562,0.030199233442544937
,,,,,,,,,2362,0.08633017539978027,0.9920406341552734,0.023816341534256935
,,,,,,,,,2363,0.0854794979095459,0.9861335754394531,0.03473228961229324
,,,,,,,,,2364,0.08717703819274902,0.9894580841064453,0.025885697454214096
,,,,,,,,,2365,0.08584475517272949,0.9880332946777344,0.029108256101608276
,,,,,,,,,2366,0.08737874031066895,0.9893608093261719,0.027073843404650688
,,,,,,,,,2367,0.08583593368530273,0.9877662658691406,0.030217016115784645
,,,,,,,,,2368,0.08568263053894043,0.9788131713867188,0.051567088812589645
,,,,,,,,,2369,0.08605551719665527,0.9898033142089844,0.027253661304712296
,,,,,,,,,2370,0.08601117134094238,0.9820289611816406,0.04361601918935776
,,,,,,,,,2371,0.08710122108459473,0.9900150299072266,0.026215597987174988
,,,,,,,,,2372,0.08540773391723633,0.9952793121337891,0.015146490186452866
,,,,,,,,,2373,0.08738899230957031,0.9812755584716797,0.042960815131664276
,,,,,,,,,2374,0.08665251731872559,0.9842700958251953,0.03930952027440071
,,,,,,,,,2375,0.08544635772705078,0.9891071319580078,0.028965486213564873
,,,,,,,,,2376,0.08553647994995117,0.9885272979736328,0.030810274183750153
,,,,,,,,,2377,0.08554720878601074,0.9892253875732422,0.028060100972652435
,,,,,,,,,2378,0.08556962013244629,0.9863052368164062,0.03503092750906944
,,,,,,,,,2379,0.08646583557128906,0.9768924713134766,0.0581955648958683
,,,,,,,,,2380,0.08756899833679199,0.9885654449462891,0.029162365943193436
,,,,,,,,,2381,0.08745336532592773,0.9909172058105469,0.023214498534798622
,,,,,,,,,2382,0.08546900749206543,0.9942646026611328,0.016288915649056435
,,,,,,,,,2383,0.08574533462524414,0.9790687561035156,0.04968312755227089
,,,,,,,,,2384,0.08650636672973633,0.9902667999267578,0.02627209946513176
,,,,,,,,,2385,0.0870358943939209,0.9900341033935547,0.025852525606751442
,,,,,,,,,2386,0.08558034896850586,0.9885215759277344,0.02954854816198349
,,,,,,,,,2387,0.08731389045715332,0.9896678924560547,0.02611914463341236
,,,,,,,,,2388,0.08573794364929199,0.9861068725585938,0.03396724537014961
,,,,,,,,,2389,0.08630990982055664,0.9868087768554688,0.03321382775902748
,,,,,,,,,2390,0.0854032039642334,0.9896945953369141,0.026463862508535385
,,,,,,,,,2391,0.08848977088928223,0.9842777252197266,0.0368235819041729
,,,,,,,,,2392,0.08686590194702148,0.98681640625,0.034042395651340485
,,,,,,,,,2393,0.08612680435180664,0.9899711608886719,0.024300698190927505
,,,,,,,,,2394,0.08773636817932129,0.9773597717285156,0.05404146760702133
,,,,,,,,,2395,0.08570361137390137,0.9855079650878906,0.03934352472424507
,,,,,,,,,2396,0.08545970916748047,0.9856281280517578,0.03652036562561989
,,,,,,,,,2397,0.08578753471374512,0.9839096069335938,0.04133031144738197
,,,,,,,,,2398,0.08541989326477051,0.990997314453125,0.024761654436588287
,,,,,,,,,2399,0.08700942993164062,0.9897975921630859,0.026603180915117264
,,,,,,,,,2400,0.08575248718261719,0.9880847930908203,0.031563617289066315
,,,,,,,,,2401,0.08892083168029785,0.9860267639160156,0.03497257083654404
,,,,,,,,,2402,0.08556938171386719,0.9840240478515625,0.039944183081388474
,,,,,,,,,2403,0.08601212501525879,0.9908103942871094,0.0242917500436306
,,,,,,,,,2404,0.08636283874511719,0.9883823394775391,0.030390987172722816
,,,,,,,,,2405,0.0855262279510498,0.9874382019042969,0.03595256060361862
,,,,,,,,,2406,0.08606553077697754,0.9905281066894531,0.025049276649951935
,,,,,,,,,2407,0.08553862571716309,0.9905891418457031,0.023083919659256935
,,,,,,,,,2408,0.08770632743835449,0.9881553649902344,0.030993033200502396
,,,,,,,,,2409,0.08606243133544922,0.9870433807373047,0.03253770247101784
,,,,,,,,,2410,0.085723876953125,0.9903507232666016,0.02609957940876484
,,,,,,,,,2411,0.08762335777282715,0.9912071228027344,0.02322923205792904
,,,,,,,,,2412,0.08537912368774414,0.9839210510253906,0.044226616621017456
,,,,,,,,,2413,0.08633732795715332,0.9881267547607422,0.029616214334964752
,,,,,,,,,2414,0.08559107780456543,0.9892387390136719,0.02663680538535118
,,,,,,,,,2415,0.08684039115905762,0.9901866912841797,0.023946844041347504
,,,,,,,,,2416,0.08569741249084473,0.9855422973632812,0.03466741368174553
,,,,,,,,,2417,0.08538293838500977,0.9844474792480469,0.03742706775665283
,,,,,,,,,2418,0.08542084693908691,0.9873561859130859,0.031468767672777176
,,,,,,,,,2419,0.0853734016418457,0.9908180236816406,0.02327391877770424
,,,,,,,,,2420,0.08597707748413086,0.9908618927001953,0.0240849070250988
,,,,,,,,,2421,0.08715558052062988,0.9815235137939453,0.04421817883849144
,,,,,,,,,2422,0.08675193786621094,0.9910564422607422,0.024170370772480965
,,,,,,,,,2423,0.0855553150177002,0.9925498962402344,0.020409388467669487
,,,,,,,,,2424,0.08550143241882324,0.9897899627685547,0.025090569630265236
,,,,,,,,,2425,0.08577704429626465,0.9877071380615234,0.03138300031423569
,,,,,,,,,2426,0.08572602272033691,0.9819507598876953,0.048240408301353455
,,,,,,,,,2427,0.08690190315246582,0.9866218566894531,0.03314663842320442
,,,,,,,,,2428,0.08539628982543945,0.9862232208251953,0.0327649749815464
,,,,,,,,,2429,0.08715510368347168,0.9879322052001953,0.029410483315587044
,,,,,,,,,2430,0.08582353591918945,0.991546630859375,0.021897850558161736
,,,,,,,,,2431,0.0871880054473877,0.9863471984863281,0.03586297109723091
,,,,,,,,,2432,0.08564066886901855,0.9860057830810547,0.036216240376234055
,,,,,,,,,2433,0.08546781539916992,0.9886627197265625,0.029586149379611015
,,,,,,,,,2434,0.08695363998413086,0.9883213043212891,0.02972618117928505
,,,,,,,,,2435,0.08558106422424316,0.9724903106689453,0.06309998780488968
,,,,,,,,,2436,0.08711576461791992,0.9885597229003906,0.028206106275320053
,,,,,,,,,2437,0.08571600914001465,0.99102783203125,0.02302049845457077
,,,,,,,,,2438,0.0854499340057373,0.9889659881591797,0.02785187028348446
,,,,,,,,,2439,0.08592653274536133,0.9850368499755859,0.03674124926328659
,,,,,,,,,2440,0.08544516563415527,0.9748497009277344,0.0638154074549675
,,,,,,,,,2441,0.08908677101135254,0.9862594604492188,0.03604988381266594
,,,,,,,,,2442,0.08796381950378418,0.9869041442871094,0.03128498047590256
,,,,,,,,,2443,0.0892333984375,0.9902420043945312,0.025022314861416817
,,,,,,,,,2444,0.08552837371826172,0.9872093200683594,0.02937498316168785
,,,,,,,,,2445,0.08624935150146484,0.9879665374755859,0.02962382324039936
,,,,,,,,,2446,0.08600521087646484,0.9885635375976562,0.03075937181711197
,,,,,,,,,2447,0.08627796173095703,0.9910640716552734,0.02314075082540512
,,,,,,,,,2448,0.08640432357788086,0.981048583984375,0.04527798295021057
,,,,,,,,,2449,0.08540558815002441,0.9878597259521484,0.03105500340461731
,,,,,,,,,2450,0.08737826347351074,0.9891128540039062,0.026522226631641388
,,,,,,,,,2451,0.08702731132507324,0.9832267761230469,0.04326070845127106
,,,,,,,,,2452,0.08584356307983398,0.9921855926513672,0.020697010681033134
,,,,,,,,,2453,0.08565545082092285,0.9855613708496094,0.036264583468437195
,,,,,,,,,2454,0.08565568923950195,0.9903202056884766,0.02561138942837715
,,,,,,,,,2455,0.08538007736206055,0.982757568359375,0.04251924157142639
,,,,,,,,,2456,0.08573007583618164,0.9868316650390625,0.031808629631996155
,,,,,,,,,2457,0.0872809886932373,0.9862689971923828,0.03432251513004303
,,,,,,,,,2458,0.08570003509521484,0.9899482727050781,0.023890668526291847
,,,,,,,,,2459,0.08578777313232422,0.9876556396484375,0.03276862949132919
,,,,,,,,,2460,0.08569073677062988,0.9860553741455078,0.03413417190313339
,,,,,,,,,2461,0.08784174919128418,0.9898204803466797,0.02659348025918007
,,,,,,,,,2462,0.08568978309631348,0.9854316711425781,0.03606996685266495
,,,,,,,,,2463,0.0855264663696289,0.9861640930175781,0.03447194769978523
,,,,,,,,,2464,0.08773231506347656,0.9854202270507812,0.03713906183838844
,,,,,,,,,2465,0.08548164367675781,0.9901256561279297,0.02574031800031662
,,,,,,,,,2466,0.08542704582214355,0.9902610778808594,0.024450715631246567
,,,,,,,,,2467,0.0857384204864502,0.9903545379638672,0.02530808374285698
,,,,,,,,,2468,0.08589744567871094,0.9901142120361328,0.0262349434196949
,,,,,,,,,2469,0.08688569068908691,0.9913921356201172,0.023445961996912956
,,,,,,,,,2470,0.08568954467773438,0.9950847625732422,0.013935238122940063
,,,,,,,,,2471,0.0886678695678711,0.9864997863769531,0.03362231329083443
,,,,,,,,,2472,0.08562064170837402,0.9884986877441406,0.029544159770011902
,,,,,,,,,2473,0.08541226387023926,0.9943141937255859,0.01639549434185028
,,,,,,,,,2474,0.08542776107788086,0.9915084838867188,0.024808598682284355
,,,,,,,,,2475,0.08573579788208008,0.9894676208496094,0.02758706919848919
,,,,,,,,,2476,0.08733534812927246,0.9884166717529297,0.028771908953785896
,,,,,,,,,2477,0.08568811416625977,0.9882068634033203,0.02995130978524685
,,,,,,,,,2478,0.08679509162902832,0.9880790710449219,0.03193264082074165
,,,,,,,,,2479,0.08539247512817383,0.9894733428955078,0.02798262983560562
,,,,,,,,,2480,0.08558917045593262,0.9895362854003906,0.026801498606801033
,,,,,,,,,2481,0.08743119239807129,0.9911365509033203,0.02373337745666504
,,,,,,,,,2482,0.08552789688110352,0.9872512817382812,0.032763633877038956
,,,,,,,,,2483,0.08608770370483398,0.9712352752685547,0.06911967694759369
,,,,,,,,,2484,0.08564519882202148,0.9931297302246094,0.01983044296503067
,,,,,,,,,2485,0.08713126182556152,0.9817352294921875,0.04576070234179497
,,,,,,,,,2486,0.08556175231933594,0.9881687164306641,0.029635414481163025
,,,,,,,,,2487,0.0855858325958252,0.9896831512451172,0.027139311656355858
,,,,,,,,,2488,0.08648300170898438,0.9865055084228516,0.034116774797439575
,,,,,,,,,2489,0.08542156219482422,0.9893150329589844,0.026381948962807655
,,,,,,,,,2490,0.08807253837585449,0.9892768859863281,0.027430415153503418
,,,,,,,,,2491,0.08722209930419922,0.9876022338867188,0.029741156846284866
,,,,,,,,,2492,0.08709716796875,0.9833335876464844,0.04119395464658737
,,,,,,,,,2493,0.08550596237182617,0.9869041442871094,0.030591467395424843
,,,,,,,,,2494,0.08542275428771973,0.9827213287353516,0.041079141199588776
,,,,,,,,,2495,0.08584141731262207,0.9843006134033203,0.04133054241538048
,,,,,,,,,2496,0.08550143241882324,0.9848976135253906,0.03637673333287239
,,,,,,,,,2497,0.08696794509887695,0.9820404052734375,0.04784003645181656
,,,,,,,,,2498,0.08632802963256836,0.9902057647705078,0.025549685582518578
,,,,,,,,,2499,0.08604860305786133,0.985260009765625,0.03713066503405571
0.6309424232424958,27635,20458,0.46085893972175823,0.9880189233896683,0.6677169958419958,0.5980071277911121,3924877,41110,2500,0.0858912467956543,0.9862918853759766,0.03428521752357483
,,,,,,,,,2501,0.08661031723022461,0.9885196685791016,0.031098010018467903
,,,,,,,,,2502,0.08521270751953125,0.9828453063964844,0.04243215546011925
,,,,,,,,,2503,0.08541059494018555,0.9892177581787109,0.026519348844885826
,,,,,,,,,2504,0.08661055564880371,0.9892368316650391,0.025148507207632065
,,,,,,,,,2505,0.08584189414978027,0.9838333129882812,0.041067156940698624
,,,,,,,,,2506,0.08526730537414551,0.9894866943359375,0.025420324876904488
,,,,,,,,,2507,0.08545541763305664,0.9872055053710938,0.0309742521494627
,,,,,,,,,2508,0.08559417724609375,0.9883079528808594,0.02936018817126751
,,,,,,,,,2509,0.08577275276184082,0.9821910858154297,0.04458650201559067
,,,,,,,,,2510,0.08557486534118652,0.9894294738769531,0.027807364240288734
,,,,,,,,,2511,0.0888679027557373,0.9928398132324219,0.020495928823947906
,,,,,,,,,2512,0.08526825904846191,0.9858131408691406,0.03461245819926262
,,,,,,,,,2513,0.08540749549865723,0.9879226684570312,0.030994031578302383
,,,,,,,,,2514,0.08546900749206543,0.9896450042724609,0.02657812088727951
,,,,,,,,,2515,0.08532905578613281,0.9865913391113281,0.035315725952386856
,,,,,,,,,2516,0.08548593521118164,0.9902057647705078,0.02642662823200226
,,,,,,,,,2517,0.08537769317626953,0.9916000366210938,0.021344464272260666
,,,,,,,,,2518,0.0875711441040039,0.9854183197021484,0.035531185567379
,,,,,,,,,2519,0.08556652069091797,0.9739284515380859,0.05970880389213562
,,,,,,,,,2520,0.08530139923095703,0.9860382080078125,0.035085279494524
,,,,,,,,,2521,0.08667874336242676,0.9893016815185547,0.02829812839627266
,,,,,,,,,2522,0.08548808097839355,0.9912452697753906,0.02420329675078392
,,,,,,,,,2523,0.08574819564819336,0.9891624450683594,0.029442178085446358
,,,,,,,,,2524,0.08524632453918457,0.9852790832519531,0.03671402484178543
,,,,,,,,,2525,0.08650040626525879,0.9932498931884766,0.019982142373919487
,,,,,,,,,2526,0.08517980575561523,0.9891624450683594,0.027411339804530144
,,,,,,,,,2527,0.08530402183532715,0.9852886199951172,0.03558797389268875
,,,,,,,,,2528,0.0863950252532959,0.9905624389648438,0.023636136204004288
,,,,,,,,,2529,0.08542943000793457,0.9879894256591797,0.03543238714337349
,,,,,,,,,2530,0.08630251884460449,0.9823284149169922,0.04959362372756004
,,,,,,,,,2531,0.0870819091796875,0.9931106567382812,0.018658116459846497
,,,,,,,,,2532,0.08672523498535156,0.989410400390625,0.027296004816889763
,,,,,,,,,2533,0.08563041687011719,0.9918270111083984,0.021955404430627823
,,,,,,,,,2534,0.08540177345275879,0.9888114929199219,0.030864397063851357
,,,,,,,,,2535,0.08516812324523926,0.9899501800537109,0.027143795043230057
,,,,,,,,,2536,0.08531856536865234,0.9875507354736328,0.03099738247692585
,,,,,,,,,2537,0.08764958381652832,0.9824123382568359,0.04810551926493645
,,,,,,,,,2538,0.08611559867858887,0.9821624755859375,0.04193431884050369
,,,,,,,,,2539,0.08591103553771973,0.9904937744140625,0.02441946230828762
,,,,,,,,,2540,0.08531928062438965,0.9842166900634766,0.04053695872426033
,,,,,,,,,2541,0.08710503578186035,0.9850616455078125,0.03795882314443588
,,,,,,,,,2542,0.08562517166137695,0.9865932464599609,0.03260834515094757
,,,,,,,,,2543,0.08533620834350586,0.9845218658447266,0.0362265408039093
,,,,,,,,,2544,0.08743810653686523,0.9876079559326172,0.02993045188486576
,,,,,,,,,2545,0.08534955978393555,0.9881935119628906,0.029897574335336685
,,,,,,,,,2546,0.08586239814758301,0.98724365234375,0.03168446943163872
,,,,,,,,,2547,0.08561086654663086,0.9866847991943359,0.0335964597761631
,,,,,,,,,2548,0.08643579483032227,0.9880332946777344,0.02981903962790966
,,,,,,,,,2549,0.08533453941345215,0.9878578186035156,0.030463121831417084
,,,,,,,,,2550,0.08565497398376465,0.9891281127929688,0.027851592749357224
,,,,,,,,,2551,0.08769869804382324,0.9894218444824219,0.02738850936293602
,,,,,,,,,2552,0.08544373512268066,0.9894657135009766,0.026742417365312576
,,,,,,,,,2553,0.08598065376281738,0.9898223876953125,0.024746326729655266
,,,,,,,,,2554,0.08530235290527344,0.9839096069335938,0.03822416812181473
,,,,,,,,,2555,0.08544683456420898,0.9853363037109375,0.0362793430685997
,,,,,,,,,2556,0.08547329902648926,0.9882469177246094,0.030040258541703224
,,,,,,,,,2557,0.08539867401123047,0.9876232147216797,0.033198870718479156
,,,,,,,,,2558,0.08684682846069336,0.990325927734375,0.02388334833085537
,,,,,,,,,2559,0.08595895767211914,0.9873828887939453,0.03144363686442375
,,,,,,,,,2560,0.08629727363586426,0.9876251220703125,0.031811248511075974
,,,,,,,,,2561,0.08684921264648438,0.9855937957763672,0.035861242562532425
,,,,,,,,,2562,0.08556294441223145,0.982879638671875,0.043936166912317276
,,,,,,,,,2563,0.08551502227783203,0.9834842681884766,0.037844739854335785
,,,,,,,,,2564,0.08536362648010254,0.988433837890625,0.027981437742710114
,,,,,,,,,2565,0.08754920959472656,0.9899024963378906,0.026896215975284576
,,,,,,,,,2566,0.08537101745605469,0.9889640808105469,0.027955953031778336
,,,,,,,,,2567,0.08532238006591797,0.9922542572021484,0.019958792254328728
,,,,,,,,,2568,0.08525276184082031,0.9789772033691406,0.05113009363412857
,,,,,,,,,2569,0.08527326583862305,0.9916820526123047,0.022965142503380775
,,,,,,,,,2570,0.08546090126037598,0.9921646118164062,0.019963489845395088
,,,,,,,,,2571,0.08684015274047852,0.9837913513183594,0.042338233441114426
,,,,,,,,,2572,0.0871419906616211,0.9776782989501953,0.05246742069721222
,,,,,,,,,2573,0.08536028861999512,0.9934749603271484,0.017512207850813866
,,,,,,,,,2574,0.08583950996398926,0.9837207794189453,0.03784043341875076
,,,,,,,,,2575,0.0857686996459961,0.9864158630371094,0.033860836178064346
,,,,,,,,,2576,0.08548498153686523,0.9726524353027344,0.06245603412389755
,,,,,,,,,2577,0.08560848236083984,0.9889450073242188,0.028041096404194832
,,,,,,,,,2578,0.08525204658508301,0.9854145050048828,0.035449132323265076
,,,,,,,,,2579,0.08723926544189453,0.9892978668212891,0.030081946402788162
,,,,,,,,,2580,0.08575725555419922,0.9914207458496094,0.024183599278330803
,,,,,,,,,2581,0.08718013763427734,0.9923419952392578,0.02369784377515316
,,,,,,,,,2582,0.08525276184082031,0.9898777008056641,0.025819934904575348
,,,,,,,,,2583,0.08532118797302246,0.9884872436523438,0.02883927710354328
,,,,,,,,,2584,0.08539485931396484,0.9867134094238281,0.032918479293584824
,,,,,,,,,2585,0.08641600608825684,0.9864273071289062,0.03634456917643547
,,,,,,,,,2586,0.08713698387145996,0.9886188507080078,0.02959159016609192
,,,,,,,,,2587,0.08558297157287598,0.9885406494140625,0.028293605893850327
,,,,,,,,,2588,0.08537507057189941,0.9883575439453125,0.027993515133857727
,,,,,,,,,2589,0.08557653427124023,0.9885425567626953,0.028557144105434418
,,,,,,,,,2590,0.0868229866027832,0.9903068542480469,0.024479441344738007
,,,,,,,,,2591,0.0869591236114502,0.9920463562011719,0.020431196317076683
,,,,,,,,,2592,0.08518767356872559,0.9922142028808594,0.01955469883978367
,,,,,,,,,2593,0.08703017234802246,0.9865970611572266,0.033320482820272446
,,,,,,,,,2594,0.08563089370727539,0.987884521484375,0.028310256078839302
,,,,,,,,,2595,0.08654284477233887,0.9777145385742188,0.05436491593718529
,,,,,,,,,2596,0.08521652221679688,0.9864597320556641,0.03371862322092056
,,,,,,,,,2597,0.08531689643859863,0.9851551055908203,0.03701882064342499
,,,,,,,,,2598,0.08669257164001465,0.9874191284179688,0.030602851882576942
,,,,,,,,,2599,0.08545041084289551,0.98919677734375,0.027101943269371986
,,,,,,,,,2600,0.08752679824829102,0.989532470703125,0.028366459533572197
,,,,,,,,,2601,0.08678674697875977,0.9812908172607422,0.04544124752283096
,,,,,,,,,2602,0.08648061752319336,0.9893283843994141,0.025938551872968674
,,,,,,,,,2603,0.08567404747009277,0.9936332702636719,0.017154471948742867
,,,,,,,,,2604,0.0857858657836914,0.9761505126953125,0.06322377920150757
,,,,,,,,,2605,0.08696675300598145,0.9849090576171875,0.040389277040958405
,,,,,,,,,2606,0.08524227142333984,0.9880599975585938,0.02988482639193535
,,,,,,,,,2607,0.08670473098754883,0.9871597290039062,0.03230353072285652
,,,,,,,,,2608,0.08552932739257812,0.987152099609375,0.03329081833362579
,,,,,,,,,2609,0.08592867851257324,0.9847488403320312,0.04183182865381241
,,,,,,,,,2610,0.08626127243041992,0.9798736572265625,0.0489494651556015
,,,,,,,,,2611,0.08780121803283691,0.9886054992675781,0.031099675223231316
,,,,,,,,,2612,0.08610081672668457,0.9893589019775391,0.026666074991226196
,,,,,,,,,2613,0.08541393280029297,0.9816856384277344,0.044560980051755905
,,,,,,,,,2614,0.08667397499084473,0.9867877960205078,0.03256342187523842
,,,,,,,,,2615,0.08637213706970215,0.9871082305908203,0.03424983471632004
,,,,,,,,,2616,0.08654522895812988,0.9896659851074219,0.029457272961735725
,,,,,,,,,2617,0.08569693565368652,0.9843864440917969,0.03735800459980965
,,,,,,,,,2618,0.08538675308227539,0.9823150634765625,0.04293087497353554
,,,,,,,,,2619,0.08681511878967285,0.9871177673339844,0.03390707075595856
,,,,,,,,,2620,0.08611416816711426,0.9756736755371094,0.058563731610774994
,,,,,,,,,2621,0.08825063705444336,0.9905948638916016,0.02565152943134308
,,,,,,,,,2622,0.08557724952697754,0.9903984069824219,0.02602541819214821
,,,,,,,,,2623,0.08521795272827148,0.9822921752929688,0.04164348542690277
,,,,,,,,,2624,0.08558440208435059,0.9886131286621094,0.029682761058211327
,,,,,,,,,2625,0.08594250679016113,0.9860000610351562,0.03572255000472069
,,,,,,,,,2626,0.08673524856567383,0.9906558990478516,0.024314897134900093
,,,,,,,,,2627,0.08550167083740234,0.9946384429931641,0.017855411395430565
,,,,,,,,,2628,0.08639097213745117,0.9859695434570312,0.03396625071763992
,,,,,,,,,2629,0.0855560302734375,0.9871311187744141,0.0289395060390234
,,,,,,,,,2630,0.08541345596313477,0.9888629913330078,0.02822081185877323
,,,,,,,,,2631,0.08663105964660645,0.98846435546875,0.028887571766972542
,,,,,,,,,2632,0.08551740646362305,0.97943115234375,0.0480438768863678
,,,,,,,,,2633,0.08700704574584961,0.9898815155029297,0.02561606653034687
,,,,,,,,,2634,0.08555769920349121,0.9860496520996094,0.03384103626012802
,,,,,,,,,2635,0.08585357666015625,0.9899272918701172,0.02521589770913124
,,,,,,,,,2636,0.08589696884155273,0.98760986328125,0.029893184080719948
,,,,,,,,,2637,0.08605718612670898,0.9858665466308594,0.03510219231247902
,,,,,,,,,2638,0.0854036808013916,0.9882240295410156,0.03029814548790455
,,,,,,,,,2639,0.0855259895324707,0.9901752471923828,0.024857167154550552
,,,,,,,,,2640,0.08684086799621582,0.9878044128417969,0.03230122849345207
,,,,,,,,,2641,0.08714413642883301,0.993194580078125,0.01782214641571045
,,,,,,,,,2642,0.08672547340393066,0.9937801361083984,0.016461720690131187
,,,,,,,,,2643,0.08537983894348145,0.9837837219238281,0.039676930755376816
,,,,,,,,,2644,0.08568787574768066,0.9915103912353516,0.022472567856311798
,,,,,,,,,2645,0.08576297760009766,0.989532470703125,0.02984870783984661
,,,,,,,,,2646,0.0855255126953125,0.9918479919433594,0.019182484596967697
,,,,,,,,,2647,0.08778190612792969,0.9888153076171875,0.03094523772597313
,,,,,,,,,2648,0.08553290367126465,0.9922542572021484,0.02007257007062435
,,,,,,,,,2649,0.08683419227600098,0.9856967926025391,0.03580533340573311
,,,,,,,,,2650,0.08569931983947754,0.9860420227050781,0.03444842994213104
,,,,,,,,,2651,0.0869593620300293,0.9907417297363281,0.02356635220348835
,,,,,,,,,2652,0.08533811569213867,0.9897003173828125,0.026055674999952316
,,,,,,,,,2653,0.0855720043182373,0.9883060455322266,0.03043440356850624
,,,,,,,,,2654,0.08681750297546387,0.9883346557617188,0.028440870344638824
,,,,,,,,,2655,0.0853421688079834,0.9870471954345703,0.030727462843060493
,,,,,,,,,2656,0.08588814735412598,0.9898643493652344,0.024441562592983246
,,,,,,,,,2657,0.0863027572631836,0.9892368316650391,0.027927719056606293
,,,,,,,,,2658,0.08567929267883301,0.9888553619384766,0.027868859469890594
,,,,,,,,,2659,0.0856788158416748,0.9899711608886719,0.02540607377886772
,,,,,,,,,2660,0.08554434776306152,0.9872112274169922,0.03227861225605011
,,,,,,,,,2661,0.08775639533996582,0.9879646301269531,0.03072318062186241
,,,,,,,,,2662,0.0859992504119873,0.9865932464599609,0.03397751599550247
,,,,,,,,,2663,0.08562660217285156,0.9852218627929688,0.0370771661400795
,,,,,,,,,2664,0.08562111854553223,0.9922103881835938,0.01958947442471981
,,,,,,,,,2665,0.08556580543518066,0.9863853454589844,0.036793507635593414
,,,,,,,,,2666,0.08539319038391113,0.9881820678710938,0.029085790738463402
,,,,,,,,,2667,0.08630251884460449,0.9886665344238281,0.028691142797470093
,,,,,,,,,2668,0.08826947212219238,0.9903087615966797,0.025941386818885803
,,,,,,,,,2669,0.08534955978393555,0.9907550811767578,0.023683076724410057
,,,,,,,,,2670,0.08577561378479004,0.9933013916015625,0.01860673725605011
,,,,,,,,,2671,0.0870821475982666,0.9892749786376953,0.02701640874147415
,,,,,,,,,2672,0.08545255661010742,0.9871635437011719,0.0320110060274601
,,,,,,,,,2673,0.08563828468322754,0.9881992340087891,0.03189873695373535
,,,,,,,,,2674,0.08541274070739746,0.9884033203125,0.030121777206659317
,,,,,,,,,2675,0.08649039268493652,0.9876346588134766,0.033727049827575684
,,,,,,,,,2676,0.0853877067565918,0.9844532012939453,0.0410410612821579
,,,,,,,,,2677,0.08637452125549316,0.9911575317382812,0.022236725315451622
,,,,,,,,,2678,0.08559727668762207,0.9896106719970703,0.02830551378428936
,,,,,,,,,2679,0.08555889129638672,0.9839496612548828,0.03880620002746582
,,,,,,,,,2680,0.08559489250183105,0.9881229400634766,0.028760520741343498
,,,,,,,,,2681,0.08621525764465332,0.9866313934326172,0.03335290029644966
,,,,,,,,,2682,0.08789658546447754,0.9865684509277344,0.03304445743560791
,,,,,,,,,2683,0.08538436889648438,0.9850788116455078,0.036755915731191635
,,,,,,,,,2684,0.08575868606567383,0.9880123138427734,0.029797552153468132
,,,,,,,,,2685,0.08549165725708008,0.9885635375976562,0.028396563604474068
,,,,,,,,,2686,0.08540773391723633,0.9870510101318359,0.03547412157058716
,,,,,,,,,2687,0.08580994606018066,0.98748779296875,0.03427991643548012
,,,,,,,,,2688,0.08525300025939941,0.9876346588134766,0.03065502643585205
,,,,,,,,,2689,0.08825993537902832,0.9877967834472656,0.030865229666233063
,,,,,,,,,2690,0.08579778671264648,0.9890899658203125,0.02605454809963703
,,,,,,,,,2691,0.08735322952270508,0.987396240234375,0.032409340143203735
,,,,,,,,,2692,0.08573508262634277,0.9894657135009766,0.027256416156888008
,,,,,,,,,2693,0.0859060287475586,0.9900970458984375,0.024748994037508965
,,,,,,,,,2694,0.0883948802947998,0.9849853515625,0.03762413561344147
,,,,,,,,,2695,0.08806443214416504,0.9885044097900391,0.029025603085756302
,,,,,,,,,2696,0.08877229690551758,0.9838600158691406,0.04246190935373306
,,,,,,,,,2697,0.08646178245544434,0.98785400390625,0.029416263103485107
,,,,,,,,,2698,0.08669281005859375,0.9908390045166016,0.023443982005119324
,,,,,,,,,2699,0.08637166023254395,0.9894161224365234,0.027348335832357407
,,,,,,,,,2700,0.08540081977844238,0.9865703582763672,0.03212829679250717
,,,,,,,,,2701,0.08725690841674805,0.9759788513183594,0.056947432458400726
,,,,,,,,,2702,0.08543872833251953,0.9868011474609375,0.033083878457546234
,,,,,,,,,2703,0.08786606788635254,0.9832782745361328,0.04184381291270256
,,,,,,,,,2704,0.08634781837463379,0.9922866821289062,0.020987091585993767
,,,,,,,,,2705,0.08654618263244629,0.9843654632568359,0.04049906134605408
,,,,,,,,,2706,0.08611583709716797,0.9866161346435547,0.03406672552227974
,,,,,,,,,2707,0.08563685417175293,0.9909133911132812,0.021953579038381577
,,,,,,,,,2708,0.08559441566467285,0.9872074127197266,0.03282139077782631
,,,,,,,,,2709,0.0861506462097168,0.9847221374511719,0.038844186812639236
,,,,,,,,,2710,0.08791756629943848,0.9851169586181641,0.03779776394367218
,,,,,,,,,2711,0.08699560165405273,0.9880828857421875,0.031079137697815895
,,,,,,,,,2712,0.08579802513122559,0.9875392913818359,0.03336231783032417
,,,,,,,,,2713,0.08534049987792969,0.9888706207275391,0.02734905108809471
,,,,,,,,,2714,0.08648324012756348,0.9879913330078125,0.0291222482919693
,,,,,,,,,2715,0.08568549156188965,0.9880409240722656,0.03132276609539986
,,,,,,,,,2716,0.08562874794006348,0.9874858856201172,0.031854260712862015
,,,,,,,,,2717,0.08876204490661621,0.9912948608398438,0.022995123639702797
,,,,,,,,,2718,0.08540511131286621,0.9907455444335938,0.023569529876112938
,,,,,,,,,2719,0.08599710464477539,0.992828369140625,0.022723494097590446
,,,,,,,,,2720,0.0857846736907959,0.988189697265625,0.028659682720899582
,,,,,,,,,2721,0.08716273307800293,0.9853477478027344,0.037843722850084305
,,,,,,,,,2722,0.08564233779907227,0.9926910400390625,0.020144661888480186
,,,,,,,,,2723,0.08555436134338379,0.9856815338134766,0.03744446113705635
,,,,,,,,,2724,0.08710956573486328,0.9764804840087891,0.062486015260219574
,,,,,,,,,2725,0.08543086051940918,0.9885883331298828,0.026209509000182152
,,,,,,,,,2726,0.08568358421325684,0.9886550903320312,0.029118219390511513
,,,,,,,,,2727,0.0855250358581543,0.9919643402099609,0.021861113607883453
,,,,,,,,,2728,0.08549070358276367,0.9917373657226562,0.02163197100162506
,,,,,,,,,2729,0.08584856986999512,0.9879169464111328,0.029715167358517647
,,,,,,,,,2730,0.0853874683380127,0.9858112335205078,0.03618243709206581
,,,,,,,,,2731,0.08947396278381348,0.9898700714111328,0.025614237412810326
,,,,,,,,,2732,0.08547091484069824,0.988861083984375,0.02833714336156845
,,,,,,,,,2733,0.08564901351928711,0.9871234893798828,0.03355811536312103
,,,,,,,,,2734,0.08570647239685059,0.9895896911621094,0.026764201000332832
,,,,,,,,,2735,0.0857391357421875,0.9891452789306641,0.0268327035009861
,,,,,,,,,2736,0.08582234382629395,0.9822635650634766,0.04065002128481865
,,,,,,,,,2737,0.08563709259033203,0.9853649139404297,0.03579077497124672
,,,,,,,,,2738,0.0878298282623291,0.9872493743896484,0.03200040012598038
,,,,,,,,,2739,0.08551454544067383,0.9932117462158203,0.019091127440333366
,,,,,,,,,2740,0.08581256866455078,0.9881553649902344,0.028806908056139946
,,,,,,,,,2741,0.0872342586517334,0.9892635345458984,0.027070432901382446
,,,,,,,,,2742,0.08551406860351562,0.9877872467041016,0.028983615338802338
,,,,,,,,,2743,0.08558130264282227,0.9818935394287109,0.04589897766709328
,,,,,,,,,2744,0.08573627471923828,0.9908523559570312,0.02452746219933033
,,,,,,,,,2745,0.08791375160217285,0.9892082214355469,0.026878932490944862
,,,,,,,,,2746,0.08623743057250977,0.9814853668212891,0.04810842499136925
,,,,,,,,,2747,0.08585381507873535,0.969390869140625,0.07007451355457306
,,,,,,,,,2748,0.08558893203735352,0.9851341247558594,0.03534214198589325
,,,,,,,,,2749,0.0853734016418457,0.9891262054443359,0.02769259549677372
,,,,,,,,,2750,0.08552718162536621,0.9864253997802734,0.035121552646160126
,,,,,,,,,2751,0.08713674545288086,0.9902896881103516,0.025616273283958435
,,,,,,,,,2752,0.08691120147705078,0.9839534759521484,0.038350384682416916
,,,,,,,,,2753,0.08543562889099121,0.9890766143798828,0.02845756895840168
,,,,,,,,,2754,0.08690166473388672,0.9922389984130859,0.024622155353426933
,,,,,,,,,2755,0.08557963371276855,0.9862079620361328,0.0341251939535141
,,,,,,,,,2756,0.0862884521484375,0.9702701568603516,0.07521801441907883
,,,,,,,,,2757,0.08574461936950684,0.9836063385009766,0.04516126960515976
,,,,,,,,,2758,0.08538436889648438,0.9863357543945312,0.0383390337228775
,,,,,,,,,2759,0.08714938163757324,0.9924793243408203,0.02192756161093712
,,,,,,,,,2760,0.08545684814453125,0.9860115051269531,0.034862130880355835
,,,,,,,,,2761,0.08703923225402832,0.9916000366210938,0.02559872344136238
,,,,,,,,,2762,0.08571195602416992,0.9923458099365234,0.023254288360476494
,,,,,,,,,2763,0.08544731140136719,0.9842662811279297,0.040440283715724945
,,,,,,,,,2764,0.08556199073791504,0.9767894744873047,0.054633475840091705
,,,,,,,,,2765,0.08550333976745605,0.9851150512695312,0.037380024790763855
,,,,,,,,,2766,0.08745002746582031,0.9869766235351562,0.03202895075082779
,,,,,,,,,2767,0.0860297679901123,0.9876461029052734,0.03102959878742695
,,,,,,,,,2768,0.08553123474121094,0.9918766021728516,0.021992748603224754
,,,,,,,,,2769,0.08545255661010742,0.9814224243164062,0.04634151980280876
,,,,,,,,,2770,0.08539772033691406,0.9861049652099609,0.033655885607004166
,,,,,,,,,2771,0.08739662170410156,0.9892120361328125,0.027136044576764107
,,,,,,,,,2772,0.08538436889648438,0.9869213104248047,0.035656414926052094
,,,,,,,,,2773,0.08718228340148926,0.9800434112548828,0.04576357081532478
,,,,,,,,,2774,0.08548259735107422,0.9898147583007812,0.02574796788394451
,,,,,,,,,2775,0.08601617813110352,0.9798965454101562,0.05205714702606201
,,,,,,,,,2776,0.08658576011657715,0.9837589263916016,0.04098803922533989
,,,,,,,,,2777,0.08550572395324707,0.9868812561035156,0.03127520903944969
,,,,,,,,,2778,0.08596515655517578,0.9874229431152344,0.032242387533187866
,,,,,,,,,2779,0.0868690013885498,0.9879894256591797,0.03424788638949394
,,,,,,,,,2780,0.08704900741577148,0.9892101287841797,0.027577443048357964
,,,,,,,,,2781,0.08710050582885742,0.9893245697021484,0.02572035603225231
,,,,,,,,,2782,0.08580780029296875,0.9842720031738281,0.04264542832970619
,,,,,,,,,2783,0.08536243438720703,0.9859523773193359,0.03431906923651695
,,,,,,,,,2784,0.08550882339477539,0.9857406616210938,0.03483958542346954
,,,,,,,,,2785,0.08543515205383301,0.9908962249755859,0.02376244030892849
,,,,,,,,,2786,0.08546233177185059,0.9911556243896484,0.023264365270733833
,,,,,,,,,2787,0.08767461776733398,0.9817008972167969,0.04859421029686928
,,,,,,,,,2788,0.08582711219787598,0.9902267456054688,0.02582562528550625
,,,,,,,,,2789,0.08577489852905273,0.9899959564208984,0.02638983726501465
,,,,,,,,,2790,0.08558034896850586,0.9862861633300781,0.036604128777980804
,,,,,,,,,2791,0.0872807502746582,0.9879436492919922,0.029569443315267563
,,,,,,,,,2792,0.08562850952148438,0.9895229339599609,0.02913656271994114
,,,,,,,,,2793,0.08565855026245117,0.9862060546875,0.03719421476125717
,,,,,,,,,2794,0.08792328834533691,0.9913005828857422,0.021600916981697083
,,,,,,,,,2795,0.08568263053894043,0.990692138671875,0.024733299389481544
,,,,,,,,,2796,0.08551335334777832,0.9868907928466797,0.03610710799694061
,,,,,,,,,2797,0.08560466766357422,0.9902114868164062,0.024631384760141373
,,,,,,,,,2798,0.0857856273651123,0.9857025146484375,0.03590092435479164
,,,,,,,,,2799,0.08607220649719238,0.9884586334228516,0.033187925815582275
,,,,,,,,,2800,0.0851888656616211,0.9881687164306641,0.028667565435171127
,,,,,,,,,2801,0.08919930458068848,0.9842395782470703,0.037279099225997925
,,,,,,,,,2802,0.08525300025939941,0.9841175079345703,0.03826488181948662
,,,,,,,,,2803,0.08554339408874512,0.9917373657226562,0.022773761302232742
,,,,,,,,,2804,0.08558201789855957,0.9862918853759766,0.035587377846241
,,,,,,,,,2805,0.0853736400604248,0.9852085113525391,0.03736000508069992
,,,,,,,,,2806,0.08605480194091797,0.989288330078125,0.027701860293745995
,,,,,,,,,2807,0.08533525466918945,0.9889240264892578,0.02722136676311493
,,,,,,,,,2808,0.0869143009185791,0.9887561798095703,0.02944018691778183
,,,,,,,,,2809,0.08566927909851074,0.9884529113769531,0.03020438738167286
,,,,,,,,,2810,0.08528399467468262,0.9878959655761719,0.03081090748310089
,,,,,,,,,2811,0.08691525459289551,0.9848079681396484,0.03781877085566521
,,,,,,,,,2812,0.0854806900024414,0.9912681579589844,0.024967920035123825
,,,,,,,,,2813,0.0870063304901123,0.9884910583496094,0.02686755731701851
,,,,,,,,,2814,0.08523797988891602,0.9852390289306641,0.03670461103320122
,,,,,,,,,2815,0.08679056167602539,0.9876079559326172,0.032639194279909134
,,,,,,,,,2816,0.08532118797302246,0.9930191040039062,0.019191604107618332
,,,,,,,,,2817,0.08565068244934082,0.9829330444335938,0.0413726270198822
,,,,,,,,,2818,0.08637571334838867,0.9918384552001953,0.020151149481534958
,,,,,,,,,2819,0.08596348762512207,0.9891567230224609,0.028037995100021362
,,,,,,,,,2820,0.08809566497802734,0.9855327606201172,0.035475391894578934
,,,,,,,,,2821,0.0870048999786377,0.9903888702392578,0.025500603020191193
,,,,,,,,,2822,0.08673357963562012,0.9903564453125,0.024624083191156387
,,,,,,,,,2823,0.08553218841552734,0.9900016784667969,0.02538369968533516
,,,,,,,,,2824,0.08533596992492676,0.9877243041992188,0.03216991946101189
,,,,,,,,,2825,0.08553099632263184,0.9922237396240234,0.0206855908036232
,,,,,,,,,2826,0.08533501625061035,0.9862575531005859,0.03447990491986275
,,,,,,,,,2827,0.0882866382598877,0.9777069091796875,0.059606436640024185
,,,,,,,,,2828,0.08631181716918945,0.9870891571044922,0.03175443038344383
,,,,,,,,,2829,0.08607649803161621,0.9874744415283203,0.03257984668016434
,,,,,,,,,2830,0.08549809455871582,0.9868679046630859,0.03654779493808746
,,,,,,,,,2831,0.08710932731628418,0.9899921417236328,0.030085518956184387
,,,,,,,,,2832,0.08571386337280273,0.9843406677246094,0.03700396418571472
,,,,,,,,,2833,0.08537721633911133,0.9923114776611328,0.021846480667591095
,,,,,,,,,2834,0.08742904663085938,0.9919948577880859,0.022014815360307693
,,,,,,,,,2835,0.08559346199035645,0.9894580841064453,0.026008982211351395
,,,,,,,,,2836,0.08565926551818848,0.9921054840087891,0.020490411669015884
,,,,,,,,,2837,0.08570623397827148,0.9846916198730469,0.03936050832271576
,,,,,,,,,2838,0.0864250659942627,0.9921817779541016,0.019925426691770554
,,,,,,,,,2839,0.08558940887451172,0.9872684478759766,0.03192935138940811
,,,,,,,,,2840,0.08528280258178711,0.9875850677490234,0.0319475494325161
,,,,,,,,,2841,0.08856630325317383,0.9923877716064453,0.020623859018087387
,,,,,,,,,2842,0.08559966087341309,0.9889984130859375,0.028194889426231384
,,,,,,,,,2843,0.08589816093444824,0.9875526428222656,0.03263814002275467
,,,,,,,,,2844,0.08540678024291992,0.9895477294921875,0.02677256241440773
,,,,,,,,,2845,0.08532834053039551,0.9890651702880859,0.02696702443063259
,,,,,,,,,2846,0.08568167686462402,0.9887676239013672,0.029427893459796906
,,,,,,,,,2847,0.08555126190185547,0.9899444580078125,0.02717115357518196
,,,,,,,,,2848,0.08769679069519043,0.9828910827636719,0.0455327071249485
,,,,,,,,,2849,0.08532214164733887,0.9820880889892578,0.04613839089870453
,,,,,,,,,2850,0.08559465408325195,0.9896392822265625,0.026922786608338356
,,,,,,,,,2851,0.08714556694030762,0.9914340972900391,0.022198010236024857
,,,,,,,,,2852,0.08551716804504395,0.9865169525146484,0.03158148378133774
,,,,,,,,,2853,0.0853891372680664,0.9798069000244141,0.04955720156431198
,,,,,,,,,2854,0.0857541561126709,0.9875087738037109,0.03131251782178879
,,,,,,,,,2855,0.08859920501708984,0.9814910888671875,0.044817004352808
,,,,,,,,,2856,0.08556318283081055,0.9899883270263672,0.02625226229429245
,,,,,,,,,2857,0.08683156967163086,0.9900379180908203,0.02473367005586624
,,,,,,,,,2858,0.08556270599365234,0.9844436645507812,0.03636867552995682
,,,,,,,,,2859,0.08568263053894043,0.9895038604736328,0.02650497667491436
,,,,,,,,,2860,0.08555960655212402,0.9896736145019531,0.028054866939783096
,,,,,,,,,2861,0.08724427223205566,0.98846435546875,0.03228319063782692
,,,,,,,,,2862,0.08749151229858398,0.9886150360107422,0.02636101469397545
,,,,,,,,,2863,0.08548092842102051,0.9938735961914062,0.018108176067471504
,,,,,,,,,2864,0.08562183380126953,0.9906425476074219,0.02438029833137989
,,,,,,,,,2865,0.08569812774658203,0.9888839721679688,0.02768145501613617
,,,,,,,,,2866,0.08556222915649414,0.9813976287841797,0.042284656316041946
,,,,,,,,,2867,0.08567953109741211,0.9878158569335938,0.030092468485236168
,,,,,,,,,2868,0.08521819114685059,0.9802761077880859,0.04920412227511406
,,,,,,,,,2869,0.08713269233703613,0.9869308471679688,0.03222005441784859
,,,,,,,,,2870,0.08643579483032227,0.9908885955810547,0.02380109392106533
,,,,,,,,,2871,0.08722805976867676,0.9838390350341797,0.03876924142241478
,,,,,,,,,2872,0.08536601066589355,0.9843788146972656,0.03758680447936058
,,,,,,,,,2873,0.08584070205688477,0.9896411895751953,0.0263581033796072
,,,,,,,,,2874,0.08574032783508301,0.9843101501464844,0.03589668497443199
,,,,,,,,,2875,0.08632230758666992,0.9925422668457031,0.021687708795070648
,,,,,,,,,2876,0.08741378784179688,0.9851436614990234,0.03869294002652168
,,,,,,,,,2877,0.08525609970092773,0.9905624389648438,0.024542950093746185
,,,,,,,,,2878,0.08569526672363281,0.9862003326416016,0.031551141291856766
,,,,,,,,,2879,0.08572626113891602,0.9906139373779297,0.02553277462720871
,,,,,,,,,2880,0.0862431526184082,0.9913997650146484,0.021370142698287964
,,,,,,,,,2881,0.08732175827026367,0.9901218414306641,0.025517769157886505
,,,,,,,,,2882,0.0854642391204834,0.9829196929931641,0.043580420315265656
,,,,,,,,,2883,0.08764886856079102,0.9902248382568359,0.024565834552049637
,,,,,,,,,2884,0.08555245399475098,0.9903964996337891,0.025189613923430443
,,,,,,,,,2885,0.08645963668823242,0.9848804473876953,0.03827807307243347
,,,,,,,,,2886,0.08556938171386719,0.9935817718505859,0.018576590344309807
,,,,,,,,,2887,0.08564519882202148,0.9908618927001953,0.023146076127886772
,,,,,,,,,2888,0.08587408065795898,0.9851856231689453,0.041126102209091187
,,,,,,,,,2889,0.08550524711608887,0.9881706237792969,0.030077094212174416
,,,,,,,,,2890,0.08741092681884766,0.988037109375,0.03073171339929104
,,,,,,,,,2891,0.08702635765075684,0.9814472198486328,0.05396733805537224
,,,,,,,,,2892,0.08529472351074219,0.9907360076904297,0.022971073165535927
,,,,,,,,,2893,0.08543276786804199,0.9902229309082031,0.027457261458039284
,,,,,,,,,2894,0.08543181419372559,0.9906387329101562,0.02446773834526539
,,,,,,,,,2895,0.08694577217102051,0.9907703399658203,0.02569441869854927
,,,,,,,,,2896,0.08566570281982422,0.9843826293945312,0.04041999951004982
,,,,,,,,,2897,0.08719348907470703,0.9832954406738281,0.04359583184123039
,,,,,,,,,2898,0.08542490005493164,0.9775543212890625,0.0620131716132164
,,,,,,,,,2899,0.08611679077148438,0.9849338531494141,0.03745659813284874
,,,,,,,,,2900,0.0863041877746582,0.9916839599609375,0.023653734475374222
,,,,,,,,,2901,0.08743453025817871,0.9910163879394531,0.024891957640647888
,,,,,,,,,2902,0.08549737930297852,0.9803276062011719,0.04882107302546501
,,,,,,,,,2903,0.0852975845336914,0.9821567535400391,0.04426666349172592
,,,,,,,,,2904,0.08622097969055176,0.9897041320800781,0.030050992965698242
,,,,,,,,,2905,0.08590340614318848,0.9894618988037109,0.029439212754368782
,,,,,,,,,2906,0.08565974235534668,0.9899177551269531,0.02626561000943184
,,,,,,,,,2907,0.08555436134338379,0.9859333038330078,0.03456513583660126
,,,,,,,,,2908,0.0856940746307373,0.9844474792480469,0.040864497423172
,,,,,,,,,2909,0.08643174171447754,0.9861698150634766,0.0374496653676033
,,,,,,,,,2910,0.08639907836914062,0.98748779296875,0.033845916390419006
,,,,,,,,,2911,0.08893203735351562,0.9895648956298828,0.02965577319264412
,,,,,,,,,2912,0.08536314964294434,0.9810733795166016,0.04631175845861435
,,,,,,,,,2913,0.08549618721008301,0.9908256530761719,0.02390620857477188
,,,,,,,,,2914,0.08550643920898438,0.9896507263183594,0.025696132332086563
,,,,,,,,,2915,0.08548259735107422,0.9903011322021484,0.025677572935819626
,,,,,,,,,2916,0.08639645576477051,0.9870853424072266,0.030510220676660538
,,,,,,,,,2917,0.08539009094238281,0.9854164123535156,0.03793620318174362
,,,,,,,,,2918,0.08710026741027832,0.9880313873291016,0.030025161802768707
,,,,,,,,,2919,0.08541631698608398,0.9865455627441406,0.03442943096160889
,,,,,,,,,2920,0.08547449111938477,0.9878959655761719,0.029909823089838028
,,,,,,,,,2921,0.08666419982910156,0.9862556457519531,0.03616274520754814
,,,,,,,,,2922,0.08629751205444336,0.9821243286132812,0.04241427779197693
,,,,,,,,,2923,0.08679938316345215,0.9841022491455078,0.037158574908971786
,,,,,,,,,2924,0.08607840538024902,0.9911880493164062,0.023934122174978256
,,,,,,,,,2925,0.08653378486633301,0.9868946075439453,0.032208412885665894
,,,,,,,,,2926,0.08579277992248535,0.9883079528808594,0.027374858036637306
,,,,,,,,,2927,0.0857076644897461,0.9909801483154297,0.024854443967342377
,,,,,,,,,2928,0.08547639846801758,0.98358154296875,0.040724970400333405
,,,,,,,,,2929,0.08542847633361816,0.9864082336425781,0.03370608389377594
,,,,,,,,,2930,0.08751320838928223,0.9902973175048828,0.024975383654236794
,,,,,,,,,2931,0.08724641799926758,0.9879150390625,0.029959356412291527
,,,,,,,,,2932,0.08668279647827148,0.9865894317626953,0.0317053459584713
,,,,,,,,,2933,0.08539271354675293,0.9857082366943359,0.03403729945421219
,,,,,,,,,2934,0.08560061454772949,0.9920005798339844,0.02323944866657257
,,,,,,,,,2935,0.08549714088439941,0.9882545471191406,0.03030579164624214
,,,,,,,,,2936,0.08525681495666504,0.9877185821533203,0.030637411400675774
,,,,,,,,,2937,0.08689332008361816,0.986175537109375,0.03627253323793411
,,,,,,,,,2938,0.08537864685058594,0.990753173828125,0.02518688514828682
,,,,,,,,,2939,0.08634448051452637,0.9871463775634766,0.0313594676554203
,,,,,,,,,2940,0.08559250831604004,0.9909610748291016,0.02457878179848194
,,,,,,,,,2941,0.08696627616882324,0.9883365631103516,0.02878865972161293
,,,,,,,,,2942,0.08548212051391602,0.9861392974853516,0.034662555903196335
,,,,,,,,,2943,0.08533358573913574,0.9875698089599609,0.03128943592309952
,,,,,,,,,2944,0.08640575408935547,0.9895515441894531,0.02764560468494892
,,,,,,,,,2945,0.08535909652709961,0.9879970550537109,0.03059152513742447
,,,,,,,,,2946,0.08677077293395996,0.9874458312988281,0.03223850950598717
,,,,,,,,,2947,0.08629274368286133,0.9875240325927734,0.032170120626688004
,,,,,,,,,2948,0.08529281616210938,0.9830608367919922,0.0391574427485466
,,,,,,,,,2949,0.08573365211486816,0.9854145050048828,0.03774792328476906
,,,,,,,,,2950,0.08530020713806152,0.9856586456298828,0.034661754965782166
,,,,,,,,,2951,0.08763837814331055,0.9881706237792969,0.02997727133333683
,,,,,,,,,2952,0.08559513092041016,0.9784507751464844,0.053003519773483276
,,,,,,,,,2953,0.08640718460083008,0.9886245727539062,0.032547712326049805
,,,,,,,,,2954,0.08580350875854492,0.9876384735107422,0.030660610646009445
,,,,,,,,,2955,0.0852968692779541,0.9888134002685547,0.02973473258316517
,,,,,,,,,2956,0.08553314208984375,0.9896125793457031,0.025359177961945534
,,,,,,,,,2957,0.08691573143005371,0.9893512725830078,0.02813636139035225
,,,,,,,,,2958,0.08683514595031738,0.990081787109375,0.02469129115343094
,,,,,,,,,2959,0.08542752265930176,0.9909858703613281,0.022313755005598068
,,,,,,,,,2960,0.08674097061157227,0.9918098449707031,0.0228378064930439
,,,,,,,,,2961,0.08709716796875,0.9914283752441406,0.02196602150797844
,,,,,,,,,2962,0.08594369888305664,0.9882698059082031,0.03146139159798622
,,,,,,,,,2963,0.08560729026794434,0.9864540100097656,0.03679666668176651
,,,,,,,,,2964,0.08553242683410645,0.9942245483398438,0.016879573464393616
,,,,,,,,,2965,0.08666753768920898,0.9840660095214844,0.0403621532022953
,,,,,,,,,2966,0.08537697792053223,0.9836330413818359,0.04057297110557556
,,,,,,,,,2967,0.08662867546081543,0.9893207550048828,0.025965768843889236
,,,,,,,,,2968,0.08550524711608887,0.9890861511230469,0.02748393826186657
,,,,,,,,,2969,0.08570027351379395,0.9876270294189453,0.03131847828626633
,,,,,,,,,2970,0.0854337215423584,0.9861640930175781,0.03405454382300377
,,,,,,,,,2971,0.08718681335449219,0.9862136840820312,0.03748905658721924
,,,,,,,,,2972,0.08690357208251953,0.9892902374267578,0.027042459696531296
,,,,,,,,,2973,0.08548831939697266,0.9868125915527344,0.03293801471590996
,,,,,,,,,2974,0.08576536178588867,0.9872550964355469,0.03301025927066803
,,,,,,,,,2975,0.08533525466918945,0.9862995147705078,0.034764762967824936
,,,,,,,,,2976,0.08550024032592773,0.9887599945068359,0.028171030804514885
,,,,,,,,,2977,0.0862433910369873,0.9906349182128906,0.024124687537550926
,,,,,,,,,2978,0.0859677791595459,0.9882278442382812,0.02916722744703293
,,,,,,,,,2979,0.0877377986907959,0.9869308471679688,0.032268695533275604
,,,,,,,,,2980,0.08540081977844238,0.9910945892333984,0.02223999798297882
,,,,,,,,,2981,0.08737826347351074,0.9864730834960938,0.03288491070270538
,,,,,,,,,2982,0.08565258979797363,0.9916477203369141,0.020868225023150444
,,,,,,,,,2983,0.08565163612365723,0.9858341217041016,0.03418238088488579
,,,,,,,,,2984,0.08581233024597168,0.9842243194580078,0.03675074502825737
,,,,,,,,,2985,0.08535385131835938,0.9900455474853516,0.025433700531721115
,,,,,,,,,2986,0.08743476867675781,0.9883861541748047,0.029967518523335457
,,,,,,,,,2987,0.08539080619812012,0.9864635467529297,0.03459835797548294
,,,,,,,,,2988,0.08861756324768066,0.9821853637695312,0.042092885822057724
,,,,,,,,,2989,0.08914709091186523,0.9891815185546875,0.029914699494838715
,,,,,,,,,2990,0.08854198455810547,0.9886531829833984,0.027958480641245842
,,,,,,,,,2991,0.08721470832824707,0.9852352142333984,0.03796197101473808
,,,,,,,,,2992,0.08558511734008789,0.9885845184326172,0.02927836775779724
,,,,,,,,,2993,0.08665180206298828,0.989837646484375,0.025866985321044922
,,,,,,,,,2994,0.08628654479980469,0.9921436309814453,0.02066476084291935
,,,,,,,,,2995,0.08591318130493164,0.9942340850830078,0.01627284847199917
,,,,,,,,,2996,0.0855712890625,0.9906730651855469,0.02333119884133339
,,,,,,,,,2997,0.08556389808654785,0.9867591857910156,0.030813196673989296
,,,,,,,,,2998,0.08563089370727539,0.9878807067871094,0.033296093344688416
,,,,,,,,,2999,0.08630037307739258,0.9902858734130859,0.02449863776564598
0.44283188561764475,25539,83184,0.2843828367197836,0.9729145906409439,0.341846665084263,0.6284966179358499,3862151,43206,3000,0.0869300365447998,0.9825363159179688,0.043616995215415955
,,,,,,,,,3001,0.08677268028259277,0.9879913330078125,0.031202318146824837
,,,,,,,,,3002,0.08555030822753906,0.9918689727783203,0.020352642983198166
,,,,,,,,,3003,0.08703017234802246,0.9840011596679688,0.04631544277071953
,,,,,,,,,3004,0.0851442813873291,0.9895915985107422,0.02687140740454197
,,,,,,,,,3005,0.08594727516174316,0.9820728302001953,0.04310374706983566
,,,,,,,,,3006,0.08536767959594727,0.9880123138427734,0.03136167302727699
,,,,,,,,,3007,0.08516478538513184,0.9882831573486328,0.029880084097385406
,,,,,,,,,3008,0.0865471363067627,0.9824142456054688,0.04390683397650719
,,,,,,,,,3009,0.08493661880493164,0.9822864532470703,0.04340285435318947
,,,,,,,,,3010,0.08741426467895508,0.9858722686767578,0.03472452610731125
,,,,,,,,,3011,0.08733010292053223,0.983154296875,0.037533558905124664
,,,,,,,,,3012,0.08519387245178223,0.9881973266601562,0.030476460233330727
,,,,,,,,,3013,0.08513593673706055,0.9880542755126953,0.029248986393213272
,,,,,,,,,3014,0.08531880378723145,0.9907798767089844,0.023363301530480385
,,,,,,,,,3015,0.08565688133239746,0.9912586212158203,0.022220753133296967
,,,,,,,,,3016,0.08522343635559082,0.9804039001464844,0.05363277345895767
,,,,,,,,,3017,0.08516359329223633,0.9931678771972656,0.019231658428907394
,,,,,,,,,3018,0.08517932891845703,0.9908580780029297,0.0233624130487442
,,,,,,,,,3019,0.08545374870300293,0.9863700866699219,0.03158365190029144
,,,,,,,,,3020,0.08571124076843262,0.9893760681152344,0.028731733560562134
,,,,,,,,,3021,0.08699321746826172,0.9920692443847656,0.02165072038769722
,,,,,,,,,3022,0.08718633651733398,0.9789791107177734,0.05162043124437332
,,,,,,,,,3023,0.08548402786254883,0.9853191375732422,0.037681788206100464
,,,,,,,,,3024,0.08649253845214844,0.9913120269775391,0.024113837629556656
,,,,,,,,,3025,0.08545303344726562,0.9931087493896484,0.020085535943508148
,,,,,,,,,3026,0.08527255058288574,0.9851951599121094,0.03562292829155922
,,,,,,,,,3027,0.08584713935852051,0.9930248260498047,0.01881977543234825
,,,,,,,,,3028,0.0852656364440918,0.9894981384277344,0.02616548351943493
,,,,,,,,,3029,0.08734536170959473,0.9902229309082031,0.02414710260927677
,,,,,,,,,3030,0.08524823188781738,0.9896087646484375,0.026454897597432137
,,,,,,,,,3031,0.0887153148651123,0.9892139434814453,0.02755490504205227
,,,,,,,,,3032,0.08559513092041016,0.9869384765625,0.03334064409136772
,,,,,,,,,3033,0.08558106422424316,0.9912910461425781,0.023115798830986023
,,,,,,,,,3034,0.08557891845703125,0.9934711456298828,0.018230663612484932
,,,,,,,,,3035,0.08568835258483887,0.9875907897949219,0.030913840979337692
,,,,,,,,,3036,0.08757710456848145,0.9864902496337891,0.03328684717416763
,,,,,,,,,3037,0.08574962615966797,0.9935398101806641,0.018458053469657898
,,,,,,,,,3038,0.08578729629516602,0.9904384613037109,0.023209860548377037
,,,,,,,,,3039,0.08565807342529297,0.9724044799804688,0.07600584626197815
,,,,,,,,,3040,0.08531737327575684,0.9864158630371094,0.0343463271856308
,,,,,,,,,3041,0.08700084686279297,0.9924106597900391,0.02079681307077408
,,,,,,,,,3042,0.0852351188659668,0.9886035919189453,0.028395850211381912
,,,,,,,,,3043,0.08684635162353516,0.9868068695068359,0.03157789632678032
,,,,,,,,,3044,0.08534002304077148,0.9811897277832031,0.043611280620098114
,,,,,,,,,3045,0.08563756942749023,0.9874858856201172,0.029996922239661217
,,,,,,,,,3046,0.08549857139587402,0.9823017120361328,0.04349980875849724
,,,,,,,,,3047,0.08605551719665527,0.9827423095703125,0.042955078184604645
,,,,,,,,,3048,0.0856635570526123,0.9858188629150391,0.033781737089157104
,,,,,,,,,3049,0.08548760414123535,0.9887828826904297,0.02843858301639557
,,,,,,,,,3050,0.08669304847717285,0.9917278289794922,0.02411571331322193
,,,,,,,,,3051,0.08690142631530762,0.9887428283691406,0.028615079820156097
,,,,,,,,,3052,0.08546876907348633,0.9892711639404297,0.028176050633192062
,,,,,,,,,3053,0.08548140525817871,0.9854736328125,0.041155584156513214
,,,,,,,,,3054,0.08548450469970703,0.9896717071533203,0.026611555367708206
,,,,,,,,,3055,0.08537721633911133,0.9906101226806641,0.024095341563224792
,,,,,,,,,3056,0.08553624153137207,0.9846649169921875,0.03756258636713028
,,,,,,,,,3057,0.08768749237060547,0.9910926818847656,0.022079866379499435
,,,,,,,,,3058,0.08534884452819824,0.9913978576660156,0.022596705704927444
,,,,,,,,,3059,0.08603715896606445,0.9863739013671875,0.03400862216949463
,,,,,,,,,3060,0.0852200984954834,0.9846096038818359,0.039801981300115585
,,,,,,,,,3061,0.08698153495788574,0.9835090637207031,0.04303765296936035
,,,,,,,,,3062,0.08582711219787598,0.9897422790527344,0.027101201936602592
,,,,,,,,,3063,0.08537030220031738,0.9787883758544922,0.05498261749744415
,,,,,,,,,3064,0.0884087085723877,0.9820289611816406,0.04721581190824509
,,,,,,,,,3065,0.08537507057189941,0.9887733459472656,0.02735976129770279
,,,,,,,,,3066,0.08553791046142578,0.9844875335693359,0.03533964231610298
,,,,,,,,,3067,0.08654999732971191,0.9842281341552734,0.036782629787921906
,,,,,,,,,3068,0.08526802062988281,0.9886322021484375,0.02759944647550583
,,,,,,,,,3069,0.08559298515319824,0.9831867218017578,0.04411553964018822
,,,,,,,,,3070,0.08548545837402344,0.9842910766601562,0.03820304572582245
,,,,,,,,,3071,0.08893728256225586,0.9872360229492188,0.03202095627784729
,,,,,,,,,3072,0.08544683456420898,0.9857521057128906,0.03406129777431488
,,,,,,,,,3073,0.08552026748657227,0.9938240051269531,0.017192421481013298
,,,,,,,,,3074,0.08563065528869629,0.9934558868408203,0.0198227446526289
,,,,,,,,,3075,0.08583569526672363,0.9846305847167969,0.03759864345192909
,,,,,,,,,3076,0.08557343482971191,0.9874000549316406,0.031952328979969025
,,,,,,,,,3077,0.0856621265411377,0.9888954162597656,0.027671415358781815
,,,,,,,,,3078,0.08772063255310059,0.9875850677490234,0.027880627661943436
,,,,,,,,,3079,0.0856790542602539,0.9914588928222656,0.022327175363898277
,,,,,,,,,3080,0.08664846420288086,0.9898147583007812,0.025941642001271248
,,,,,,,,,3081,0.08656120300292969,0.9923152923583984,0.019491709768772125
,,,,,,,,,3082,0.08552956581115723,0.9890193939208984,0.02839760109782219
,,,,,,,,,3083,0.08533167839050293,0.9919528961181641,0.021023748442530632
,,,,,,,,,3084,0.08562850952148438,0.9922294616699219,0.019782954826951027
,,,,,,,,,3085,0.08710575103759766,0.9814376831054688,0.04326114431023598
,,,,,,,,,3086,0.08575582504272461,0.9847812652587891,0.03520539402961731
,,,,,,,,,3087,0.08536219596862793,0.9874038696289062,0.02911304123699665
,,,,,,,,,3088,0.08531641960144043,0.9905719757080078,0.023878544569015503
,,,,,,,,,3089,0.08614540100097656,0.9851474761962891,0.037525635212659836
,,,,,,,,,3090,0.08542299270629883,0.9871807098388672,0.0321156270802021
,,,,,,,,,3091,0.08639287948608398,0.9865493774414062,0.0314059816300869
,,,,,,,,,3092,0.08716654777526855,0.9924182891845703,0.020456217229366302
,,,,,,,,,3093,0.08507180213928223,0.9896183013916016,0.02508658543229103
,,,,,,,,,3094,0.0859518051147461,0.9862957000732422,0.03197222948074341
,,,,,,,,,3095,0.08650994300842285,0.9863395690917969,0.034698888659477234
,,,,,,,,,3096,0.08550143241882324,0.98284912109375,0.044409990310668945
,,,,,,,,,3097,0.08531761169433594,0.9906864166259766,0.02428724803030491
,,,,,,,,,3098,0.08528351783752441,0.9852447509765625,0.035170454531908035
,,,,,,,,,3099,0.08794045448303223,0.9884910583496094,0.02911282889544964
,,,,,,,,,3100,0.08553266525268555,0.9874706268310547,0.03080553375184536
,,,,,,,,,3101,0.08704161643981934,0.9869365692138672,0.03596482798457146
,,,,,,,,,3102,0.08525633811950684,0.9854774475097656,0.035977043211460114
,,,,,,,,,3103,0.08536314964294434,0.9859943389892578,0.0323549248278141
,,,,,,,,,3104,0.0866401195526123,0.9921970367431641,0.01974230818450451
,,,,,,,,,3105,0.08514523506164551,0.9924983978271484,0.02051098830997944
,,,,,,,,,3106,0.08721804618835449,0.9905376434326172,0.025944996625185013
,,,,,,,,,3107,0.08524036407470703,0.9820041656494141,0.04269927740097046
,,,,,,,,,3108,0.08540463447570801,0.9914226531982422,0.022757938131690025
,,,,,,,,,3109,0.08633279800415039,0.9791908264160156,0.051341988146305084
,,,,,,,,,3110,0.08527588844299316,0.9895610809326172,0.02667417749762535
,,,,,,,,,3111,0.08731389045715332,0.988311767578125,0.030075659975409508
,,,,,,,,,3112,0.08554291725158691,0.9890251159667969,0.029949583113193512
,,,,,,,,,3113,0.08736848831176758,0.9899959564208984,0.02706291899085045
,,,,,,,,,3114,0.08632278442382812,0.9929885864257812,0.0206639114767313
,,,,,,,,,3115,0.08559751510620117,0.9857330322265625,0.03508146107196808
,,,,,,,,,3116,0.08539867401123047,0.9901695251464844,0.027438301593065262
,,,,,,,,,3117,0.08590364456176758,0.9852218627929688,0.03774932026863098
,,,,,,,,,3118,0.08678603172302246,0.9788932800292969,0.05414457991719246
,,,,,,,,,3119,0.08602404594421387,0.9878902435302734,0.029180405661463737
,,,,,,,,,3120,0.0874025821685791,0.9885292053222656,0.02917185239493847
,,,,,,,,,3121,0.08703875541687012,0.9914894104003906,0.024479705840349197
,,,,,,,,,3122,0.08537936210632324,0.9887580871582031,0.031090129166841507
,,,,,,,,,3123,0.08572173118591309,0.9864234924316406,0.0362524539232254
,,,,,,,,,3124,0.08611154556274414,0.9877891540527344,0.030040543526411057
,,,,,,,,,3125,0.08639955520629883,0.9898948669433594,0.026602279394865036
,,,,,,,,,3126,0.08531451225280762,0.9905319213867188,0.024853775277733803
,,,,,,,,,3127,0.08696126937866211,0.9834175109863281,0.03933578357100487
,,,,,,,,,3128,0.08570384979248047,0.9809036254882812,0.045771289616823196
,,,,,,,,,3129,0.08631443977355957,0.9834613800048828,0.04026021808385849
,,,,,,,,,3130,0.08557271957397461,0.9923591613769531,0.021703053265810013
,,,,,,,,,3131,0.08776640892028809,0.9764080047607422,0.05871928110718727
,,,,,,,,,3132,0.08602595329284668,0.9891853332519531,0.027581557631492615
,,,,,,,,,3133,0.0854024887084961,0.9880390167236328,0.03065938875079155
,,,,,,,,,3134,0.0877683162689209,0.9871902465820312,0.03134799376130104
,,,,,,,,,3135,0.08524417877197266,0.9849147796630859,0.03786083310842514
,,,,,,,,,3136,0.08525276184082031,0.9807910919189453,0.046159207820892334
,,,,,,,,,3137,0.08579134941101074,0.9843997955322266,0.03828653693199158
,,,,,,,,,3138,0.08529806137084961,0.9858112335205078,0.03769021853804588
,,,,,,,,,3139,0.0874793529510498,0.98626708984375,0.034041088074445724
,,,,,,,,,3140,0.08543276786804199,0.9906253814697266,0.02548268809914589
,,,,,,,,,3141,0.08838176727294922,0.9869194030761719,0.03030383586883545
,,,,,,,,,3142,0.08563494682312012,0.9921550750732422,0.021603811532258987
,,,,,,,,,3143,0.08533287048339844,0.9896068572998047,0.02611939236521721
,,,,,,,,,3144,0.0855870246887207,0.9923572540283203,0.021361637860536575
,,,,,,,,,3145,0.08554577827453613,0.9887866973876953,0.028152568265795708
,,,,,,,,,3146,0.0881814956665039,0.9785881042480469,0.05624878406524658
,,,,,,,,,3147,0.08540725708007812,0.9884014129638672,0.03054174967110157
,,,,,,,,,3148,0.08652925491333008,0.9910621643066406,0.022381355985999107
,,,,,,,,,3149,0.0855715274810791,0.9892787933349609,0.026284635066986084
,,,,,,,,,3150,0.08583593368530273,0.9879856109619141,0.029644876718521118
,,,,,,,,,3151,0.08666157722473145,0.9890384674072266,0.028190750628709793
,,,,,,,,,3152,0.08542513847351074,0.9882030487060547,0.02967284806072712
,,,,,,,,,3153,0.08686518669128418,0.9866409301757812,0.034975145012140274
,,,,,,,,,3154,0.08554792404174805,0.9805583953857422,0.0491466224193573
,,,,,,,,,3155,0.08570337295532227,0.9929637908935547,0.019309911876916885
,,,,,,,,,3156,0.0858774185180664,0.983001708984375,0.04268487170338631
,,,,,,,,,3157,0.08542418479919434,0.9871158599853516,0.031112851575016975
,,,,,,,,,3158,0.08533382415771484,0.9811344146728516,0.04525692015886307
,,,,,,,,,3159,0.08536815643310547,0.9871425628662109,0.03066254034638405
,,,,,,,,,3160,0.0870203971862793,0.9873905181884766,0.03158799931406975
,,,,,,,,,3161,0.0871589183807373,0.9915180206298828,0.021089879795908928
,,,,,,,,,3162,0.08649086952209473,0.9923248291015625,0.021170789375901222
,,,,,,,,,3163,0.08535003662109375,0.9671478271484375,0.08421474695205688
,,,,,,,,,3164,0.08536934852600098,0.9906959533691406,0.024428442120552063
,,,,,,,,,3165,0.08562088012695312,0.9866313934326172,0.03186924010515213
,,,,,,,,,3166,0.08626198768615723,0.9897670745849609,0.026740163564682007
,,,,,,,,,3167,0.08714580535888672,0.9905071258544922,0.024101074784994125
,,,,,,,,,3168,0.0853126049041748,0.9888343811035156,0.03020508959889412
,,,,,,,,,3169,0.08546829223632812,0.9881248474121094,0.03163756802678108
,,,,,,,,,3170,0.08559608459472656,0.9837150573730469,0.040689606219530106
,,,,,,,,,3171,0.08693194389343262,0.9880428314208984,0.03149357810616493
,,,,,,,,,3172,0.08525753021240234,0.9867439270019531,0.03649093583226204
,,,,,,,,,3173,0.0855104923248291,0.9931411743164062,0.018933093175292015
,,,,,,,,,3174,0.08741879463195801,0.9932079315185547,0.020378775894641876
,,,,,,,,,3175,0.08568263053894043,0.9908351898193359,0.02359538897871971
,,,,,,,,,3176,0.0860588550567627,0.9854164123535156,0.03851233050227165
,,,,,,,,,3177,0.08563995361328125,0.9840030670166016,0.04178311303257942
,,,,,,,,,3178,0.08553886413574219,0.9937763214111328,0.018059538677334785
,,,,,,,,,3179,0.08547711372375488,0.9873790740966797,0.03210434317588806
,,,,,,,,,3180,0.0851893424987793,0.9867801666259766,0.032231856137514114
,,,,,,,,,3181,0.08863282203674316,0.9866523742675781,0.033386848866939545
,,,,,,,,,3182,0.08534598350524902,0.9877738952636719,0.030604802072048187
,,,,,,,,,3183,0.08529138565063477,0.9914226531982422,0.023072736337780952
,,,,,,,,,3184,0.08535337448120117,0.9915180206298828,0.021030869334936142
,,,,,,,,,3185,0.08557534217834473,0.9857330322265625,0.035065487027168274
,,,,,,,,,3186,0.08609151840209961,0.9862594604492188,0.03298306465148926
,,,,,,,,,3187,0.08527135848999023,0.9792156219482422,0.051760878413915634
,,,,,,,,,3188,0.0872797966003418,0.9864692687988281,0.033617258071899414
,,,,,,,,,3189,0.08569192886352539,0.9868202209472656,0.03362302854657173
,,,,,,,,,3190,0.08565759658813477,0.9878215789794922,0.029481692239642143
,,,,,,,,,3191,0.08701825141906738,0.9870357513427734,0.03217306360602379
,,,,,,,,,3192,0.0851740837097168,0.9879474639892578,0.03016502410173416
,,,,,,,,,3193,0.08568954467773438,0.9837551116943359,0.043036751449108124
,,,,,,,,,3194,0.08547091484069824,0.9717960357666016,0.0717560276389122
,,,,,,,,,3195,0.08701610565185547,0.9886417388916016,0.028745606541633606
,,,,,,,,,3196,0.08604979515075684,0.9922866821289062,0.020924203097820282
,,,,,,,,,3197,0.08558487892150879,0.9917793273925781,0.021985331550240517
,,,,,,,,,3198,0.0855569839477539,0.990142822265625,0.025961991399526596
,,,,,,,,,3199,0.08522939682006836,0.9847393035888672,0.03965351730585098
,,,,,,,,,3200,0.0854794979095459,0.990692138671875,0.0240626260638237
,,,,,,,,,3201,0.08784890174865723,0.9847450256347656,0.0379476398229599
,,,,,,,,,3202,0.08727455139160156,0.9886589050292969,0.02948305755853653
,,,,,,,,,3203,0.0856471061706543,0.9860897064208984,0.03598351031541824
,,,,,,,,,3204,0.085113525390625,0.9878368377685547,0.031014539301395416
,,,,,,,,,3205,0.08541417121887207,0.9912738800048828,0.024830523878335953
,,,,,,,,,3206,0.08599519729614258,0.9891643524169922,0.029104502871632576
,,,,,,,,,3207,0.08593988418579102,0.9888420104980469,0.028818940743803978
,,,,,,,,,3208,0.08535408973693848,0.9887332916259766,0.030549870803952217
,,,,,,,,,3209,0.08745670318603516,0.9956741333007812,0.013706400990486145
,,,,,,,,,3210,0.08551692962646484,0.9859790802001953,0.03355664759874344
,,,,,,,,,3211,0.08712172508239746,0.9897308349609375,0.026717932894825935
,,,,,,,,,3212,0.08550167083740234,0.9879570007324219,0.032290197908878326
,,,,,,,,,3213,0.08569645881652832,0.9895572662353516,0.026547426357865334
,,,,,,,,,3214,0.0861520767211914,0.9914169311523438,0.021977068856358528
,,,,,,,,,3215,0.08548355102539062,0.9928493499755859,0.019535597413778305
,,,,,,,,,3216,0.08722519874572754,0.9850082397460938,0.03859761357307434
,,,,,,,,,3217,0.08560395240783691,0.9861564636230469,0.03212832659482956
,,,,,,,,,3218,0.08557939529418945,0.9855670928955078,0.03589436784386635
,,,,,,,,,3219,0.08530664443969727,0.9891586303710938,0.026109900325536728
,,,,,,,,,3220,0.08600068092346191,0.9888782501220703,0.027416428551077843
,,,,,,,,,3221,0.08702659606933594,0.9934158325195312,0.016765356063842773
,,,,,,,,,3222,0.08537864685058594,0.9768543243408203,0.05608827620744705
,,,,,,,,,3223,0.08772993087768555,0.9900150299072266,0.02547433227300644
,,,,,,,,,3224,0.08524465560913086,0.9794139862060547,0.05094339698553085
,,,,,,,,,3225,0.08555173873901367,0.9864330291748047,0.034518640488386154
,,,,,,,,,3226,0.08554935455322266,0.9890232086181641,0.028370043262839317
,,,,,,,,,3227,0.0857846736907959,0.9877109527587891,0.03137411177158356
,,,,,,,,,3228,0.08626174926757812,0.9894294738769531,0.02572346106171608
,,,,,,,,,3229,0.0853574275970459,0.9869480133056641,0.03371988609433174
,,,,,,,,,3230,0.08681988716125488,0.9871063232421875,0.034361060708761215
,,,,,,,,,3231,0.08718371391296387,0.991607666015625,0.021408604457974434
,,,,,,,,,3232,0.08537769317626953,0.9860992431640625,0.034439872950315475
,,,,,,,,,3233,0.0855717658996582,0.9873847961425781,0.03177276626229286
,,,,,,,,,3234,0.08551144599914551,0.9927158355712891,0.01992095820605755
,,,,,,,,,3235,0.08588457107543945,0.9958038330078125,0.011595151387155056
,,,,,,,,,3236,0.08557605743408203,0.9881057739257812,0.02916756272315979
,,,,,,,,,3237,0.08610773086547852,0.9938907623291016,0.017297476530075073
,,,,,,,,,3238,0.08767533302307129,0.989166259765625,0.02904868684709072
,,,,,,,,,3239,0.0853874683380127,0.9875946044921875,0.0296776182949543
,,,,,,,,,3240,0.08544445037841797,0.9887752532958984,0.029380399733781815
,,,,,,,,,3241,0.08712410926818848,0.9923152923583984,0.020667819306254387
,,,,,,,,,3242,0.0883479118347168,0.9864940643310547,0.03253493458032608
,,,,,,,,,3243,0.08801984786987305,0.9843921661376953,0.03746091201901436
,,,,,,,,,3244,0.08924055099487305,0.9897575378417969,0.02586527168750763
,,,,,,,,,3245,0.08558201789855957,0.9869632720947266,0.032635051757097244
,,,,,,,,,3246,0.08536767959594727,0.9856643676757812,0.034290023148059845
,,,,,,,,,3247,0.08539009094238281,0.9891166687011719,0.03004964254796505
,,,,,,,,,3248,0.0861968994140625,0.9836692810058594,0.04309854656457901
,,,,,,,,,3249,0.08549094200134277,0.9901905059814453,0.024294499307870865
,,,,,,,,,3250,0.08554649353027344,0.9853477478027344,0.035205014050006866
,,,,,,,,,3251,0.08892607688903809,0.9832077026367188,0.042201440781354904
,,,,,,,,,3252,0.0852818489074707,0.9879493713378906,0.030548837035894394
,,,,,,,,,3253,0.08546972274780273,0.9893264770507812,0.029981670901179314
,,,,,,,,,3254,0.08546614646911621,0.9907188415527344,0.024432308971881866
,,,,,,,,,3255,0.08549880981445312,0.9883918762207031,0.029238490387797356
,,,,,,,,,3256,0.0868980884552002,0.9896965026855469,0.02802993915975094
,,,,,,,,,3257,0.08547377586364746,0.9888629913330078,0.028076522052288055
,,,,,,,,,3258,0.08800721168518066,0.9918670654296875,0.021585460752248764
,,,,,,,,,3259,0.08543705940246582,0.9888401031494141,0.0297626294195652
,,,,,,,,,3260,0.08533740043640137,0.9886035919189453,0.02968318946659565
,,,,,,,,,3261,0.0869743824005127,0.9806747436523438,0.04553807154297829
,,,,,,,,,3262,0.08559584617614746,0.9860172271728516,0.03468012064695358
,,,,,,,,,3263,0.08676600456237793,0.9808502197265625,0.047978539019823074
,,,,,,,,,3264,0.08535218238830566,0.9847869873046875,0.039038948714733124
,,,,,,,,,3265,0.0868074893951416,0.9901409149169922,0.02520543336868286
,,,,,,,,,3266,0.08541274070739746,0.9893665313720703,0.028806140646338463
,,,,,,,,,3267,0.0852963924407959,0.9819869995117188,0.045991990715265274
,,,,,,,,,3268,0.08591032028198242,0.9847393035888672,0.03556506335735321
,,,,,,,,,3269,0.08531594276428223,0.9865818023681641,0.033991310745477676
,,,,,,,,,3270,0.08710432052612305,0.9905929565429688,0.026456225663423538
,,,,,,,,,3271,0.08729290962219238,0.9815235137939453,0.046589575707912445
,,,,,,,,,3272,0.08658242225646973,0.9907970428466797,0.025201499462127686
,,,,,,,,,3273,0.08573222160339355,0.9814357757568359,0.043773069977760315
,,,,,,,,,3274,0.08576798439025879,0.9870681762695312,0.03272511810064316
,,,,,,,,,3275,0.0856468677520752,0.9846115112304688,0.0368252657353878
,,,,,,,,,3276,0.08544325828552246,0.9859962463378906,0.033399369567632675
,,,,,,,,,3277,0.0869143009185791,0.9892482757568359,0.027969282120466232
,,,,,,,,,3278,0.0854792594909668,0.9884376525878906,0.029092026874423027
,,,,,,,,,3279,0.08673477172851562,0.98858642578125,0.03016195259988308
,,,,,,,,,3280,0.08613967895507812,0.9726657867431641,0.06653664261102676
,,,,,,,,,3281,0.0872194766998291,0.9875774383544922,0.034398406744003296
,,,,,,,,,3282,0.08560729026794434,0.9844722747802734,0.03867185115814209
,,,,,,,,,3283,0.08547830581665039,0.9887409210205078,0.02841147594153881
,,,,,,,,,3284,0.08711838722229004,0.9853782653808594,0.03570886328816414
,,,,,,,,,3285,0.08638119697570801,0.9863166809082031,0.03819366917014122
,,,,,,,,,3286,0.08684611320495605,0.9856472015380859,0.036469101905822754
,,,,,,,,,3287,0.08547425270080566,0.9791889190673828,0.05067044869065285
,,,,,,,,,3288,0.08534002304077148,0.9864292144775391,0.03514077141880989
,,,,,,,,,3289,0.08542990684509277,0.9874401092529297,0.0319133959710598
,,,,,,,,,3290,0.0861210823059082,0.9898300170898438,0.026525413617491722
,,,,,,,,,3291,0.08753538131713867,0.9870662689208984,0.03326752781867981
,,,,,,,,,3292,0.08539772033691406,0.9892234802246094,0.028303073719143867
,,,,,,,,,3293,0.08592796325683594,0.9814128875732422,0.047574058175086975
,,,,,,,,,3294,0.08579349517822266,0.985321044921875,0.0357927568256855
,,,,,,,,,3295,0.08639931678771973,0.9885978698730469,0.02799423225224018
,,,,,,,,,3296,0.08566617965698242,0.9855365753173828,0.035970501601696014
,,,,,,,,,3297,0.08538818359375,0.9764766693115234,0.05860104039311409
,,,,,,,,,3298,0.08655595779418945,0.9927482604980469,0.020043598487973213
,,,,,,,,,3299,0.08534502983093262,0.9877758026123047,0.03563614562153816
,,,,,,,,,3300,0.08674931526184082,0.9903984069824219,0.02567591890692711
,,,,,,,,,3301,0.08738994598388672,0.9866085052490234,0.034166671335697174
,,,,,,,,,3302,0.08558082580566406,0.9813060760498047,0.045404184609651566
,,,,,,,,,3303,0.08536672592163086,0.9852809906005859,0.037712421268224716
,,,,,,,,,3304,0.08541274070739746,0.9863071441650391,0.0342073030769825
,,,,,,,,,3305,0.08671212196350098,0.9867382049560547,0.033482447266578674
,,,,,,,,,3306,0.08538961410522461,0.9856281280517578,0.03466141223907471
,,,,,,,,,3307,0.08541035652160645,0.9885921478271484,0.030170312151312828
,,,,,,,,,3308,0.08542895317077637,0.9844131469726562,0.0391281321644783
,,,,,,,,,3309,0.0857999324798584,0.9916400909423828,0.021332357078790665
,,,,,,,,,3310,0.08660602569580078,0.9859447479248047,0.033930618315935135
,,,,,,,,,3311,0.08717131614685059,0.9847965240478516,0.03912809491157532
,,,,,,,,,3312,0.08707761764526367,0.987274169921875,0.033064454793930054
,,,,,,,,,3313,0.08555054664611816,0.9924449920654297,0.021068066358566284
,,,,,,,,,3314,0.0857086181640625,0.9913120269775391,0.023322099819779396
,,,,,,,,,3315,0.08619165420532227,0.9892749786376953,0.027474068105220795
,,,,,,,,,3316,0.08559250831604004,0.9906902313232422,0.026129556819796562
,,,,,,,,,3317,0.08536314964294434,0.9835491180419922,0.0382908396422863
,,,,,,,,,3318,0.08552813529968262,0.9893608093261719,0.027207335457205772
,,,,,,,,,3319,0.08739757537841797,0.9771041870117188,0.05639452114701271
,,,,,,,,,3320,0.08617758750915527,0.9853858947753906,0.03521852567791939
,,,,,,,,,3321,0.08756065368652344,0.9825439453125,0.0437803752720356
,,,,,,,,,3322,0.08539438247680664,0.9870681762695312,0.03240059316158295
,,,,,,,,,3323,0.08547639846801758,0.9909934997558594,0.023991893976926804
,,,,,,,,,3324,0.08546662330627441,0.9885616302490234,0.026971517130732536
,,,,,,,,,3325,0.08599591255187988,0.9896640777587891,0.02608972229063511
,,,,,,,,,3326,0.08700108528137207,0.9905300140380859,0.02414645068347454
,,,,,,,,,3327,0.08577537536621094,0.9838771820068359,0.04160560294985771
,,,,,,,,,3328,0.08552360534667969,0.9798622131347656,0.053856492042541504
,,,,,,,,,3329,0.08543992042541504,0.9903373718261719,0.024667588993906975
,,,,,,,,,3330,0.08530187606811523,0.9869384765625,0.033540040254592896
,,,,,,,,,3331,0.08702635765075684,0.98565673828125,0.03474968671798706
,,,,,,,,,3332,0.08569097518920898,0.9825191497802734,0.04641137272119522
,,,,,,,,,3333,0.08697676658630371,0.9871063232421875,0.03350486233830452
,,,,,,,,,3334,0.08551168441772461,0.98876953125,0.027971528470516205
,,,,,,,,,3335,0.0864400863647461,0.9861907958984375,0.033626340329647064
,,,,,,,,,3336,0.08513045310974121,0.99017333984375,0.026544945314526558
,,,,,,,,,3337,0.08571267127990723,0.9804344177246094,0.0517619289457798
,,,,,,,,,3338,0.0854959487915039,0.9909210205078125,0.023619720712304115
,,,,,,,,,3339,0.08530235290527344,0.9903163909912109,0.027082310989499092
,,,,,,,,,3340,0.08809471130371094,0.9866943359375,0.03185305744409561
,,,,,,,,,3341,0.08697509765625,0.9870052337646484,0.03442525118589401
,,,,,,,,,3342,0.08594870567321777,0.9918174743652344,0.02225012332201004
,,,,,,,,,3343,0.0854032039642334,0.9875946044921875,0.03393349051475525
,,,,,,,,,3344,0.08534622192382812,0.9774627685546875,0.05735989287495613
,,,,,,,,,3345,0.08530068397521973,0.9887046813964844,0.031260471791028976
,,,,,,,,,3346,0.08573269844055176,0.9868278503417969,0.0339493528008461
,,,,,,,,,3347,0.08736515045166016,0.9844589233398438,0.03792792186141014
,,,,,,,,,3348,0.0854496955871582,0.9864635467529297,0.03460953012108803
,,,,,,,,,3349,0.08550834655761719,0.9851722717285156,0.03633095324039459
,,,,,,,,,3350,0.08531618118286133,0.9879112243652344,0.03132930025458336
,,,,,,,,,3351,0.08692693710327148,0.9866428375244141,0.031865302473306656
,,,,,,,,,3352,0.08553481101989746,0.9860649108886719,0.03417230024933815
,,,,,,,,,3353,0.0852663516998291,0.9925098419189453,0.020078465342521667
,,,,,,,,,3354,0.0875849723815918,0.9868831634521484,0.03144416585564613
,,,,,,,,,3355,0.08546805381774902,0.9901828765869141,0.02491838112473488
,,,,,,,,,3356,0.08533382415771484,0.9748497009277344,0.060304801911115646
,,,,,,,,,3357,0.08662128448486328,0.9836959838867188,0.03668598458170891
,,,,,,,,,3358,0.08524727821350098,0.9858932495117188,0.03506913781166077
,,,,,,,,,3359,0.08557391166687012,0.9864406585693359,0.03183441609144211
,,,,,,,,,3360,0.08542776107788086,0.9815940856933594,0.04440423473715782
,,,,,,,,,3361,0.08782815933227539,0.9905242919921875,0.024977458640933037
,,,,,,,,,3362,0.08564090728759766,0.9850196838378906,0.03702449053525925
,,,,,,,,,3363,0.08548426628112793,0.9884853363037109,0.027859361842274666
,,,,,,,,,3364,0.08562421798706055,0.9877185821533203,0.03094487264752388
,,,,,,,,,3365,0.0855414867401123,0.9759654998779297,0.05792615935206413
,,,,,,,,,3366,0.0862724781036377,0.9864234924316406,0.032615527510643005
,,,,,,,,,3367,0.08619284629821777,0.9874954223632812,0.03246310353279114
,,,,,,,,,3368,0.0872650146484375,0.9900932312011719,0.026561252772808075
,,,,,,,,,3369,0.08544564247131348,0.9866447448730469,0.032432880252599716
,,,,,,,,,3370,0.08548259735107422,0.9915733337402344,0.022559937089681625
,,,,,,,,,3371,0.0866098403930664,0.9853782653808594,0.03682880103588104
,,,,,,,,,3372,0.0853118896484375,0.9865646362304688,0.03309902176260948
,,,,,,,,,3373,0.08602690696716309,0.9877662658691406,0.028688570484519005
,,,,,,,,,3374,0.08571028709411621,0.9912910461425781,0.022112278267741203
,,,,,,,,,3375,0.0863037109375,0.9884147644042969,0.030305961146950722
,,,,,,,,,3376,0.08555746078491211,0.977508544921875,0.05585271865129471
,,,,,,,,,3377,0.08617305755615234,0.9849586486816406,0.03583923354744911
,,,,,,,,,3378,0.08531379699707031,0.9926376342773438,0.01939690299332142
,,,,,,,,,3379,0.0854954719543457,0.9893970489501953,0.026592019945383072
,,,,,,,,,3380,0.08598613739013672,0.9914169311523438,0.02145831473171711
,,,,,,,,,3381,0.08707833290100098,0.9883880615234375,0.029461922124028206
,,,,,,,,,3382,0.08648538589477539,0.9831066131591797,0.040701501071453094
,,,,,,,,,3383,0.08546590805053711,0.9887866973876953,0.030882377177476883
,,,,,,,,,3384,0.08526015281677246,0.9880695343017578,0.03141902759671211
,,,,,,,,,3385,0.08548641204833984,0.9859542846679688,0.03273022547364235
,,,,,,,,,3386,0.08549380302429199,0.9875946044921875,0.031047947704792023
,,,,,,,,,3387,0.08698773384094238,0.9907207489013672,0.023932073265314102
,,,,,,,,,3388,0.08548903465270996,0.9925117492675781,0.01903914473950863
,,,,,,,,,3389,0.08603334426879883,0.9930019378662109,0.018069101497530937
,,,,,,,,,3390,0.08528518676757812,0.9882450103759766,0.030156977474689484
,,,,,,,,,3391,0.086944580078125,0.9859600067138672,0.03512989357113838
,,,,,,,,,3392,0.08541011810302734,0.99267578125,0.019642896950244904
,,,,,,,,,3393,0.08542132377624512,0.9900379180908203,0.02542254887521267
,,,,,,,,,3394,0.08781290054321289,0.9876689910888672,0.032132115215063095
,,,,,,,,,3395,0.08555912971496582,0.9926929473876953,0.01899212785065174
,,,,,,,,,3396,0.0868825912475586,0.988250732421875,0.029940083622932434
,,,,,,,,,3397,0.08549189567565918,0.9919300079345703,0.020317193120718002
,,,,,,,,,3398,0.08527803421020508,0.9895820617675781,0.02736814320087433
,,,,,,,,,3399,0.0857388973236084,0.9890232086181641,0.0275647584348917
,,,,,,,,,3400,0.08547306060791016,0.9900932312011719,0.025542711839079857
,,,,,,,,,3401,0.08781313896179199,0.9883842468261719,0.029866764321923256
,,,,,,,,,3402,0.08559703826904297,0.9925441741943359,0.020531469956040382
,,,,,,,,,3403,0.08595561981201172,0.9879741668701172,0.031245164573192596
,,,,,,,,,3404,0.08548617362976074,0.9853515625,0.036214325577020645
,,,,,,,,,3405,0.08576679229736328,0.9884128570556641,0.027725378051400185
,,,,,,,,,3406,0.08532261848449707,0.9931182861328125,0.01825653575360775
,,,,,,,,,3407,0.08546614646911621,0.9834823608398438,0.037565797567367554
,,,,,,,,,3408,0.08730268478393555,0.9812908172607422,0.043465130031108856
,,,,,,,,,3409,0.08559489250183105,0.9770660400390625,0.05570382997393608
,,,,,,,,,3410,0.08567380905151367,0.9883785247802734,0.029819926247000694
,,,,,,,,,3411,0.08704447746276855,0.9822101593017578,0.041888829320669174
,,,,,,,,,3412,0.0855107307434082,0.9877510070800781,0.03141485154628754
,,,,,,,,,3413,0.08559250831604004,0.9881324768066406,0.030530782416462898
,,,,,,,,,3414,0.08638858795166016,0.9863567352294922,0.032255567610263824
,,,,,,,,,3415,0.08749222755432129,0.9793643951416016,0.050445497035980225
,,,,,,,,,3416,0.08527445793151855,0.9901981353759766,0.024347027763724327
,,,,,,,,,3417,0.08590912818908691,0.983306884765625,0.04047876223921776
,,,,,,,,,3418,0.08545899391174316,0.97979736328125,0.04813457652926445
,,,,,,,,,3419,0.08635425567626953,0.9902477264404297,0.026010245084762573
,,,,,,,,,3420,0.08544278144836426,0.99163818359375,0.02232668176293373
,,,,,,,,,3421,0.08724808692932129,0.9908447265625,0.026742875576019287
,,,,,,,,,3422,0.0871274471282959,0.9937896728515625,0.0166395902633667
,,,,,,,,,3423,0.0853886604309082,0.9887409210205078,0.026937982067465782
,,,,,,,,,3424,0.08788061141967773,0.9864101409912109,0.03298068419098854
,,,,,,,,,3425,0.08561587333679199,0.9922142028808594,0.020845619961619377
,,,,,,,,,3426,0.08536815643310547,0.9893894195556641,0.026637623086571693
,,,,,,,,,3427,0.08553171157836914,0.9922962188720703,0.020128920674324036
,,,,,,,,,3428,0.0853729248046875,0.9882411956787109,0.029395855963230133
,,,,,,,,,3429,0.0874330997467041,0.9889354705810547,0.028585096821188927
,,,,,,,,,3430,0.08523869514465332,0.9850082397460938,0.034093327820301056
,,,,,,,,,3431,0.08681321144104004,0.9879379272460938,0.031694285571575165
,,,,,,,,,3432,0.08568382263183594,0.989593505859375,0.02688576839864254
,,,,,,,,,3433,0.08520841598510742,0.9912967681884766,0.021870547905564308
,,,,,,,,,3434,0.0862267017364502,0.9897327423095703,0.02648385614156723
,,,,,,,,,3435,0.08550906181335449,0.9913158416748047,0.023114657029509544
,,,,,,,,,3436,0.08747076988220215,0.9863433837890625,0.03337018936872482
,,,,,,,,,3437,0.08568787574768066,0.9806327819824219,0.048556797206401825
,,,,,,,,,3438,0.08550739288330078,0.9887752532958984,0.027719737961888313
,,,,,,,,,3439,0.08617067337036133,0.9847831726074219,0.03748106583952904
,,,,,,,,,3440,0.08549618721008301,0.9857311248779297,0.03518074378371239
,,,,,,,,,3441,0.08753800392150879,0.9868946075439453,0.032225433737039566
,,,,,,,,,3442,0.08594417572021484,0.9892673492431641,0.026902763172984123
,,,,,,,,,3443,0.08750700950622559,0.9855747222900391,0.03512481600046158
,,,,,,,,,3444,0.08629536628723145,0.9819908142089844,0.044223226606845856
,,,,,,,,,3445,0.08548879623413086,0.9866237640380859,0.03330662101507187
,,,,,,,,,3446,0.08565425872802734,0.9892597198486328,0.027332458645105362
,,,,,,,,,3447,0.08556985855102539,0.9871311187744141,0.030619174242019653
,,,,,,,,,3448,0.0853874683380127,0.9801120758056641,0.04674264043569565
,,,,,,,,,3449,0.10687613487243652,0.9873809814453125,0.03412213921546936
,,,,,,,,,3450,0.0870823860168457,0.9884128570556641,0.029288189485669136
,,,,,,,,,3451,0.08697152137756348,0.9929523468017578,0.019589155912399292
,,,,,,,,,3452,0.08660006523132324,0.9931449890136719,0.018739627674221992
,,,,,,,,,3453,0.0854942798614502,0.9907169342041016,0.02262105979025364
,,,,,,,,,3454,0.08571553230285645,0.9930610656738281,0.019209839403629303
,,,,,,,,,3455,0.08570241928100586,0.987823486328125,0.031132567673921585
,,,,,,,,,3456,0.08598637580871582,0.9865684509277344,0.03366311639547348
,,,,,,,,,3457,0.08708429336547852,0.9855518341064453,0.03561500087380409
,,,,,,,,,3458,0.0858163833618164,0.9912796020507812,0.02242993749678135
,,,,,,,,,3459,0.08553838729858398,0.9891300201416016,0.026969455182552338
,,,,,,,,,3460,0.08569622039794922,0.9917755126953125,0.021801598370075226
,,,,,,,,,3461,0.08720850944519043,0.9914321899414062,0.02246195822954178
,,,,,,,,,3462,0.08522510528564453,0.9905052185058594,0.022791940718889236
,,,,,,,,,3463,0.08543825149536133,0.9933662414550781,0.018043626099824905
,,,,,,,,,3464,0.08691835403442383,0.9925727844238281,0.018610501661896706
,,,,,,,,,3465,0.08538246154785156,0.9876556396484375,0.03300595283508301
,,,,,,,,,3466,0.08648228645324707,0.9846286773681641,0.037175655364990234
,,,,,,,,,3467,0.08534884452819824,0.9908676147460938,0.023527763783931732
,,,,,,,,,3468,0.08531427383422852,0.9867343902587891,0.03394770622253418
,,,,,,,,,3469,0.08573508262634277,0.9917106628417969,0.02095000259578228
,,,,,,,,,3470,0.0856008529663086,0.9896030426025391,0.026435522362589836
,,,,,,,,,3471,0.08858466148376465,0.9853439331054688,0.038450729101896286
,,,,,,,,,3472,0.08560037612915039,0.9890518188476562,0.027216514572501183
,,,,,,,,,3473,0.08539772033691406,0.9876708984375,0.032171763479709625
,,,,,,,,,3474,0.08545184135437012,0.9855155944824219,0.03519628569483757
,,,,,,,,,3475,0.08546972274780273,0.9915142059326172,0.022294022142887115
,,,,,,,,,3476,0.08624887466430664,0.9894504547119141,0.0264989472925663
,,,,,,,,,3477,0.08527278900146484,0.9836177825927734,0.03919818624854088
,,,,,,,,,3478,0.08753395080566406,0.9877414703369141,0.02728615142405033
,,,,,,,,,3479,0.08544921875,0.9876213073730469,0.03115813247859478
,,,,,,,,,3480,0.08581900596618652,0.9821949005126953,0.04390028864145279
,,,,,,,,,3481,0.08697891235351562,0.9896144866943359,0.026616331189870834
,,,,,,,,,3482,0.08549070358276367,0.9922351837158203,0.020234446972608566
,,,,,,,,,3483,0.08572626113891602,0.9902725219726562,0.024173464626073837
,,,,,,,,,3484,0.08526182174682617,0.9902534484863281,0.025147711858153343
,,,,,,,,,3485,0.08819270133972168,0.9934806823730469,0.01726176217198372
,,,,,,,,,3486,0.08655953407287598,0.98333740234375,0.04155302420258522
,,,,,,,,,3487,0.08557248115539551,0.9862346649169922,0.03450027108192444
,,,,,,,,,3488,0.08582305908203125,0.9913101196289062,0.022318923845887184
,,,,,,,,,3489,0.08511924743652344,0.9848728179931641,0.03599657863378525
,,,,,,,,,3490,0.085845947265625,0.9775619506835938,0.05799664556980133
,,,,,,,,,3491,0.0874474048614502,0.9882144927978516,0.030073225498199463
,,,,,,,,,3492,0.08747291564941406,0.9855823516845703,0.03570761904120445
,,,,,,,,,3493,0.08554363250732422,0.9811630249023438,0.04693708196282387
,,,,,,,,,3494,0.08565378189086914,0.9885540008544922,0.02932455763220787
,,,,,,,,,3495,0.08536195755004883,0.9871597290039062,0.031238814815878868
,,,,,,,,,3496,0.08640146255493164,0.9869270324707031,0.03224868327379227
,,,,,,,,,3497,0.0855567455291748,0.9795551300048828,0.04829403758049011
,,,,,,,,,3498,0.08649301528930664,0.9820537567138672,0.04350868612527847
,,,,,,,,,3499,0.08755064010620117,0.9877853393554688,0.030327320098876953
0.4439625294595247,46328,9824,0.28531609158828547,0.9860112404336735,0.6952948109549952,0.3260891701214634,3935511,22417,3500,0.08563828468322754,0.9917430877685547,0.02284461259841919
,,,,,,,,,3501,0.0862891674041748,0.9908905029296875,0.02499084547162056
,,,,,,,,,3502,0.08581256866455078,0.9920635223388672,0.02004680596292019
,,,,,,,,,3503,0.08546328544616699,0.9930267333984375,0.018405525013804436
,,,,,,,,,3504,0.08539628982543945,0.9929618835449219,0.019574053585529327
,,,,,,,,,3505,0.08510875701904297,0.9810504913330078,0.04683426767587662
,,,,,,,,,3506,0.0851891040802002,0.9863147735595703,0.03656177967786789
,,,,,,,,,3507,0.08788681030273438,0.9879856109619141,0.03074702061712742
,,,,,,,,,3508,0.08571863174438477,0.9882335662841797,0.031020937487483025
,,,,,,,,,3509,0.08653521537780762,0.987030029296875,0.03200793266296387
,,,,,,,,,3510,0.08515214920043945,0.9928550720214844,0.019912276417016983
,,,,,,,,,3511,0.0872037410736084,0.9826469421386719,0.04455344378948212
,,,,,,,,,3512,0.0855858325958252,0.9773426055908203,0.06311321258544922
,,,,,,,,,3513,0.08539628982543945,0.9886283874511719,0.028977595269680023
,,,,,,,,,3514,0.08824038505554199,0.9857425689697266,0.0350666418671608
,,,,,,,,,3515,0.08523011207580566,0.9869575500488281,0.03362809866666794
,,,,,,,,,3516,0.08580851554870605,0.989349365234375,0.02714294195175171
,,,,,,,,,3517,0.0854482650756836,0.9871311187744141,0.03202953189611435
,,,,,,,,,3518,0.08527064323425293,0.9840621948242188,0.04079129919409752
,,,,,,,,,3519,0.08621358871459961,0.9884243011474609,0.028551120311021805
,,,,,,,,,3520,0.08539581298828125,0.9855499267578125,0.035936832427978516
,,,,,,,,,3521,0.08878326416015625,0.9926567077636719,0.021084759384393692
,,,,,,,,,3522,0.08547663688659668,0.9889507293701172,0.0277514960616827
,,,,,,,,,3523,0.08541178703308105,0.9877758026123047,0.031849104911088943
,,,,,,,,,3524,0.08626532554626465,0.9782829284667969,0.05177830532193184
,,,,,,,,,3525,0.08521556854248047,0.9906787872314453,0.023458611220121384
,,,,,,,,,3526,0.08564901351928711,0.989501953125,0.026327505707740784
,,,,,,,,,3527,0.08559203147888184,0.9851646423339844,0.03860686719417572
,,,,,,,,,3528,0.08693909645080566,0.9872817993164062,0.032182060182094574
,,,,,,,,,3529,0.0863339900970459,0.9918308258056641,0.022853894159197807
,,,,,,,,,3530,0.08560991287231445,0.9917831420898438,0.023487146943807602
,,,,,,,,,3531,0.08705472946166992,0.9847145080566406,0.03741009533405304
,,,,,,,,,3532,0.08530735969543457,0.9932918548583984,0.0166523028165102
,,,,,,,,,3533,0.08551597595214844,0.987030029296875,0.029926765710115433
,,,,,,,,,3534,0.08603763580322266,0.98175048828125,0.048065993934869766
,,,,,,,,,3535,0.0877389907836914,0.9893283843994141,0.02815845236182213
,,,,,,,,,3536,0.08550763130187988,0.9851188659667969,0.03874950110912323
,,,,,,,,,3537,0.08619856834411621,0.9862289428710938,0.03489218279719353
,,,,,,,,,3538,0.08539772033691406,0.9779872894287109,0.05489692836999893
,,,,,,,,,3539,0.08594012260437012,0.9793605804443359,0.05161404237151146
,,,,,,,,,3540,0.08571982383728027,0.9868602752685547,0.03136391192674637
,,,,,,,,,3541,0.08713674545288086,0.9886608123779297,0.029872523620724678
,,,,,,,,,3542,0.08781075477600098,0.9909229278564453,0.02375216782093048
,,,,,,,,,3543,0.08543181419372559,0.9905834197998047,0.02444741129875183
,,,,,,,,,3544,0.0866546630859375,0.9885654449462891,0.0288434699177742
,,,,,,,,,3545,0.08578133583068848,0.9813480377197266,0.04456872493028641
,,,,,,,,,3546,0.08533930778503418,0.9877262115478516,0.03179517760872841
,,,,,,,,,3547,0.0853433609008789,0.9900474548339844,0.0259990394115448
,,,,,,,,,3548,0.08516860008239746,0.986236572265625,0.03701947256922722
,,,,,,,,,3549,0.08698391914367676,0.9922218322753906,0.02106955461204052
,,,,,,,,,3550,0.08575606346130371,0.9880828857421875,0.031242337077856064
,,,,,,,,,3551,0.08668255805969238,0.9812030792236328,0.04403866082429886
,,,,,,,,,3552,0.08552145957946777,0.9947376251220703,0.015452709048986435
,,,,,,,,,3553,0.0852971076965332,0.9887199401855469,0.02831355296075344
,,,,,,,,,3554,0.08609151840209961,0.9870243072509766,0.0341559574007988
,,,,,,,,,3555,0.08523917198181152,0.9876670837402344,0.032343920320272446
,,,,,,,,,3556,0.08823823928833008,0.9862499237060547,0.033110976219177246
,,,,,,,,,3557,0.08547759056091309,0.9801425933837891,0.04646340012550354
,,,,,,,,,3558,0.08539462089538574,0.9910602569580078,0.024328870698809624
,,,,,,,,,3559,0.0857839584350586,0.9857044219970703,0.035773225128650665
,,,,,,,,,3560,0.08536267280578613,0.9888038635253906,0.02892533503472805
,,,,,,,,,3561,0.08720588684082031,0.9894809722900391,0.02945367433130741
,,,,,,,,,3562,0.08521032333374023,0.9886665344238281,0.028201937675476074
,,,,,,,,,3563,0.08766007423400879,0.99212646484375,0.021874045953154564
,,,,,,,,,3564,0.08567333221435547,0.9904308319091797,0.024892080575227737
,,,,,,,,,3565,0.0853271484375,0.9874496459960938,0.03554875776171684
,,,,,,,,,3566,0.08565068244934082,0.9911708831787109,0.02357664331793785
,,,,,,,,,3567,0.08526873588562012,0.9805660247802734,0.048545002937316895
,,,,,,,,,3568,0.08627820014953613,0.992950439453125,0.01849171705543995
,,,,,,,,,3569,0.08550691604614258,0.9898757934570312,0.026393212378025055
,,,,,,,,,3570,0.08680152893066406,0.9857254028320312,0.035191480070352554
,,,,,,,,,3571,0.08617591857910156,0.9884319305419922,0.028997480869293213
,,,,,,,,,3572,0.0853569507598877,0.9892673492431641,0.026265883818268776
,,,,,,,,,3573,0.08545041084289551,0.9793224334716797,0.04949498921632767
,,,,,,,,,3574,0.08563733100891113,0.9865379333496094,0.03410261496901512
,,,,,,,,,3575,0.08563709259033203,0.9889678955078125,0.026352711021900177
,,,,,,,,,3576,0.08566689491271973,0.9828281402587891,0.04047319293022156
,,,,,,,,,3577,0.08734345436096191,0.9874114990234375,0.0328177809715271
,,,,,,,,,3578,0.0854029655456543,0.988922119140625,0.02937947027385235
,,,,,,,,,3579,0.0854184627532959,0.9890155792236328,0.03011898323893547
,,,,,,,,,3580,0.08534693717956543,0.9935016632080078,0.017645010724663734
,,,,,,,,,3581,0.08615684509277344,0.9898910522460938,0.027372824028134346
,,,,,,,,,3582,0.08689689636230469,0.9805622100830078,0.04437343031167984
,,,,,,,,,3583,0.08520269393920898,0.9813861846923828,0.048797622323036194
,,,,,,,,,3584,0.0870819091796875,0.9867630004882812,0.03139423578977585
,,,,,,,,,3585,0.08524680137634277,0.9876708984375,0.03138145059347153
,,,,,,,,,3586,0.08613777160644531,0.9874420166015625,0.030870748683810234
,,,,,,,,,3587,0.08554983139038086,0.9868278503417969,0.031840596348047256
,,,,,,,,,3588,0.08533573150634766,0.9871864318847656,0.032808855175971985
,,,,,,,,,3589,0.08680534362792969,0.9852809906005859,0.035247765481472015
,,,,,,,,,3590,0.08527565002441406,0.9894485473632812,0.02657894790172577
,,,,,,,,,3591,0.08900809288024902,0.9900493621826172,0.024989748373627663
,,,,,,,,,3592,0.08565998077392578,0.9923133850097656,0.020010976120829582
,,,,,,,,,3593,0.08526444435119629,0.9897880554199219,0.026760468259453773
,,,,,,,,,3594,0.08519506454467773,0.9841194152832031,0.03768528997898102
,,,,,,,,,3595,0.08547735214233398,0.9835166931152344,0.04009312391281128
,,,,,,,,,3596,0.08731579780578613,0.9853534698486328,0.03723476454615593
,,,,,,,,,3597,0.08561944961547852,0.9873600006103516,0.030660118907690048
,,,,,,,,,3598,0.08658766746520996,0.9864673614501953,0.03362550213932991
,,,,,,,,,3599,0.08541989326477051,0.9896163940429688,0.026548117399215698
,,,,,,,,,3600,0.08517193794250488,0.9907245635986328,0.023648740723729134
,,,,,,,,,3601,0.08716320991516113,0.9885177612304688,0.02846491150557995
,,,,,,,,,3602,0.08517765998840332,0.9904823303222656,0.02546098083257675
,,,,,,,,,3603,0.08698678016662598,0.9871273040771484,0.03194500505924225
,,,,,,,,,3604,0.08528637886047363,0.9893283843994141,0.029210129752755165
,,,,,,,,,3605,0.08636093139648438,0.9916858673095703,0.023380683735013008
,,,,,,,,,3606,0.0861959457397461,0.9880714416503906,0.0312933549284935
,,,,,,,,,3607,0.08557939529418945,0.9909934997558594,0.024246815592050552
,,,,,,,,,3608,0.08534574508666992,0.9879856109619141,0.030382907018065453
,,,,,,,,,3609,0.08538007736206055,0.9910316467285156,0.024887999519705772
,,,,,,,,,3610,0.08829593658447266,0.9900760650634766,0.025628918781876564
,,,,,,,,,3611,0.08681678771972656,0.9768123626708984,0.05807862430810928
,,,,,,,,,3612,0.08663678169250488,0.9886722564697266,0.029069356620311737
,,,,,,,,,3613,0.08534502983093262,0.9837322235107422,0.0402686633169651
,,,,,,,,,3614,0.08530783653259277,0.9886035919189453,0.030535517260432243
,,,,,,,,,3615,0.08553051948547363,0.9845161437988281,0.038735292851924896
,,,,,,,,,3616,0.08593559265136719,0.9848346710205078,0.03640088811516762
,,,,,,,,,3617,0.08769106864929199,0.9855594635009766,0.03547424450516701
,,,,,,,,,3618,0.08530235290527344,0.9869289398193359,0.03413756191730499
,,,,,,,,,3619,0.08616018295288086,0.9902420043945312,0.02592538483440876
,,,,,,,,,3620,0.08551669120788574,0.9876632690429688,0.029416827484965324
,,,,,,,,,3621,0.08736205101013184,0.9890365600585938,0.029867947101593018
,,,,,,,,,3622,0.08551645278930664,0.992095947265625,0.022066546604037285
,,,,,,,,,3623,0.08518290519714355,0.9891262054443359,0.026799527928233147
,,,,,,,,,3624,0.08780813217163086,0.9925441741943359,0.02015974000096321
,,,,,,,,,3625,0.08631134033203125,0.981658935546875,0.04640176519751549
,,,,,,,,,3626,0.08562684059143066,0.9873466491699219,0.03303194046020508
,,,,,,,,,3627,0.08546829223632812,0.9903106689453125,0.02352537028491497
,,,,,,,,,3628,0.08603668212890625,0.9852809906005859,0.03792965039610863
,,,,,,,,,3629,0.08581209182739258,0.9902305603027344,0.02439233474433422
,,,,,,,,,3630,0.08529186248779297,0.99127197265625,0.023260122165083885
,,,,,,,,,3631,0.08786702156066895,0.989715576171875,0.02890636771917343
,,,,,,,,,3632,0.0855262279510498,0.9856376647949219,0.03668694198131561
,,,,,,,,,3633,0.08562493324279785,0.9888782501220703,0.02876482717692852
,,,,,,,,,3634,0.08551621437072754,0.9827880859375,0.04302443936467171
,,,,,,,,,3635,0.08527827262878418,0.9898128509521484,0.026108451187610626
,,,,,,,,,3636,0.08535456657409668,0.9856986999511719,0.0349922738969326
,,,,,,,,,3637,0.08531022071838379,0.9868698120117188,0.03394074738025665
,,,,,,,,,3638,0.08798098564147949,0.9896965026855469,0.025200894102454185
,,,,,,,,,3639,0.08546209335327148,0.9910831451416016,0.023119982331991196
,,,,,,,,,3640,0.08546018600463867,0.9866352081298828,0.03459950163960457
,,,,,,,,,3641,0.08657407760620117,0.985626220703125,0.03531161695718765
,,,,,,,,,3642,0.08530569076538086,0.9864406585693359,0.03339850530028343
,,,,,,,,,3643,0.08553075790405273,0.9809532165527344,0.04816306382417679
,,,,,,,,,3644,0.08546257019042969,0.9898166656494141,0.026086069643497467
,,,,,,,,,3645,0.08728432655334473,0.9904556274414062,0.024123672395944595
,,,,,,,,,3646,0.0855112075805664,0.9896774291992188,0.0257171168923378
,,,,,,,,,3647,0.08553481101989746,0.9919948577880859,0.020767031237483025
,,,,,,,,,3648,0.0864865779876709,0.9851207733154297,0.03618542104959488
,,,,,,,,,3649,0.08543133735656738,0.9868755340576172,0.031961485743522644
,,,,,,,,,3650,0.08527159690856934,0.9903545379638672,0.023352675139904022
,,,,,,,,,3651,0.08708643913269043,0.9915904998779297,0.023657362908124924
,,,,,,,,,3652,0.08770942687988281,0.9896583557128906,0.024768223986029625
,,,,,,,,,3653,0.08573794364929199,0.993896484375,0.017090188339352608
,,,,,,,,,3654,0.08541750907897949,0.9926624298095703,0.02041989378631115
,,,,,,,,,3655,0.08523416519165039,0.9893894195556641,0.026478808373212814
,,,,,,,,,3656,0.0854485034942627,0.9846286773681641,0.04142925515770912
,,,,,,,,,3657,0.0856471061706543,0.9943809509277344,0.016034454107284546
,,,,,,,,,3658,0.08637356758117676,0.9866962432861328,0.031064223498106003
,,,,,,,,,3659,0.08679914474487305,0.9826316833496094,0.0422421395778656
,,,,,,,,,3660,0.08531570434570312,0.9915046691894531,0.022192461416125298
,,,,,,,,,3661,0.08707165718078613,0.9871997833251953,0.03166251257061958
,,,,,,,,,3662,0.08553314208984375,0.9894428253173828,0.0269943717867136
,,,,,,,,,3663,0.08538508415222168,0.9881381988525391,0.03093179315328598
,,,,,,,,,3664,0.08603072166442871,0.9889984130859375,0.029925642535090446
,,,,,,,,,3665,0.0854952335357666,0.9916400909423828,0.023565063253045082
,,,,,,,,,3666,0.08724737167358398,0.9885139465332031,0.028940141201019287
,,,,,,,,,3667,0.08542799949645996,0.9866466522216797,0.033642109483480453
,,,,,,,,,3668,0.08705568313598633,0.9919681549072266,0.020607272163033485
,,,,,,,,,3669,0.08524703979492188,0.9829845428466797,0.04115496948361397
,,,,,,,,,3670,0.08566999435424805,0.9900074005126953,0.02640974335372448
,,,,,,,,,3671,0.08727741241455078,0.9936695098876953,0.017574775964021683
,,,,,,,,,3672,0.08536791801452637,0.987457275390625,0.03185108304023743
,,,,,,,,,3673,0.08766484260559082,0.9850196838378906,0.036980077624320984
,,,,,,,,,3674,0.08531618118286133,0.9906196594238281,0.02576429955661297
,,,,,,,,,3675,0.08515381813049316,0.9849681854248047,0.0362422950565815
,,,,,,,,,3676,0.08561992645263672,0.9857692718505859,0.035083409398794174
,,,,,,,,,3677,0.0851445198059082,0.9909877777099609,0.02433166839182377
,,,,,,,,,3678,0.08616971969604492,0.9804000854492188,0.05188046395778656
,,,,,,,,,3679,0.08535552024841309,0.9890785217285156,0.02766820415854454
,,,,,,,,,3680,0.08741068840026855,0.9880466461181641,0.030797410756349564
,,,,,,,,,3681,0.0871114730834961,0.9837379455566406,0.04198835790157318
,,,,,,,,,3682,0.08524966239929199,0.9857349395751953,0.0338139683008194
,,,,,,,,,3683,0.08536124229431152,0.9910793304443359,0.024319417774677277
,,,,,,,,,3684,0.08559656143188477,0.9857616424560547,0.03730301558971405
,,,,,,,,,3685,0.08701133728027344,0.9843578338623047,0.03723025321960449
,,,,,,,,,3686,0.08534598350524902,0.9871006011962891,0.0319201797246933
,,,,,,,,,3687,0.08693504333496094,0.9848823547363281,0.03737130016088486
,,,,,,,,,3688,0.08543920516967773,0.9881401062011719,0.029505731537938118
,,,,,,,,,3689,0.08574795722961426,0.9944114685058594,0.0175924152135849
,,,,,,,,,3690,0.08561873435974121,0.9926834106445312,0.020691167563199997
,,,,,,,,,3691,0.08607292175292969,0.9881725311279297,0.030269339680671692
,,,,,,,,,3692,0.08596086502075195,0.9867458343505859,0.0349460206925869
,,,,,,,,,3693,0.08518028259277344,0.9821853637695312,0.04476325958967209
,,,,,,,,,3694,0.08595442771911621,0.984222412109375,0.03957905247807503
,,,,,,,,,3695,0.08580756187438965,0.9891834259033203,0.0281098410487175
,,,,,,,,,3696,0.08567261695861816,0.9903182983398438,0.023974847048521042
,,,,,,,,,3697,0.08530497550964355,0.9888515472412109,0.02919377014040947
,,,,,,,,,3698,0.08559513092041016,0.9921188354492188,0.021328650414943695
,,,,,,,,,3699,0.08707833290100098,0.9905071258544922,0.024245524778962135
,,,,,,,,,3700,0.08557438850402832,0.9858779907226562,0.03370719030499458
,,,,,,,,,3701,0.08804464340209961,0.9891376495361328,0.026327919214963913
,,,,,,,,,3702,0.08529543876647949,0.9910926818847656,0.023081429302692413
,,,,,,,,,3703,0.08530807495117188,0.9923019409179688,0.022564996033906937
,,,,,,,,,3704,0.0855247974395752,0.9926357269287109,0.01880389265716076
,,,,,,,,,3705,0.08605003356933594,0.98858642578125,0.028841938823461533
,,,,,,,,,3706,0.08675456047058105,0.9925708770751953,0.01932479999959469
,,,,,,,,,3707,0.08525228500366211,0.9876918792724609,0.03007555566728115
,,,,,,,,,3708,0.08579444885253906,0.9800033569335938,0.045179516077041626
,,,,,,,,,3709,0.08544373512268066,0.9865684509277344,0.032027896493673325
,,,,,,,,,3710,0.08565330505371094,0.97967529296875,0.05254590883851051
,,,,,,,,,3711,0.08705830574035645,0.9889926910400391,0.026832260191440582
,,,,,,,,,3712,0.08532977104187012,0.9889259338378906,0.028750786557793617
,,,,,,,,,3713,0.08669114112854004,0.985015869140625,0.036471348255872726
,,,,,,,,,3714,0.08555221557617188,0.9862651824951172,0.03228049352765083
,,,,,,,,,3715,0.08684182167053223,0.987579345703125,0.03055623732507229
,,,,,,,,,3716,0.08538317680358887,0.9883956909179688,0.028603576123714447
,,,,,,,,,3717,0.08517694473266602,0.9893627166748047,0.025241686031222343
,,,,,,,,,3718,0.08579802513122559,0.9860935211181641,0.03617206960916519
,,,,,,,,,3719,0.08525586128234863,0.9824657440185547,0.04426581785082817
,,,,,,,,,3720,0.08774852752685547,0.9870262145996094,0.031303416937589645
,,,,,,,,,3721,0.08691883087158203,0.9902458190917969,0.023460540920495987
,,,,,,,,,3722,0.08531713485717773,0.985443115234375,0.035631243139505386
,,,,,,,,,3723,0.08563709259033203,0.98974609375,0.02556757815182209
,,,,,,,,,3724,0.08533573150634766,0.9844608306884766,0.03977812081575394
,,,,,,,,,3725,0.08612298965454102,0.9940528869628906,0.016620641574263573
,,,,,,,,,3726,0.08533048629760742,0.9881038665771484,0.030566295608878136
,,,,,,,,,3727,0.0871877670288086,0.9899711608886719,0.027963923290371895
,,,,,,,,,3728,0.0855259895324707,0.9894580841064453,0.028018049895763397
,,,,,,,,,3729,0.08545088768005371,0.9852733612060547,0.036422181874513626
,,,,,,,,,3730,0.08617258071899414,0.9843769073486328,0.036042314022779465
,,,,,,,,,3731,0.08701348304748535,0.9902935028076172,0.024741144850850105
,,,,,,,,,3732,0.08528304100036621,0.9883365631103516,0.02920219488441944
,,,,,,,,,3733,0.08519649505615234,0.9876194000244141,0.03218729794025421
,,,,,,,,,3734,0.08797264099121094,0.9905242919921875,0.023256506770849228
,,,,,,,,,3735,0.08610987663269043,0.9914340972900391,0.02255241759121418
,,,,,,,,,3736,0.0857243537902832,0.9903945922851562,0.025034481659531593
,,,,,,,,,3737,0.08568978309631348,0.9872455596923828,0.031493619084358215
,,,,,,,,,3738,0.0855412483215332,0.9909133911132812,0.023490164428949356
,,,,,,,,,3739,0.08536577224731445,0.9871768951416016,0.03341720998287201
,,,,,,,,,3740,0.08627462387084961,0.9897346496582031,0.026258068159222603
,,,,,,,,,3741,0.08902120590209961,0.9930648803710938,0.018725411966443062
,,,,,,,,,3742,0.0857388973236084,0.9780960083007812,0.0552261546254158
,,,,,,,,,3743,0.08550286293029785,0.9917526245117188,0.021440956741571426
,,,,,,,,,3744,0.08523273468017578,0.9887142181396484,0.02724161185324192
,,,,,,,,,3745,0.08604979515075684,0.9899959564208984,0.02698325738310814
,,,,,,,,,3746,0.08616185188293457,0.9911975860595703,0.02295471727848053
,,,,,,,,,3747,0.08520293235778809,0.9859085083007812,0.034361422061920166
,,,,,,,,,3748,0.08717894554138184,0.9815425872802734,0.04148602485656738
,,,,,,,,,3749,0.0852043628692627,0.9882240295410156,0.027788665145635605
,,,,,,,,,3750,0.08607721328735352,0.9866294860839844,0.03326869755983353
,,,,,,,,,3751,0.08699798583984375,0.9845352172851562,0.03775503858923912
,,,,,,,,,3752,0.08514189720153809,0.9894199371337891,0.028121652081608772
,,,,,,,,,3753,0.08595108985900879,0.99267578125,0.019074957817792892
,,,,,,,,,3754,0.08531427383422852,0.9866428375244141,0.03351769223809242
,,,,,,,,,3755,0.08779764175415039,0.9895057678222656,0.027910133823752403
,,,,,,,,,3756,0.08545589447021484,0.9922904968261719,0.019773004576563835
,,,,,,,,,3757,0.08522629737854004,0.9794197082519531,0.05137427896261215
,,,,,,,,,3758,0.08556294441223145,0.9922847747802734,0.019800089299678802
,,,,,,,,,3759,0.08550000190734863,0.9898147583007812,0.025754805654287338
,,,,,,,,,3760,0.08674883842468262,0.9896202087402344,0.024551212787628174
,,,,,,,,,3761,0.08689999580383301,0.9830436706542969,0.05022205039858818
,,,,,,,,,3762,0.08601832389831543,0.98876953125,0.028764687478542328
,,,,,,,,,3763,0.08521866798400879,0.9838104248046875,0.040405165404081345
,,,,,,,,,3764,0.08530354499816895,0.9822750091552734,0.04271960258483887
,,,,,,,,,3765,0.08605694770812988,0.9914398193359375,0.022497596219182014
,,,,,,,,,3766,0.0853266716003418,0.9912528991699219,0.022503051906824112
,,,,,,,,,3767,0.0875241756439209,0.9910659790039062,0.02267017401754856
,,,,,,,,,3768,0.08609509468078613,0.9868450164794922,0.031942710280418396
,,,,,,,,,3769,0.08657383918762207,0.9914798736572266,0.021792398765683174
,,,,,,,,,3770,0.08547282218933105,0.9876689910888672,0.029987752437591553
,,,,,,,,,3771,0.08774161338806152,0.9932479858398438,0.017606539651751518
,,,,,,,,,3772,0.08547019958496094,0.9896640777587891,0.027057036757469177
,,,,,,,,,3773,0.08507537841796875,0.9855613708496094,0.034829989075660706
,,,,,,,,,3774,0.08605837821960449,0.9878406524658203,0.030539600178599358
,,,,,,,,,3775,0.08535313606262207,0.9881477355957031,0.028817659243941307
,,,,,,,,,3776,0.08635830879211426,0.9912681579589844,0.023260144516825676
,,,,,,,,,3777,0.08581686019897461,0.98944091796875,0.02581767737865448
,,,,,,,,,3778,0.08516383171081543,0.9836101531982422,0.04247664660215378
,,,,,,,,,3779,0.08601808547973633,0.9819774627685547,0.04246881231665611
,,,,,,,,,3780,0.08519482612609863,0.9862861633300781,0.03215575963258743
,,,,,,,,,3781,0.08758783340454102,0.9913597106933594,0.022930674254894257
,,,,,,,,,3782,0.0852060317993164,0.9866600036621094,0.031788766384124756
,,,,,,,,,3783,0.08556747436523438,0.9863414764404297,0.032404642552137375
,,,,,,,,,3784,0.0856626033782959,0.9895725250244141,0.02787061035633087
,,,,,,,,,3785,0.0855257511138916,0.9910449981689453,0.02406720630824566
,,,,,,,,,3786,0.08614540100097656,0.9900894165039062,0.026294173672795296
,,,,,,,,,3787,0.08615732192993164,0.9838180541992188,0.04097595065832138
,,,,,,,,,3788,0.08795166015625,0.9884777069091797,0.030893564224243164
,,,,,,,,,3789,0.08548212051391602,0.9889888763427734,0.028706137090921402
,,,,,,,,,3790,0.08785843849182129,0.98046875,0.048431720584630966
,,,,,,,,,3791,0.08852458000183105,0.9825153350830078,0.04225457087159157
,,,,,,,,,3792,0.08797764778137207,0.9841098785400391,0.039802178740501404
,,,,,,,,,3793,0.08722662925720215,0.9893226623535156,0.027002327144145966
,,,,,,,,,3794,0.08519816398620605,0.9878368377685547,0.029882531613111496
,,,,,,,,,3795,0.0867311954498291,0.9881019592285156,0.030122894793748856
,,,,,,,,,3796,0.08515763282775879,0.9900283813476562,0.025489933788776398
,,,,,,,,,3797,0.08796834945678711,0.9892749786376953,0.02886972390115261
,,,,,,,,,3798,0.08553147315979004,0.9876213073730469,0.02942824736237526
,,,,,,,,,3799,0.085205078125,0.9866065979003906,0.03298042714595795
,,,,,,,,,3800,0.08541107177734375,0.9870185852050781,0.032779593020677567
,,,,,,,,,3801,0.0868997573852539,0.9873752593994141,0.03137590363621712
,,,,,,,,,3802,0.08657097816467285,0.9879150390625,0.030089251697063446
,,,,,,,,,3803,0.08546280860900879,0.9835262298583984,0.04040517285466194
,,,,,,,,,3804,0.08636331558227539,0.9860992431640625,0.03391648456454277
,,,,,,,,,3805,0.08539867401123047,0.9823398590087891,0.041886843740940094
,,,,,,,,,3806,0.08562970161437988,0.9917964935302734,0.021792307496070862
,,,,,,,,,3807,0.08634567260742188,0.9817447662353516,0.04675784707069397
,,,,,,,,,3808,0.0852205753326416,0.9917278289794922,0.02286192588508129
,,,,,,,,,3809,0.08747649192810059,0.9901790618896484,0.026517920196056366
,,,,,,,,,3810,0.08556389808654785,0.9866065979003906,0.035797543823719025
,,,,,,,,,3811,0.08768463134765625,0.9900264739990234,0.024711428210139275
,,,,,,,,,3812,0.08534908294677734,0.9867668151855469,0.03165706992149353
,,,,,,,,,3813,0.08520746231079102,0.9874534606933594,0.03084869310259819
,,,,,,,,,3814,0.08565020561218262,0.9876289367675781,0.03153422102332115
,,,,,,,,,3815,0.08536314964294434,0.9891815185546875,0.027015816420316696
,,,,,,,,,3816,0.08774876594543457,0.9876384735107422,0.030606739223003387
,,,,,,,,,3817,0.08588075637817383,0.9896049499511719,0.027643082663416862
,,,,,,,,,3818,0.08647036552429199,0.9859809875488281,0.032580677419900894
,,,,,,,,,3819,0.08544230461120605,0.9870052337646484,0.03291669115424156
,,,,,,,,,3820,0.08537626266479492,0.9893264770507812,0.026662301272153854
,,,,,,,,,3821,0.08729338645935059,0.9908790588378906,0.02369251474738121
,,,,,,,,,3822,0.08543872833251953,0.9845523834228516,0.03615829348564148
,,,,,,,,,3823,0.08751702308654785,0.9852085113525391,0.03750445693731308
,,,,,,,,,3824,0.08522343635559082,0.9930858612060547,0.019770173355937004
,,,,,,,,,3825,0.08553838729858398,0.9902610778808594,0.024542782455682755
,,,,,,,,,3826,0.08557248115539551,0.9872570037841797,0.030239224433898926
,,,,,,,,,3827,0.0852200984954834,0.9888858795166016,0.02710956335067749
,,,,,,,,,3828,0.0853114128112793,0.9917640686035156,0.02204621024429798
,,,,,,,,,3829,0.08584451675415039,0.9848785400390625,0.038927480578422546
,,,,,,,,,3830,0.08700132369995117,0.9937343597412109,0.01713535189628601
,,,,,,,,,3831,0.08755660057067871,0.9919567108154297,0.021666932851076126
,,,,,,,,,3832,0.08607125282287598,0.9846935272216797,0.037959348410367966
,,,,,,,,,3833,0.08528304100036621,0.9887294769287109,0.027047157287597656
,,,,,,,,,3834,0.08525633811950684,0.9915275573730469,0.023143978789448738
,,,,,,,,,3835,0.0852963924407959,0.9919757843017578,0.020513679832220078
,,,,,,,,,3836,0.08547282218933105,0.9896411895751953,0.025767577812075615
,,,,,,,,,3837,0.08781933784484863,0.9827728271484375,0.0383048877120018
,,,,,,,,,3838,0.08558225631713867,0.9918594360351562,0.02152923122048378
,,,,,,,,,3839,0.08590984344482422,0.9888210296630859,0.030446134507656097
,,,,,,,,,3840,0.0853872299194336,0.9854278564453125,0.03645845502614975
,,,,,,,,,3841,0.08661961555480957,0.9930648803710938,0.01905415765941143
,,,,,,,,,3842,0.08539772033691406,0.9869632720947266,0.03158413618803024
,,,,,,,,,3843,0.0853586196899414,0.9857578277587891,0.03376475349068642
,,,,,,,,,3844,0.08748102188110352,0.9878559112548828,0.031002307310700417
,,,,,,,,,3845,0.08604931831359863,0.9859943389892578,0.03701005131006241
,,,,,,,,,3846,0.08564305305480957,0.9928970336914062,0.019618330523371696
,,,,,,,,,3847,0.0854024887084961,0.9805259704589844,0.04770224913954735
,,,,,,,,,3848,0.08532571792602539,0.9902801513671875,0.024261360988020897
,,,,,,,,,3849,0.08607220649719238,0.9873294830322266,0.03080007992684841
,,,,,,,,,3850,0.08565092086791992,0.9860286712646484,0.03167661279439926
,,,,,,,,,3851,0.08792853355407715,0.9902877807617188,0.02439991571009159
,,,,,,,,,3852,0.08536195755004883,0.992950439453125,0.02064799889922142
,,,,,,,,,3853,0.08579421043395996,0.9912586212158203,0.021955732256174088
,,,,,,,,,3854,0.08635783195495605,0.9922561645507812,0.020295962691307068
,,,,,,,,,3855,0.08534979820251465,0.9868144989013672,0.034078050404787064
,,,,,,,,,3856,0.08607602119445801,0.9930915832519531,0.01926213689148426
,,,,,,,,,3857,0.0850982666015625,0.9918861389160156,0.02086699940264225
,,,,,,,,,3858,0.08787298202514648,0.9828319549560547,0.05260305479168892
,,,,,,,,,3859,0.08637070655822754,0.9879436492919922,0.0324142761528492
,,,,,,,,,3860,0.08525562286376953,0.9918479919433594,0.02120543085038662
,,,,,,,,,3861,0.08685994148254395,0.9904518127441406,0.02466448023915291
,,,,,,,,,3862,0.08549356460571289,0.9910907745361328,0.022484010085463524
,,,,,,,,,3863,0.08580160140991211,0.9855537414550781,0.03396584466099739
,,,,,,,,,3864,0.08627128601074219,0.9887199401855469,0.02921169623732567
,,,,,,,,,3865,0.08725571632385254,0.9908657073974609,0.024472501128911972
,,,,,,,,,3866,0.08517765998840332,0.9918594360351562,0.020447034388780594
,,,,,,,,,3867,0.08530211448669434,0.9878063201904297,0.0308274794369936
,,,,,,,,,3868,0.08552289009094238,0.9870643615722656,0.03311186283826828
,,,,,,,,,3869,0.08602452278137207,0.9870204925537109,0.033558640629053116
,,,,,,,,,3870,0.08640098571777344,0.9872226715087891,0.03266558051109314
,,,,,,,,,3871,0.08691906929016113,0.9843521118164062,0.03724578395485878
,,,,,,,,,3872,0.08693480491638184,0.9939365386962891,0.018239811062812805
,,,,,,,,,3873,0.08546328544616699,0.9947643280029297,0.01590242050588131
,,,,,,,,,3874,0.08646154403686523,0.9813499450683594,0.04294363036751747
,,,,,,,,,3875,0.0854501724243164,0.9791355133056641,0.049266841262578964
,,,,,,,,,3876,0.08581805229187012,0.9918804168701172,0.021955404430627823
,,,,,,,,,3877,0.08652043342590332,0.9932613372802734,0.018084509298205376
,,,,,,,,,3878,0.08520746231079102,0.9943046569824219,0.01631738431751728
,,,,,,,,,3879,0.08762645721435547,0.9865913391113281,0.033906567841768265
,,,,,,,,,3880,0.08539676666259766,0.9849491119384766,0.03748919069766998
,,,,,,,,,3881,0.08700919151306152,0.9927539825439453,0.018673567101359367
,,,,,,,,,3882,0.0856168270111084,0.9850864410400391,0.03861489146947861
,,,,,,,,,3883,0.08522820472717285,0.9867496490478516,0.03329085186123848
,,,,,,,,,3884,0.08595776557922363,0.9868888854980469,0.033560752868652344
,,,,,,,,,3885,0.08561158180236816,0.9865627288818359,0.03331700339913368
,,,,,,,,,3886,0.08631205558776855,0.9891281127929688,0.02726498618721962
,,,,,,,,,3887,0.08556342124938965,0.9890995025634766,0.02826695516705513
,,,,,,,,,3888,0.08513522148132324,0.9928340911865234,0.018512845039367676
,,,,,,,,,3889,0.08587265014648438,0.9856986999511719,0.03519526124000549
,,,,,,,,,3890,0.08561491966247559,0.9863357543945312,0.03310106322169304
,,,,,,,,,3891,0.08654546737670898,0.9905509948730469,0.024749884381890297
,,,,,,,,,3892,0.08524560928344727,0.9894771575927734,0.026908226311206818
,,,,,,,,,3893,0.08656954765319824,0.9922027587890625,0.02094195783138275
,,,,,,,,,3894,0.08587193489074707,0.9881782531738281,0.028981288895010948
,,,,,,,,,3895,0.08538675308227539,0.9838714599609375,0.04319416359066963
,,,,,,,,,3896,0.0856778621673584,0.9886569976806641,0.0284794382750988
,,,,,,,,,3897,0.08528566360473633,0.9757518768310547,0.05995945259928703
,,,,,,,,,3898,0.0872030258178711,0.9916877746582031,0.021391848102211952
,,,,,,,,,3899,0.08529424667358398,0.9903640747070312,0.024456342682242393
,,,,,,,,,3900,0.08558249473571777,0.9876956939697266,0.03122195601463318
,,,,,,,,,3901,0.08710765838623047,0.9804286956787109,0.04655688256025314
,,,,,,,,,3902,0.08516860008239746,0.9924526214599609,0.021551355719566345
,,,,,,,,,3903,0.08536028861999512,0.9844989776611328,0.038037654012441635
,,,,,,,,,3904,0.08522725105285645,0.9856452941894531,0.037985946983098984
,,,,,,,,,3905,0.08859419822692871,0.9900054931640625,0.025074096396565437
,,,,,,,,,3906,0.08540821075439453,0.9846248626708984,0.037124790251255035
,,,,,,,,,3907,0.0858602523803711,0.9907302856445312,0.025513755157589912
,,,,,,,,,3908,0.08541584014892578,0.9832687377929688,0.04058418422937393
,,,,,,,,,3909,0.08530759811401367,0.9901561737060547,0.02410128526389599
,,,,,,,,,3910,0.0859065055847168,0.9894123077392578,0.02747444063425064
,,,,,,,,,3911,0.08825492858886719,0.9879646301269531,0.03072439134120941
,,,,,,,,,3912,0.08783388137817383,0.9909801483154297,0.024353547021746635
,,,,,,,,,3913,0.08542394638061523,0.9863700866699219,0.033676620572805405
,,,,,,,,,3914,0.08602547645568848,0.9919052124023438,0.02030433714389801
,,,,,,,,,3915,0.08541011810302734,0.9904918670654297,0.024687061086297035
,,,,,,,,,3916,0.08628368377685547,0.9874935150146484,0.032090362161397934
,,,,,,,,,3917,0.08546042442321777,0.9928359985351562,0.01979122869670391
,,,,,,,,,3918,0.08557939529418945,0.9913978576660156,0.02292677015066147
,,,,,,,,,3919,0.08716273307800293,0.9853191375732422,0.03652392700314522
,,,,,,,,,3920,0.08599615097045898,0.9917926788330078,0.020045358687639236
,,,,,,,,,3921,0.0882117748260498,0.9840564727783203,0.03972232714295387
,,,,,,,,,3922,0.08526611328125,0.9878997802734375,0.029534025117754936
,,,,,,,,,3923,0.08551764488220215,0.9868068695068359,0.033415697515010834
,,,,,,,,,3924,0.0853271484375,0.9891376495361328,0.02818211540579796
,,,,,,,,,3925,0.0854337215423584,0.9895515441894531,0.026486551389098167
,,,,,,,,,3926,0.08733057975769043,0.9849376678466797,0.037656959146261215
,,,,,,,,,3927,0.0852048397064209,0.9903678894042969,0.026492085307836533
,,,,,,,,,3928,0.08617281913757324,0.989837646484375,0.02403401955962181
,,,,,,,,,3929,0.08545088768005371,0.9920005798339844,0.020798737183213234
,,,,,,,,,3930,0.08550262451171875,0.9886226654052734,0.029026785865426064
,,,,,,,,,3931,0.08717656135559082,0.99005126953125,0.0255608931183815
,,,,,,,,,3932,0.08511161804199219,0.9870719909667969,0.0325353741645813
,,,,,,,,,3933,0.08732914924621582,0.9884834289550781,0.028919599950313568
,,,,,,,,,3934,0.08539652824401855,0.9913082122802734,0.022953083738684654
,,,,,,,,,3935,0.0854036808013916,0.9898242950439453,0.02850806899368763
,,,,,,,,,3936,0.08616089820861816,0.9805507659912109,0.04807324707508087
,,,,,,,,,3937,0.08532309532165527,0.9844493865966797,0.03764665126800537
,,,,,,,,,3938,0.08532500267028809,0.9907150268554688,0.023990115150809288
,,,,,,,,,3939,0.08525347709655762,0.9899406433105469,0.02676963061094284
,,,,,,,,,3940,0.0873556137084961,0.9838314056396484,0.039268530905246735
,,,,,,,,,3941,0.08730292320251465,0.9875030517578125,0.03199883922934532
,,,,,,,,,3942,0.08536887168884277,0.9909954071044922,0.024239543825387955
,,,,,,,,,3943,0.08550667762756348,0.9840888977050781,0.04007188230752945
,,,,,,,,,3944,0.08521127700805664,0.9874134063720703,0.030556807294487953
,,,,,,,,,3945,0.08528256416320801,0.9864788055419922,0.03297996148467064
,,,,,,,,,3946,0.08608698844909668,0.9883213043212891,0.032317791134119034
,,,,,,,,,3947,0.08694934844970703,0.9876518249511719,0.03225010260939598
,,,,,,,,,3948,0.08542704582214355,0.9932041168212891,0.018178846687078476
,,,,,,,,,3949,0.08540463447570801,0.9871997833251953,0.03450968116521835
,,,,,,,,,3950,0.08516716957092285,0.9901409149169922,0.026838308200240135
,,,,,,,,,3951,0.08731222152709961,0.9880580902099609,0.03146074339747429
,,,,,,,,,3952,0.08595490455627441,0.9855384826660156,0.03503700718283653
,,,,,,,,,3953,0.08548402786254883,0.9899044036865234,0.026180023327469826
,,,,,,,,,3954,0.08655977249145508,0.9895286560058594,0.026751914992928505
,,,,,,,,,3955,0.08554768562316895,0.9863300323486328,0.03482703119516373
,,,,,,,,,3956,0.08608651161193848,0.9907016754150391,0.023388834670186043
,,,,,,,,,3957,0.08570122718811035,0.9879741668701172,0.030319295823574066
,,,,,,,,,3958,0.08530926704406738,0.9912891387939453,0.022244740277528763
,,,,,,,,,3959,0.0855402946472168,0.9925098419189453,0.01952463947236538
,,,,,,,,,3960,0.08525776863098145,0.9860363006591797,0.03314565122127533
,,,,,,,,,3961,0.08802151679992676,0.9886627197265625,0.027868574485182762
,,,,,,,,,3962,0.08552145957946777,0.9877128601074219,0.030888894572854042
,,,,,,,,,3963,0.08546209335327148,0.9839591979980469,0.03830330818891525
,,,,,,,,,3964,0.08526325225830078,0.9907741546630859,0.026012035086750984
,,,,,,,,,3965,0.08517909049987793,0.9867038726806641,0.03328660875558853
,,,,,,,,,3966,0.08601093292236328,0.9900245666503906,0.025248590856790543
,,,,,,,,,3967,0.08531045913696289,0.9906024932861328,0.02624383196234703
,,,,,,,,,3968,0.085845947265625,0.9875850677490234,0.029379334300756454
,,,,,,,,,3969,0.08550429344177246,0.9798851013183594,0.0494723916053772
,,,,,,,,,3970,0.08521795272827148,0.9887237548828125,0.027694035321474075
,,,,,,,,,3971,0.08718538284301758,0.9815540313720703,0.047610633075237274
,,,,,,,,,3972,0.08522367477416992,0.9879035949707031,0.030707187950611115
,,,,,,,,,3973,0.0867013931274414,0.9906730651855469,0.02391711063683033
,,,,,,,,,3974,0.08537793159484863,0.9909324645996094,0.0223696269094944
,,,,,,,,,3975,0.08591365814208984,0.9932041168212891,0.018095796927809715
,,,,,,,,,3976,0.0855567455291748,0.9899730682373047,0.025022616609930992
,,,,,,,,,3977,0.08527374267578125,0.9860630035400391,0.03216911852359772
,,,,,,,,,3978,0.08583855628967285,0.9878082275390625,0.029530346393585205
,,,,,,,,,3979,0.0857994556427002,0.9828777313232422,0.03959783539175987
,,,,,,,,,3980,0.08716011047363281,0.9923820495605469,0.02005075104534626
,,,,,,,,,3981,0.08698368072509766,0.9843482971191406,0.04160201549530029
,,,,,,,,,3982,0.08655381202697754,0.9896602630615234,0.026109876111149788
,,,,,,,,,3983,0.08535146713256836,0.9877662658691406,0.03317618370056152
,,,,,,,,,3984,0.08528494834899902,0.9893951416015625,0.0282895490527153
,,,,,,,,,3985,0.08545589447021484,0.9907779693603516,0.023048410192131996
,,,,,,,,,3986,0.08545589447021484,0.9918289184570312,0.025108061730861664
,,,,,,,,,3987,0.0870516300201416,0.9839210510253906,0.04150611162185669
,,,,,,,,,3988,0.08555912971496582,0.9874477386474609,0.03324688971042633
,,,,,,,,,3989,0.08570981025695801,0.9881114959716797,0.029341263696551323
,,,,,,,,,3990,0.08535313606262207,0.9914455413818359,0.02137713134288788
,,,,,,,,,3991,0.08706521987915039,0.9905738830566406,0.025485867634415627
,,,,,,,,,3992,0.08522772789001465,0.9880466461181641,0.03142815828323364
,,,,,,,,,3993,0.0853261947631836,0.9858341217041016,0.036172978579998016
,,,,,,,,,3994,0.0877680778503418,0.9925193786621094,0.021488571539521217
,,,,,,,,,3995,0.08572793006896973,0.9890632629394531,0.026652462780475616
,,,,,,,,,3996,0.08556222915649414,0.9813423156738281,0.04787610098719597
,,,,,,,,,3997,0.0852518081665039,0.9827346801757812,0.04475954547524452
,,,,,,,,,3998,0.08606386184692383,0.9877052307128906,0.031084511429071426
,,,,,,,,,3999,0.08565187454223633,0.9888038635253906,0.028617728501558304
0.49185521604966104,15029,95961,0.3261326241909827,0.9723498286033163,0.3588794537570903,0.781380464033748,3849374,53716,4000,0.08539724349975586,0.9877376556396484,0.029741020873188972
,,,,,,,,,4001,0.086578369140625,0.9837837219238281,0.03903307393193245
,,,,,,,,,4002,0.08510637283325195,0.9867324829101562,0.032747771590948105
,,,,,,,,,4003,0.08541107177734375,0.9874935150146484,0.029755055904388428
,,,,,,,,,4004,0.08709454536437988,0.9894237518310547,0.028830092400312424
,,,,,,,,,4005,0.08572816848754883,0.9918060302734375,0.022520314902067184
,,,,,,,,,4006,0.0852203369140625,0.9870986938476562,0.032243527472019196
,,,,,,,,,4007,0.0852668285369873,0.9859504699707031,0.03655575215816498
,,,,,,,,,4008,0.08558249473571777,0.9905471801757812,0.0250016450881958
,,,,,,,,,4009,0.08518528938293457,0.9830055236816406,0.04258885607123375
,,,,,,,,,4010,0.08528518676757812,0.9899177551269531,0.025513995438814163
,,,,,,,,,4011,0.08957409858703613,0.9930496215820312,0.0182927455753088
,,,,,,,,,4012,0.08515501022338867,0.9828605651855469,0.0429500937461853
,,,,,,,,,4013,0.08544301986694336,0.9925289154052734,0.019842147827148438
,,,,,,,,,4014,0.08541393280029297,0.9781017303466797,0.055243976414203644
,,,,,,,,,4015,0.0852060317993164,0.992431640625,0.019665082916617393
,,,,,,,,,4016,0.08614015579223633,0.9872627258300781,0.031545817852020264
,,,,,,,,,4017,0.08516573905944824,0.9913215637207031,0.021240774542093277
,,,,,,,,,4018,0.08777618408203125,0.9903144836425781,0.02359662763774395
,,,,,,,,,4019,0.0853872299194336,0.9898605346679688,0.026553193107247353
,,,,,,,,,4020,0.08525347709655762,0.9890995025634766,0.02579205296933651
,,,,,,,,,4021,0.08613395690917969,0.9914073944091797,0.021084560081362724
,,,,,,,,,4022,0.08512592315673828,0.9814548492431641,0.046457916498184204
,,,,,,,,,4023,0.08591818809509277,0.9894752502441406,0.025235749781131744
,,,,,,,,,4024,0.08530688285827637,0.9893550872802734,0.025894690304994583
,,,,,,,,,4025,0.08764481544494629,0.9916324615478516,0.0204943735152483
,,,,,,,,,4026,0.0856475830078125,0.9899368286132812,0.026431674137711525
,,,,,,,,,4027,0.08570075035095215,0.9920005798339844,0.01928882859647274
,,,,,,,,,4028,0.08553242683410645,0.9902553558349609,0.025233464315533638
,,,,,,,,,4029,0.08537793159484863,0.9872035980224609,0.030865978449583054
,,,,,,,,,4030,0.08604884147644043,0.9905509948730469,0.02367200329899788
,,,,,,,,,4031,0.0870048999786377,0.9879055023193359,0.030890244990587234
,,,,,,,,,4032,0.08678936958312988,0.9849948883056641,0.03785671666264534
,,,,,,,,,4033,0.08571219444274902,0.9803981781005859,0.04562703147530556
,,,,,,,,,4034,0.08539843559265137,0.9883079528808594,0.028274578973650932
,,,,,,,,,4035,0.0852346420288086,0.9904632568359375,0.025416959077119827
,,,,,,,,,4036,0.08615565299987793,0.9872856140136719,0.03039436973631382
,,,,,,,,,4037,0.08671021461486816,0.9887237548828125,0.028591278940439224
,,,,,,,,,4038,0.08538985252380371,0.9864215850830078,0.03237166255712509
,,,,,,,,,4039,0.08687520027160645,0.9853076934814453,0.035083405673503876
,,,,,,,,,4040,0.08520841598510742,0.9899635314941406,0.02653590217232704
,,,,,,,,,4041,0.08709859848022461,0.9906520843505859,0.023421170189976692
,,,,,,,,,4042,0.0858454704284668,0.9910030364990234,0.022590292617678642
,,,,,,,,,4043,0.08530259132385254,0.9899826049804688,0.024560710415244102
,,,,,,,,,4044,0.08831381797790527,0.9842643737792969,0.04018527641892433
,,,,,,,,,4045,0.08817553520202637,0.9899692535400391,0.026960760354995728
,,,,,,,,,4046,0.08954644203186035,0.9863433837890625,0.034829191863536835
,,,,,,,,,4047,0.0854954719543457,0.9884853363037109,0.030070757493376732
,,,,,,,,,4048,0.08516812324523926,0.9881191253662109,0.02995375357568264
,,,,,,,,,4049,0.08554649353027344,0.9882106781005859,0.029407640919089317
,,,,,,,,,4050,0.08551716804504395,0.9895305633544922,0.028532518073916435
,,,,,,,,,4051,0.08741641044616699,0.9925136566162109,0.020206326618790627
,,,,,,,,,4052,0.0853269100189209,0.9868927001953125,0.03399272263050079
,,,,,,,,,4053,0.08736538887023926,0.9881362915039062,0.030326861888170242
,,,,,,,,,4054,0.0852663516998291,0.9869842529296875,0.03391163796186447
,,,,,,,,,4055,0.08520913124084473,0.9931640625,0.01797589845955372
,,,,,,,,,4056,0.08640503883361816,0.9921703338623047,0.01957118511199951
,,,,,,,,,4057,0.08530569076538086,0.9851779937744141,0.03721829131245613
,,,,,,,,,4058,0.08677268028259277,0.9929561614990234,0.018818002194166183
,,,,,,,,,4059,0.08524632453918457,0.9906024932861328,0.024637512862682343
,,,,,,,,,4060,0.08601713180541992,0.9920635223388672,0.022616947069764137
,,,,,,,,,4061,0.08706092834472656,0.9875297546386719,0.03179209679365158
,,,,,,,,,4062,0.08514833450317383,0.9853172302246094,0.037098076194524765
,,,,,,,,,4063,0.08558154106140137,0.9936904907226562,0.017317786812782288
,,,,,,,,,4064,0.08537125587463379,0.98980712890625,0.026827428489923477
,,,,,,,,,4065,0.08779335021972656,0.9905300140380859,0.024436496198177338
,,,,,,,,,4066,0.08604001998901367,0.9906005859375,0.024123601615428925
,,,,,,,,,4067,0.08638310432434082,0.9901504516601562,0.024022774770855904
,,,,,,,,,4068,0.08520150184631348,0.9906749725341797,0.023054400458931923
,,,,,,,,,4069,0.08530926704406738,0.9855518341064453,0.03697113320231438
,,,,,,,,,4070,0.08528661727905273,0.9914932250976562,0.022042136639356613
,,,,,,,,,4071,0.0873560905456543,0.9901523590087891,0.024275505915284157
,,,,,,,,,4072,0.08636713027954102,0.9888458251953125,0.028148047626018524
,,,,,,,,,4073,0.08513593673706055,0.9868316650390625,0.03601985052227974
,,,,,,,,,4074,0.08565187454223633,0.9877777099609375,0.03073778748512268
,,,,,,,,,4075,0.0856163501739502,0.9921379089355469,0.02178199589252472
,,,,,,,,,4076,0.08588933944702148,0.983062744140625,0.041166260838508606
,,,,,,,,,4077,0.08530473709106445,0.9883518218994141,0.028962310403585434
,,,,,,,,,4078,0.08551430702209473,0.9869289398193359,0.03300507366657257
,,,,,,,,,4079,0.08829259872436523,0.9809494018554688,0.04593457281589508
,,,,,,,,,4080,0.08536291122436523,0.992034912109375,0.020661838352680206
,,,,,,,,,4081,0.08740830421447754,0.9889049530029297,0.026830162853002548
,,,,,,,,,4082,0.0852663516998291,0.9874668121337891,0.03176214173436165
,,,,,,,,,4083,0.08517599105834961,0.9866695404052734,0.03300885111093521
,,,,,,,,,4084,0.08671188354492188,0.9907703399658203,0.02397284284234047
,,,,,,,,,4085,0.08535385131835938,0.9854259490966797,0.03279425576329231
,,,,,,,,,4086,0.0868215560913086,0.9893817901611328,0.02951008267700672
,,,,,,,,,4087,0.08537817001342773,0.9836254119873047,0.04053410515189171
,,,,,,,,,4088,0.08648300170898438,0.9874515533447266,0.02993188425898552
,,,,,,,,,4089,0.08523726463317871,0.9919204711914062,0.02127157710492611
,,,,,,,,,4090,0.08529233932495117,0.9876708984375,0.03133077546954155
,,,,,,,,,4091,0.0872342586517334,0.9936714172363281,0.016615858301520348
,,,,,,,,,4092,0.08529496192932129,0.9932365417480469,0.019193049520254135
,,,,,,,,,4093,0.0869140625,0.9793205261230469,0.05059497803449631
,,,,,,,,,4094,0.08586835861206055,0.9841461181640625,0.03927719220519066
,,,,,,,,,4095,0.08643031120300293,0.9881649017333984,0.032677844166755676
,,,,,,,,,4096,0.08542180061340332,0.9898967742919922,0.025623342022299767
,,,,,,,,,4097,0.08561015129089355,0.9907493591308594,0.025271518155932426
,,,,,,,,,4098,0.08615469932556152,0.9864749908447266,0.03472169116139412
,,,,,,,,,4099,0.08528017997741699,0.9933967590332031,0.019017480313777924
,,,,,,,,,4100,0.08713126182556152,0.9936847686767578,0.017463861033320427
,,,,,,,,,4101,0.08676791191101074,0.99285888671875,0.018939225003123283
,,,,,,,,,4102,0.08581948280334473,0.9904327392578125,0.027794037014245987
,,,,,,,,,4103,0.08544588088989258,0.9837722778320312,0.041118551045656204
,,,,,,,,,4104,0.08548355102539062,0.9891319274902344,0.029655875638127327
,,,,,,,,,4105,0.08541131019592285,0.9829864501953125,0.040385689586400986
,,,,,,,,,4106,0.08519363403320312,0.9772377014160156,0.056445881724357605
,,,,,,,,,4107,0.08741569519042969,0.9896945953369141,0.027212874963879585
,,,,,,,,,4108,0.0865480899810791,0.9900588989257812,0.027364490553736687
,,,,,,,,,4109,0.08526182174682617,0.9842643737792969,0.0386066697537899
,,,,,,,,,4110,0.08557534217834473,0.9910717010498047,0.023158803582191467
,,,,,,,,,4111,0.0868079662322998,0.9907512664794922,0.02451213076710701
,,,,,,,,,4112,0.08556509017944336,0.9844245910644531,0.03546516224741936
,,,,,,,,,4113,0.08529782295227051,0.9881477355957031,0.02780996263027191
,,,,,,,,,4114,0.08764266967773438,0.9825630187988281,0.042633891105651855
,,,,,,,,,4115,0.08526492118835449,0.9882888793945312,0.03149650618433952
,,,,,,,,,4116,0.08528637886047363,0.9892520904541016,0.030625754967331886
,,,,,,,,,4117,0.08560538291931152,0.9903182983398438,0.024486394599080086
,,,,,,,,,4118,0.08600687980651855,0.9901771545410156,0.02706262841820717
,,,,,,,,,4119,0.08596181869506836,0.9917926788330078,0.020124446600675583
,,,,,,,,,4120,0.08515620231628418,0.9893550872802734,0.027023905888199806
,,,,,,,,,4121,0.08759260177612305,0.9897136688232422,0.025394834578037262
,,,,,,,,,4122,0.08575248718261719,0.9874477386474609,0.028944049030542374
,,,,,,,,,4123,0.08507800102233887,0.9837608337402344,0.040026869624853134
,,,,,,,,,4124,0.08538198471069336,0.9895381927490234,0.028970103710889816
,,,,,,,,,4125,0.08548521995544434,0.9924087524414062,0.019577231258153915
,,,,,,,,,4126,0.08608722686767578,0.9945068359375,0.015478871762752533
,,,,,,,,,4127,0.0853273868560791,0.9926624298095703,0.02060163952410221
,,,,,,,,,4128,0.08730053901672363,0.9923992156982422,0.019776390865445137
,,,,,,,,,4129,0.08532047271728516,0.9757251739501953,0.06297513842582703
,,,,,,,,,4130,0.08526372909545898,0.9909591674804688,0.024806084111332893
,,,,,,,,,4131,0.08711075782775879,0.9908294677734375,0.023411672562360764
,,,,,,,,,4132,0.08543229103088379,0.98858642578125,0.028036946430802345
,,,,,,,,,4133,0.0859384536743164,0.9883766174316406,0.026938630267977715
,,,,,,,,,4134,0.085113525390625,0.9867706298828125,0.03192362189292908
,,,,,,,,,4135,0.08643531799316406,0.9905071258544922,0.024721071124076843
,,,,,,,,,4136,0.08575177192687988,0.9855670928955078,0.035650383681058884
,,,,,,,,,4137,0.0852506160736084,0.9900627136230469,0.0263382401317358
,,,,,,,,,4138,0.08611488342285156,0.9864406585693359,0.03247275948524475
,,,,,,,,,4139,0.0852668285369873,0.9883556365966797,0.0295705683529377
,,,,,,,,,4140,0.08669209480285645,0.9907970428466797,0.024584034457802773
,,,,,,,,,4141,0.08611869812011719,0.9839954376220703,0.03761544078588486
,,,,,,,,,4142,0.08605766296386719,0.9782466888427734,0.053143128752708435
,,,,,,,,,4143,0.08531618118286133,0.9868030548095703,0.03333747386932373
,,,,,,,,,4144,0.0850822925567627,0.9870643615722656,0.03167983517050743
,,,,,,,,,4145,0.08551144599914551,0.9783229827880859,0.054451681673526764
,,,,,,,,,4146,0.08528494834899902,0.9883460998535156,0.028109274804592133
,,,,,,,,,4147,0.08712148666381836,0.9841670989990234,0.03934114798903465
,,,,,,,,,4148,0.08567428588867188,0.9882621765136719,0.02807188592851162
,,,,,,,,,4149,0.08534121513366699,0.987091064453125,0.032302141189575195
,,,,,,,,,4150,0.08536267280578613,0.9898300170898438,0.026489382609725
,,,,,,,,,4151,0.08613348007202148,0.9854316711425781,0.03658631071448326
,,,,,,,,,4152,0.08507752418518066,0.9884471893310547,0.028706196695566177
,,,,,,,,,4153,0.08535528182983398,0.9901103973388672,0.024840310215950012
,,,,,,,,,4154,0.08832406997680664,0.9846858978271484,0.03893749788403511
,,,,,,,,,4155,0.08564400672912598,0.9862461090087891,0.031698670238256454
,,,,,,,,,4156,0.08636188507080078,0.9850559234619141,0.039377156645059586
,,,,,,,,,4157,0.08519172668457031,0.9889030456542969,0.027704186737537384
,,,,,,,,,4158,0.08544111251831055,0.9863529205322266,0.03528967499732971
,,,,,,,,,4159,0.08513021469116211,0.9924602508544922,0.019628258422017097
,,,,,,,,,4160,0.08538508415222168,0.9890460968017578,0.026881622150540352
,,,,,,,,,4161,0.08831214904785156,0.9843864440917969,0.040568169206380844
,,,,,,,,,4162,0.08530664443969727,0.9890213012695312,0.02653782069683075
,,,,,,,,,4163,0.08584308624267578,0.9901313781738281,0.024380424991250038
,,,,,,,,,4164,0.08551526069641113,0.9876461029052734,0.029407693073153496
,,,,,,,,,4165,0.08558130264282227,0.9893875122070312,0.028715359047055244
,,,,,,,,,4166,0.08532381057739258,0.9888210296630859,0.02761799283325672
,,,,,,,,,4167,0.08517599105834961,0.9892253875732422,0.027925338596105576
,,,,,,,,,4168,0.08696365356445312,0.9915180206298828,0.020858705043792725
,,,,,,,,,4169,0.08553194999694824,0.9876117706298828,0.030732804909348488
,,,,,,,,,4170,0.08564567565917969,0.9831161499023438,0.04074503108859062
,,,,,,,,,4171,0.08687043190002441,0.9904155731201172,0.024870075285434723
,,,,,,,,,4172,0.08521270751953125,0.9908199310302734,0.02519720233976841
,,,,,,,,,4173,0.08529782295227051,0.9912548065185547,0.022186093032360077
,,,,,,,,,4174,0.08533310890197754,0.9898319244384766,0.02520650252699852
,,,,,,,,,4175,0.08713507652282715,0.9902381896972656,0.024327632039785385
,,,,,,,,,4176,0.08552837371826172,0.9905185699462891,0.02397393248975277
,,,,,,,,,4177,0.08512210845947266,0.9825153350830078,0.04333771765232086
,,,,,,,,,4178,0.08567428588867188,0.9874725341796875,0.03296499326825142
,,,,,,,,,4179,0.08535051345825195,0.9941444396972656,0.01662609726190567
,,,,,,,,,4180,0.0867452621459961,0.9860343933105469,0.035675570368766785
,,,,,,,,,4181,0.08706974983215332,0.9877147674560547,0.0310109481215477
,,,,,,,,,4182,0.08669281005859375,0.9896678924560547,0.02737533114850521
,,,,,,,,,4183,0.08543634414672852,0.9895229339599609,0.029456472024321556
,,,,,,,,,4184,0.08516502380371094,0.9858646392822266,0.03783591464161873
,,,,,,,,,4185,0.08615422248840332,0.9878692626953125,0.029686003923416138
,,,,,,,,,4186,0.0855095386505127,0.9869289398193359,0.03450930118560791
,,,,,,,,,4187,0.0853273868560791,0.9879512786865234,0.030209828168153763
,,,,,,,,,4188,0.08524465560913086,0.9898662567138672,0.025731895118951797
,,,,,,,,,4189,0.08717799186706543,0.9896926879882812,0.026050133630633354
,,,,,,,,,4190,0.08598041534423828,0.9948215484619141,0.015326861292123795
,,,,,,,,,4191,0.0869138240814209,0.9858131408691406,0.03552791848778725
,,,,,,,,,4192,0.0855093002319336,0.9869041442871094,0.03283655270934105
,,,,,,,,,4193,0.0860280990600586,0.9921836853027344,0.020093055441975594
,,,,,,,,,4194,0.08552289009094238,0.9850559234619141,0.03789965435862541
,,,,,,,,,4195,0.08608222007751465,0.9897842407226562,0.023724662140011787
,,,,,,,,,4196,0.08667469024658203,0.986602783203125,0.0359216071665287
,,,,,,,,,4197,0.08537626266479492,0.9933929443359375,0.018552636727690697
,,,,,,,,,4198,0.08521294593811035,0.9892139434814453,0.026313994079828262
,,,,,,,,,4199,0.08536577224731445,0.9919071197509766,0.020983846858143806
,,,,,,,,,4200,0.08599257469177246,0.9917736053466797,0.021858328953385353
,,,,,,,,,4201,0.0873265266418457,0.9850292205810547,0.03659633919596672
,,,,,,,,,4202,0.08566498756408691,0.984100341796875,0.04010297730565071
,,,,,,,,,4203,0.08582615852355957,0.9837436676025391,0.03911187872290611
,,,,,,,,,4204,0.08533143997192383,0.9890995025634766,0.029080351814627647
,,,,,,,,,4205,0.08616518974304199,0.9846668243408203,0.038937296718358994
,,,,,,,,,4206,0.0853414535522461,0.9902896881103516,0.02614201232790947
,,,,,,,,,4207,0.08543205261230469,0.9888172149658203,0.030873460695147514
,,,,,,,,,4208,0.08685183525085449,0.9883956909179688,0.028988409787416458
,,,,,,,,,4209,0.08523106575012207,0.9894771575927734,0.0265121478587389
,,,,,,,,,4210,0.08665633201599121,0.9910984039306641,0.02353181503713131
,,,,,,,,,4211,0.08737564086914062,0.9888229370117188,0.028209146112203598
,,,,,,,,,4212,0.0853121280670166,0.9929904937744141,0.01933264173567295
,,,,,,,,,4213,0.08513927459716797,0.9904670715332031,0.023956989869475365
,,,,,,,,,4214,0.08535170555114746,0.9887733459472656,0.02738688513636589
,,,,,,,,,4215,0.08813285827636719,0.9913463592529297,0.023670226335525513
,,,,,,,,,4216,0.08569216728210449,0.9934959411621094,0.016989996656775475
,,,,,,,,,4217,0.08547115325927734,0.9937801361083984,0.018502186983823776
,,,,,,,,,4218,0.08523178100585938,0.9880275726318359,0.02827237918972969
,,,,,,,,,4219,0.08536577224731445,0.989898681640625,0.02545105665922165
,,,,,,,,,4220,0.08598709106445312,0.9781379699707031,0.05903000757098198
,,,,,,,,,4221,0.08699774742126465,0.9913330078125,0.022020235657691956
,,,,,,,,,4222,0.08656096458435059,0.9885482788085938,0.02890992909669876
,,,,,,,,,4223,0.08551359176635742,0.9889698028564453,0.028244037181138992
,,,,,,,,,4224,0.08552765846252441,0.9891815185546875,0.02682485617697239
,,,,,,,,,4225,0.0864095687866211,0.9908809661865234,0.022844504565000534
,,,,,,,,,4226,0.08569216728210449,0.9915313720703125,0.02311745099723339
,,,,,,,,,4227,0.08529186248779297,0.9866256713867188,0.03132403641939163
,,,,,,,,,4228,0.08517622947692871,0.9858417510986328,0.03265279158949852
,,,,,,,,,4229,0.08734011650085449,0.9883995056152344,0.02898223325610161
,,,,,,,,,4230,0.08641767501831055,0.9871978759765625,0.03166355565190315
,,,,,,,,,4231,0.08794426918029785,0.9838790893554688,0.041713159531354904
,,,,,,,,,4232,0.08533406257629395,0.9876422882080078,0.033069539815187454
,,,,,,,,,4233,0.08515357971191406,0.9879474639892578,0.030753502622246742
,,,,,,,,,4234,0.0853261947631836,0.9891109466552734,0.02668728120625019
,,,,,,,,,4235,0.08574414253234863,0.9847621917724609,0.03809437155723572
,,,,,,,,,4236,0.08744144439697266,0.9900703430175781,0.026299811899662018
,,,,,,,,,4237,0.08544683456420898,0.9867935180664062,0.0328802689909935
,,,,,,,,,4238,0.08520936965942383,0.9922237396240234,0.019956478849053383
,,,,,,,,,4239,0.08547496795654297,0.9893665313720703,0.02691531740128994
,,,,,,,,,4240,0.08538269996643066,0.977752685546875,0.053175024688243866
,,,,,,,,,4241,0.08699870109558105,0.9863224029541016,0.03460424020886421
,,,,,,,,,4242,0.08511734008789062,0.99066162109375,0.02346440963447094
,,,,,,,,,4243,0.0872032642364502,0.9883346557617188,0.028769008815288544
,,,,,,,,,4244,0.08603358268737793,0.9908962249755859,0.02372829057276249
,,,,,,,,,4245,0.0853886604309082,0.9905776977539062,0.02531135082244873
,,,,,,,,,4246,0.08534836769104004,0.9840488433837891,0.04106581211090088
,,,,,,,,,4247,0.08550834655761719,0.9876499176025391,0.029985938221216202
,,,,,,,,,4248,0.0857844352722168,0.9903354644775391,0.024921568110585213
,,,,,,,,,4249,0.0857386589050293,0.9902629852294922,0.02803843282163143
,,,,,,,,,4250,0.08751130104064941,0.9891986846923828,0.026392221450805664
,,,,,,,,,4251,0.08627176284790039,0.9860992431640625,0.03460821136832237
,,,,,,,,,4252,0.08524608612060547,0.9913368225097656,0.023180875927209854
,,,,,,,,,4253,0.08553624153137207,0.9865531921386719,0.03422160819172859
,,,,,,,,,4254,0.08525419235229492,0.9933147430419922,0.01850399561226368
,,,,,,,,,4255,0.08605051040649414,0.9916133880615234,0.022928966209292412
,,,,,,,,,4256,0.08518028259277344,0.9903297424316406,0.024243205785751343
,,,,,,,,,4257,0.08739852905273438,0.9904289245605469,0.02317013032734394
,,,,,,,,,4258,0.08574223518371582,0.975311279296875,0.05646819621324539
,,,,,,,,,4259,0.08521914482116699,0.9838523864746094,0.03992065414786339
,,,,,,,,,4260,0.08538699150085449,0.9894390106201172,0.026263820007443428
,,,,,,,,,4261,0.08705902099609375,0.9861431121826172,0.03440767154097557
,,,,,,,,,4262,0.08658313751220703,0.985595703125,0.03577599674463272
,,,,,,,,,4263,0.08522653579711914,0.9890518188476562,0.02939767949283123
,,,,,,,,,4264,0.08589744567871094,0.9853572845458984,0.03825584053993225
,,,,,,,,,4265,0.0854041576385498,0.9875125885009766,0.030390869826078415
,,,,,,,,,4266,0.08504581451416016,0.9828224182128906,0.04210316389799118
,,,,,,,,,4267,0.08640575408935547,0.9874439239501953,0.029753465205430984
,,,,,,,,,4268,0.08508872985839844,0.9901351928710938,0.02620873786509037
,,,,,,,,,4269,0.08715963363647461,0.9904556274414062,0.024560198187828064
,,,,,,,,,4270,0.08555316925048828,0.9821491241455078,0.04510379582643509
,,,,,,,,,4271,0.08697819709777832,0.9907722473144531,0.024308500811457634
,,,,,,,,,4272,0.08525776863098145,0.983367919921875,0.04406183212995529
,,,,,,,,,4273,0.08536767959594727,0.9857025146484375,0.037607185542583466
,,,,,,,,,4274,0.0851893424987793,0.9881629943847656,0.03041977435350418
,,,,,,,,,4275,0.0858316421508789,0.9819202423095703,0.044428326189517975
,,,,,,,,,4276,0.08838319778442383,0.9922466278076172,0.02059151418507099
,,,,,,,,,4277,0.08643627166748047,0.9892616271972656,0.02786868065595627
,,,,,,,,,4278,0.08592939376831055,0.9841194152832031,0.04048200696706772
,,,,,,,,,4279,0.0852055549621582,0.9905204772949219,0.02512982115149498
,,,,,,,,,4280,0.08532834053039551,0.9862594604492188,0.034897178411483765
,,,,,,,,,4281,0.08728408813476562,0.9839763641357422,0.04057587683200836
,,,,,,,,,4282,0.08527112007141113,0.9810256958007812,0.04498399794101715
,,,,,,,,,4283,0.08742284774780273,0.9899120330810547,0.026876278221607208
,,,,,,,,,4284,0.08514952659606934,0.9872360229492188,0.03158276528120041
,,,,,,,,,4285,0.0855093002319336,0.9842510223388672,0.03721354156732559
,,,,,,,,,4286,0.08574128150939941,0.9892520904541016,0.02777758054435253
,,,,,,,,,4287,0.08617115020751953,0.9915103912353516,0.022726664319634438
,,,,,,,,,4288,0.08546662330627441,0.9863910675048828,0.03380899503827095
,,,,,,,,,4289,0.08526945114135742,0.9837589263916016,0.040356431156396866
,,,,,,,,,4290,0.08752179145812988,0.988616943359375,0.029173370450735092
,,,,,,,,,4291,0.0872352123260498,0.9878330230712891,0.030589276924729347
,,,,,,,,,4292,0.08596944808959961,0.9893035888671875,0.027480358257889748
,,,,,,,,,4293,0.08514285087585449,0.9910545349121094,0.023815803229808807
,,,,,,,,,4294,0.08544731140136719,0.9907131195068359,0.024624299257993698
,,,,,,,,,4295,0.08550834655761719,0.9919834136962891,0.020424073562026024
,,,,,,,,,4296,0.0852973461151123,0.9916954040527344,0.02129560522735119
,,,,,,,,,4297,0.08791804313659668,0.9894752502441406,0.027283215895295143
,,,,,,,,,4298,0.0851600170135498,0.9927387237548828,0.01957770437002182
,,,,,,,,,4299,0.08701920509338379,0.9882278442382812,0.03132008761167526
,,,,,,,,,4300,0.08552026748657227,0.9908638000488281,0.024541234597563744
,,,,,,,,,4301,0.08598017692565918,0.9893627166748047,0.02783830091357231
,,,,,,,,,4302,0.08557248115539551,0.9895954132080078,0.028738660737872124
,,,,,,,,,4303,0.08512687683105469,0.9845943450927734,0.03823784738779068
,,,,,,,,,4304,0.08773231506347656,0.9888801574707031,0.027711160480976105
,,,,,,,,,4305,0.08550381660461426,0.9858646392822266,0.03441304340958595
,,,,,,,,,4306,0.08515048027038574,0.9934177398681641,0.01748066209256649
,,,,,,,,,4307,0.08617591857910156,0.9895000457763672,0.02653006836771965
,,,,,,,,,4308,0.08519387245178223,0.9894046783447266,0.027975575998425484
,,,,,,,,,4309,0.08539533615112305,0.9885311126708984,0.028088035061955452
,,,,,,,,,4310,0.08519792556762695,0.9880390167236328,0.030691707506775856
,,,,,,,,,4311,0.08966922760009766,0.9868984222412109,0.03357240557670593
,,,,,,,,,4312,0.0851738452911377,0.9913768768310547,0.024372145533561707
,,,,,,,,,4313,0.08518314361572266,0.9922733306884766,0.019903456792235374
,,,,,,,,,4314,0.08556342124938965,0.9900665283203125,0.025944743305444717
,,,,,,,,,4315,0.08530664443969727,0.9896335601806641,0.026779035106301308
,,,,,,,,,4316,0.0858609676361084,0.9875984191894531,0.032000698149204254
,,,,,,,,,4317,0.0858621597290039,0.9913005828857422,0.022437479346990585
,,,,,,,,,4318,0.08763480186462402,0.9825000762939453,0.04583759233355522
,,,,,,,,,4319,0.08531451225280762,0.9912986755371094,0.021700164303183556
,,,,,,,,,4320,0.08533263206481934,0.9866733551025391,0.032050810754299164
,,,,,,,,,4321,0.08695721626281738,0.9918327331542969,0.020329516381025314
,,,,,,,,,4322,0.08543586730957031,0.9901695251464844,0.0249765757471323
,,,,,,,,,4323,0.08568429946899414,0.9894905090332031,0.02678786963224411
,,,,,,,,,4324,0.08533763885498047,0.9789581298828125,0.049471139907836914
,,,,,,,,,4325,0.08697342872619629,0.9884357452392578,0.028850093483924866
,,,,,,,,,4326,0.08552980422973633,0.9920673370361328,0.020218567922711372
,,,,,,,,,4327,0.08574748039245605,0.9846210479736328,0.03776627406477928
,,,,,,,,,4328,0.0854337215423584,0.9922370910644531,0.01913333870470524
,,,,,,,,,4329,0.08524942398071289,0.9843006134033203,0.040468912571668625
,,,,,,,,,4330,0.08599090576171875,0.9881820678710938,0.031552333384752274
,,,,,,,,,4331,0.08694982528686523,0.9869937896728516,0.031199680641293526
,,,,,,,,,4332,0.08651947975158691,0.9882621765136719,0.030842971056699753
,,,,,,,,,4333,0.08552837371826172,0.9871006011962891,0.03315340355038643
,,,,,,,,,4334,0.08532571792602539,0.9895591735839844,0.026430070400238037
,,,,,,,,,4335,0.08514904975891113,0.9887981414794922,0.030232764780521393
,,,,,,,,,4336,0.08546757698059082,0.9905719757080078,0.023812536150217056
,,,,,,,,,4337,0.08678770065307617,0.9862346649169922,0.032936885952949524
,,,,,,,,,4338,0.08561110496520996,0.9880809783935547,0.02955661714076996
,,,,,,,,,4339,0.08826899528503418,0.9884452819824219,0.029587548226118088
,,,,,,,,,4340,0.08790707588195801,0.9917201995849609,0.021151933819055557
,,,,,,,,,4341,0.08846306800842285,0.9903106689453125,0.02405748888850212
,,,,,,,,,4342,0.08809256553649902,0.9854736328125,0.03642178699374199
,,,,,,,,,4343,0.08606743812561035,0.9918346405029297,0.020737309008836746
,,,,,,,,,4344,0.0866706371307373,0.9904499053955078,0.023518450558185577
,,,,,,,,,4345,0.08512520790100098,0.9907341003417969,0.024127261713147163
,,,,,,,,,4346,0.08742880821228027,0.9885902404785156,0.028943954035639763
,,,,,,,,,4347,0.08553361892700195,0.985870361328125,0.03811061382293701
,,,,,,,,,4348,0.08529925346374512,0.9763011932373047,0.05913199484348297
,,,,,,,,,4349,0.08604001998901367,0.9754562377929688,0.06026945263147354
,,,,,,,,,4350,0.08553242683410645,0.9859085083007812,0.035025350749492645
,,,,,,,,,4351,0.08725881576538086,0.9913139343261719,0.023503722622990608
,,,,,,,,,4352,0.08578896522521973,0.9880542755126953,0.03155450150370598
,,,,,,,,,4353,0.08595657348632812,0.9900093078613281,0.02904951572418213
,,,,,,,,,4354,0.08598732948303223,0.9794445037841797,0.046670250594615936
,,,,,,,,,4355,0.08526158332824707,0.9861106872558594,0.03754468262195587
,,,,,,,,,4356,0.08541369438171387,0.9875259399414062,0.029114430770277977
,,,,,,,,,4357,0.08542895317077637,0.9821071624755859,0.04168817028403282
,,,,,,,,,4358,0.08773350715637207,0.9870014190673828,0.03153718262910843
,,,,,,,,,4359,0.08603882789611816,0.9932823181152344,0.019344931468367577
,,,,,,,,,4360,0.08656620979309082,0.9899806976318359,0.02557394839823246
,,,,,,,,,4361,0.08690214157104492,0.9886569976806641,0.028346383944153786
,,,,,,,,,4362,0.08507442474365234,0.9917411804199219,0.021560056135058403
,,,,,,,,,4363,0.08542537689208984,0.9913387298583984,0.022607361897826195
,,,,,,,,,4364,0.08599281311035156,0.9910697937011719,0.024628736078739166
,,,,,,,,,4365,0.08753323554992676,0.9872398376464844,0.03302136808633804
,,,,,,,,,4366,0.08553099632263184,0.9868202209472656,0.03479672223329544
,,,,,,,,,4367,0.08615803718566895,0.9866218566894531,0.032762311398983
,,,,,,,,,4368,0.08504295349121094,0.9878921508789062,0.030702438205480576
,,,,,,,,,4369,0.08622264862060547,0.9872817993164062,0.032615769654512405
,,,,,,,,,4370,0.08559608459472656,0.9863243103027344,0.033774569630622864
,,,,,,,,,4371,0.08700990676879883,0.9834613800048828,0.041892681270837784
,,,,,,,,,4372,0.08775186538696289,0.9879550933837891,0.029744911938905716
,,,,,,,,,4373,0.08540892601013184,0.9884929656982422,0.02799767442047596
,,,,,,,,,4374,0.08680391311645508,0.9876632690429688,0.028440391644835472
,,,,,,,,,4375,0.08552169799804688,0.9894618988037109,0.024699803441762924
,,,,,,,,,4376,0.08506941795349121,0.9864101409912109,0.03701573982834816
,,,,,,,,,4377,0.08544659614562988,0.9884872436523438,0.0280354842543602
,,,,,,,,,4378,0.08544635772705078,0.982269287109375,0.044830262660980225
,,,,,,,,,4379,0.08828139305114746,0.9905338287353516,0.0241363774985075
,,,,,,,,,4380,0.08643913269042969,0.9850559234619141,0.03915753960609436
,,,,,,,,,4381,0.08695244789123535,0.9874839782714844,0.0329853817820549
,,,,,,,,,4382,0.08568763732910156,0.9894790649414062,0.025432709604501724
,,,,,,,,,4383,0.08501815795898438,0.9924144744873047,0.02168341353535652
,,,,,,,,,4384,0.08629465103149414,0.9859714508056641,0.032455459237098694
,,,,,,,,,4385,0.08543825149536133,0.9902896881103516,0.025126811116933823
,,,,,,,,,4386,0.08786916732788086,0.9794292449951172,0.05024652183055878
,,,,,,,,,4387,0.08517765998840332,0.9883270263671875,0.02975195273756981
,,,,,,,,,4388,0.08541059494018555,0.9895057678222656,0.02651810832321644
,,,,,,,,,4389,0.08640313148498535,0.9918727874755859,0.020230043679475784
,,,,,,,,,4390,0.08532261848449707,0.9807147979736328,0.04617913439869881
,,,,,,,,,4391,0.08703327178955078,0.9923858642578125,0.020246857777237892
,,,,,,,,,4392,0.0851287841796875,0.987457275390625,0.030424198135733604
,,,,,,,,,4393,0.0874638557434082,0.9892539978027344,0.027441654354333878
,,,,,,,,,4394,0.08616900444030762,0.9895229339599609,0.026653356850147247
,,,,,,,,,4395,0.08516883850097656,0.973602294921875,0.06783299148082733
,,,,,,,,,4396,0.08550429344177246,0.9855480194091797,0.03396017476916313
,,,,,,,,,4397,0.08505892753601074,0.9848423004150391,0.03555819019675255
,,,,,,,,,4398,0.08548831939697266,0.9903774261474609,0.024918489158153534
,,,,,,,,,4399,0.08606576919555664,0.9866905212402344,0.03257560357451439
,,,,,,,,,4400,0.08687496185302734,0.9866523742675781,0.03230683505535126
,,,,,,,,,4401,0.08698678016662598,0.9870243072509766,0.03195242956280708
,,,,,,,,,4402,0.08507776260375977,0.9905948638916016,0.023692471906542778
,,,,,,,,,4403,0.08555340766906738,0.9902191162109375,0.026076873764395714
,,,,,,,,,4404,0.08532404899597168,0.992279052734375,0.02189340442419052
,,,,,,,,,4405,0.08576798439025879,0.9879341125488281,0.02937125600874424
,,,,,,,,,4406,0.08563423156738281,0.9889659881591797,0.028514113277196884
,,,,,,,,,4407,0.08664512634277344,0.9821510314941406,0.04269067198038101
,,,,,,,,,4408,0.0859067440032959,0.9902992248535156,0.02500680461525917
,,,,,,,,,4409,0.0855255126953125,0.993377685546875,0.0173642598092556
,,,,,,,,,4410,0.0853128433227539,0.9857444763183594,0.03521474078297615
,,,,,,,,,4411,0.08732748031616211,0.9879417419433594,0.029882770031690598
,,,,,,,,,4412,0.08597159385681152,0.9912891387939453,0.023406432941555977
,,,,,,,,,4413,0.08560919761657715,0.9876804351806641,0.03083042986690998
,,,,,,,,,4414,0.08756899833679199,0.9844036102294922,0.0397164411842823
,,,,,,,,,4415,0.08541035652160645,0.9890975952148438,0.029229197651147842
,,,,,,,,,4416,0.08618998527526855,0.9838485717773438,0.037095408886671066
,,,,,,,,,4417,0.08566761016845703,0.9803504943847656,0.05306125804781914
,,,,,,,,,4418,0.08596205711364746,0.9875545501708984,0.028775643557310104
,,,,,,,,,4419,0.08698320388793945,0.9857234954833984,0.03520769625902176
,,,,,,,,,4420,0.08522462844848633,0.9889717102050781,0.028053967282176018
,,,,,,,,,4421,0.08831381797790527,0.9885215759277344,0.02860982157289982
,,,,,,,,,4422,0.0857093334197998,0.9903831481933594,0.026298275217413902
,,,,,,,,,4423,0.08542823791503906,0.9850692749023438,0.03898237645626068
,,,,,,,,,4424,0.08558082580566406,0.9879283905029297,0.031400833278894424
,,,,,,,,,4425,0.08528709411621094,0.9889774322509766,0.027090728282928467
,,,,,,,,,4426,0.08782029151916504,0.9916496276855469,0.022754067555069923
,,,,,,,,,4427,0.08553481101989746,0.9839363098144531,0.04025261476635933
,,,,,,,,,4428,0.08672976493835449,0.9921112060546875,0.02298889495432377
,,,,,,,,,4429,0.08531665802001953,0.9897594451904297,0.030132446438074112
,,,,,,,,,4430,0.0854332447052002,0.9863452911376953,0.03479683771729469
,,,,,,,,,4431,0.08736681938171387,0.9884433746337891,0.03080729953944683
,,,,,,,,,4432,0.08533549308776855,0.9881782531738281,0.02799927443265915
,,,,,,,,,4433,0.08707070350646973,0.9878959655761719,0.030465498566627502
,,,,,,,,,4434,0.08540821075439453,0.9907360076904297,0.023377927020192146
,,,,,,,,,4435,0.08610653877258301,0.9858150482177734,0.035819415003061295
,,,,,,,,,4436,0.08658742904663086,0.985626220703125,0.03573167696595192
,,,,,,,,,4437,0.08539438247680664,0.9881801605224609,0.03093625418841839
,,,,,,,,,4438,0.0855417251586914,0.9877605438232422,0.030191201716661453
,,,,,,,,,4439,0.08558177947998047,0.9898567199707031,0.02609069272875786
,,,,,,,,,4440,0.08749651908874512,0.9899978637695312,0.02745846100151539
,,,,,,,,,4441,0.08765077590942383,0.9863719940185547,0.033484429121017456
,,,,,,,,,4442,0.0873408317565918,0.9831275939941406,0.039876021444797516
,,,,,,,,,4443,0.0854189395904541,0.9910068511962891,0.02206982858479023
,,,,,,,,,4444,0.08550071716308594,0.9899215698242188,0.02566949464380741
,,,,,,,,,4445,0.08590030670166016,0.9885272979736328,0.03230423852801323
,,,,,,,,,4446,0.08623075485229492,0.9880886077880859,0.030173318460583687
,,,,,,,,,4447,0.08718180656433105,0.9904594421386719,0.02380974031984806
,,,,,,,,,4448,0.08537864685058594,0.9917259216308594,0.021458536386489868
,,,,,,,,,4449,0.08634400367736816,0.9926605224609375,0.019695715978741646
,,,,,,,,,4450,0.08593964576721191,0.9918918609619141,0.021259203553199768
,,,,,,,,,4451,0.08695125579833984,0.9862003326416016,0.03531740605831146
,,,,,,,,,4452,0.08533883094787598,0.9878959655761719,0.030475972220301628
,,,,,,,,,4453,0.08526468276977539,0.9884490966796875,0.02962845005095005
,,,,,,,,,4454,0.08820271492004395,0.9934482574462891,0.017997322604060173
,,,,,,,,,4455,0.08567929267883301,0.9873237609863281,0.03202153369784355
,,,,,,,,,4456,0.08683633804321289,0.9906406402587891,0.024280071258544922
,,,,,,,,,4457,0.08552360534667969,0.9881992340087891,0.02936096303164959
,,,,,,,,,4458,0.08538532257080078,0.9877414703369141,0.029413022100925446
,,,,,,,,,4459,0.08532476425170898,0.9864082336425781,0.032657183706760406
,,,,,,,,,4460,0.08548402786254883,0.9896774291992188,0.02604600414633751
,,,,,,,,,4461,0.08848023414611816,0.9851036071777344,0.038445428013801575
,,,,,,,,,4462,0.08551359176635742,0.9909954071044922,0.02326604165136814
,,,,,,,,,4463,0.08570098876953125,0.9881210327148438,0.031053978949785233
,,,,,,,,,4464,0.08558011054992676,0.9873580932617188,0.03112897276878357
,,,,,,,,,4465,0.08522272109985352,0.9903545379638672,0.024014046415686607
,,,,,,,,,4466,0.08637022972106934,0.9865226745605469,0.03340672701597214
,,,,,,,,,4467,0.08545351028442383,0.9931526184082031,0.018107913434505463
,,,,,,,,,4468,0.08786582946777344,0.9885768890380859,0.02771279774606228
,,,,,,,,,4469,0.08584237098693848,0.9887428283691406,0.028354696929454803
,,,,,,,,,4470,0.08550405502319336,0.980987548828125,0.04409490153193474
,,,,,,,,,4471,0.08725666999816895,0.9903469085693359,0.024834349751472473
,,,,,,,,,4472,0.08551931381225586,0.9874839782714844,0.03133516386151314
,,,,,,,,,4473,0.08542490005493164,0.979583740234375,0.05144895613193512
,,,,,,,,,4474,0.08553099632263184,0.9925479888916016,0.020735090598464012
,,,,,,,,,4475,0.08722662925720215,0.9885463714599609,0.027414830401539803
,,,,,,,,,4476,0.0853264331817627,0.9871921539306641,0.03192669153213501
,,,,,,,,,4477,0.08639097213745117,0.9872245788574219,0.029764143750071526
,,,,,,,,,4478,0.08602142333984375,0.9909267425537109,0.02384154126048088
,,,,,,,,,4479,0.08533167839050293,0.9882106781005859,0.029160495847463608
,,,,,,,,,4480,0.08546137809753418,0.9912967681884766,0.022545065730810165
,,,,,,,,,4481,0.08701729774475098,0.9841098785400391,0.037686482071876526
,,,,,,,,,4482,0.08758544921875,0.9915084838867188,0.024089792743325233
,,,,,,,,,4483,0.08574938774108887,0.9859657287597656,0.036080311983823776
,,,,,,,,,4484,0.08543729782104492,0.9855804443359375,0.034942157566547394
,,,,,,,,,4485,0.08547520637512207,0.9875335693359375,0.03222125023603439
,,,,,,,,,4486,0.0854802131652832,0.9815387725830078,0.04275383800268173
,,,,,,,,,4487,0.08548355102539062,0.9843196868896484,0.03699687495827675
,,,,,,,,,4488,0.08632445335388184,0.9883022308349609,0.029472164809703827
,,,,,,,,,4489,0.08705735206604004,0.9925365447998047,0.02094593085348606
,,,,,,,,,4490,0.08554863929748535,0.9884033203125,0.027917321771383286
,,,,,,,,,4491,0.08721303939819336,0.9888362884521484,0.029042327776551247
,,,,,,,,,4492,0.08602356910705566,0.9897041320800781,0.025448519736528397
,,,,,,,,,4493,0.08565664291381836,0.9926395416259766,0.019650861620903015
,,,,,,,,,4494,0.08542585372924805,0.9870662689208984,0.030812673270702362
,,,,,,,,,4495,0.08540153503417969,0.9742431640625,0.06462147831916809
,,,,,,,,,4496,0.08758020401000977,0.9890308380126953,0.026489194482564926
,,,,,,,,,4497,0.08554315567016602,0.9898643493652344,0.025163542479276657
,,,,,,,,,4498,0.08628320693969727,0.9904918670654297,0.024818534031510353
,,,,,,,,,4499,0.08553671836853027,0.9892654418945312,0.027500124648213387
0.5465187805159311,40314,6868,0.37600677132239163,0.9882458745216837,0.8054335816878665,0.41357189613790096,3938467,28431,4500,0.08544063568115234,0.9919109344482422,0.020401500165462494
,,,,,,,,,4501,0.08660602569580078,0.99188232421875,0.020251544192433357
,,,,,,,,,4502,0.08540606498718262,0.9866714477539062,0.03222784027457237
,,,,,,,,,4503,0.08536767959594727,0.9926433563232422,0.018568241968750954
,,,,,,,,,4504,0.08675122261047363,0.9829959869384766,0.038704853504896164
,,,,,,,,,4505,0.08517718315124512,0.9818744659423828,0.047707609832286835
,,,,,,,,,4506,0.08639860153198242,0.9841995239257812,0.038280222564935684
,,,,,,,,,4507,0.08532476425170898,0.9886283874511719,0.027904247865080833
,,,,,,,,,4508,0.08527994155883789,0.9847774505615234,0.039386142045259476
,,,,,,,,,4509,0.08583402633666992,0.9905872344970703,0.024841848760843277
,,,,,,,,,4510,0.08531379699707031,0.9833297729492188,0.0414314828813076
,,,,,,,,,4511,0.08870577812194824,0.9809322357177734,0.048278938978910446
,,,,,,,,,4512,0.0857686996459961,0.9866733551025391,0.033811986446380615
,,,,,,,,,4513,0.08542537689208984,0.9858818054199219,0.03579854220151901
,,,,,,,,,4514,0.08537721633911133,0.9851455688476562,0.03563528135418892
,,,,,,,,,4515,0.08513331413269043,0.989501953125,0.026569727808237076
,,,,,,,,,4516,0.0854499340057373,0.9894638061523438,0.027039900422096252
,,,,,,,,,4517,0.08525514602661133,0.9888496398925781,0.028097601607441902
,,,,,,,,,4518,0.08693647384643555,0.9895420074462891,0.02620651200413704
,,,,,,,,,4519,0.08515501022338867,0.9856815338134766,0.03584715723991394
,,,,,,,,,4520,0.08541584014892578,0.9926433563232422,0.018125096336007118
,,,,,,,,,4521,0.08690357208251953,0.9828033447265625,0.038568392395973206
,,,,,,,,,4522,0.08509159088134766,0.9916954040527344,0.021960612386465073
,,,,,,,,,4523,0.08527159690856934,0.9948635101318359,0.01640920713543892
,,,,,,,,,4524,0.08568429946899414,0.9774856567382812,0.05740324407815933
,,,,,,,,,4525,0.08699822425842285,0.9797782897949219,0.05129570513963699
,,,,,,,,,4526,0.08550739288330078,0.9865036010742188,0.032151199877262115
,,,,,,,,,4527,0.0851590633392334,0.9916477203369141,0.022111142054200172
,,,,,,,,,4528,0.08513545989990234,0.9867782592773438,0.03393295407295227
,,,,,,,,,4529,0.0851898193359375,0.9825534820556641,0.04077728092670441
,,,,,,,,,4530,0.08567929267883301,0.9879837036132812,0.030789224430918694
,,,,,,,,,4531,0.08696246147155762,0.9906253814697266,0.024812864139676094
,,,,,,,,,4532,0.08733129501342773,0.9840526580810547,0.03976565971970558
,,,,,,,,,4533,0.08523225784301758,0.9874305725097656,0.02995075285434723
,,,,,,,,,4534,0.08523011207580566,0.9858932495117188,0.035662032663822174
,,,,,,,,,4535,0.08559131622314453,0.9862136840820312,0.03501477092504501
,,,,,,,,,4536,0.08548212051391602,0.9853496551513672,0.034120310097932816
,,,,,,,,,4537,0.08574223518371582,0.9911632537841797,0.02313973940908909
,,,,,,,,,4538,0.08547830581665039,0.9870243072509766,0.035184767097234726
,,,,,,,,,4539,0.08690977096557617,0.9885692596435547,0.02861291542649269
,,,,,,,,,4540,0.08571243286132812,0.9900283813476562,0.02640809491276741
,,,,,,,,,4541,0.08689522743225098,0.9914131164550781,0.02217433601617813
,,,,,,,,,4542,0.08538579940795898,0.9867610931396484,0.03236633539199829
,,,,,,,,,4543,0.08538103103637695,0.9826431274414062,0.041736990213394165
,,,,,,,,,4544,0.08772993087768555,0.9906539916992188,0.022752655670046806
,,,,,,,,,4545,0.0854189395904541,0.9796333312988281,0.04848961904644966
,,,,,,,,,4546,0.08667755126953125,0.9931163787841797,0.017710616812109947
,,,,,,,,,4547,0.0852808952331543,0.9910678863525391,0.02218710258603096
,,,,,,,,,4548,0.08518171310424805,0.9865570068359375,0.03517473489046097
,,,,,,,,,4549,0.08552408218383789,0.9899158477783203,0.025535110384225845
,,,,,,,,,4550,0.0852499008178711,0.984893798828125,0.03527161478996277
,,,,,,,,,4551,0.08719491958618164,0.9928188323974609,0.018852755427360535
,,,,,,,,,4552,0.0854947566986084,0.9926815032958984,0.019987381994724274
,,,,,,,,,4553,0.08584332466125488,0.9911518096923828,0.022922126576304436
,,,,,,,,,4554,0.08542132377624512,0.9903488159179688,0.025904463604092598
,,,,,,,,,4555,0.08535432815551758,0.9906406402587891,0.025173602625727654
,,,,,,,,,4556,0.08564162254333496,0.9940662384033203,0.015484284609556198
,,,,,,,,,4557,0.08532238006591797,0.9897441864013672,0.02540167048573494
,,,,,,,,,4558,0.08819079399108887,0.9903450012207031,0.024049194529652596
,,,,,,,,,4559,0.08553528785705566,0.99298095703125,0.018289806321263313
,,,,,,,,,4560,0.08591222763061523,0.98236083984375,0.04296918958425522
,,,,,,,,,4561,0.08684802055358887,0.9866065979003906,0.031616177409887314
,,,,,,,,,4562,0.08547043800354004,0.9875679016113281,0.031169705092906952
,,,,,,,,,4563,0.08511948585510254,0.9858150482177734,0.033414945006370544
,,,,,,,,,4564,0.08553934097290039,0.9893951416015625,0.026931604370474815
,,,,,,,,,4565,0.08670854568481445,0.9869556427001953,0.032244667410850525
,,,,,,,,,4566,0.08625912666320801,0.9896945953369141,0.026583446189761162
,,,,,,,,,4567,0.08608508110046387,0.9835281372070312,0.0396336130797863
,,,,,,,,,4568,0.0855402946472168,0.9874706268310547,0.031157074496150017
,,,,,,,,,4569,0.08531975746154785,0.9850845336914062,0.03693835437297821
,,,,,,,,,4570,0.0852968692779541,0.9851493835449219,0.036815542727708817
,,,,,,,,,4571,0.0868072509765625,0.9890823364257812,0.027074376121163368
,,,,,,,,,4572,0.08764910697937012,0.9906883239746094,0.023716310039162636
,,,,,,,,,4573,0.08541727066040039,0.9880313873291016,0.02966742031276226
,,,,,,,,,4574,0.08531761169433594,0.9893970489501953,0.028129734098911285
,,,,,,,,,4575,0.08517098426818848,0.9849109649658203,0.03923613578081131
,,,,,,,,,4576,0.08623433113098145,0.9893093109130859,0.025206146761775017
,,,,,,,,,4577,0.08528804779052734,0.9884796142578125,0.029018282890319824
,,,,,,,,,4578,0.08535456657409668,0.9921875,0.021199870854616165
,,,,,,,,,4579,0.08707046508789062,0.9913883209228516,0.02169576846063137
,,,,,,,,,4580,0.08524084091186523,0.9904632568359375,0.025465957820415497
,,,,,,,,,4581,0.0861668586730957,0.9882736206054688,0.029755210503935814
,,,,,,,,,4582,0.08539271354675293,0.9915313720703125,0.02256966382265091
,,,,,,,,,4583,0.08520984649658203,0.9923915863037109,0.019399458542466164
,,,,,,,,,4584,0.08513259887695312,0.9882984161376953,0.02937605232000351
,,,,,,,,,4585,0.0853419303894043,0.9919414520263672,0.020662738010287285
,,,,,,,,,4586,0.08836627006530762,0.9873371124267578,0.03413892909884453
,,,,,,,,,4587,0.08544158935546875,0.986114501953125,0.034363266080617905
,,,,,,,,,4588,0.08526039123535156,0.9904136657714844,0.023655233904719353
,,,,,,,,,4589,0.08515286445617676,0.9915046691894531,0.02065914124250412
,,,,,,,,,4590,0.08528017997741699,0.9909076690673828,0.02507590688765049
,,,,,,,,,4591,0.08729672431945801,0.9892539978027344,0.02759271301329136
,,,,,,,,,4592,0.08543753623962402,0.9883823394775391,0.028052086010575294
,,,,,,,,,4593,0.08842945098876953,0.9912490844726562,0.02292412519454956
,,,,,,,,,4594,0.0878148078918457,0.9886684417724609,0.027004504576325417
,,,,,,,,,4595,0.08822751045227051,0.9848098754882812,0.036054741591215134
,,,,,,,,,4596,0.08815264701843262,0.98907470703125,0.02630251832306385
,,,,,,,,,4597,0.08515787124633789,0.9920330047607422,0.020799728110432625
,,,,,,,,,4598,0.08525776863098145,0.9916629791259766,0.020321322605013847
,,,,,,,,,4599,0.08518552780151367,0.9863986968994141,0.03534587100148201
,,,,,,,,,4600,0.08787322044372559,0.9936275482177734,0.017508916556835175
,,,,,,,,,4601,0.08723258972167969,0.9941940307617188,0.016758449375629425
,,,,,,,,,4602,0.08534002304077148,0.9924774169921875,0.019942056387662888
,,,,,,,,,4603,0.08534622192382812,0.9828319549560547,0.0446731261909008
,,,,,,,,,4604,0.08517813682556152,0.9891281127929688,0.026771506294608116
,,,,,,,,,4605,0.08520722389221191,0.9923973083496094,0.01876889169216156
,,,,,,,,,4606,0.08538556098937988,0.9869461059570312,0.03241872787475586
,,,,,,,,,4607,0.08721423149108887,0.9876880645751953,0.029078001156449318
,,,,,,,,,4608,0.08517789840698242,0.9928150177001953,0.018452582880854607
,,,,,,,,,4609,0.08555889129638672,0.9875469207763672,0.03070017322897911
,,,,,,,,,4610,0.08551192283630371,0.9816226959228516,0.051118284463882446
,,,,,,,,,4611,0.08617043495178223,0.9867210388183594,0.033649642020463943
,,,,,,,,,4612,0.08571934700012207,0.9889049530029297,0.029062971472740173
,,,,,,,,,4613,0.08511948585510254,0.9866962432861328,0.03467409685254097
,,,,,,,,,4614,0.08689451217651367,0.9888801574707031,0.028453804552555084
,,,,,,,,,4615,0.08548116683959961,0.9931182861328125,0.01770174317061901
,,,,,,,,,4616,0.08520889282226562,0.9908370971679688,0.0229862742125988
,,,,,,,,,4617,0.08538627624511719,0.9881210327148438,0.031313586980104446
,,,,,,,,,4618,0.08532977104187012,0.9854602813720703,0.035241518169641495
,,,,,,,,,4619,0.08581852912902832,0.994537353515625,0.016071956604719162
,,,,,,,,,4620,0.08595895767211914,0.9880905151367188,0.0314759686589241
,,,,,,,,,4621,0.0872964859008789,0.9884319305419922,0.029614761471748352
,,,,,,,,,4622,0.0850977897644043,0.9843673706054688,0.038333892822265625
,,,,,,,,,4623,0.08516573905944824,0.9850387573242188,0.03619235008955002
,,,,,,,,,4624,0.08535599708557129,0.9912052154541016,0.023510031402111053
,,,,,,,,,4625,0.0851900577545166,0.9861698150634766,0.03599667549133301
,,,,,,,,,4626,0.08642077445983887,0.9904842376708984,0.024222565814852715
,,,,,,,,,4627,0.08510756492614746,0.9867916107177734,0.0363137349486351
,,,,,,,,,4628,0.08588409423828125,0.9907474517822266,0.02339872717857361
,,,,,,,,,4629,0.08539295196533203,0.9832324981689453,0.04627466946840286
,,,,,,,,,4630,0.08516621589660645,0.9872817993164062,0.0310903899371624
,,,,,,,,,4631,0.08694934844970703,0.9874858856201172,0.03292142599821091
,,,,,,,,,4632,0.08519220352172852,0.9792499542236328,0.051373742520809174
,,,,,,,,,4633,0.08666229248046875,0.9926719665527344,0.019236594438552856
,,,,,,,,,4634,0.08527684211730957,0.9897918701171875,0.026441283524036407
,,,,,,,,,4635,0.08650445938110352,0.9864044189453125,0.0343625508248806
,,,,,,,,,4636,0.08525824546813965,0.9910202026367188,0.02472270280122757
,,,,,,,,,4637,0.0852043628692627,0.9904632568359375,0.0243099182844162
,,,,,,,,,4638,0.08564329147338867,0.9894218444824219,0.027392271906137466
,,,,,,,,,4639,0.08542084693908691,0.9875431060791016,0.031576305627822876
,,,,,,,,,4640,0.08768224716186523,0.9855117797851562,0.040653303265571594
,,,,,,,,,4641,0.0870053768157959,0.9898414611816406,0.027035312727093697
,,,,,,,,,4642,0.08553361892700195,0.9839229583740234,0.03804913908243179
,,,,,,,,,4643,0.08543896675109863,0.99237060546875,0.021937483921647072
,,,,,,,,,4644,0.0852818489074707,0.9898777008056641,0.02670074999332428
,,,,,,,,,4645,0.08525633811950684,0.9813613891601562,0.04478137195110321
,,,,,,,,,4646,0.08507537841796875,0.9911632537841797,0.023326337337493896
,,,,,,,,,4647,0.08763408660888672,0.9891300201416016,0.028763601556420326
,,,,,,,,,4648,0.08644485473632812,0.9897689819335938,0.027697883546352386
,,,,,,,,,4649,0.08565831184387207,0.9879360198974609,0.030558234080672264
,,,,,,,,,4650,0.08506202697753906,0.9843959808349609,0.03942248970270157
,,,,,,,,,4651,0.08705258369445801,0.9887065887451172,0.02865668013691902
,,,,,,,,,4652,0.08505606651306152,0.9868526458740234,0.0323183499276638
,,,,,,,,,4653,0.08559632301330566,0.989227294921875,0.026388445869088173
,,,,,,,,,4654,0.08759498596191406,0.9891815185546875,0.026904966682195663
,,,,,,,,,4655,0.08518552780151367,0.9856204986572266,0.03594278544187546
,,,,,,,,,4656,0.08528327941894531,0.9827079772949219,0.04247502610087395
,,,,,,,,,4657,0.08547425270080566,0.9911727905273438,0.0231292936950922
,,,,,,,,,4658,0.08661031723022461,0.9879150390625,0.030940795317292213
,,,,,,,,,4659,0.08619189262390137,0.9905033111572266,0.024233313277363777
,,,,,,,,,4660,0.08549928665161133,0.9846515655517578,0.03880542144179344
,,,,,,,,,4661,0.0889129638671875,0.9842872619628906,0.03698250651359558
,,,,,,,,,4662,0.08540129661560059,0.9890804290771484,0.026074714958667755
,,,,,,,,,4663,0.0854332447052002,0.9921379089355469,0.022056985646486282
,,,,,,,,,4664,0.08518457412719727,0.9772357940673828,0.0510159507393837
,,,,,,,,,4665,0.08531045913696289,0.987579345703125,0.03086855448782444
,,,,,,,,,4666,0.08530330657958984,0.9839935302734375,0.04041839390993118
,,,,,,,,,4667,0.08524131774902344,0.9916877746582031,0.023675255477428436
,,,,,,,,,4668,0.08787989616394043,0.99072265625,0.025829069316387177
,,,,,,,,,4669,0.08518695831298828,0.9851207733154297,0.035153768956661224
,,,,,,,,,4670,0.08531332015991211,0.9930515289306641,0.019221214577555656
,,,,,,,,,4671,0.08706521987915039,0.990020751953125,0.027304410934448242
,,,,,,,,,4672,0.08522200584411621,0.9913806915283203,0.021252000704407692
,,,,,,,,,4673,0.08562397956848145,0.98724365234375,0.03173214942216873
,,,,,,,,,4674,0.08530354499816895,0.9905624389648438,0.02294791489839554
,,,,,,,,,4675,0.08722162246704102,0.9778251647949219,0.05396551638841629
,,,,,,,,,4676,0.08544039726257324,0.9919185638427734,0.021260686218738556
,,,,,,,,,4677,0.0852060317993164,0.992706298828125,0.018125250935554504
,,,,,,,,,4678,0.08602404594421387,0.9874744415283203,0.031175078824162483
,,,,,,,,,4679,0.08515095710754395,0.9838027954101562,0.038845885545015335
,,,,,,,,,4680,0.08601760864257812,0.9878406524658203,0.030826929956674576
,,,,,,,,,4681,0.08616399765014648,0.98748779296875,0.03017144463956356
,,,,,,,,,4682,0.08670449256896973,0.990966796875,0.02308025024831295
,,,,,,,,,4683,0.08525300025939941,0.9885540008544922,0.02851656638085842
,,,,,,,,,4684,0.08537602424621582,0.991943359375,0.02117091603577137
,,,,,,,,,4685,0.08546900749206543,0.9920005798339844,0.020174620673060417
,,,,,,,,,4686,0.08527588844299316,0.9935855865478516,0.017643490806221962
,,,,,,,,,4687,0.08742523193359375,0.9844112396240234,0.04075952246785164
,,,,,,,,,4688,0.0859675407409668,0.985870361328125,0.03535490483045578
,,,,,,,,,4689,0.08730483055114746,0.9806747436523438,0.048547908663749695
,,,,,,,,,4690,0.08551192283630371,0.9913444519042969,0.022232528775930405
,,,,,,,,,4691,0.08635306358337402,0.9930801391601562,0.018881134688854218
,,,,,,,,,4692,0.08534383773803711,0.9904689788818359,0.024867037311196327
,,,,,,,,,4693,0.08514094352722168,0.9923305511474609,0.020735161378979683
,,,,,,,,,4694,0.08823609352111816,0.9908943176269531,0.022828545421361923
,,,,,,,,,4695,0.08545112609863281,0.9909725189208984,0.024168316274881363
,,,,,,,,,4696,0.08566951751708984,0.9870872497558594,0.03177420049905777
,,,,,,,,,4697,0.0851738452911377,0.9837417602539062,0.041397932916879654
,,,,,,,,,4698,0.08511018753051758,0.9938545227050781,0.017548443749547005
,,,,,,,,,4699,0.08535075187683105,0.9906349182128906,0.024965867400169373
,,,,,,,,,4700,0.08596277236938477,0.9918842315673828,0.021985692903399467
,,,,,,,,,4701,0.08795452117919922,0.9892787933349609,0.02686990611255169
,,,,,,,,,4702,0.08526182174682617,0.9927959442138672,0.018803415820002556
,,,,,,,,,4703,0.08562397956848145,0.9901561737060547,0.024565130472183228
,,,,,,,,,4704,0.08546638488769531,0.9920215606689453,0.02060018666088581
,,,,,,,,,4705,0.08527565002441406,0.9857349395751953,0.03443549945950508
,,,,,,,,,4706,0.08527016639709473,0.9839744567871094,0.037441547960042953
,,,,,,,,,4707,0.0851907730102539,0.98974609375,0.026729194447398186
,,,,,,,,,4708,0.08765983581542969,0.9878044128417969,0.0304256659001112
,,,,,,,,,4709,0.08535957336425781,0.9881954193115234,0.029508080333471298
,,,,,,,,,4710,0.08641648292541504,0.9894790649414062,0.027355127036571503
,,,,,,,,,4711,0.08675217628479004,0.9867839813232422,0.031686000525951385
,,,,,,,,,4712,0.08510828018188477,0.9855060577392578,0.03656454011797905
,,,,,,,,,4713,0.08535242080688477,0.9875373840332031,0.029857762157917023
,,,,,,,,,4714,0.08597254753112793,0.9823493957519531,0.04338597133755684
,,,,,,,,,4715,0.08730196952819824,0.9867973327636719,0.03459203615784645
,,,,,,,,,4716,0.08513760566711426,0.9880867004394531,0.029996484518051147
,,,,,,,,,4717,0.08519411087036133,0.9851551055908203,0.037592485547065735
,,,,,,,,,4718,0.08545231819152832,0.9863948822021484,0.03440657630562782
,,,,,,,,,4719,0.08554983139038086,0.9852275848388672,0.03413839265704155
,,,,,,,,,4720,0.0856943130493164,0.9875774383544922,0.030622096732258797
,,,,,,,,,4721,0.08714628219604492,0.9872589111328125,0.032788943499326706
,,,,,,,,,4722,0.08708739280700684,0.9839076995849609,0.03893150016665459
,,,,,,,,,4723,0.08553695678710938,0.9844322204589844,0.03723764419555664
,,,,,,,,,4724,0.08526492118835449,0.9748592376708984,0.0664091408252716
,,,,,,,,,4725,0.08561921119689941,0.9909477233886719,0.02382512576878071
,,,,,,,,,4726,0.0850822925567627,0.9886016845703125,0.030287178233265877
,,,,,,,,,4727,0.08579421043395996,0.9899024963378906,0.027669673785567284
,,,,,,,,,4728,0.08510780334472656,0.9872837066650391,0.03126618638634682
,,,,,,,,,4729,0.08654546737670898,0.9827785491943359,0.04157506674528122
,,,,,,,,,4730,0.0854334831237793,0.9915714263916016,0.023117011412978172
,,,,,,,,,4731,0.08683586120605469,0.9887523651123047,0.02790326252579689
,,,,,,,,,4732,0.0856781005859375,0.9921550750732422,0.02047964371740818
,,,,,,,,,4733,0.08520746231079102,0.9901409149169922,0.026805724948644638
,,,,,,,,,4734,0.08665108680725098,0.9859447479248047,0.036516327410936356
,,,,,,,,,4735,0.08629417419433594,0.9896278381347656,0.02683413401246071
,,,,,,,,,4736,0.08625483512878418,0.9893875122070312,0.029604021459817886
,,,,,,,,,4737,0.08530426025390625,0.9921703338623047,0.021162591874599457
,,,,,,,,,4738,0.08547401428222656,0.9921932220458984,0.02109701558947563
,,,,,,,,,4739,0.08522677421569824,0.9823455810546875,0.04195598512887955
,,,,,,,,,4740,0.0859832763671875,0.9901924133300781,0.02380358800292015
,,,,,,,,,4741,0.08775663375854492,0.9892845153808594,0.028401104733347893
,,,,,,,,,4742,0.08540177345275879,0.9872531890869141,0.03236851096153259
,,,,,,,,,4743,0.0854794979095459,0.9843482971191406,0.03995891287922859
,,,,,,,,,4744,0.08521151542663574,0.9876480102539062,0.0297448318451643
,,,,,,,,,4745,0.08547019958496094,0.9879970550537109,0.0300586000084877
,,,,,,,,,4746,0.08528280258178711,0.9879283905029297,0.028538968414068222
,,,,,,,,,4747,0.08513069152832031,0.9922275543212891,0.02139907330274582
,,,,,,,,,4748,0.08774614334106445,0.9893779754638672,0.028269536793231964
,,,,,,,,,4749,0.08521246910095215,0.9921722412109375,0.019718075171113014
,,,,,,,,,4750,0.08675432205200195,0.9911594390869141,0.0226147398352623
,,,,,,,,,4751,0.08671927452087402,0.9912757873535156,0.025357358157634735
,,,,,,,,,4752,0.08519649505615234,0.9950752258300781,0.014235067181289196
,,,,,,,,,4753,0.08521771430969238,0.98529052734375,0.03953877463936806
,,,,,,,,,4754,0.08550286293029785,0.9856605529785156,0.037964481860399246
,,,,,,,,,4755,0.08804535865783691,0.9874553680419922,0.03065943904221058
,,,,,,,,,4756,0.08534908294677734,0.9863739013671875,0.033033836632966995
,,,,,,,,,4757,0.08551716804504395,0.9876594543457031,0.029055677354335785
,,,,,,,,,4758,0.08544707298278809,0.9933605194091797,0.017049476504325867
,,,,,,,,,4759,0.08510065078735352,0.9924526214599609,0.020865797996520996
,,,,,,,,,4760,0.08615517616271973,0.98486328125,0.0382029227912426
,,,,,,,,,4761,0.0869748592376709,0.9837722778320312,0.03937312215566635
,,,,,,,,,4762,0.08702874183654785,0.9890460968017578,0.02904144860804081
,,,,,,,,,4763,0.08517718315124512,0.9888439178466797,0.029884912073612213
,,,,,,,,,4764,0.08522701263427734,0.9884967803955078,0.028142817318439484
,,,,,,,,,4765,0.08638525009155273,0.9904575347900391,0.0246015265583992
,,,,,,,,,4766,0.08528804779052734,0.9902782440185547,0.02514507621526718
,,,,,,,,,4767,0.0852363109588623,0.9901409149169922,0.024251122027635574
,,,,,,,,,4768,0.08519363403320312,0.9893608093261719,0.028560329228639603
,,,,,,,,,4769,0.08713364601135254,0.9885635375976562,0.030259771272540092
,,,,,,,,,4770,0.08642387390136719,0.9929676055908203,0.019576679915189743
,,,,,,,,,4771,0.08690929412841797,0.9844589233398438,0.03719688951969147
,,,,,,,,,4772,0.08528614044189453,0.9955387115478516,0.014357049018144608
,,,,,,,,,4773,0.08538317680358887,0.9912605285644531,0.022053895518183708
,,,,,,,,,4774,0.08529400825500488,0.9926815032958984,0.01972549967467785
,,,,,,,,,4775,0.0861060619354248,0.9919605255126953,0.02087852731347084
,,,,,,,,,4776,0.08748459815979004,0.9930953979492188,0.01721937023103237
,,,,,,,,,4777,0.08533406257629395,0.9899215698242188,0.024541180580854416
,,,,,,,,,4778,0.08528709411621094,0.9817371368408203,0.049846306443214417
,,,,,,,,,4779,0.08545160293579102,0.9879779815673828,0.03179454430937767
,,,,,,,,,4780,0.08624267578125,0.9856071472167969,0.03700827434659004
,,,,,,,,,4781,0.08688831329345703,0.9871482849121094,0.032730184495449066
,,,,,,,,,4782,0.08561325073242188,0.9898166656494141,0.026057584211230278
,,,,,,,,,4783,0.08657407760620117,0.9904308319091797,0.023892728611826897
,,,,,,,,,4784,0.08536815643310547,0.990447998046875,0.023867255076766014
,,,,,,,,,4785,0.08602619171142578,0.9933853149414062,0.01920178532600403
,,,,,,,,,4786,0.08525800704956055,0.9900321960449219,0.025492925196886063
,,,,,,,,,4787,0.08532285690307617,0.9890346527099609,0.027475647628307343
,,,,,,,,,4788,0.08594608306884766,0.9859275817871094,0.035307541489601135
,,,,,,,,,4789,0.08513641357421875,0.982696533203125,0.04307538643479347
,,,,,,,,,4790,0.08716678619384766,0.9906826019287109,0.023609459400177002
,,,,,,,,,4791,0.0868983268737793,0.9861259460449219,0.032855331897735596
,,,,,,,,,4792,0.08514833450317383,0.9925003051757812,0.01999412663280964
,,,,,,,,,4793,0.08542895317077637,0.9883079528808594,0.029226914048194885
,,,,,,,,,4794,0.0856473445892334,0.9891700744628906,0.02779790759086609
,,,,,,,,,4795,0.0866689682006836,0.9883136749267578,0.027957770973443985
,,,,,,,,,4796,0.08515119552612305,0.9860057830810547,0.0331929586827755
,,,,,,,,,4797,0.08663463592529297,0.9917488098144531,0.026624184101819992
,,,,,,,,,4798,0.08533263206481934,0.9923572540283203,0.020876791328191757
,,,,,,,,,4799,0.08526873588562012,0.9876289367675781,0.03156000003218651
,,,,,,,,,4800,0.08586931228637695,0.9871482849121094,0.03130878508090973
,,,,,,,,,4801,0.08736920356750488,0.9888477325439453,0.025924574583768845
,,,,,,,,,4802,0.08744478225708008,0.9881172180175781,0.03100600466132164
,,,,,,,,,4803,0.0852656364440918,0.9823169708251953,0.042296115309000015
,,,,,,,,,4804,0.08600831031799316,0.9888496398925781,0.027964528650045395
,,,,,,,,,4805,0.08586382865905762,0.9927349090576172,0.02010771632194519
,,,,,,,,,4806,0.08509302139282227,0.9910659790039062,0.025938402861356735
,,,,,,,,,4807,0.08526778221130371,0.9898338317871094,0.027963722124695778
,,,,,,,,,4808,0.08588576316833496,0.9872951507568359,0.03447771817445755
,,,,,,,,,4809,0.08785510063171387,0.9764480590820312,0.05445040762424469
,,,,,,,,,4810,0.08596324920654297,0.9873275756835938,0.032150331884622574
,,,,,,,,,4811,0.08687686920166016,0.9869480133056641,0.03260279819369316
,,,,,,,,,4812,0.08543205261230469,0.9877185821533203,0.03170809522271156
,,,,,,,,,4813,0.08524131774902344,0.9874668121337891,0.0318942666053772
,,,,,,,,,4814,0.08531355857849121,0.9875545501708984,0.028916293755173683
,,,,,,,,,4815,0.08532285690307617,0.9857120513916016,0.0348123200237751
,,,,,,,,,4816,0.08775568008422852,0.9913253784179688,0.022267229855060577
,,,,,,,,,4817,0.08529400825500488,0.9838180541992188,0.03524294123053551
,,,,,,,,,4818,0.0851907730102539,0.9892044067382812,0.02717992477118969
,,,,,,,,,4819,0.08522510528564453,0.9839515686035156,0.03905453905463219
,,,,,,,,,4820,0.08518457412719727,0.991607666015625,0.022841237485408783
,,,,,,,,,4821,0.08689594268798828,0.9890518188476562,0.028135117143392563
,,,,,,,,,4822,0.08566737174987793,0.9879474639892578,0.029323523864150047
,,,,,,,,,4823,0.0875389575958252,0.9832763671875,0.03843046724796295
,,,,,,,,,4824,0.08530330657958984,0.9889812469482422,0.027372850105166435
,,,,,,,,,4825,0.08589029312133789,0.9834041595458984,0.04131527245044708
,,,,,,,,,4826,0.08543562889099121,0.9901180267333984,0.024621691554784775
,,,,,,,,,4827,0.08547616004943848,0.9869575500488281,0.031897518783807755
,,,,,,,,,4828,0.0853421688079834,0.9900054931640625,0.026297729462385178
,,,,,,,,,4829,0.08508920669555664,0.9896945953369141,0.02580980770289898
,,,,,,,,,4830,0.08730745315551758,0.987762451171875,0.029621774330735207
,,,,,,,,,4831,0.08733820915222168,0.9910430908203125,0.023241793736815453
,,,,,,,,,4832,0.08510637283325195,0.9882183074951172,0.03192595764994621
,,,,,,,,,4833,0.08524441719055176,0.9886913299560547,0.028273550793528557
,,,,,,,,,4834,0.08519887924194336,0.9893417358398438,0.02732185274362564
,,,,,,,,,4835,0.08581256866455078,0.9854869842529297,0.03634924069046974
,,,,,,,,,4836,0.08544421195983887,0.9877815246582031,0.02956175059080124
,,,,,,,,,4837,0.08733010292053223,0.9859027862548828,0.03529859706759453
,,,,,,,,,4838,0.08518075942993164,0.9925727844238281,0.019496209919452667
,,,,,,,,,4839,0.08507156372070312,0.9848175048828125,0.03687293082475662
,,,,,,,,,4840,0.08541154861450195,0.9874401092529297,0.03199533373117447
,,,,,,,,,4841,0.08716273307800293,0.9865398406982422,0.03485598787665367
,,,,,,,,,4842,0.08583354949951172,0.9926853179931641,0.02006581798195839
,,,,,,,,,4843,0.08517694473266602,0.9915485382080078,0.02261662669479847
,,,,,,,,,4844,0.08639287948608398,0.9906635284423828,0.02563522383570671
,,,,,,,,,4845,0.08543896675109863,0.9841804504394531,0.037587668746709824
,,,,,,,,,4846,0.08519530296325684,0.9864826202392578,0.03486750274896622
,,,,,,,,,4847,0.08612251281738281,0.9895648956298828,0.02754238434135914
,,,,,,,,,4848,0.08580636978149414,0.9890727996826172,0.03081601858139038
,,,,,,,,,4849,0.08597826957702637,0.9886913299560547,0.029007071629166603
,,,,,,,,,4850,0.08507275581359863,0.9903621673583984,0.025308379903435707
,,,,,,,,,4851,0.08802366256713867,0.9919891357421875,0.021793991327285767
,,,,,,,,,4852,0.085357666015625,0.9939346313476562,0.01781640574336052
,,,,,,,,,4853,0.08544015884399414,0.9727649688720703,0.062011949717998505
,,,,,,,,,4854,0.08539652824401855,0.9865875244140625,0.03323597460985184
,,,,,,,,,4855,0.08639264106750488,0.99212646484375,0.0208571907132864
,,,,,,,,,4856,0.08669042587280273,0.9830856323242188,0.044798243790864944
,,,,,,,,,4857,0.08629035949707031,0.9923210144042969,0.020782824605703354
,,,,,,,,,4858,0.08566021919250488,0.9874210357666016,0.03164641931653023
,,,,,,,,,4859,0.08557772636413574,0.9888916015625,0.028144879266619682
,,,,,,,,,4860,0.08525729179382324,0.9888038635253906,0.026755215600132942
,,,,,,,,,4861,0.08604860305786133,0.9878520965576172,0.02946457825601101
,,,,,,,,,4862,0.08547830581665039,0.9896755218505859,0.026234105229377747
,,,,,,,,,4863,0.08771157264709473,0.98931884765625,0.028584331274032593
,,,,,,,,,4864,0.08617734909057617,0.9900169372558594,0.026011580601334572
,,,,,,,,,4865,0.08654570579528809,0.9873332977294922,0.03154246509075165
,,,,,,,,,4866,0.08517932891845703,0.9934253692626953,0.01767783798277378
,,,,,,,,,4867,0.08632111549377441,0.9925727844238281,0.018600745126605034
,,,,,,,,,4868,0.08527183532714844,0.9903926849365234,0.02575685642659664
,,,,,,,,,4869,0.08568453788757324,0.9887027740478516,0.03046601265668869
,,,,,,,,,4870,0.08765339851379395,0.9903888702392578,0.024036062881350517
,,,,,,,,,4871,0.08730173110961914,0.9911937713623047,0.02420593425631523
,,,,,,,,,4872,0.08567929267883301,0.9871368408203125,0.03076102025806904
,,,,,,,,,4873,0.08549141883850098,0.9892768859863281,0.029606377705931664
,,,,,,,,,4874,0.08554649353027344,0.9863624572753906,0.03386775031685829
,,,,,,,,,4875,0.08527731895446777,0.9904651641845703,0.024767911061644554
,,,,,,,,,4876,0.08557248115539551,0.984405517578125,0.03970600292086601
,,,,,,,,,4877,0.08730649948120117,0.9875164031982422,0.032149337232112885
,,,,,,,,,4878,0.08572673797607422,0.9863033294677734,0.03380433842539787
,,,,,,,,,4879,0.08557891845703125,0.9890460968017578,0.02789200283586979
,,,,,,,,,4880,0.08547639846801758,0.9827060699462891,0.04266880080103874
,,,,,,,,,4881,0.08769536018371582,0.9903049468994141,0.026034589856863022
,,,,,,,,,4882,0.08557534217834473,0.9905567169189453,0.023967469111084938
,,,,,,,,,4883,0.0854651927947998,0.9875335693359375,0.03097650036215782
,,,,,,,,,4884,0.08720684051513672,0.9821205139160156,0.04282646253705025
,,,,,,,,,4885,0.0852670669555664,0.9840812683105469,0.03966512903571129
,,,,,,,,,4886,0.08576130867004395,0.985870361328125,0.03886104375123978
,,,,,,,,,4887,0.08624029159545898,0.9895534515380859,0.027424348518252373
,,,,,,,,,4888,0.08545875549316406,0.9894771575927734,0.026874706149101257
,,,,,,,,,4889,0.08830976486206055,0.9908962249755859,0.02240888774394989
,,,,,,,,,4890,0.0877237319946289,0.9836025238037109,0.043100304901599884
,,,,,,,,,4891,0.0891413688659668,0.9868278503417969,0.034872543066740036
,,,,,,,,,4892,0.08582758903503418,0.9870357513427734,0.03209388628602028
,,,,,,,,,4893,0.08545756340026855,0.9901638031005859,0.026114551350474358
,,,,,,,,,4894,0.08570289611816406,0.9873409271240234,0.03359976038336754
,,,,,,,,,4895,0.0853414535522461,0.990478515625,0.02525339089334011
,,,,,,,,,4896,0.08534431457519531,0.9887256622314453,0.03031175211071968
,,,,,,,,,4897,0.08545398712158203,0.9891204833984375,0.028279881924390793
,,,,,,,,,4898,0.08697295188903809,0.9871692657470703,0.03169497847557068
,,,,,,,,,4899,0.08571314811706543,0.9933185577392578,0.01845903880894184
,,,,,,,,,4900,0.08587360382080078,0.9885978698730469,0.02733919769525528
,,,,,,,,,4901,0.08675718307495117,0.9891281127929688,0.030408255755901337
,,,,,,,,,4902,0.0863504409790039,0.9844703674316406,0.04143684357404709
,,,,,,,,,4903,0.08545637130737305,0.9896888732910156,0.030355241149663925
,,,,,,,,,4904,0.08576369285583496,0.9829788208007812,0.039650242775678635
,,,,,,,,,4905,0.08773159980773926,0.9895572662353516,0.026942817494273186
,,,,,,,,,4906,0.08553361892700195,0.9917488098144531,0.022437220439314842
,,,,,,,,,4907,0.0854790210723877,0.9888229370117188,0.028073910623788834
,,,,,,,,,4908,0.08591794967651367,0.9896717071533203,0.0251427311450243
,,,,,,,,,4909,0.08634161949157715,0.9921436309814453,0.02030474692583084
,,,,,,,,,4910,0.0855863094329834,0.9873218536376953,0.032666414976119995
,,,,,,,,,4911,0.08712530136108398,0.9890651702880859,0.027601687237620354
,,,,,,,,,4912,0.08762979507446289,0.9858436584472656,0.03537003695964813
,,,,,,,,,4913,0.08555841445922852,0.987762451171875,0.031020935624837875
,,,,,,,,,4914,0.08619356155395508,0.9757900238037109,0.06987200677394867
,,,,,,,,,4915,0.08558940887451172,0.9898891448974609,0.027193792164325714
,,,,,,,,,4916,0.0855715274810791,0.989532470703125,0.02706432342529297
,,,,,,,,,4917,0.08549976348876953,0.9915294647216797,0.02343139797449112
,,,,,,,,,4918,0.0852506160736084,0.9806613922119141,0.05161703750491142
,,,,,,,,,4919,0.08732819557189941,0.9863510131835938,0.03220418095588684
,,,,,,,,,4920,0.08578777313232422,0.9912853240966797,0.024722609668970108
,,,,,,,,,4921,0.08632254600524902,0.9827518463134766,0.0420483835041523
,,,,,,,,,4922,0.08542084693908691,0.9893074035644531,0.02817174606025219
,,,,,,,,,4923,0.08530950546264648,0.9874668121337891,0.030713491141796112
,,,,,,,,,4924,0.08648347854614258,0.9870815277099609,0.03091709315776825
,,,,,,,,,4925,0.08545589447021484,0.9889621734619141,0.027788517996668816
,,,,,,,,,4926,0.08709430694580078,0.9898128509521484,0.02723429910838604
,,,,,,,,,4927,0.08554410934448242,0.9860801696777344,0.03385284170508385
,,,,,,,,,4928,0.0853109359741211,0.9855251312255859,0.03662915900349617
,,,,,,,,,4929,0.08661103248596191,0.9875926971435547,0.03126932680606842
,,,,,,,,,4930,0.08571505546569824,0.9933090209960938,0.018764358013868332
,,,,,,,,,4931,0.08713960647583008,0.9912109375,0.021884504705667496
,,,,,,,,,4932,0.08556914329528809,0.9889507293701172,0.02833327278494835
,,,,,,,,,4933,0.08699822425842285,0.9920024871826172,0.021798327565193176
,,,,,,,,,4934,0.0866541862487793,0.9876632690429688,0.032175011932849884
,,,,,,,,,4935,0.08556389808654785,0.989532470703125,0.02688712626695633
,,,,,,,,,4936,0.08545231819152832,0.9869136810302734,0.0327446348965168
,,,,,,,,,4937,0.08552861213684082,0.9886837005615234,0.02832357957959175
,,,,,,,,,4938,0.08625602722167969,0.9900455474853516,0.024765871465206146
,,,,,,,,,4939,0.08625292778015137,0.9883804321289062,0.02855025976896286
,,,,,,,,,4940,0.08706283569335938,0.9900493621826172,0.025283219292759895
,,,,,,,,,4941,0.0871734619140625,0.9922199249267578,0.020298251882195473
,,,,,,,,,4942,0.08536815643310547,0.9917011260986328,0.022750092670321465
,,,,,,,,,4943,0.08568716049194336,0.9937705993652344,0.01662456803023815
,,,,,,,,,4944,0.08743834495544434,0.9851665496826172,0.03608652576804161
,,,,,,,,,4945,0.08609890937805176,0.9886837005615234,0.028271816670894623
,,,,,,,,,4946,0.08543848991394043,0.9784584045410156,0.056279148906469345
,,,,,,,,,4947,0.08729314804077148,0.9912624359130859,0.0219062939286232
,,,,,,,,,4948,0.0855557918548584,0.9885540008544922,0.02847539819777012
,,,,,,,,,4949,0.08618640899658203,0.9897041320800781,0.02684277482330799
,,,,,,,,,4950,0.08535933494567871,0.9881019592285156,0.030180906876921654
,,,,,,,,,4951,0.08705735206604004,0.9780750274658203,0.055680856108665466
,,,,,,,,,4952,0.08614873886108398,0.9758071899414062,0.05962333828210831
,,,,,,,,,4953,0.08532857894897461,0.98858642578125,0.02881625108420849
,,,,,,,,,4954,0.08730888366699219,0.9871902465820312,0.030122697353363037
,,,,,,,,,4955,0.0858008861541748,0.9924201965332031,0.02097288705408573
,,,,,,,,,4956,0.08532571792602539,0.9903964996337891,0.025966159999370575
,,,,,,,,,4957,0.08571529388427734,0.9859676361083984,0.03468224033713341
,,,,,,,,,4958,0.08551311492919922,0.9795589447021484,0.050570081919431686
,,,,,,,,,4959,0.08605837821960449,0.9893226623535156,0.028288472443819046
,,,,,,,,,4960,0.08552670478820801,0.9874057769775391,0.030544651672244072
,,,,,,,,,4961,0.08843326568603516,0.984527587890625,0.03740357607603073
,,,,,,,,,4962,0.08555984497070312,0.9886074066162109,0.028238404542207718
,,,,,,,,,4963,0.08542680740356445,0.9881820678710938,0.028447488322854042
,,,,,,,,,4964,0.08539772033691406,0.9918079376220703,0.02197900228202343
,,,,,,,,,4965,0.08576703071594238,0.9877243041992188,0.030191145837306976
,,,,,,,,,4966,0.08704328536987305,0.9853839874267578,0.0372207872569561
,,,,,,,,,4967,0.0858449935913086,0.9869308471679688,0.03266012668609619
,,,,,,,,,4968,0.08611512184143066,0.990234375,0.025797884911298752
,,,,,,,,,4969,0.08537459373474121,0.9877548217773438,0.030881650745868683
,,,,,,,,,4970,0.08600592613220215,0.9818077087402344,0.04554625600576401
,,,,,,,,,4971,0.08722186088562012,0.9853439331054688,0.0389140322804451
,,,,,,,,,4972,0.08579444885253906,0.9899425506591797,0.0255581121891737
,,,,,,,,,4973,0.08679437637329102,0.9888896942138672,0.026951683685183525
,,,,,,,,,4974,0.08528327941894531,0.9859256744384766,0.03463371843099594
,,,,,,,,,4975,0.08751964569091797,0.9884624481201172,0.030006613582372665
,,,,,,,,,4976,0.0864267349243164,0.9904823303222656,0.024142412468791008
,,,,,,,,,4977,0.08543705940246582,0.9896697998046875,0.02741997316479683
,,,,,,,,,4978,0.08530282974243164,0.9851322174072266,0.0402529314160347
,,,,,,,,,4979,0.08552670478820801,0.9901828765869141,0.02564878761768341
,,,,,,,,,4980,0.08670425415039062,0.9874935150146484,0.029530297964811325
,,,,,,,,,4981,0.08746790885925293,0.9908618927001953,0.023509150370955467
,,,,,,,,,4982,0.08656716346740723,0.9826526641845703,0.04502173885703087
,,,,,,,,,4983,0.08539295196533203,0.9932785034179688,0.018164657056331635
,,,,,,,,,4984,0.08545446395874023,0.9847049713134766,0.03626612201333046
,,,,,,,,,4985,0.08573412895202637,0.9891605377197266,0.027626272290945053
,,,,,,,,,4986,0.0862283706665039,0.9912853240966797,0.022987598553299904
,,,,,,,,,4987,0.08758783340454102,0.9897327423095703,0.026431795209646225
,,,,,,,,,4988,0.08529233932495117,0.9865131378173828,0.03257611766457558
,,,,,,,,,4989,0.08700442314147949,0.9878368377685547,0.030016424134373665
,,,,,,,,,4990,0.08562684059143066,0.9890651702880859,0.027232646942138672
,,,,,,,,,4991,0.08715701103210449,0.9886093139648438,0.027551716193556786
,,,,,,,,,4992,0.08534502983093262,0.9912681579589844,0.022831205278635025
,,,,,,,,,4993,0.08499336242675781,0.9868602752685547,0.03340057656168938
,,,,,,,,,4994,0.08565688133239746,0.9854717254638672,0.03758777678012848
,,,,,,,,,4995,0.08511161804199219,0.9868507385253906,0.031138326972723007
,,,,,,,,,4996,0.08679747581481934,0.9880542755126953,0.032296113669872284
,,,,,,,,,4997,0.08483290672302246,0.9850597381591797,0.0362078882753849
,,,,,,,,,4998,0.08488321304321289,0.9900722503662109,0.024646708741784096
,,,,,,,,,4999,0.0849306583404541,0.9845962524414062,0.03730224817991257
0.6124103719838039,20104,41465,0.44134833499682424,0.9846617406728316,0.5398197678290014,0.7075569132300531,3903870,48641,5000,0.08510947227478027,0.9884681701660156,0.02822810225188732
